/*--------------------------------*- C++ -*----------------------------------*\
| =========                 |                                                 |
| \\      /  F ield         | OpenFOAM: The Open Source CFD Toolbox           |
|  \\    /   O peration     | Version:  2312                                  |
|   \\  /    A nd           | Website:  www.openfoam.com                      |
|    \\/     M anipulation  |                                                 |
\*---------------------------------------------------------------------------*/
FoamFile
{
    version     2.0;
    format      ascii;
    arch        "LSB;label=32;scalar=64";
    class       vectorField;
    location    "constant/polyMesh";
    object      points;
}
// * * * * * * * * * * * * * * * * * * * * * * * * * * * * * * * * * * * * * //


9154
(
(-0.0254 -0.0254 0)
(-0.0254 -0.01524 0)
(-0.0254 -0.01524 0.01)
(-0.0254 -0.0254 0.01)
(-0.01524 -0.0254 0.01)
(-0.01016 -0.02032 0.01)
(0.01016 -0.02032 0.01)
(0.01524 -0.0254 0.01)
(0.0254 -0.0254 0.01)
(0.0254 -0.01524 0.01)
(0.02032 -0.01016 0.01)
(0.02032 0.01016 0.01)
(0.0254 0.01524 0.01)
(0.0254 0.0254 0.01)
(0.01524 0.0254 0.01)
(0.01016 0.02032 0.01)
(-0.01016 0.02032 0.01)
(-0.01524 0.0254 0.01)
(-0.0254 0.0254 0.01)
(-0.0254 0.01524 0.01)
(-0.02032 0.01016 0.01)
(-0.02032 -0.01016 0.01)
(-0.02032 -0.01016 0)
(-0.01524 -0.0254 0)
(-0.01016 -0.02032 0)
(0.01016 -0.02032 0)
(0.01524 -0.0254 0)
(0.0254 -0.0254 0)
(0.0254 -0.01524 0)
(0.02032 -0.01016 0)
(0.02032 0.01016 0)
(0.0254 0.01524 0)
(0.0254 0.0254 0)
(0.01524 0.0254 0)
(0.01016 0.02032 0)
(-0.01016 0.02032 0)
(-0.01524 0.0254 0)
(-0.0254 0.0254 0)
(-0.0254 0.01524 0)
(-0.02032 0.01016 0)
(-0.0254 -0.02316733269 0.01)
(-0.0254 -0.02120880452 0.01)
(-0.0254 -0.01942765916 0.01)
(-0.0254 -0.017818234 0.01)
(-0.0254 -0.01637836848 0.01)
(-0.0254 -0.01524 0.001080856496)
(-0.0254 -0.01524 0.002177747562)
(-0.0254 -0.01524 0.003302579548)
(-0.0254 -0.01524 0.004504687228)
(-0.0254 -0.01524 0.005661588355)
(-0.0254 -0.01524 0.00674920095)
(-0.0254 -0.01524 0.007805461433)
(-0.0254 -0.01524 0.008906928468)
(-0.0254 -0.0231591279 0)
(-0.0254 -0.02110178851 0)
(-0.0254 -0.01935345821 0)
(-0.0254 -0.01777684812 0)
(-0.0254 -0.01636171624 0)
(-0.0254 -0.0254 0.002603971758)
(-0.0254 -0.0254 0.005062543047)
(-0.0254 -0.0254 0.007602028036)
(-0.02442263226 -0.01514509301 0.01)
(-0.02346973886 -0.0148589884 0.01)
(-0.02261691742 -0.01440980604 0.01)
(-0.02179006672 -0.01373418266 0.01)
(-0.02114708758 -0.0129383333 0.01)
(-0.02069871272 -0.01208465526 0.01)
(-0.02041980125 -0.01116200821 0.01)
(-0.02032 -0.008876388613 0.01)
(-0.02032 -0.007353814766 0.01)
(-0.02032 -0.005514473101 0.01)
(-0.02032 -0.00323587243 0.01)
(-0.02032 -0.000546372521 0.01)
(-0.02032 0.002403172626 0.01)
(-0.02032 0.004608537137 0.01)
(-0.02032 0.006385248499 0.01)
(-0.02032 0.007771916013 0.01)
(-0.02032 0.009024876103 0.01)
(-0.02441600267 0.01514378865 0.01)
(-0.02348224815 0.01486410755 0.01)
(-0.02256943612 0.01437833002 0.01)
(-0.02181912404 0.01376329396 0.01)
(-0.02116238467 0.0129616096 0.01)
(-0.02070078243 0.01208970314 0.01)
(-0.02041342688 0.01112978787 0.01)
(-0.0254 0.01635379063 0.01)
(-0.0254 0.01765953388 0.01)
(-0.0254 0.01913368654 0.01)
(-0.0254 0.02102262286 0.01)
(-0.0254 0.02313408781 0.01)
(-0.02311918819 0.0254 0.01)
(-0.0211709336 0.0254 0.01)
(-0.01931007454 0.0254 0.01)
(-0.01758741698 0.0254 0.01)
(-0.01630807073 0.0254 0.01)
(-0.01511637123 0.02428609507 0.01)
(-0.01474857776 0.0232202399 0.01)
(-0.01415409009 0.02226094849 0.01)
(-0.01331425197 0.02141790326 0.01)
(-0.01237844853 0.02083000152 0.01)
(-0.01133320568 0.02045732983 0.01)
(-0.008889254232 0.02032 0.01)
(-0.007482602049 0.02032 0.01)
(-0.005960470438 0.02032 0.01)
(-0.004274181986 0.02032 0.01)
(-0.002413549395 0.02032 0.01)
(-0.0002779374978 0.02032 0.01)
(0.001694183828 0.02032 0.01)
(0.003474311331 0.02032 0.01)
(0.005069374943 0.02032 0.01)
(0.00653059124 0.02032 0.01)
(0.007866411879 0.02032 0.01)
(0.009074007247 0.02032 0.01)
(0.01514947757 0.02444526782 0.01)
(0.01485939408 0.02347072675 0.01)
(0.01436088525 0.02254361013 0.01)
(0.01374919988 0.02180499733 0.01)
(0.01299977993 0.02118786872 0.01)
(0.01215755137 0.02072921971 0.01)
(0.01120530253 0.02042870815 0.01)
(0.01635987042 0.0254 0.01)
(0.01759408516 0.0254 0.01)
(0.0190310979 0.0254 0.01)
(0.02091657824 0.0254 0.01)
(0.02307938864 0.0254 0.01)
(0.0254 0.01629939684 0.01)
(0.0254 0.01753722575 0.01)
(0.0254 0.01898583652 0.01)
(0.0254 0.02036994819 0.01)
(0.0254 0.02189381089 0.01)
(0.0254 0.02356761193 0.01)
(0.02041370009 0.01113119165 0.01)
(0.02069679279 0.01207995884 0.01)
(0.0211852705 0.01299592229 0.01)
(0.02179534399 0.01373950486 0.01)
(0.02254651083 0.01436285612 0.01)
(0.02344184007 0.01484743103 0.01)
(0.02435796178 0.01513197711 0.01)
(0.02032 -0.008816286515 0.01)
(0.02032 -0.007342127533 0.01)
(0.02032 -0.005794122262 0.01)
(0.02032 -0.004082973653 0.01)
(0.02032 -0.002181912199 0.01)
(0.02032 -6.996946529e-05 0.01)
(0.02032 0.002237845483 0.01)
(0.02032 0.004490288086 0.01)
(0.02032 0.006315555275 0.01)
(0.02032 0.007751320875 0.01)
(0.02032 0.00901569272 0.01)
(0.02041205687 -0.01112271662 0.01)
(0.02068489106 -0.01205054163 0.01)
(0.02112861429 -0.01290984801 0.01)
(0.02176221508 -0.01370583148 0.01)
(0.0225002165 -0.01433104971 0.01)
(0.02343017049 -0.01484253902 0.01)
(0.02441957972 -0.01514449356 0.01)
(0.0254 -0.02332644861 0.01)
(0.0254 -0.02134222913 0.01)
(0.0254 -0.01953758532 0.01)
(0.0254 -0.01790463573 0.01)
(0.0254 -0.01646769366 0.01)
(0.01647788138 -0.0254 0.01)
(0.01788637112 -0.0254 0.01)
(0.01948313144 -0.0254 0.01)
(0.02128261582 -0.0254 0.01)
(0.02319180813 -0.0254 0.01)
(0.01114069697 -0.02041556087 0.01)
(0.01212554415 -0.02071566054 0.01)
(0.01300974536 -0.02119460449 0.01)
(0.0137675619 -0.02182342382 0.01)
(0.01439336258 -0.02259196843 0.01)
(0.01487515845 -0.02350958185 0.01)
(0.01514795574 -0.02443734869 0.01)
(-0.00909228879 -0.02032 0.01)
(-0.007915333595 -0.02032 0.01)
(-0.006598722029 -0.02032 0.01)
(-0.004719091132 -0.02032 0.01)
(-0.002830245981 -0.02032 0.01)
(-0.0007585364948 -0.02032 0.01)
(0.001375464859 -0.02032 0.01)
(0.003249462706 -0.02032 0.01)
(0.004938129708 -0.02032 0.01)
(0.006465456396 -0.02032 0.01)
(0.007820020347 -0.02032 0.01)
(0.009049796077 -0.02032 0.01)
(-0.01127222072 -0.02044325055 0.01)
(-0.01237254445 -0.02082714017 0.01)
(-0.01332982253 -0.02143028652 0.01)
(-0.01410850245 -0.02220379469 0.01)
(-0.01473874924 -0.02319966926 0.01)
(-0.01511793362 -0.02429306993 0.01)
(-0.02300051503 -0.0254 0.01)
(-0.02112336097 -0.0254 0.01)
(-0.01941189655 -0.0254 0.01)
(-0.01785747307 -0.0254 0.01)
(-0.01644990324 -0.0254 0.01)
(-0.02032 -0.01016 0.001071776164)
(-0.02032 -0.01016 0.002213282129)
(-0.02032 -0.01016 0.003293772935)
(-0.02032 -0.01016 0.004437718233)
(-0.02032 -0.01016 0.005560694332)
(-0.02032 -0.01016 0.006628480943)
(-0.02032 -0.01016 0.007696267553)
(-0.02032 -0.01016 0.008821585729)
(-0.02440741433 -0.01514208528 0)
(-0.02344292612 -0.01484788458 0)
(-0.02258060261 -0.0143858015 0)
(-0.02181918857 -0.01376335809 0)
(-0.02118823007 -0.01300031583 0)
(-0.02071588229 -0.01212607254 0)
(-0.02041420498 -0.01113378028 0)
(-0.02032 -0.008802873343 0)
(-0.02032 -0.007368121279 0)
(-0.02032 -0.005822166618 0)
(-0.02032 -0.004112981931 0)
(-0.02032 -0.002216205575 0)
(-0.02032 7.3095508e-05 0)
(-0.02032 0.00249965363 0)
(-0.02032 0.004454663228 0)
(-0.02032 0.006208557453 0)
(-0.02032 0.00775051968 0)
(-0.02032 0.009015335466 0)
(-0.02441835264 0.01514425205 0)
(-0.0234863984 0.01486579737 0)
(-0.02262747969 0.01441670425 0)
(-0.02178985811 0.01373397196 0)
(-0.02114089913 0.01292883727 0)
(-0.02069303877 0.01207073702 0)
(-0.02041299964 0.01112758844 0)
(-0.0254 0.01646541294 0)
(-0.0254 0.01800527038 0)
(-0.0254 0.01957340295 0)
(-0.0254 0.02130670257 0)
(-0.0254 0.02327209565 0)
(-0.02349324502 0.0254 0)
(-0.02177021604 0.0254 0)
(-0.02021916593 0.0254 0)
(-0.01879755591 0.0254 0)
(-0.01749030856 0.0254 0)
(-0.0163051121 0.0254 0)
(-0.0151475749 0.02443537746 0)
(-0.01487237828 0.02350266213 0)
(-0.01442515399 0.02264049617 0)
(-0.01379955296 0.02185598332 0)
(-0.01306037493 0.02122936153 0)
(-0.01217741794 0.02073776611 0)
(-0.01118903963 0.02042531635 0)
(-0.008845791649 0.02032 0)
(-0.007075956856 0.02032 0)
(-0.00504543931 0.02032 0)
(-0.002778755942 0.02032 0)
(-0.0003488602409 0.02032 0)
(0.001932016118 0.02032 0)
(0.003968081007 0.02032 0)
(0.005815596096 0.02032 0)
(0.007485770322 0.02032 0)
(0.008987355558 0.02032 0)
(0.01511428781 0.02427686496 0)
(0.0147231833 0.02316756677 0)
(0.01413034785 0.02223097209 0)
(0.01327685119 0.02138856152 0)
(0.01233675523 0.02080999601 0)
(0.01126593545 0.02044184442 0)
(0.01632047832 0.0254 0)
(0.01750574239 0.0254 0)
(0.01881428931 0.0254 0)
(0.02022517389 0.0254 0)
(0.0217865521 0.0254 0)
(0.02350861124 0.0254 0)
(0.0254 0.01645691148 0)
(0.0254 0.01786929794 0)
(0.0254 0.01950950916 0)
(0.0254 0.02113635 0)
(0.0254 0.02320602203 0)
(0.02043990873 0.01125722129 0)
(0.02083372999 0.01238611279 0)
(0.02146408014 0.01337168723 0)
(0.02226744908 0.01415919051 0)
(0.02320768144 0.0147425909 0)
(0.02422734539 0.01510280094 0)
(0.02032 -0.008998141566 0)
(0.02032 -0.007417031537 0)
(0.02032 -0.005611613741 0)
(0.02032 -0.003629620093 0)
(0.02032 -0.001393578809 0)
(0.02032 0.001270070343 0)
(0.02032 0.00360768093 0)
(0.02032 0.005619078495 0)
(0.02032 0.007497610066 0)
(0.02032 0.009034309211 0)
(0.02043926945 -0.01125432736 0)
(0.02082548781 -0.01236912612 0)
(0.02140959785 -0.01330373833 0)
(0.02219189517 -0.01409884036 0)
(0.02314049906 -0.01470984126 0)
(0.02423788367 -0.01510528924 0)
(0.0254 -0.02306568029 0)
(0.0254 -0.02111184554 0)
(0.0254 -0.01946173246 0)
(0.0254 -0.01797367762 0)
(0.0254 -0.01642773298 0)
(0.01650822532 -0.0254 0)
(0.01794132479 -0.0254 0)
(0.0195321692 -0.0254 0)
(0.02128094739 -0.0254 0)
(0.02328829454 -0.0254 0)
(0.01113709988 -0.02041485448 0)
(0.01211921841 -0.02071301128 0)
(0.0129690393 -0.02116730603 0)
(0.01372147974 -0.02177753371 0)
(0.01435513504 -0.02253517157 0)
(0.01482615872 -0.02339167663 0)
(0.01513748074 -0.0243845762 0)
(-0.00909228879 -0.02032 0)
(-0.007915333595 -0.02032 0)
(-0.006598722029 -0.02032 0)
(-0.004800785096 -0.02032 0)
(-0.002830245981 -0.02032 0)
(-0.000676805376 -0.02032 0)
(0.001375464859 -0.02032 0)
(0.003249462706 -0.02032 0)
(0.004938129708 -0.02032 0)
(0.006465456396 -0.02032 0)
(0.007820020347 -0.02032 0)
(0.009049796077 -0.02032 0)
(-0.01126453399 -0.02044153202 0)
(-0.0123592706 -0.02082074145 0)
(-0.01331012626 -0.02141463872 0)
(-0.01408989354 -0.02218094164 0)
(-0.01472043394 -0.0231619557 0)
(-0.0151114888 -0.02426458877 0)
(-0.02308007405 -0.0254 0)
(-0.02119716413 -0.0254 0)
(-0.01949246152 -0.0254 0)
(-0.01795577892 -0.0254 0)
(-0.01651579284 -0.0254 0)
(-0.01524 -0.0254 0.001067202035)
(-0.01524 -0.0254 0.002236045427)
(-0.01524 -0.0254 0.003320658563)
(-0.01524 -0.0254 0.004384166445)
(-0.01524 -0.0254 0.00547911133)
(-0.01524 -0.0254 0.006641317126)
(-0.01524 -0.0254 0.007704825008)
(-0.01524 -0.0254 0.008826455258)
(-0.02032 0.01016 0.001073238315)
(-0.02032 0.01016 0.002041528223)
(-0.02032 0.01016 0.00300981813)
(-0.02032 0.01016 0.00402331459)
(-0.02032 0.01016 0.004991604498)
(-0.02032 0.01016 0.005959894405)
(-0.02032 0.01016 0.006949461175)
(-0.02032 0.01016 0.008026609135)
(-0.02032 0.01016 0.008994899043)
(-0.0254 0.01524 0.00107775897)
(-0.0254 0.01524 0.002050569533)
(-0.0254 0.01524 0.003023380096)
(-0.0254 0.01524 0.003996190659)
(-0.0254 0.01524 0.004969001222)
(-0.0254 0.01524 0.006026740147)
(-0.0254 0.01524 0.00699955071)
(-0.0254 0.01524 0.007972361273)
(-0.0254 0.01524 0.008990378388)
(-0.0254 0.0254 0.002289557373)
(-0.0254 0.0254 0.004675458537)
(-0.0254 0.0254 0.007072036428)
(-0.01524 0.0254 0.001057543393)
(-0.01524 0.0254 0.002143053738)
(-0.01524 0.0254 0.003232726699)
(-0.01524 0.0254 0.004398301458)
(-0.01524 0.0254 0.005480529435)
(-0.01524 0.0254 0.006651382547)
(-0.01524 0.0254 0.007735777156)
(-0.01524 0.0254 0.0089087969)
(-0.01016 0.02032 0.001037670244)
(-0.01016 0.02032 0.002173167472)
(-0.01016 0.02032 0.003306877734)
(-0.01016 0.02032 0.004485794548)
(-0.01016 0.02032 0.005637733784)
(-0.01016 0.02032 0.006691846037)
(-0.01016 0.02032 0.007727729315)
(-0.01016 0.02032 0.008821083186)
(0.01016 0.02032 0.001176074803)
(0.01016 0.02032 0.002332000376)
(0.01016 0.02032 0.003388014818)
(0.01016 0.02032 0.004438991984)
(0.01016 0.02032 0.005508607659)
(0.01016 0.02032 0.006671081229)
(0.01016 0.02032 0.007749816268)
(0.01016 0.02032 0.008915816456)
(0.01524 0.0254 0.001102749945)
(0.01524 0.0254 0.002191381323)
(0.01524 0.0254 0.003263043282)
(0.01524 0.0254 0.004355837277)
(0.01524 0.0254 0.005528857021)
(0.01524 0.0254 0.006611660736)
(0.01524 0.0254 0.007754132491)
(0.01524 0.0254 0.0089087969)
(0.0254 0.0254 0.002205359447)
(0.0254 0.0254 0.004880215586)
(0.0254 0.0254 0.007578808843)
(0.0254 0.01524 0.001015164132)
(0.0254 0.01524 0.002068796986)
(0.0254 0.01524 0.003038128022)
(0.0254 0.01524 0.00403472397)
(0.0254 0.01524 0.005062931718)
(0.0254 0.01524 0.006040013308)
(0.0254 0.01524 0.007046800341)
(0.0254 0.01524 0.008061337929)
(0.0254 0.01524 0.009030668964)
(0.02032 0.01016 0.0009657712569)
(0.02032 0.01016 0.001976749066)
(0.02032 0.01016 0.003016050098)
(0.02032 0.01016 0.004038426494)
(0.02032 0.01016 0.005004197751)
(0.02032 0.01016 0.006028317289)
(0.02032 0.01016 0.00706587518)
(0.02032 0.01016 0.008031646437)
(0.02032 0.01016 0.008997417694)
(0.02032 -0.01016 0.00112127326)
(0.02032 -0.01016 0.002330557505)
(0.02032 -0.01016 0.003447968859)
(0.02032 -0.01016 0.004556387562)
(0.02032 -0.01016 0.005618953905)
(0.02032 -0.01016 0.006681520248)
(0.02032 -0.01016 0.007744086591)
(0.02032 -0.01016 0.008903427168)
(0.0254 -0.01524 0.001063436126)
(0.0254 -0.01524 0.002126872252)
(0.0254 -0.01524 0.003201397265)
(0.0254 -0.01524 0.00437517213)
(0.0254 -0.01524 0.005479437988)
(0.0254 -0.01524 0.006596325843)
(0.0254 -0.01524 0.007704968521)
(0.0254 -0.01524 0.008826536923)
(0.0254 -0.0254 0.002000245516)
(0.0254 -0.0254 0.003916609824)
(0.0254 -0.0254 0.005777714157)
(0.0254 -0.0254 0.007948871913)
(0.01524 -0.0254 0.0009863734537)
(0.01524 -0.0254 0.001972746907)
(0.01524 -0.0254 0.002997031305)
(0.01524 -0.0254 0.004003175813)
(0.01524 -0.0254 0.00502292618)
(0.01524 -0.0254 0.006009299634)
(0.01524 -0.0254 0.006995673087)
(0.01524 -0.0254 0.008027253093)
(0.01524 -0.0254 0.009013626546)
(0.01016 -0.02032 0.001170573619)
(0.01016 -0.02032 0.00223619883)
(0.01016 -0.02032 0.00331506746)
(0.01016 -0.02032 0.004454262805)
(0.01016 -0.02032 0.005569339928)
(0.01016 -0.02032 0.006634965139)
(0.01016 -0.02032 0.007700590351)
(0.01016 -0.02032 0.008824045571)
(-0.01016 -0.02032 0.001031580005)
(-0.01016 -0.02032 0.002017953459)
(-0.01016 -0.02032 0.003004326913)
(-0.01016 -0.02032 0.003990700366)
(-0.01016 -0.02032 0.00497707382)
(-0.01016 -0.02032 0.005963447274)
(-0.01016 -0.02032 0.006949820727)
(-0.01016 -0.02032 0.007978735862)
(-0.01016 -0.02032 0.00898488037)
(-0.0254 -0.01393368112 0.01)
(-0.0254 -0.0122566219 0.01)
(-0.0254 -0.0103288764 0.01)
(-0.0254 -0.008294653285 0.01)
(-0.0254 -0.006101572716 0.01)
(-0.0254 -0.003683120239 0.01)
(-0.0254 -0.00078586977 0.01)
(-0.0254 0.002411127088 0.01)
(-0.0254 0.004838574435 0.01)
(-0.0254 0.007214627661 0.01)
(-0.0254 0.009257094181 0.01)
(-0.0254 0.01100686642 0.01)
(-0.0254 0.01252367349 0.01)
(-0.0254 0.01398657551 0.01)
(-0.0254 -0.01395757771 0)
(-0.0254 -0.01257770615 0)
(-0.0254 -0.01111104091 0)
(-0.0254 -0.009310137613 0)
(-0.0254 -0.007112983525 0)
(-0.0254 -0.004782501378 0)
(-0.0254 -0.001915413274 0)
(-0.0254 0.000873783775 0)
(-0.0254 0.003353265294 0)
(-0.0254 0.00591406339 0)
(-0.0254 0.007896223866 0)
(-0.0254 0.009683665616 0)
(-0.0254 0.01130488064 0)
(-0.0254 0.01277005625 0)
(-0.0254 0.01407106175 0)
(-0.01415419808 0.0254 0.01)
(-0.01294231501 0.0254 0.01)
(-0.01146670827 0.0254 0.01)
(-0.009638125392 0.0254 0.01)
(-0.007702285995 0.0254 0.01)
(-0.005660567235 0.0254 0.01)
(-0.003416516333 0.0254 0.01)
(-0.000944331413 0.0254 0.01)
(0.001743678323 0.0254 0.01)
(0.004138231302 0.0254 0.01)
(0.006079890661 0.0254 0.01)
(0.008115789459 0.0254 0.01)
(0.01007350541 0.0254 0.01)
(0.01169790365 0.0254 0.01)
(0.01299913169 0.0254 0.01)
(0.01417428969 0.0254 0.01)
(-0.01419697164 0.0254 0)
(-0.01303630831 0.0254 0)
(-0.01176032659 0.0254 0)
(-0.01027330713 0.0254 0)
(-0.008375400396 0.0254 0)
(-0.006263203343 0.0254 0)
(-0.004101046429 0.0254 0)
(-0.001500042237 0.0254 0)
(0.00142717764 0.0254 0)
(0.004113575768 0.0254 0)
(0.006461442153 0.0254 0)
(0.008498607561 0.0254 0)
(0.01035825664 0.0254 0)
(0.01185197959 0.0254 0)
(0.01309312498 0.0254 0)
(0.01421591053 0.0254 0)
(0.0254 -0.01398422859 0.01)
(0.0254 -0.0125889367 0.01)
(0.0254 -0.01094421965 0.01)
(0.0254 -0.009154220092 0.01)
(0.0254 -0.007460020728 0.01)
(0.0254 -0.005134863973 0.01)
(0.0254 -0.00237749109 0.01)
(0.0254 0.0004232195668 0.01)
(0.0254 0.002907456274 0.01)
(0.0254 0.005255598417 0.01)
(0.0254 0.007158215612 0.01)
(0.0254 0.008900136068 0.01)
(0.0254 0.01084219245 0.01)
(0.0254 0.01252920724 0.01)
(0.0254 0.01404861187 0.01)
(0.0254 -0.01401061936 0)
(0.0254 -0.01263072626 0)
(0.0254 -0.01111076099 0)
(0.0254 -0.009669278129 0)
(0.0254 -0.008133956056 0)
(0.0254 -0.006430190934 0)
(0.0254 -0.004449987428 0)
(0.0254 -0.001857275199 0)
(0.0254 0.001036180379 0)
(0.0254 0.003754180057 0)
(0.0254 0.006150565223 0)
(0.0254 0.008122859779 0)
(0.0254 0.009824178501 0)
(0.0254 0.01127693496 0)
(0.0254 0.01280098344 0)
(0.0254 0.0140971358 0)
(-0.01415975467 -0.0254 0)
(-0.01286521363 -0.0254 0)
(-0.0112737268 -0.0254 0)
(-0.009433770415 -0.0254 0)
(-0.007351204879 -0.0254 0)
(-0.00512164403 -0.0254 0)
(-0.002592751166 -0.0254 0)
(0.0002367852259 -0.0254 0)
(0.002997720638 -0.0254 0)
(0.005429539374 -0.0254 0)
(0.007370049056 -0.0254 0)
(0.009117190749 -0.0254 0)
(0.01077953751 -0.0254 0)
(0.01253708945 -0.0254 0)
(0.01409805781 -0.0254 0)
(-0.01411502631 -0.0254 0.01)
(-0.0126266279 -0.0254 0.01)
(-0.01107546331 -0.0254 0.01)
(-0.009524298723 -0.0254 0.01)
(-0.007857674965 -0.0254 0.01)
(-0.005997994795 -0.0254 0.01)
(-0.003744525076 -0.0254 0.01)
(-0.001353283029 -0.0254 0.01)
(0.001189693138 -0.0254 0.01)
(0.003595492295 -0.0254 0.01)
(0.005769943753 -0.0254 0.01)
(0.007746288517 -0.0254 0.01)
(0.009527168686 -0.0254 0.01)
(0.01121630974 -0.0254 0.01)
(0.01281480637 -0.0254 0.01)
(0.01419114629 -0.0254 0.01)
(-0.0254 -0.02235229617 0.008111124228)
(-0.0254 -0.01856484131 0.008710905031)
(-0.0254 -0.01605689921 0.001153647368)
(-0.0254 -0.01631353105 0.002453778417)
(-0.0254 -0.01627544292 0.003731590177)
(-0.0254 -0.01620467906 0.004988723291)
(-0.0254 -0.01623881038 0.006151055835)
(-0.0254 -0.01626167045 0.007299614711)
(-0.0254 -0.01626279924 0.008447149515)
(-0.0254 -0.02247098156 0.002032830389)
(-0.0254 -0.02038297889 0.001871315185)
(-0.0254 -0.02353820516 0.003921095469)
(-0.0254 -0.02025599982 0.008411266546)
(-0.0254 -0.01726057751 0.008985843535)
(-0.0254 -0.01716018706 0.001329179975)
(-0.0254 -0.01861654504 0.001610870167)
(-0.0254 -0.02315304333 0.005910396948)
(-0.0254 -0.01897108363 0.007049678189)
(-0.0254 -0.02129501383 0.004076888631)
(-0.0254 -0.01933111447 0.003348548577)
(-0.0254 -0.01713806937 0.004342910715)
(-0.0254 -0.01726542616 0.005435796849)
(-0.0254 -0.01738903106 0.006620418733)
(-0.0254 -0.01741550882 0.007871657306)
(-0.0254 -0.02095791377 0.006441859964)
(-0.0254 -0.0176123243 0.003015172138)
(-0.0254 -0.01965325302 0.005238617093)
(-0.0254 -0.0182869692 0.004502025766)
(-0.0254 -0.01835945166 0.005822034118)
(-0.02370183988 -0.02273036999 0.01)
(-0.02375320164 -0.020693796 0.01)
(-0.02379026468 -0.01893939916 0.01)
(-0.0238320062 -0.01738588028 0.01)
(-0.02367899022 -0.01604363566 0.01)
(-0.02251500973 -0.01546654326 0.01)
(-0.02155957681 -0.01475582599 0.01)
(-0.02076366042 -0.01392340155 0.01)
(-0.02012915765 -0.01297391148 0.01)
(-0.01964623889 -0.01187050273 0.01)
(-0.01934617502 -0.01077012249 0.01)
(-0.01916716867 -0.009502081788 0.01)
(-0.01907407821 -0.008044722415 0.01)
(-0.01907068098 -0.006496808079 0.01)
(-0.01814030122 -0.0019524356 0.01)
(-0.01813516468 0.000758565548 0.01)
(-0.01836985931 0.003357884103 0.01)
(-0.01861006545 0.005501209937 0.01)
(-0.01926424492 0.008441443559 0.01)
(-0.01919199583 0.009603289833 0.01)
(-0.02342165225 0.01583624806 0.01)
(-0.02246348371 0.01537986459 0.01)
(-0.02155991125 0.01470585642 0.01)
(-0.0207516536 0.01389939981 0.01)
(-0.02012347143 0.0129344202 0.01)
(-0.01964347878 0.01188285403 0.01)
(-0.01934004058 0.01076680817 0.01)
(-0.02406612121 0.01689732097 0.01)
(-0.02400935885 0.01855996584 0.01)
(-0.02398304581 0.02020553761 0.01)
(-0.0241116209 0.0218052205 0.01)
(-0.02188925732 0.02411140178 0.01)
(-0.02031134708 0.02395372275 0.01)
(-0.01869590007 0.02395094079 0.01)
(-0.01723605301 0.02407369784 0.01)
(-0.01557273858 0.02337308596 0.01)
(-0.01520884669 0.02236209605 0.01)
(-0.01455728394 0.02112388582 0.01)
(-0.01336968473 0.02031205064 0.01)
(-0.01217092707 0.01976867551 0.01)
(-0.01095023523 0.01940164576 0.01)
(-0.009639234495 0.01918401904 0.01)
(-0.008228978985 0.01904055956 0.01)
(-0.006648144844 0.01891398523 0.01)
(-0.005008002431 0.01888947564 0.01)
(-0.003252784064 0.01886589418 0.01)
(-0.001326584346 0.0188094122 0.01)
(0.0006901221736 0.01882875844 0.01)
(0.002538693617 0.01883994645 0.01)
(0.004177450159 0.01885031188 0.01)
(0.005738151292 0.01886616654 0.01)
(0.007138904643 0.01898375257 0.01)
(0.008482930165 0.01907806386 0.01)
(0.00969528036 0.01918767139 0.01)
(0.01615187008 0.0233688192 0.01)
(0.01546374014 0.02236047609 0.01)
(0.01472871081 0.02147292023 0.01)
(0.01393677309 0.0207523861 0.01)
(0.01300369985 0.02015882097 0.01)
(0.01197040567 0.01971107123 0.01)
(0.01081884194 0.01938990675 0.01)
(0.01687397264 0.02434951873 0.01)
(0.0183591884 0.02422338831 0.01)
(0.0200122998 0.0241203833 0.01)
(0.021762004 0.02409797383 0.01)
(0.02371948896 0.02395698658 0.01)
(0.02429601584 0.01667861603 0.01)
(0.0240885288 0.0195066577 0.01)
(0.02407824385 0.02248029668 0.01)
(0.01934300086 0.01081207601 0.01)
(0.01964129622 0.01195694225 0.01)
(0.02008508751 0.01300381597 0.01)
(0.02071422595 0.01397315931 0.01)
(0.02155347137 0.01486283224 0.01)
(0.02247891357 0.0155357677 0.01)
(0.02349744478 0.01586777985 0.01)
(0.01916571657 -0.009573325324 0.01)
(0.01880273589 -0.00657006259 0.01)
(0.01849436518 -0.003045779096 0.01)
(0.01840018888 0.001122005993 0.01)
(0.01874843185 0.005213643994 0.01)
(0.01902685448 0.008346915804 0.01)
(0.01916385914 0.009679452012 0.01)
(0.01931837924 -0.01075435528 0.01)
(0.01961560636 -0.01192586481 0.01)
(0.02007832758 -0.01294088433 0.01)
(0.02072937929 -0.01390149293 0.01)
(0.02151425509 -0.01467779175 0.01)
(0.02246904053 -0.01532194498 0.01)
(0.02347540609 -0.01575726635 0.01)
(0.0244339848 -0.01611981126 0.01)
(0.02349281254 -0.02270447567 0.01)
(0.02404390694 -0.01883626207 0.01)
(0.02431458932 -0.01739508504 0.01)
(0.0170218463 -0.02408938095 0.01)
(0.02037476577 -0.02395802338 0.01)
(0.01083945633 -0.01939639952 0.01)
(0.01196924682 -0.01964640232 0.01)
(0.01303036772 -0.0201026004 0.01)
(0.01399222003 -0.02074590285 0.01)
(0.01481530177 -0.02156707677 0.01)
(0.01542675919 -0.02246609477 0.01)
(0.01588885611 -0.02346354011 0.01)
(-0.009804282444 -0.01923552543 0.01)
(-0.007174647393 -0.01893084122 0.01)
(-0.003780431511 -0.01863691411 0.01)
(0.0002961388819 -0.01853529479 0.01)
(0.004056758535 -0.0188650955 0.01)
(0.007091781938 -0.01911019848 0.01)
(0.009656110271 -0.01927668138 0.01)
(-0.01101074994 -0.01941209052 0.01)
(-0.01220412614 -0.0197564905 0.01)
(-0.01338349934 -0.02036406174 0.01)
(-0.01437406515 -0.02112718766 0.01)
(-0.01515766612 -0.02213070997 0.01)
(-0.01569002466 -0.02323543521 0.01)
(-0.01610343502 -0.02431578692 0.01)
(-0.02207069487 -0.02384984499 0.01)
(-0.01870223901 -0.02396163613 0.01)
(-0.01734908109 -0.02420440914 0.01)
(-0.01818450817 -0.004769355814 0.01)
(-0.01885881186 0.007149000262 0.01)
(-0.02339387067 0.02340881332 0.01)
(-0.01607324898 0.02426697658 0.01)
(0.02406711608 0.01805744458 0.01)
(0.02418000314 0.02096030514 0.01)
(0.01900817186 -0.008168233694 0.01)
(0.01865694804 -0.004858654264 0.01)
(0.01837623799 -0.0009722957144 0.01)
(0.01856887059 0.003297588739 0.01)
(0.01887535567 0.006891189186 0.01)
(0.02391362962 -0.02051442566 0.01)
(0.01872700577 -0.02400306247 0.01)
(0.02198207065 -0.02400978089 0.01)
(-0.008541088423 -0.0190715309 0.01)
(-0.005588734931 -0.01876615322 0.01)
(-0.001873666797 -0.01855459775 0.01)
(0.002228847355 -0.01868435904 0.01)
(0.005642960706 -0.01898883415 0.01)
(0.008433087507 -0.01921775201 0.01)
(-0.02046374716 -0.02355369308 0.01)
(-0.02211046758 -0.02003997619 0.01)
(-0.02228195545 -0.01829561511 0.01)
(-0.02132929707 -0.01595866432 0.01)
(-0.01761183475 -0.006935463952 0.01)
(-0.01698213993 0.006814178195 0.01)
(-0.0177294505 0.008660826193 0.01)
(-0.01590933136 0.002093915053 0.01)
(-0.01630769348 0.004601275253 0.01)
(-0.02133420584 0.01591446658 0.01)
(-0.02033937439 0.01498395818 0.01)
(-0.02251058105 0.01659196495 0.01)
(-0.02246749125 0.01958283216 0.01)
(-0.02134370594 0.02261607068 0.01)
(-0.01652449438 0.02279130417 0.01)
(-0.01959479906 0.02250742861 0.01)
(-0.01801055135 0.02261572028 0.01)
(-0.007496186047 0.01762223308 0.01)
(-0.005835106159 0.01744156814 0.01)
(-0.004096526708 0.01729535666 0.01)
(-0.002220950269 0.01718622114 0.01)
(-0.000287214386 0.01717395008 0.01)
(0.001612156938 0.01717626743 0.01)
(0.003330559282 0.01727070826 0.01)
(0.004932287686 0.01736760087 0.01)
(0.006466202611 0.01745560986 0.01)
(0.007864417284 0.01762543182 0.01)
(0.009202424229 0.01787064697 0.01)
(0.01498572222 0.02030926804 0.01)
(0.01679330581 0.02207961383 0.01)
(0.0191965361 0.0229443307 0.01)
(0.02076405892 0.02281135803 0.01)
(0.02245596156 0.02276313319 0.01)
(0.01773864923 -0.009065855381 0.01)
(0.0175419314 0.007707441143 0.01)
(0.01891164413 0.01295777425 0.01)
(0.02258128027 0.01865412262 0.01)
(0.01845146639 0.01169378008 0.01)
(0.01801065514 -0.02263084593 0.01)
(0.01637806574 -0.002001497239 0.01)
(0.01642659414 0.00231838358 0.01)
(0.01667746445 -0.004017227836 0.01)
(0.01722388974 0.006087023499 0.01)
(0.01624946739 0.0001641135941 0.01)
(-0.006453373335 -0.01736711624 0.01)
(0.01684058163 0.004262419993 0.01)
(0.01891269053 -0.01291806931 0.01)
(0.01593940792 0.02111512041 0.01)
(0.01171565392 -0.01839525332 0.01)
(0.02243049852 -0.01958852294 0.01)
(0.0229927251 0.0215450762 0.01)
(0.009142737062 -0.01816167667 0.01)
(0.01299075885 -0.01880136294 0.01)
(-0.01203228557 -0.01859482704 0.01)
(-0.004759327263 -0.01705911846 0.01)
(-0.02242655467 -0.01680247342 0.01)
(-0.0007470878461 -0.0165774804 0.01)
(-0.002904392693 -0.01679348509 0.01)
(0.001369383677 -0.01670809221 0.01)
(-0.02207219218 -0.02199682742 0.01)
(0.004933511261 -0.01745512523 0.01)
(-0.007990854176 -0.01766626334 0.01)
(0.007835168922 -0.01798327825 0.01)
(0.003224784667 -0.01711322298 0.01)
(0.02135171722 -0.02251201473 0.01)
(0.006431676002 -0.01770268881 0.01)
(-0.009359826357 -0.01793444192 0.01)
(0.02275808722 0.01699855354 0.01)
(-0.019259241 -0.02242860722 0.01)
(-0.02037683642 -0.01499280966 0.01)
(-0.0196023928 -0.01400658406 0.01)
(-0.01895944254 -0.01289387743 0.01)
(-0.01845424442 -0.01158506161 0.01)
(-0.0181042278 -0.01028452643 0.01)
(-0.01579458518 -0.003290323942 0.01)
(-0.01782127809 -0.008772423259 0.01)
(-0.01577308035 -0.0005753272474 0.01)
(-0.01957770829 0.0139600536 0.01)
(-0.01891632917 0.01280232424 0.01)
(-0.01586632044 0.0215932218 0.01)
(-0.01446999244 0.01970585334 0.01)
(-0.01321284329 0.01907923303 0.01)
(-0.01182345655 0.01854866356 0.01)
(-0.01050780729 0.01815001761 0.01)
(0.01838570229 -0.0116784528 0.01)
(-0.00905668404 0.01787974604 0.01)
(0.01400018611 0.01961613278 0.01)
(0.01288760492 0.01902065613 0.01)
(0.01948822043 0.01411594564 0.01)
(0.02134339999 0.01620529023 0.01)
(0.01801496383 -0.01039985853 0.01)
(0.01707839944 -0.005833554456 0.01)
(0.01948978608 -0.01412219559 0.01)
(0.02036807004 -0.01502692062 0.01)
(0.02138449631 -0.01581626471 0.01)
(0.02242258215 -0.01648469433 0.01)
(0.02234202108 -0.02119002557 0.01)
(0.02350477121 -0.01674898041 0.01)
(0.01415504329 -0.01946156753 0.01)
(0.01597731275 -0.0214299803 0.01)
(-0.01070085668 -0.01823965439 0.01)
(-0.0133647103 -0.01906073668 0.01)
(0.01045531101 -0.01820782191 0.01)
(-0.01462350954 -0.01985064331 0.01)
(-0.01564692997 -0.02085284542 0.01)
(-0.01641315322 -0.02209651592 0.01)
(-0.01668021745 -0.02329821897 0.01)
(-0.02257718294 0.02138102044 0.01)
(-0.01842117075 0.01159411453 0.01)
(-0.0225608903 0.01795382045 0.01)
(0.01045462191 0.01814319568 0.01)
(0.0117195777 0.01853018295 0.01)
(0.01762668583 0.02317071457 0.01)
(0.01781069889 0.00916304524 0.01)
(0.02267872071 0.02016537024 0.01)
(0.01965295488 -0.02250370979 0.01)
(0.01742532063 -0.007526273877 0.01)
(-0.01582326473 0.02035310554 0.01)
(0.01515506868 -0.02037467347 0.01)
(0.02270886254 -0.01792119664 0.01)
(-0.01595320735 -0.005754610694 0.01)
(-0.01782002465 -0.02252113476 0.01)
(-0.02053946115 -0.0213271364 0.01)
(-0.0180423772 0.01028588654 0.01)
(0.016655052 -0.02255018615 0.01)
(0.02028120367 0.01526720577 0.01)
(0.01809139579 0.0104533796 0.01)
(-0.01558008221 0.008330754874 0.01)
(0.01012790707 0.01662124895 0.01)
(-0.02088340889 0.01880557752 0.01)
(0.000579830303 -0.01438215111 0.01)
(-0.01706186093 0.01130295727 0.01)
(-0.01755968267 0.0125896554 0.01)
(-0.01866509294 0.02105935232 0.01)
(-0.004959533209 0.01577388475 0.01)
(-0.003203666943 0.01555555154 0.01)
(-0.001293191295 0.01545448779 0.01)
(0.0006678731307 0.01548949158 0.01)
(0.002482269277 0.0155630541 0.01)
(0.004163820597 0.01564511932 0.01)
(0.005769684245 0.01572530733 0.01)
(0.007242607053 0.01591252331 0.01)
(0.008737971168 0.01619393054 0.01)
(0.02061631782 -0.02067936441 0.01)
(0.01835790967 0.02173331688 0.01)
(0.01641541 -0.02014297992 0.01)
(0.01277286195 -0.01732358621 0.01)
(0.02126217024 -0.01717897927 0.01)
(-0.0175669594 -0.01273304199 0.01)
(0.01499434542 -0.005171387851 0.01)
(-0.02063390435 0.02076719795 0.01)
(-0.01711717501 -0.02078845514 0.01)
(-0.02112192376 0.01722040685 0.01)
(-0.01995787243 0.01629440241 0.01)
(0.01894068525 -0.01562579482 0.01)
(0.01587239934 0.007111050957 0.01)
(0.01516343919 0.01902330553 0.01)
(0.01755711007 0.01277983572 0.01)
(0.0181618308 0.01407084204 0.01)
(0.01610757258 -0.008610280095 0.01)
(0.01423723487 -0.01792401654 0.01)
(0.01396719129 0.01841569867 0.01)
(-0.02026294914 -0.01924733614 0.01)
(-0.001841832737 -0.01452569436 0.01)
(-0.008934338159 -0.0164865233 0.01)
(-0.0171412589 0.02137107479 0.01)
(0.008609564254 -0.01696896292 0.01)
(-0.01993517047 -0.01625627457 0.01)
(-0.02095377609 -0.0173871544 0.01)
(0.02092651646 0.01967063296 0.01)
(0.02120308604 0.01779208041 0.01)
(-0.004000768069 -0.0150234035 0.01)
(-0.0164508026 0.009828734363 0.01)
(0.01749604841 -0.01279963183 0.01)
(-0.01823309945 0.01389852156 0.01)
(-0.01324640819 -0.01775264737 0.01)
(0.01549357383 -0.01890499822 0.01)
(-0.01430200332 0.01831478256 0.01)
(-0.01292745689 0.01771593677 0.01)
(-0.0160404344 -0.01940989544 0.01)
(0.01878954727 -0.02110344148 0.01)
(0.01989465443 0.01667777345 0.01)
(-0.01910711631 -0.01514277039 0.01)
(0.02026128857 -0.01621920879 0.01)
(-0.0146525389 -0.01842205999 0.01)
(0.02153952642 0.02136556383 0.01)
(0.01817186639 -0.01420220061 0.01)
(0.01269616075 0.01777740054 0.01)
(0.01728035409 -0.02137019677 0.01)
(0.0189081346 0.0154474011 0.01)
(-0.01658439643 -0.009734019838 0.01)
(-0.005862665654 -0.01557339131 0.01)
(-0.01708355521 -0.01127995826 0.01)
(-0.01145539201 0.0171571298 0.01)
(0.01995045433 0.02144750725 0.01)
(0.01629442282 0.01973777087 0.01)
(0.01563403207 -0.00699773495 0.01)
(0.01140302718 0.01714144693 0.01)
(-0.01450640081 0.006201853403 0.01)
(0.02097951445 -0.01871204348 0.01)
(-0.006744002582 0.01604297243 0.01)
(-0.01033668514 -0.01690097964 0.01)
(0.01653406931 -0.01010511569 0.01)
(0.00272484999 -0.01485383192 0.01)
(0.01393392473 -0.0009051114945 0.01)
(-0.0100545485 0.01672743619 0.01)
(0.01736778209 0.02065786828 0.01)
(-0.01903440695 0.01517146267 0.01)
(-0.01826410376 -0.01403593561 0.01)
(0.01536206428 0.005430794886 0.01)
(0.01451077458 0.003587066121 0.01)
(0.009933613515 -0.01688389126 0.01)
(-0.01340321596 -0.001853707674 0.01)
(-0.01609869556 -0.007892256837 0.01)
(-0.01581745587 0.01895015531 0.01)
(0.007432818847 -0.01641471132 0.01)
(0.005907777044 -0.01600914129 0.01)
(-0.0187763011 -0.0208684876 0.01)
(-0.007488457888 -0.01602073743 0.01)
(-0.01176573742 -0.0173010178 0.01)
(-0.01334412974 0.0009988677091 0.01)
(-0.008456380185 0.01635435998 0.01)
(0.01622779165 0.008678617385 0.01)
(0.01695932476 -0.0114544849 0.01)
(0.01706260414 0.01138559106 0.01)
(-0.01365556361 -0.004608253702 0.01)
(0.01438524704 -0.003161949571 0.01)
(0.01132717977 -0.01704415875 0.01)
(-0.01370781153 0.003754066946 0.01)
(0.004378078833 -0.01581836322 0.01)
(0.01951016826 0.0184478421 0.01)
(0.01613456573 0.01248202368 0.01)
(-0.004192624867 0.01383062399 0.01)
(0.0177397628 -0.02006937491 0.01)
(-0.002310979847 0.01354017091 0.01)
(-0.0003843707557 0.01342853927 0.01)
(0.001493435453 0.01362369948 0.01)
(0.003282234976 0.01377848588 0.01)
(0.005049162708 0.01391533516 0.01)
(0.006672513894 0.01409230989 0.01)
(-0.0178084766 -0.01895978822 0.01)
(0.01390026422 0.001435018929 0.01)
(0.01902345601 0.02017794538 0.01)
(-0.01554711047 -0.0109144259 0.01)
(0.01964133602 -0.0173751353 0.01)
(-0.01307427491 0.008135571376 0.01)
(-0.0005968867926 -0.01210759929 0.01)
(-0.01302221439 -0.01628716518 0.01)
(-0.0117441481 0.005730883791 0.01)
(-0.01750890455 0.01515789843 0.01)
(0.01518673816 0.01767269924 0.01)
(-0.007096679758 -0.01416668191 0.01)
(-0.01682511351 -0.01405196011 0.01)
(-0.01103676094 -0.003381847265 0.01)
(0.01671786622 0.01385600478 0.01)
(0.005052013962 -0.01383896396 0.01)
(0.01125435498 0.0003547965985 0.01)
(0.01133197994 0.003367309763 0.01)
(-0.01741505352 0.01981417073 0.01)
(-0.01764247365 -0.01536442426 0.01)
(0.01585155062 -0.01701487085 0.01)
(0.01898854523 -0.01916031445 0.01)
(-0.01864682911 -0.01627239971 0.01)
(-0.01405018398 0.01688669981 0.01)
(-0.01092213323 -0.0003361728327 0.01)
(-0.01953042401 0.01773011955 0.01)
(0.01384271887 0.01710586606 0.01)
(-0.003222304681 -0.01250576683 0.01)
(0.01251471919 -0.004667390017 0.01)
(0.01706009602 -0.01867531584 0.01)
(-0.0111050542 0.01564952376 0.01)
(0.01651158268 0.01825935069 0.01)
(-0.009548796481 0.01510180868 0.01)
(-0.008641679548 -0.01482475387 0.01)
(-0.01410277761 -0.007138786626 0.01)
(-0.01478803234 -0.009131204961 0.01)
(0.01171081806 -0.002323830267 0.01)
(-0.007860122248 0.01454442406 0.01)
(-0.01840399126 0.01652866383 0.01)
(-0.01610672718 0.01240298121 0.01)
(-0.005343010796 -0.01335964205 0.01)
(-0.01617307927 -0.01253084931 0.01)
(0.01400203954 -0.0161729386 0.01)
(-0.01261218346 0.0161876167 0.01)
(0.01448672354 -0.008218683294 0.01)
(0.01663464187 0.01010013354 0.01)
(0.01351669306 -0.006780870248 0.01)
(-0.01918341096 -0.01761179868 0.01)
(0.01811186837 0.01712133836 0.01)
(-0.01913150596 0.01937304165 0.01)
(0.008256871786 0.01433025101 0.01)
(0.007114298136 -0.01473873375 0.01)
(-0.01608534541 -0.01771877739 0.01)
(-0.01000061345 -0.01542615689 0.01)
(0.01474424885 -0.00974382105 0.01)
(-0.01143982705 -0.01589449454 0.01)
(0.01714339663 -0.01552701886 0.01)
(0.01781189091 0.01905390462 0.01)
(0.0178739277 -0.01716225763 0.01)
(0.01424979298 0.006728511685 0.01)
(0.01298985811 0.005337409627 0.01)
(-0.006028298677 0.01416564436 0.01)
(0.01596506598 -0.0127571778 0.01)
(-0.01455477318 -0.01683467186 0.01)
(0.01232556769 -0.01583385754 0.01)
(-0.01429949099 0.01009711958 0.01)
(-0.01107681516 0.002815643566 0.01)
(-0.01556008884 0.01755012653 0.01)
(-0.01672863657 0.01373911297 0.01)
(0.01248861258 0.01628282989 0.01)
(-0.01749564088 -0.01698087511 0.01)
(0.008854892098 -0.01550960452 0.01)
(0.01744431246 0.0153450423 0.01)
(-0.01164260676 -0.006179838738 0.01)
(0.01678932927 -0.01399171692 0.01)
(0.002516746508 -0.01206748928 0.01)
(0.01556799467 0.01105810834 0.01)
(0.01445717775 0.008255255905 0.01)
(0.01503285833 0.01621480509 0.01)
(0.008178157227 0.001893409743 0.01)
(0.00988091096 0.01479696846 0.01)
(-0.008325638591 -0.001965256661 0.01)
(-0.00352182538 0.01144633179 0.01)
(-0.001543862792 0.01122039441 0.01)
(0.000451257543 0.01134449616 0.01)
(0.002342615631 0.01174819389 0.01)
(0.004219746891 0.01195327331 0.01)
(-0.00732333672 0.01262531336 0.01)
(-0.01750708333 0.01806100509 0.01)
(-0.01584242984 0.01500061861 0.01)
(0.000661000158 -0.009400776206 0.01)
(-0.002347432151 -0.009883452963 0.01)
(0.014886445 0.01357116179 0.01)
(0.01337387759 -0.01441953994 0.01)
(-0.01242000988 -0.008763548556 0.01)
(0.01528674821 -0.01468075514 0.01)
(0.01646334757 0.01664771245 0.01)
(0.007811601032 0.01231654375 0.01)
(-0.01070273115 0.01395385609 0.01)
(-0.008633448964 0.005168388606 0.01)
(-0.01566947656 0.0111019502 0.01)
(0.01071139548 -0.01562266523 0.01)
(-0.008459684118 0.00144662948 0.01)
(-0.01032839028 0.008557180351 0.01)
(-0.008483013181 -0.01286100296 0.01)
(0.01533422716 -0.0113091606 0.01)
(-0.005344893746 0.01206944734 0.01)
(0.009665997319 0.01275950405 0.01)
(-0.01453114438 0.01206237518 0.01)
(0.005475885236 -0.01100938207 0.01)
(0.01127486649 0.01543920863 0.01)
(-0.009098155757 0.01313719735 0.01)
(-0.0137865065 -0.01059704334 0.01)
(-0.01602765412 -0.01567666088 0.01)
(0.01591306796 0.01503255318 0.01)
(0.01495433745 0.009756053921 0.01)
(0.01138888458 0.01349724811 0.01)
(0.008473153871 -0.001513693604 0.01)
(0.01264479012 0.007475597704 0.01)
(0.01297977939 0.01438657536 0.01)
(0.006008351066 0.01205060581 0.01)
(-0.009965755002 -0.01372407081 0.01)
(0.01261520696 -0.008967217194 0.01)
(-0.01467347386 -0.01224049083 0.01)
(-0.008823273088 -0.005184538172 0.01)
(0.00374150947 -0.008569397666 0.01)
(-0.005282570732 -0.01040227413 0.01)
(-0.01670872518 0.01648360162 0.01)
(0.008426375408 -0.01391049863 0.01)
(-0.01424728012 -0.01516368984 0.01)
(-0.01216752526 0.00998305872 0.01)
(-0.01228236685 0.0146302986 0.01)
(-0.01508580554 0.01359003101 0.01)
(-0.01257144897 -0.01472364919 0.01)
(0.0116660877 -0.01430620726 0.01)
(-0.006883140937 -0.01220542454 0.01)
(0.009986171023 -0.01414998881 0.01)
(0.008363464866 0.005019026612 0.01)
(0.01103741044 -0.00668345518 0.01)
(0.009683541152 -0.004283819509 0.01)
(-0.01530828171 -0.01389634609 0.01)
(0.01372287116 0.01576383486 0.01)
(0.01431085215 -0.01277473154 0.01)
(-0.01401845721 0.01515445436 0.01)
(0.01464395115 0.01211729814 0.01)
(0.01075014298 0.006260125025 0.01)
(0.01298897496 0.009419257988 0.01)
(0.007148370536 -0.01273952327 0.01)
(0.009389439685 0.01042344472 0.01)
(-0.0005017612119 0.008612997928 0.01)
(0.001658121714 0.009119140695 0.01)
(0.01377557112 0.01096017591 0.01)
(-0.001190475798 -0.007392960767 0.01)
(-0.00969135741 -0.007884562196 0.01)
(-0.01112349062 -0.01451944944 0.01)
(0.005188574818 0.009719684267 0.01)
(-0.003999294032 -0.007266496598 0.01)
(-0.01195746961 -0.01094305893 0.01)
(0.004901036412 -6.299667704e-05 0.01)
(0.007239787099 0.009894551074 0.01)
(-0.007376615213 0.00830850366 0.01)
(-0.005557150768 -5.361567074e-05 0.01)
(-0.01287283588 0.0116612072 0.01)
(-0.006150211552 0.003187566547 0.01)
(0.008208291091 -0.01062473402 0.01)
(-0.01519531909 0.01621423703 0.01)
(-0.01195958288 0.01301533086 0.01)
(0.01340439953 -0.01104050649 0.01)
(0.01312880367 0.01261602337 0.01)
(0.0125455634 -0.01265863098 0.01)
(-0.01348415098 0.01334414859 0.01)
(0.01162494066 0.01115306089 0.01)
(0.009213430867 -0.01241246211 0.01)
(0.009732671231 -0.008775485112 0.01)
(-0.01363656914 -0.01355235717 0.01)
(0.001554715789 -0.006053006224 0.01)
(-0.002903914621 0.008743142589 0.01)
(-0.0107228512 0.01161503125 0.01)
(0.003407910165 0.009949385701 0.01)
(-0.01008671843 -0.0118209672 0.01)
(-0.01313799267 -0.0120515312 0.01)
(-0.006938285435 -0.007571697798 0.01)
(0.006776742744 -0.008413987793 0.01)
(0.008560134247 -0.006561444314 0.01)
(0.008835105344 0.007939226548 0.01)
(-0.006713978394 0.01061196759 0.01)
(0.005678500807 -0.004740988759 0.01)
(-0.005007067394 0.009500028641 0.01)
(-0.004964415005 0.006213286947 0.01)
(0.004755835369 0.004182591899 0.01)
(-0.01174949747 -0.01302751336 0.01)
(-0.008720160192 0.01083528927 0.01)
(-0.008208246013 -0.0103176528 0.01)
(0.006307859884 0.007289484383 0.01)
(0.01099764942 -0.01092566745 0.01)
(0.01095197375 0.008836570805 0.01)
(0.01087259915 -0.0128463127 0.01)
(-0.005448983447 -0.004014927021 0.01)
(-0.01044431582 -0.009823035357 0.01)
(0.0008480068014 0.002187693465 0.01)
(-0.001690748608 0.005693541841 0.01)
(0.01454465569 0.01488542139 0.01)
(-0.001691006415 -0.00453431672 0.01)
(-0.002229866892 -0.0009747336567 0.01)
(0.001508783833 -0.002356348361 0.01)
(-0.003156411295 0.002685769539 0.01)
(0.001401123809 0.006040050528 0.01)
(0.003744600485 0.007564243182 0.01)
(-0.02408044206 -0.01506562604 0.009054801316)
(-0.02222590103 -0.01412629496 0.008976991409)
(-0.02090884346 -0.01253400779 0.00908637728)
(-0.02040556291 -0.01108843857 0.001594895801)
(-0.0204082685 -0.01110287679 0.002795567366)
(-0.02040645307 -0.01109321436 0.00391234758)
(-0.02039843973 -0.0110492665 0.005032146053)
(-0.0203885606 -0.01099179035 0.006070596966)
(-0.02037934396 -0.01093421759 0.007098251717)
(-0.02040053302 -0.01106096057 0.008124624651)
(-0.0239985959 -0.01504287482 0.0009010253309)
(-0.02299725895 -0.01463585025 0.0008743098826)
(-0.02218162925 -0.01409045668 0.0008436171467)
(-0.02148790253 -0.0134006625 0.0008371351826)
(-0.02099492033 -0.01269015278 0.0007673155163)
(-0.02065174787 -0.01196568593 0.001113044368)
(-0.02443059633 -0.01514664782 0.001844075491)
(-0.02449068502 -0.01515795421 0.003947133115)
(-0.02442569099 -0.01514569172 0.006211031012)
(-0.02456614026 -0.01517109548 0.00823219437)
(-0.0205063785 -0.01152340333 0.009074751356)
(-0.02308097807 -0.01467979394 0.008993362168)
(-0.02146775306 -0.01337618314 0.009029249255)
(-0.02444342724 -0.01514912503 0.007283771234)
(-0.02447454371 -0.01515499056 0.005050822426)
(-0.0245318483 -0.01516526849 0.002879256496)
(-0.02268711227 -0.0144549552 0.007925707581)
(-0.02361338284 -0.01491545993 0.003398633332)
(-0.02183042445 -0.01377448895 0.007991863399)
(-0.02067665055 -0.01202985826 0.002284144807)
(-0.02070195396 -0.01209255359 0.008242788784)
(-0.02365347259 -0.01493032934 0.008032520518)
(-0.02065991901 -0.01198702826 0.003439357111)
(-0.02063627898 -0.01192447216 0.004568609625)
(-0.02061214999 -0.01185790819 0.005624223387)
(-0.02058918123 -0.01179169321 0.006599822567)
(-0.02055386378 -0.01168360222 0.00749329938)
(-0.02338860462 -0.01482483533 0.001739781573)
(-0.02337384575 -0.01481844383 0.006878394296)
(-0.02251782162 -0.01434323413 0.00174781188)
(-0.02180529819 -0.0137495012 0.001606929034)
(-0.02115388814 -0.01294871549 0.001782983645)
(-0.02358536054 -0.01490483758 0.005576209563)
(-0.02357586326 -0.01490119449 0.004461720811)
(-0.02374308765 -0.01496219132 0.002503662566)
(-0.02116716727 -0.0129688302 0.008131583604)
(-0.02278624731 -0.01451599551 0.005982092957)
(-0.02105371253 -0.0127898641 0.004145651025)
(-0.02099280633 -0.01268646867 0.005239195871)
(-0.02095520323 -0.0126197117 0.006303309837)
(-0.02289734677 -0.01458076089 0.002644445483)
(-0.02113517415 -0.01292001095 0.002994263575)
(-0.02262890969 -0.01441763532 0.003775082283)
(-0.02192433053 -0.0138648781 0.002653362833)
(-0.02280599774 -0.01452778574 0.004962862355)
(-0.02218863306 -0.0140961812 0.006810958679)
(-0.02139587986 -0.01328624726 0.007094134419)
(-0.02088096269 -0.01248049603 0.007317302309)
(-0.02213023252 -0.01404780409 0.004568837115)
(-0.02152219839 -0.01344162379 0.004875323672)
(-0.02148977646 -0.01340292336 0.00600422785)
(-0.02210745022 -0.01402852891 0.005539153606)
(-0.02169397855 -0.01363445031 0.003783563282)
(-0.02341424313 -0.02196468386 0)
(-0.02408420788 -0.01861634623 0)
(-0.02448797636 -0.01605650359 0)
(-0.02244787987 -0.01534242201 0)
(-0.02155497896 -0.01472988029 0)
(-0.02074190722 -0.01392243481 0)
(-0.02010735048 -0.01295692654 0)
(-0.01964000451 -0.01190280717 0)
(-0.01935991857 -0.01080041804 0)
(-0.01918774796 -0.009516815262 0)
(-0.01896673785 -0.006578685161 0)
(-0.01866130564 -0.003050001656 0)
(-0.01850406346 0.001322179684 0)
(-0.01883265239 0.005228881241 0)
(-0.01907230604 0.008342226799 0)
(-0.02458169065 0.01599751241 0)
(-0.02361217937 0.01588955661 0)
(-0.02256488736 0.01541767606 0)
(-0.02161020955 0.01473975729 0)
(-0.02078089823 0.01390848579 0)
(-0.02013971096 0.01293976294 0)
(-0.01966194888 0.01189536032 0)
(-0.01936765615 0.01082927937 0)
(-0.02403570061 0.01877635312 0)
(-0.02380402745 0.0220671485 0)
(-0.02329534841 0.02392468726 0)
(-0.02113342642 0.02411703948 0)
(-0.01805724453 0.02436098687 0)
(-0.01669437371 0.02441775873 0)
(-0.01542518693 0.02252697014 0)
(-0.0139646093 0.02075833389 0)
(-0.01302645038 0.02010002542 0)
(-0.01200371349 0.0196531508 0)
(-0.01079935859 0.01929405844 0)
(-0.007880885468 0.01891711937 0)
(-0.003867300927 0.01864586701 0)
(0.0007620855955 0.01857349515 0)
(0.00486520128 0.01882496156 0)
(0.00823772374 0.0190799839 0)
(0.01645018497 0.02432166327 0)
(0.01583493533 0.0231139409 0)
(0.01516233419 0.02200943684 0)
(0.01428972921 0.02109238323 0)
(0.01327306394 0.02030568926 0)
(0.01214984056 0.01974004048 0)
(0.01091549113 0.01940126251 0)
(0.0180242359 0.02414118745 0)
(0.02102188782 0.02410966731 0)
(0.02428517 0.0161713393 0)
(0.02427396846 0.01743434323 0)
(0.02432167233 0.01886992282 0)
(0.02421476955 0.02041498843 0)
(0.01932282782 0.01096069218 0)
(0.01972689879 0.01223544833 0)
(0.02032132331 0.0133925712 0)
(0.02115877444 0.01440402945 0)
(0.02209304644 0.01518904807 0)
(0.02314272949 0.01579297944 0)
(0.01920333479 -0.009621505295 0)
(0.01910433807 -0.00814418236 0)
(0.01905725954 -0.006462134242 0)
(0.01911247799 -0.00475966853 0)
(0.01830955974 -0.0003741517191 0)
(0.0183554545 0.002293110971 0)
(0.01849899663 0.004458515067 0)
(0.01866177574 0.006458291786 0)
(0.01904305727 0.00970968834 0)
(0.01937698038 -0.01089930938 0)
(0.01976702626 -0.01220505543 0)
(0.02032409052 -0.01332770815 0)
(0.0211770886 -0.01435561097 0)
(0.02215005707 -0.01517982274 0)
(0.02333547133 -0.01580194427 0)
(0.0244295724 -0.01597465475 0)
(0.02357277787 -0.02255396935 0)
(0.02361696118 -0.02055087128 0)
(0.02374191685 -0.01875233479 0)
(0.02385966923 -0.01709099812 0)
(0.01626781123 -0.02433126856 0)
(0.01762119413 -0.02423149149 0)
(0.01902119667 -0.02415562124 0)
(0.02047082493 -0.02427717415 0)
(0.01084288415 -0.01929176133 0)
(0.01197869087 -0.01962459263 0)
(0.01298991633 -0.02008079395 0)
(0.01393172927 -0.02065462049 0)
(0.01475530392 -0.0214956681 0)
(0.01536624646 -0.02238878459 0)
(0.01587567446 -0.02329941099 0)
(-0.009738708357 -0.01930608533 0)
(-0.00847826495 -0.01925443933 0)
(-0.007153720607 -0.01922329402 0)
(-0.005657387801 -0.01905968718 0)
(-0.003942397581 -0.01874623334 0)
(-0.0001144913391 -0.01851028568 0)
(0.001922281378 -0.01851881598 0)
(0.003819897348 -0.01853769557 0)
(0.005511502186 -0.0186680651 0)
(0.007056460426 -0.01877930226 0)
(0.008421803456 -0.01890586948 0)
(0.009665387599 -0.01906799495 0)
(-0.01094646358 -0.01943275976 0)
(-0.01216111862 -0.0197392822 0)
(-0.01338788709 -0.02034827912 0)
(-0.01442004769 -0.02112941826 0)
(-0.01524300727 -0.02215066958 0)
(-0.01582155143 -0.0233494658 0)
(-0.01600942231 -0.02445692316 0)
(-0.02242646333 -0.02382052737 0)
(-0.02044789057 -0.02397334804 0)
(-0.01876125989 -0.02395750094 0)
(-0.01714126314 -0.02391509296 0)
(0.02268559024 0.02346236693 0)
(-0.0237936867 -0.02020769888 0)
(-0.02441303339 -0.01722703804 0)
(-0.02348132325 -0.01574356042 0)
(-0.01906323935 -0.008117096309 0)
(-0.01880517357 -0.004855018546 0)
(-0.01852713038 -0.0009475773133 0)
(-0.01866763746 0.003376953069 0)
(-0.01896801455 0.006885573476 0)
(-0.01919125278 0.009641356392 0)
(-0.02408724601 0.01713412296 0)
(-0.02396629325 0.02035716215 0)
(-0.01598119794 0.02351312763 0)
(-0.01955201685 0.02423996964 0)
(-0.01480785305 0.02157195095 0)
(-0.009469330052 0.01908756336 0)
(-0.00601326615 0.01876339161 0)
(-0.001643039926 0.01853105741 0)
(0.002955687845 0.01867751139 0)
(0.006633004631 0.01896914896 0)
(0.009641461788 0.01918141732 0)
(0.01954420725 0.02404110228 0)
(0.02401286636 0.02193887147 0)
(0.01828837748 -0.003013958921 0)
(0.01885339139 0.00817576463 0)
(0.02190226132 -0.02364202999 0)
(-0.002098628171 -0.01854913393 0)
(-0.02231470561 -0.01908104989 0)
(-0.02127377226 -0.01596020921 0)
(-0.01769440066 0.007712548626 0)
(-0.02244131159 0.02098947886 0)
(-0.01653641802 -0.001901958872 0)
(-0.01764751806 -0.007462291043 0)
(-0.01675165476 0.002446198176 0)
(-0.0168509145 -0.004011412869 0)
(-0.01738013879 0.006112535717 0)
(-0.01651307612 0.0002711814063 0)
(-0.02264222131 0.01944131317 0)
(-0.01706558712 0.004346091176 0)
(-0.02144151533 0.01592544572 0)
(-0.02041378536 0.01507318682 0)
(-0.01508727811 0.02037510357 0)
(0.007549893829 0.01769359773 0)
(-0.02269174351 0.01797727755 0)
(-0.02196646852 0.0226351005 0)
(-0.002761933705 0.0167167167 0)
(-0.01867344107 0.02317591694 0)
(-0.01404600011 0.01956090355 0)
(-0.01594182523 0.02133854997 0)
(-0.0165909851 0.02238653381 0)
(-0.00877052056 0.01754612177 0)
(-0.007047915838 0.01719312726 0)
(-0.005049289311 0.01691487239 0)
(0.001941462846 0.01671801979 0)
(0.02071166799 0.02240855336 0)
(0.005836801217 0.01741755248 0)
(-0.0004313281364 0.01658921062 0)
(0.01874045473 0.02267319675 0)
(0.003989159104 0.01707942698 0)
(0.01539964936 0.02074080795 0)
(0.01720233865 0.022931802 0)
(0.009089810475 0.01790627335 0)
(0.01634652448 0.02179164603 0)
(-0.02357297705 -0.01667109938 0)
(-0.001531738842 -0.01665369406 0)
(-0.02197978041 -0.0207344872 0)
(0.02311538756 0.01698502849 0)
(0.02313667832 0.01830678101 0)
(0.0231997237 0.01963960821 0)
(0.01845017584 0.01199877093 0)
(0.0224687278 0.02111400515 0)
(0.01792111555 -0.008962086052 0)
(0.01769943075 -0.007244257038 0)
(0.01760898897 -0.005270472212 0)
(0.01709018735 0.007418233006 0)
(0.01853759529 -0.01190667103 0)
(0.01637118916 0.003323429168 0)
(0.01675742862 0.005576175395 0)
(0.01796427214 0.01060795509 0)
(0.02175493928 -0.01970122267 0)
(0.01720003293 -0.02310841165 0)
(0.01862355217 -0.02290977449 0)
(0.01507969058 -0.02025461635 0)
(-0.01055279314 -0.01831973163 0)
(0.01179761212 -0.01832933696 0)
(-0.009160192219 -0.01812132004 0)
(-0.007752122458 -0.01804495511 0)
(-0.006477064518 -0.01812128086 0)
(-0.02241346736 -0.01651033839 0)
(-0.01330029539 -0.01901748503 0)
(-0.01188151124 -0.01856616449 0)
(0.002624114491 -0.01655259876 0)
(0.004472559214 -0.01670307049 0)
(0.006217868152 -0.01690442596 0)
(0.00783267647 -0.0172224288 0)
(-0.01469432303 -0.01988022699 0)
(-0.02139540268 -0.02239939676 0)
(-0.01960246508 -0.0225240549 0)
(-0.01803137482 -0.0224125712 0)
(-0.01786125584 -0.008925252024 0)
(-0.02029824287 -0.01504431249 0)
(-0.0195227364 -0.01401433179 0)
(-0.01889483798 -0.01285690599 0)
(-0.01843274753 -0.01162569796 0)
(-0.01811947129 -0.01037089884 0)
(-0.01730245713 -0.005805626643 0)
(-0.01956127021 0.01406794232 0)
(-0.01885968686 0.01287756909 0)
(-0.0184356554 0.01167277542 0)
(-0.01814990265 0.01041819654 0)
(-0.02018114621 0.0228849586 0)
(-0.01293152174 0.0189177069 0)
(-0.01173616929 0.01839810632 0)
(-0.01036442734 0.01794514957 0)
(0.01317299151 0.0190466588 0)
(0.01436139411 0.01980158537 0)
(0.01189926022 0.01851553538 0)
(0.01051257461 0.0181601278 0)
(0.01901138397 0.01336880437 0)
(0.01983471581 0.01462397026 0)
(0.02091130275 0.01561587617 0)
(0.01609985951 -0.001663747859 0)
(0.0161025091 0.0008974696988 0)
(0.01914789835 -0.01328835974 0)
(0.01993939568 -0.01450614881 0)
(0.02101880447 -0.01557055284 0)
(0.02224932528 -0.01643757014 0)
(0.0218210852 -0.02172761886 0)
(0.01298870483 -0.01884532946 0)
(0.01586331605 -0.02121824758 0)
(0.0005592238066 -0.01648336732 0)
(-0.01573533947 -0.0209496402 0)
(-0.01656852221 -0.02225279052 0)
(0.01814945144 -0.01049186126 0)
(-0.02297868136 -0.0177205279 0)
(0.01750783654 0.009132635426 0)
(-0.02263171803 0.0166421933 0)
(-0.0172568312 0.02341171612 0)
(-0.01792717909 0.009126078228 0)
(0.02229584854 -0.0178766188 0)
(0.01408290201 -0.0194704652 0)
(0.02025255624 -0.02286678402 0)
(-0.003492285946 -0.01695487918 0)
(0.01605542813 -0.00405421955 0)
(0.009229201661 -0.01754114002 0)
(0.02199094837 0.01639023301 0)
(0.01655392043 -0.02217883467 0)
(-0.01645486857 0.02004820786 0)
(-0.02128240486 0.01857635433 0)
(-0.01446147617 -0.003246605334 0)
(-0.02077779511 0.02148122484 0)
(-0.01616494792 0.007113253592 0)
(0.01440641034 0.01834374976 0)
(-0.0199040331 -0.01638257372 0)
(0.01552928113 0.01932987106 0)
(-0.02135688905 0.01722913287 0)
(0.00690182169 0.01612294615 0)
(-0.01302820259 -0.01764684217 0)
(0.01302440556 0.01764712607 0)
(0.008552349245 0.01648230733 0)
(-0.01903674783 0.01532213926 0)
(-0.01731544267 0.02119308833 0)
(-0.020128373 0.01634144635 0)
(-0.02118286302 0.01999770552 0)
(-0.001520880937 0.0145132147 0)
(-0.01625267513 -0.01944486151 0)
(0.02087208112 0.02043113176 0)
(-0.01476026347 -0.01830621775 0)
(0.01927437601 0.02106773651 0)
(0.01776928421 0.02141080045 0)
(0.01759857607 0.0131425376 0)
(-0.006321189509 0.01524862553 0)
(0.01956961016 0.01604004405 0)
(0.01635887773 -0.00818386041 0)
(0.02195783159 0.01776918634 0)
(0.01700381854 0.011691768 0)
(0.02201854666 0.01928914981 0)
(0.0167053861 -0.01003248074 0)
(0.01709488786 -0.01156825134 0)
(0.01286387304 -0.01748459024 0)
(0.0208886722 -0.01825970479 0)
(0.001342145111 -0.01441053539 0)
(-0.01147272279 -0.01729837226 0)
(0.01375713658 -0.0003484353116 0)
(0.01790999323 -0.0218068058 0)
(-0.003071346961 -0.01490996395 0)
(0.0141680432 -0.01815066059 0)
(0.0209607871 -0.0168955714 0)
(-0.009938523157 -0.01705551405 0)
(-0.008423047833 -0.01686306701 0)
(0.01053217108 -0.01791684309 0)
(-0.006772070429 -0.01681851308 0)
(-0.02026209503 -0.01948267676 0)
(0.008841589237 -0.0157599617 0)
(0.00543578595 -0.01478114754 0)
(0.007219332404 -0.01519721004 0)
(-0.01405117192 0.01821514025 0)
(-0.008211486432 0.01578753463 0)
(-0.01668266748 -0.00986068818 0)
(-0.01887820098 -0.02097934636 0)
(-0.01634928237 -0.008323097738 0)
(0.0139445771 0.002206287478 0)
(-0.01815354639 -0.01402721766 0)
(-0.01892674228 -0.01519442266 0)
(-0.01752899631 -0.01264767955 0)
(-0.01746097728 0.0127205229 0)
(-0.01704734146 0.01136976941 0)
(-0.02040119162 -0.02122081113 0)
(0.003483554186 -0.01448946039 0)
(-0.01810962461 0.01411399201 0)
(-0.01681505221 0.01001494557 0)
(0.0144109958 0.004576762781 0)
(0.0196823314 -0.02121646295 0)
(0.0009370263214 0.01454991829 0)
(0.01774962756 -0.01312280085 0)
(0.02072080946 0.01703227424 0)
(-0.01279026724 0.0175791182 0)
(0.01860080366 -0.01458541983 0)
(-0.01707855813 -0.01131845949 0)
(0.01822168158 0.01480447778 0)
(0.01509637862 0.006817079235 0)
(0.01533764111 -0.01894093039 0)
(0.01967081327 -0.01587731316 0)
(0.01634944054 -0.02000105245 0)
(-0.01723115272 -0.02090398574 0)
(-0.0008523837021 -0.01455155423 0)
(-0.004117937263 0.0147901119 0)
(0.01612519632 -0.006275734384 0)
(0.01025276479 -0.01632542094 0)
(-0.01506004908 0.003656007112 0)
(-0.01654454918 0.008629063547 0)
(-0.0145049477 0.001536098221 0)
(-0.02118186775 -0.01761251852 0)
(-0.01567122598 0.005486817251 0)
(-0.01777955262 0.02234380928 0)
(0.0115390286 0.01721450899 0)
(-0.01619038742 -0.006825061323 0)
(0.003167970988 0.01501334505 0)
(0.005131240149 0.01564803537 0)
(0.01670840485 0.02035061959 0)
(-0.01530415746 0.01906524481 0)
(0.01568767482 0.008646254306 0)
(0.01383562245 -0.002975575222 0)
(0.01160548668 -0.01690801174 0)
(0.0101057313 -0.01446758311 0)
(-0.005400181629 -0.01547947916 0)
(-0.005196548027 -0.01747197971 0)
(-0.009930065935 0.0163435945 0)
(0.01005335101 0.01683117115 0)
(0.01634530084 0.0102584766 0)
(-0.01522159348 -0.005343971019 0)
(0.01815733355 -0.01616446185 0)
(-0.01140207962 0.01690984538 0)
(0.01695981538 -0.02106092894 0)
(-0.01425941266 -0.0007683673001 0)
(-0.01896761165 0.02165865305 0)
(0.01261047779 0.006101241061 0)
(0.01583495135 0.01775484568 0)
(0.002442268702 0.0125574502 0)
(-0.01268934523 0.003122928561 0)
(-0.01588802379 0.01244947872 0)
(-0.01994839297 0.01768410703 0)
(0.01268009634 0.01617380224 0)
(-0.0154587476 0.009606687948 0)
(-0.01255674748 -0.01623263395 0)
(0.007969346734 0.01483102625 0)
(0.01136256358 0.001015122381 0)
(-0.01438963661 -0.01664893205 0)
(0.01814100897 0.01959162636 0)
(0.01361696273 0.008263353277 0)
(-0.01906652535 -0.01789943815 0)
(0.01967022718 -0.01928040468 0)
(0.01824197779 0.0164385881 0)
(0.02074242091 0.01856819303 0)
(-0.01092460372 -0.01600913779 0)
(0.01408403831 -0.01669120381 0)
(-0.01659681351 -0.01394730105 0)
(0.01618130836 -0.0129049699 0)
(-0.007567792485 -0.01541924686 0)
(0.01509534681 -0.009422793137 0)
(0.01552872106 -0.01739923937 0)
(-0.01679457001 0.01862220175 0)
(-0.009248388806 -0.01572200425 0)
(-0.004740620252 -0.01326159782 0)
(-0.009556975718 0.01454600675 0)
(0.01450925368 0.01662620461 0)
(-0.00770575105 0.0137751392 0)
(-0.01509568196 -0.009278934998 0)
(-0.01674177016 -0.01740091574 0)
(0.0171153802 -0.01447829959 0)
(0.01143984344 -0.01527694796 0)
(-0.01569748949 0.01099578894 0)
(-0.01800984457 -0.01932731824 0)
(0.01958035058 -0.01740326118 0)
(0.01625411795 0.01277803604 0)
(0.01925336531 0.01779685702 0)
(-0.01504713561 0.00817198124 0)
(0.01180585214 0.003715024352 0)
(0.01278552641 -0.01601610114 0)
(0.01800309006 -0.02005244539 0)
(-0.01405115166 0.01679454485 0)
(-0.01866485643 0.01666575087 0)
(-0.000194393902 0.01222981444 0)
(0.01111197954 0.01579810001 0)
(0.01673277852 -0.01864593018 0)
(0.01655092296 0.01426190709 0)
(-0.01814476919 0.01985875499 0)
(0.01550167722 -0.01125796726 0)
(0.009558904307 0.01534586193 0)
(-0.01544073407 0.01753409825 0)
(-0.01974999562 0.02044593324 0)
(0.01415298669 -0.005320172504 0)
(-0.01197705414 0.0007051216657 0)
(-0.005560368549 0.01303264065 0)
(-0.01978337804 0.01905397215 0)
(-0.01735995125 -0.01534999302 0)
(0.006368876395 0.01450238202 0)
(0.01962473595 0.01947017298 0)
(0.01442409623 0.01004427132 0)
(0.006699378049 -0.01291967889 0)
(0.0167781733 0.01895675083 0)
(-0.01600299929 -0.01239355539 0)
(-0.003004443808 0.01237190045 0)
(-0.01445311179 0.006666319124 0)
(-0.01257561946 -0.00504853855 0)
(-0.0119766095 -0.002124632312 0)
(-0.01642510794 0.01406590486 0)
(0.01659205418 0.01608462434 0)
(-0.002364206062 -0.01263266697 0)
(-0.01255787966 0.01608696648 0)
(-0.01111318692 0.01532135811 0)
(-0.01447525522 -0.007265369606 0)
(-0.01551807962 -0.01090635173 0)
(0.008529315827 -0.0136678623 0)
(0.01465109928 -0.007397808032 0)
(-0.006839417998 -0.01368897374 0)
(0.015329958 0.01165223825 0)
(-0.01836241708 -0.0164775993 0)
(0.004830785442 0.01340053953 0)
(0.01136569786 -0.001845958591 0)
(-0.017450584 0.01547456959 0)
(-0.01364264577 0.005069570443 0)
(0.01823366724 -0.01815118743 0)
(0.004594664895 -0.01236166981 0)
(-8.592708174e-05 -0.01225482694 0)
(0.01110267097 0.007855752311 0)
(-0.009566038427 0.003241811694 0)
(0.002364027206 -0.01213169904 0)
(-0.01566020341 -0.01532656536 0)
(-0.0155578814 0.01567573826 0)
(-0.00176379121 -0.01004456049 0)
(-0.00950821481 -0.003597952107 0)
(0.01064761087 0.01426173699 0)
(-0.004111649307 -0.01071542055 0)
(0.01646699344 -0.0158716198 0)
(0.01479761631 0.01338569772 0)
(0.01167646941 -0.01342398239 0)
(-0.01194943381 -0.01470641889 0)
(-0.01838775457 0.01819025805 0)
(0.01515360021 -0.01589505887 0)
(-0.01095619715 0.0135093591 0)
(0.001492506386 0.00984273586 0)
(0.01234740308 0.009880414314 0)
(0.009065341848 0.01366343885 0)
(0.01332517885 0.01182781424 0)
(0.0175535046 0.01772234584 0)
(0.008803600316 0.002845243595 0)
(-0.01702954804 0.01702173198 0)
(-0.01374367585 -0.01496880329 0)
(0.01221423751 0.01468812605 0)
(0.01552581593 -0.01444226866 0)
(-0.01450697683 0.0136951802 0)
(-0.01381299313 0.00925631197 0)
(0.009786856336 0.005523491796 0)
(0.0118077384 -0.004520178686 0)
(-0.009184623359 -0.0004251122255 0)
(-0.006397062508 -0.01157488542 0)
(0.01406253283 -0.01503390925 0)
(0.0009521039618 -0.009679436432 0)
(0.007102558645 0.01272767163 0)
(0.01702855475 -0.01723777799 0)
(-0.01387136326 0.01529653827 0)
(0.00827460635 -0.01124743106 0)
(-0.001684817964 0.009720483072 0)
(-0.01030631215 -0.01468519174 0)
(-0.01357422225 0.007861639452 0)
(-0.009956682699 -0.006228858879 0)
(-0.008786636399 -0.01412442646 0)
(0.01526967091 0.01510476398 0)
(-0.01255005471 0.01436903666 0)
(-0.01490226591 -0.01369674921 0)
(-0.01353949627 -0.008826969928 0)
(0.01375398441 0.01498614689 0)
(-0.01382978394 -0.01044850771 0)
(0.010125217 -0.01231315948 0)
(0.01338293796 -0.008710592267 0)
(-0.009260224511 0.01253946761 0)
(0.01264914646 -0.006748528717 0)
(-0.01430181173 0.0119014915 0)
(0.008658497679 -0.0003799892443 0)
(0.004629036439 0.01064856098 0)
(0.0127757461 -0.01447813798 0)
(-0.007283042027 0.01148793855 0)
(0.01394419246 -0.01288244807 0)
(-0.01208031126 -0.007434082646 0)
(-0.01150066066 0.00499614783 0)
(-0.01441024718 0.01054951738 0)
(0.01377143565 -0.01074361546 0)
(0.006078016322 -0.01036459351 0)
(-0.004755784992 0.01036248166 0)
(-0.006256687983 -0.002190374872 0)
(-0.01248401344 0.006700196857 0)
(0.0132197075 0.01356131372 0)
(0.003333654276 0.007397749807 0)
(-0.01431640271 -0.01203196217 0)
(-0.006677098088 -0.005814293825 0)
(-0.006100278889 0.001440966956 0)
(-0.01092774411 0.0115613344 0)
(0.009908358848 0.009804132456 0)
(0.003621351855 -0.009775357575 0)
(-0.01264149309 0.01256462106 0)
(-1.401679387e-05 0.006849731574 0)
(0.01013058918 -0.009942336411 0)
(0.01031095881 0.01283253434 0)
(0.0111597682 0.01145468883 0)
(0.0115749662 -0.008335822113 0)
(-0.009095750464 0.0102747483 0)
(-0.003750472245 -0.007792043703 0)
(0.01201151656 -0.01164786419 0)
(0.006298674256 0.005251718193 0)
(-0.01303389493 -0.01333707031 0)
(0.01184074434 0.01307832049 0)
(0.008372415467 0.007701045329 0)
(0.009939923617 -0.006719399161 0)
(-0.003792620655 0.007278060449 0)
(-0.0085347363 -0.01224264254 0)
(-0.0009010599214 -0.007115291578 0)
(-0.01076072642 -0.01300609143 0)
(0.005891137638 0.00817268793 0)
(0.009162492603 -0.003574789716 0)
(-0.01216222114 0.008589454152 0)
(-0.006636057696 0.005198271171 0)
(-0.006947133176 0.00856077576 0)
(-0.01204106704 -0.009704282205 0)
(0.00521636026 -0.007547676731 0)
(0.007899153415 -0.008478156952 0)
(0.007398803292 0.01019243823 0)
(0.005627455834 0.001605822017 0)
(-0.008224278239 -0.007877256784 0)
(-0.01270649609 0.01068146324 0)
(-0.008304580207 -0.01011485668 0)
(0.002263309554 -0.007008210068 0)
(-0.0124131795 -0.01160802445 0)
(-0.00216319066 0.003400050359 0)
(0.009110938306 0.01175100123 0)
(0.002485132434 0.003988641191 0)
(-0.01017757405 -0.008711903033 0)
(-0.003403395927 -0.004565088609 0)
(-0.002656415004 -0.0008692220282 0)
(-0.006129158308 -0.008978686532 0)
(0.01219726069 -0.009922674354 0)
(-0.01090704147 0.009740176499 0)
(0.006013770741 -0.002043498172 0)
(-0.009848555711 0.007237688142 0)
(-0.01033796569 -0.0109896522 0)
(0.003911374311 -0.004350778705 0)
(0.007109793153 -0.005545246365 0)
(0.0002804776709 -0.003822288022 0)
(0.002042964223 -0.0002809351072 0)
(-0.0223978224 -0.0254 0.00165378483)
(-0.01884508871 -0.0254 0.001227316896)
(-0.01639178667 -0.0254 0.001531181109)
(-0.01623471229 -0.0254 0.003900541094)
(-0.01614609462 -0.0254 0.006082591083)
(-0.0162597917 -0.0254 0.008203785298)
(-0.01607645789 -0.0254 0.009201308377)
(-0.02226083241 -0.0254 0.007975531269)
(-0.02026778735 -0.0254 0.008386390571)
(-0.01855579216 -0.0254 0.008686102152)
(-0.02306740653 -0.0254 0.003772066673)
(-0.02294810483 -0.0254 0.005915975106)
(-0.02048789721 -0.0254 0.001340633083)
(-0.01748813554 -0.0254 0.00101606295)
(-0.01641987539 -0.0254 0.002795245361)
(-0.01613005477 -0.0254 0.004983207004)
(-0.01621791904 -0.0254 0.007142689445)
(-0.01717961404 -0.0254 0.008940216212)
(-0.0170671652 -0.0254 0.006548171244)
(-0.01755408413 -0.0254 0.007633955982)
(-0.01968105133 -0.0254 0.002674647789)
(-0.01703577243 -0.0254 0.00454255173)
(-0.02131762063 -0.0254 0.00283342129)
(-0.01712173974 -0.0254 0.005575065838)
(-0.01750385311 -0.0254 0.003631462087)
(-0.01791811768 -0.0254 0.002386428912)
(-0.01919381753 -0.0254 0.007156478739)
(-0.02084320071 -0.0254 0.006536952385)
(-0.02084642272 -0.0254 0.004481811266)
(-0.01898318191 -0.0254 0.003890291632)
(-0.01817504778 -0.0254 0.006235155211)
(-0.01816476626 -0.0254 0.00485580247)
(-0.0194642436 -0.0254 0.005493874331)
(-0.02032 -0.007906478709 0.0009821889512)
(-0.02032 -0.006618647684 0.001221862494)
(-0.02032 -0.004971443742 0.001490114141)
(-0.02032 -0.003059542991 0.001777873379)
(-0.02032 -0.0008508928564 0.001947131782)
(-0.02032 0.001446802987 0.0019532694)
(-0.02032 0.003432592454 0.001619006419)
(-0.02032 0.005231417988 0.001365621668)
(-0.02032 0.006789588635 0.001402777038)
(-0.02032 0.008209316268 0.001546263361)
(-0.02032 0.009339826267 0.001435763605)
(-0.02032 0.009328792573 0.00241156004)
(-0.02032 0.009321388674 0.003415786948)
(-0.02032 0.009288309023 0.004411376787)
(-0.02032 0.00925180211 0.005438843372)
(-0.02032 0.0092009817 0.006443967227)
(-0.02032 0.009186694924 0.007438709258)
(-0.02032 0.009260643508 0.008358934475)
(-0.02032 -0.008651197774 0.008522895606)
(-0.02032 -0.004551594356 0.008061186543)
(-0.02032 0.0008119599087 0.008023406366)
(-0.02032 0.005509814571 0.008524316885)
(-0.02032 0.008613099228 0.009109557728)
(-0.02032 -0.00901430205 0.001513319062)
(-0.02032 -0.009005838027 0.003937912842)
(-0.02032 -0.009006815785 0.006230312733)
(-0.02032 0.003408209124 0.008166376913)
(-0.02032 -0.006649853002 0.008346891749)
(-0.02032 -0.00210535748 0.00791213107)
(-0.02032 0.007186040407 0.008906015919)
(-0.02032 -0.009012117862 0.005081349848)
(-0.02032 -0.008998797554 0.002707801132)
(-0.02032 -0.009135035944 0.007271670231)
(-0.02032 -0.006124420534 0.002788092854)
(-0.02032 -0.004090846954 0.003432050256)
(-0.02032 -0.002007200398 0.003931669931)
(-0.02032 0.0005590258363 0.0039629522)
(-0.02032 0.002975097079 0.003929973439)
(-0.02032 0.004481805317 0.002822684143)
(-0.02032 0.005877766199 0.002824030691)
(-0.02032 0.00734505865 0.002930388097)
(-0.02032 -0.007743835151 0.002094201111)
(-0.02032 -0.007829566835 0.00716273269)
(-0.02032 0.008475926355 0.002816735069)
(-0.02032 0.008408954879 0.003782611906)
(-0.02032 0.008318217275 0.004831545281)
(-0.02032 0.008152482839 0.005872326046)
(-0.02032 0.00808984912 0.006998792361)
(-0.02032 -0.003586818982 0.005840775675)
(-0.02032 -0.006085192732 0.006557706874)
(-0.02032 0.004779317712 0.006374661819)
(-0.02032 -0.0008235657142 0.005950462836)
(-0.02032 -0.007894339062 0.004621326902)
(-0.02032 -0.007780698656 0.005860276294)
(-0.02032 -0.00780528775 0.003336712707)
(-0.02032 0.002087202695 0.005988820032)
(-0.02032 0.008198146202 0.008065871479)
(-0.02032 0.006771347371 0.007612909955)
(-0.02032 0.004960964653 0.004255458397)
(-0.02032 0.006396010554 0.0040429724)
(-0.02032 0.006799330234 0.006291028371)
(-0.02032 0.007499116639 0.004125087766)
(-0.02032 0.007166041478 0.005155220087)
(-0.02032 -0.005331205326 0.004722646041)
(-0.02032 -0.006719848995 0.005260374158)
(-0.02032 -0.006714751893 0.004068977659)
(-0.02032 0.005952188858 0.005287021181)
(-0.02462705041 0.01518085142 0.001631379913)
(-0.02451812502 0.01516286883 0.002491493229)
(-0.02445051352 0.01515047848 0.00346178706)
(-0.02444173426 0.01514880013 0.004465537575)
(-0.02443997193 0.0151484613 0.005506384066)
(-0.02447344723 0.01515478728 0.006556671656)
(-0.02451735429 0.01516273291 0.007613850022)
(-0.0244897351 0.01515778129 0.008768041282)
(-0.02411227726 0.01507407877 0.0008691648527)
(-0.02226846301 0.01415998451 0.001037760052)
(-0.02094294084 0.01259742151 0.00103220735)
(-0.02039567261 0.01103356019 0.001438746473)
(-0.02039433628 0.01102586993 0.003505368748)
(-0.02040792452 0.01110105388 0.005509799007)
(-0.02041002103 0.01111210814 0.007690817861)
(-0.02369324276 0.01494470268 0.008289491502)
(-0.02285062157 0.01455398107 0.008745309945)
(-0.02205666637 0.01398472486 0.008835121792)
(-0.02134337546 0.01321780924 0.00879656447)
(-0.02075667989 0.01222057719 0.008592316059)
(-0.02042262938 0.01117596345 0.008852393267)
(-0.02152762784 0.01344802886 0.001092739797)
(-0.02316007386 0.01471950994 0.0009485785016)
(-0.02058022786 0.01176505344 0.0009061766967)
(-0.02039622339 0.01103670954 0.002461891738)
(-0.0204073005 0.01109773753 0.004499570218)
(-0.02040421043 0.01108113333 0.006564848925)
(-0.02065131298 0.01196454194 0.003934028492)
(-0.02355913793 0.01489472564 0.002788966717)
(-0.0234719263 0.01485988636 0.003874641003)
(-0.02347496328 0.0148611311 0.004980460142)
(-0.0235734137 0.01490025131 0.006066148556)
(-0.023705715 0.01494913336 0.007140110041)
(-0.02058718277 0.01178578912 0.003002946265)
(-0.02067663122 0.01202980946 0.002006310439)
(-0.02124372132 0.01308091554 0.002146241637)
(-0.02376751308 0.0149705495 0.001802991226)
(-0.02195934085 0.01389741416 0.002143494494)
(-0.02064476485 0.01194721534 0.006065563066)
(-0.02285055107 0.01455394017 0.00200312119)
(-0.02068708321 0.01205599983 0.004988773326)
(-0.0206415489 0.01193863519 0.00721527525)
(-0.02306868776 0.01467346687 0.007722926156)
(-0.02234516451 0.01421886439 0.007679999155)
(-0.02165639704 0.01359392441 0.007688473295)
(-0.02106765693 0.01281277281 0.007652718182)
(-0.02257949758 0.01438506403 0.004351549466)
(-0.02265940631 0.01443732934 0.005565932815)
(-0.02284283317 0.01454945302 0.006710022778)
(-0.02096976814 0.01264584909 0.003132284989)
(-0.02093279345 0.01257877359 0.006662276167)
(-0.02262641516 0.01441601071 0.003122617336)
(-0.0216941555 0.01363463905 0.003442942749)
(-0.02196798073 0.01390534962 0.006390850664)
(-0.02111462318 0.01288799294 0.004359907599)
(-0.02118507186 0.01299562705 0.005676549451)
(-0.02137438924 0.01325852513 0.006792372214)
(-0.02182353705 0.01376767415 0.00499567591)
(-0.0254 0.01652791293 0.008707767632)
(-0.0254 0.01997869459 0.008303487537)
(-0.0254 0.02309756171 0.003669878037)
(-0.0254 0.02292911151 0.00575646904)
(-0.0254 0.01736747772 0.0009099122116)
(-0.0254 0.01872355533 0.001233552178)
(-0.0254 0.02054813373 0.001223872434)
(-0.0254 0.01628747892 0.001417903197)
(-0.0254 0.0162662443 0.003523568591)
(-0.0254 0.01626088062 0.005609070938)
(-0.0254 0.01610008276 0.007572334745)
(-0.0254 0.02209210296 0.00790777916)
(-0.0254 0.01818212569 0.008665053564)
(-0.0254 0.01626663658 0.002467622273)
(-0.0254 0.02243159028 0.001600212222)
(-0.0254 0.01625622104 0.00455778582)
(-0.0254 0.01622480983 0.006678439658)
(-0.0254 0.0174437235 0.001951004358)
(-0.0254 0.01865795132 0.007195029201)
(-0.0254 0.02119105626 0.004528756385)
(-0.0254 0.01720608809 0.007519695966)
(-0.0254 0.01978326545 0.002209891617)
(-0.0254 0.01730219473 0.004102581607)
(-0.0254 0.02039436986 0.006406082272)
(-0.0254 0.01740263614 0.006349186251)
(-0.0254 0.01739842952 0.00305502993)
(-0.0254 0.02122507409 0.002769540734)
(-0.0254 0.01730652986 0.005207712873)
(-0.0254 0.01828288526 0.004718391042)
(-0.0254 0.01855188382 0.002552613666)
(-0.0254 0.01954261419 0.00477446758)
(-0.0254 0.0184943076 0.003721620342)
(-0.0254 0.0198262553 0.003493774356)
(-0.0254 0.01865055428 0.005826694313)
(-0.02300874051 0.0254 0.001814803799)
(-0.02120711982 0.0254 0.001670582708)
(-0.01967100205 0.0254 0.001463149059)
(-0.01822732177 0.0254 0.001225011621)
(-0.01688181689 0.0254 0.001060842832)
(-0.01637453128 0.0254 0.002008538428)
(-0.01597649687 0.0254 0.002855497047)
(-0.01606962432 0.0254 0.00384776328)
(-0.01609481394 0.0254 0.00492211524)
(-0.01616028814 0.0254 0.006033443576)
(-0.01628387353 0.0254 0.00711522813)
(-0.01621117393 0.0254 0.008239892785)
(-0.01599110237 0.0254 0.009225598916)
(-0.02234436663 0.0254 0.007667248315)
(-0.0184972913 0.0254 0.008611144164)
(-0.02382058927 0.0254 0.003525875369)
(-0.02325697052 0.0254 0.005472149921)
(-0.02026412944 0.0254 0.008121642659)
(-0.01709111411 0.0254 0.008967155193)
(-0.02039431075 0.0254 0.00320519235)
(-0.01896453046 0.0254 0.002731490057)
(-0.01761776462 0.0254 0.002321959904)
(-0.02096203091 0.0254 0.005594740031)
(-0.01744017876 0.0254 0.007702580883)
(-0.01694437658 0.0254 0.00314851412)
(-0.01708444743 0.0254 0.004354441279)
(-0.01698636323 0.0254 0.005389085684)
(-0.01738331507 0.0254 0.006394196645)
(-0.02208478744 0.0254 0.003545025176)
(-0.01896958348 0.0254 0.006570951969)
(-0.01936102549 0.0254 0.004552937812)
(-0.01810313038 0.0254 0.005192792631)
(-0.01806357033 0.0254 0.003693088289)
(-0.01499749064 0.02384916658 0.009012231958)
(-0.01450666865 0.02277076596 0.008968191653)
(-0.01294198047 0.02114947242 0.009116550569)
(-0.01109866899 0.02040747553 0.001597074575)
(-0.01111145661 0.02040989676 0.002801717018)
(-0.01111731095 0.02041101656 0.003945149245)
(-0.01111959075 0.02041145456 0.005093138405)
(-0.01109305325 0.02040642296 0.006173411468)
(-0.0110558768 0.02039961954 0.007290314478)
(-0.01108616811 0.02040514138 0.008433403441)
(-0.01507161068 0.02410289534 0.0008873178166)
(-0.01470000949 0.02312080852 0.0009338721703)
(-0.01416498517 0.022274861 0.0009394864923)
(-0.01347072498 0.02154701413 0.000894624655)
(-0.01272519029 0.02101523105 0.000784661667)
(-0.01198566209 0.02065939266 0.001133501647)
(-0.01517757638 0.02460606848 0.001717786758)
(-0.01513483395 0.02437168724 0.003738532274)
(-0.01513805892 0.02438741452 0.006020136546)
(-0.01514923558 0.02444400401 0.008130127235)
(-0.01378720828 0.02184334988 0.00904090785)
(-0.0120133109 0.02067013333 0.008988175823)
(-0.0151377714 0.02438600204 0.007115736129)
(-0.01514141348 0.02440404833 0.004888186488)
(-0.01514887676 0.02444213329 0.002661128681)
(-0.01260087829 0.02094483298 0.008318295486)
(-0.01493402593 0.02366360247 0.00188007132)
(-0.01335098425 0.02144727695 0.008157798857)
(-0.01201055829 0.0206690557 0.002299270042)
(-0.0141212195 0.02221956921 0.007990681692)
(-0.01203268883 0.02067777208 0.003456797549)
(-0.01206410992 0.020690354 0.0045941352)
(-0.01202106705 0.02067317977 0.005688313688)
(-0.01194749636 0.02064487048 0.006771978892)
(-0.01479407219 0.02331870835 0.00779571606)
(-0.01483532215 0.02341310222 0.006499544173)
(-0.01448347712 0.02273280192 0.001910963629)
(-0.01382303122 0.02188025537 0.001813293083)
(-0.01294198547 0.02114947569 0.00181655289)
(-0.01487109241 0.02349947157 0.005397722693)
(-0.01486329232 0.02348024967 0.004257987411)
(-0.01479376496 0.02331802443 0.003027999197)
(-0.01188079262 0.02062032713 0.007860323365)
(-0.01356628851 0.02163123381 0.007117627999)
(-0.01283492444 0.02108129889 0.003001408563)
(-0.01291403773 0.02113131447 0.004102980255)
(-0.01293658841 0.02114594819 0.005239917642)
(-0.01286358035 0.02109917993 0.00633222838)
(-0.0143028551 0.02246007625 0.006857251568)
(-0.01350371367 0.02157560739 0.002602930225)
(-0.01434613191 0.02252203203 0.00385189319)
(-0.01438320273 0.02257671136 0.00574717784)
(-0.01448928446 0.02274223853 0.004805978339)
(-0.01274152903 0.02102483053 0.007392435141)
(-0.01416421399 0.02227387296 0.002819007657)
(-0.01363155431 0.02169126562 0.003565635552)
(-0.01369681329 0.02175344659 0.005986543525)
(-0.01381906366 0.02187613095 0.004769374637)
(-0.007569006133 0.02032 0.001531303336)
(-0.005883465623 0.02032 0.001656612836)
(-0.003945514384 0.02032 0.001827064479)
(-0.001771403355 0.02032 0.001956891317)
(0.0006075489586 0.02032 0.001941939079)
(0.002710007972 0.02032 0.001890179743)
(0.004626345499 0.02032 0.00175494528)
(0.006394692947 0.02032 0.001476716976)
(0.007883877341 0.02032 0.001312997329)
(0.009140790932 0.02032 0.001657011342)
(0.009233616392 0.02032 0.002856497234)
(0.009199012976 0.02032 0.003922898206)
(0.009179660142 0.02032 0.005062419512)
(0.009177753624 0.02032 0.006170517678)
(0.00919753354 0.02032 0.00724093086)
(0.009264257975 0.02032 0.008333244125)
(0.009423423221 0.02032 0.00928923902)
(-0.008027379683 0.02032 0.008946179449)
(-0.005045027923 0.02032 0.008327163758)
(-0.001189867539 0.02032 0.007987270601)
(0.002720490844 0.02032 0.008240001974)
(0.00591094535 0.02032 0.008670562715)
(0.00847337466 0.02032 0.009108370936)
(-0.009005587937 0.02032 0.001601359847)
(-0.009082283998 0.02032 0.003760807322)
(-0.009177232026 0.02032 0.006094649202)
(-0.009048800227 0.02032 0.00839840765)
(0.0008938020631 0.02032 0.007977910035)
(-0.006711130287 0.02032 0.008680534842)
(-0.003243206059 0.02032 0.007983656856)
(0.004427833039 0.02032 0.00848514021)
(0.007262350202 0.02032 0.008908988377)
(-0.009290177034 0.02032 0.002723285588)
(-0.009077625838 0.02032 0.004961883108)
(-0.009104533357 0.02032 0.007240366905)
(-0.008262914573 0.02032 0.006618564607)
(-0.005018900809 0.02032 0.003601634792)
(-0.003005828195 0.02032 0.003907383346)
(-0.0008021390718 0.02032 0.00393808798)
(0.00148189041 0.02032 0.003923114254)
(0.003554675666 0.02032 0.003671762262)
(0.005535924584 0.02032 0.003396393671)
(0.008292512602 0.02032 0.002334242083)
(-0.007795335187 0.02032 0.007681034323)
(0.008144530594 0.02032 0.003420640262)
(0.008139489758 0.02032 0.004536841471)
(0.008163414102 0.02032 0.005644541721)
(0.008108933397 0.02032 0.00681824259)
(0.006931327648 0.02032 0.007608218676)
(0.005467338669 0.02032 0.006925091085)
(-0.008167133477 0.02032 0.002788141626)
(0.002377979682 0.02032 0.005794582582)
(0.0001754632003 0.02032 0.005846971975)
(-0.004395812764 0.02032 0.005979090765)
(-0.00217512875 0.02032 0.005910901633)
(-0.007975840052 0.02032 0.005491869456)
(0.003844101331 0.02032 0.006909543517)
(-0.006768452995 0.02032 0.003092415537)
(0.008181276799 0.02032 0.007981055275)
(0.00712257696 0.02032 0.00261267394)
(-0.00783265548 0.02032 0.004163191909)
(-0.006093502146 0.02032 0.007051022336)
(0.006959382897 0.02032 0.003985150206)
(-0.006348925157 0.02032 0.005105190656)
(0.007199137518 0.02032 0.005081029826)
(0.006897760033 0.02032 0.006254123026)
(0.004399766432 0.02032 0.005171187689)
(0.005943710069 0.02032 0.00506291921)
(-0.007192780595 0.02032 0.006396485823)
(0.01514219072 0.02440794374 0.001527066774)
(0.01514213101 0.02440764392 0.002665194815)
(0.01515377288 0.0244679955 0.003785859381)
(0.0151595399 0.02449944417 0.004899059384)
(0.01516697086 0.02454172104 0.005970785015)
(0.01516236477 0.02451527027 0.007017223926)
(0.01515988202 0.02450134556 0.008041818473)
(0.01515770253 0.02448930279 0.009042745231)
(0.0148943468 0.02355816385 0.0009366055428)
(0.01371671445 0.02177285479 0.0009396285542)
(0.01186866458 0.02061597812 0.0008651069612)
(0.01092757305 0.02037832382 0.0007815372906)
(0.01108308088 0.02040456992 0.002903299705)
(0.01118153236 0.02042376933 0.005065542932)
(0.01116606969 0.02042062014 0.00728649848)
(0.0149129147 0.02360662279 0.009150224695)
(0.01450566468 0.0227691069 0.009266857298)
(0.0139367347 0.02200254874 0.00932535668)
(0.01322794793 0.02135103773 0.009241945419)
(0.01222262212 0.02075758791 0.009100060034)
(0.01117759042 0.02042296175 0.008489258161)
(0.01283453062 0.021081055 0.0008891753219)
(0.01443515232 0.02265601154 0.0009717393293)
(0.01120992005 0.02042968131 0.001764978236)
(0.01114164859 0.0204157482 0.003947874069)
(0.01117195949 0.02042181379 0.006166372303)
(0.01213311298 0.02071884361 0.004501641112)
(0.01210985993 0.02070911029 0.00791629259)
(0.01486009955 0.02347244605 0.00327327191)
(0.01490783741 0.02359322389 0.00436204406)
(0.01493634341 0.02366998738 0.005378354199)
(0.01493429254 0.02366433564 0.00641688853)
(0.01492900304 0.02364985428 0.007356603859)
(0.01492948986 0.02365118141 0.008263933859)
(0.01189865296 0.02062679501 0.002495199428)
(0.0123484755 0.02081557256 0.001727242082)
(0.01478021129 0.02328811751 0.002028419557)
(0.0140881665 0.02217883439 0.001918219002)
(0.01217472786 0.02073660299 0.006800136713)
(0.01456522543 0.022870101 0.008460855482)
(0.01413054161 0.02223121485 0.008696556599)
(0.01353503062 0.02160321606 0.008497237464)
(0.01206833638 0.02069206497 0.003427716976)
(0.01325867736 0.02137450641 0.001813045906)
(0.01216330864 0.02073168612 0.005655703521)
(0.01283878144 0.02108369023 0.008441193763)
(0.01455221101 0.02284757323 0.004891426605)
(0.01457430277 0.02288597314 0.005868444368)
(0.01453728207 0.02282205476 0.006784155519)
(0.01453494639 0.02281809294 0.007630349829)
(0.01314677568 0.02129079436 0.007523727637)
(0.01300301627 0.02119005243 0.005034783887)
(0.01276862445 0.02104093147 0.002705188873)
(0.01400422834 0.02207911029 0.007918208423)
(0.01314751692 0.02129133323 0.006305969029)
(0.0136162294 0.02167697994 0.002786295818)
(0.01447635152 0.02272128584 0.003938090975)
(0.01434624373 0.02252219468 0.002903192067)
(0.01309588358 0.02125428081 0.003806619636)
(0.01416963687 0.02228083149 0.00541562182)
(0.01403719647 0.02211766127 0.00622242044)
(0.01392776813 0.02199260755 0.007079517507)
(0.01391157481 0.02197478666 0.003607436852)
(0.0138612568 0.02192047445 0.004575749968)
(0.01363193472 0.02169162174 0.005519599171)
(0.01706734463 0.0254 0.0009108426315)
(0.0182233248 0.0254 0.001098180962)
(0.01956386591 0.0254 0.001251965281)
(0.02097924463 0.0254 0.001349425513)
(0.02243277505 0.0254 0.001172716293)
(0.02377324431 0.0254 0.001756966545)
(0.0231610162 0.0254 0.006502240128)
(0.01654621456 0.0254 0.008714494017)
(0.01974555408 0.0254 0.008583392027)
(0.01619216983 0.0254 0.00150020155)
(0.01633528679 0.0254 0.003847256118)
(0.01634867853 0.0254 0.006159146983)
(0.01650380939 0.0254 0.007383838238)
(0.02342649721 0.0254 0.003982851304)
(0.0180342632 0.0254 0.008357126519)
(0.02133407366 0.0254 0.007728479887)
(0.01628823087 0.0254 0.002700588455)
(0.01631679641 0.0254 0.004969521921)
(0.0208097449 0.0254 0.005062979069)
(0.0186626947 0.0254 0.002441515383)
(0.02022052699 0.0254 0.00286757337)
(0.02195382638 0.0254 0.002833151096)
(0.01738536279 0.0254 0.005583986319)
(0.01732168795 0.0254 0.002019498938)
(0.0175646904 0.0254 0.004458191063)
(0.0194411509 0.0254 0.006918598413)
(0.01751559171 0.0254 0.003271037603)
(0.01778276254 0.0254 0.006724284353)
(0.01871694099 0.0254 0.005470541916)
(0.0189548991 0.0254 0.003971275073)
(0.0254 0.01656288484 0.008681082773)
(0.0254 0.01823896702 0.008647017958)
(0.0254 0.01974428958 0.008592458239)
(0.0254 0.02122169885 0.008687695256)
(0.0254 0.02260256198 0.00888509591)
(0.0254 0.02392825276 0.008351616793)
(0.0254 0.02328432972 0.003961569121)
(0.0254 0.02373664958 0.006205179055)
(0.0254 0.01742424491 0.001104953968)
(0.0254 0.01882585722 0.001235124959)
(0.0254 0.02234168244 0.001836911907)
(0.0254 0.01623218528 0.001410923321)
(0.0254 0.01614948816 0.002576401798)
(0.0254 0.01616824911 0.003574685296)
(0.0254 0.01617754831 0.004628063999)
(0.0254 0.01611275345 0.005671715704)
(0.0254 0.0159520267 0.00655647333)
(0.0254 0.01623759529 0.007449830171)
(0.0254 0.02041614885 0.001525111783)
(0.0254 0.01914554675 0.007094987531)
(0.0254 0.02075516561 0.007186837967)
(0.0254 0.02235875976 0.007419130453)
(0.0254 0.01807401659 0.002328059475)
(0.0254 0.01753929635 0.007484673777)
(0.0254 0.02105120072 0.003575388069)
(0.0254 0.01701430188 0.002103262431)
(0.0254 0.0171582165 0.003072696952)
(0.0254 0.01719317923 0.00420040506)
(0.0254 0.01711970745 0.005340302979)
(0.0254 0.01686695471 0.006449653798)
(0.0254 0.02196154054 0.00565494425)
(0.0254 0.01938438874 0.002768451766)
(0.0254 0.01801732571 0.006145413566)
(0.0254 0.01825705561 0.003556337511)
(0.0254 0.02035324451 0.005619351182)
(0.0254 0.01817442085 0.004881399123)
(0.0254 0.01946052971 0.004279090223)
(0.0254 0.01907732429 0.005643217045)
(0.0204161265 0.01114356744 0.00137537339)
(0.02042019017 0.01116393927 0.002422734163)
(0.02040805309 0.01110173566 0.003509561891)
(0.0204082941 0.01110301228 0.004522632073)
(0.02040634999 0.01109266262 0.00554741784)
(0.02040317434 0.01107549622 0.006600013421)
(0.02039601599 0.01103552502 0.007676986172)
(0.0203759047 0.01091157595 0.008642968708)
(0.02066121584 0.01199038921 0.0008594332557)
(0.02186123048 0.01380465503 0.0009597039521)
(0.02273685242 0.0144859733 0.0009446419688)
(0.02443089256 0.0151467054 0.001338221044)
(0.02435771953 0.01513192633 0.003497952099)
(0.02437229679 0.01513495991 0.00562689615)
(0.02438974187 0.01513853176 0.007769645461)
(0.02059343551 0.01180418303 0.008578362566)
(0.02102010056 0.01273349585 0.00887012648)
(0.02159379191 0.01352439891 0.008926550605)
(0.02232379222 0.0142026904 0.008927172329)
(0.02335283563 0.01480924919 0.008701566168)
(0.02434792592 0.01512986319 0.008904093316)
(0.0211373825 0.01292342035 0.0009188173149)
(0.02361009632 0.01491422389 0.0008047858413)
(0.02438644424 0.01513786146 0.002446296692)
(0.02433774208 0.01512769646 0.004549236626)
(0.02440336259 0.01514127633 0.006669266918)
(0.02239179753 0.01425354589 0.002025757114)
(0.02066960643 0.01201196561 0.002966012985)
(0.02065837594 0.01198301981 0.004030358879)
(0.02067554657 0.01202706717 0.005020519507)
(0.02067209492 0.01201830932 0.00613951605)
(0.02063181839 0.01191238243 0.007217183517)
(0.02338440948 0.01482302422 0.005131709127)
(0.02145962668 0.01336622177 0.001798601316)
(0.02076143037 0.01223124885 0.001876629388)
(0.02342905217 0.01484206842 0.001766453122)
(0.02352276261 0.01488042157 0.007364453747)
(0.02336152718 0.01481306658 0.004011540652)
(0.02091267442 0.01254124109 0.007825786801)
(0.02140064314 0.01329233854 0.007842788224)
(0.02206018698 0.0139877995 0.007909484542)
(0.02332536742 0.01479705722 0.002877640454)
(0.02344826139 0.01485010836 0.006248947817)
(0.0227915459 0.01451917047 0.007972699261)
(0.02099110169 0.01268349276 0.003536927716)
(0.02243408779 0.01428428961 0.005808640624)
(0.02113830274 0.01292483933 0.002676485196)
(0.02116681644 0.01296830144 0.004425064783)
(0.02111576907 0.01288979219 0.005549221393)
(0.02111661627 0.01289112135 0.006767024938)
(0.02266524875 0.01444106711 0.006967625847)
(0.022533667 0.01435410719 0.004614946014)
(0.02240256759 0.01426143864 0.003393549677)
(0.02184414865 0.01378799134 0.006868817166)
(0.02175873526 0.01370225791 0.002650906773)
(0.02150629985 0.01342274412 0.003478583806)
(0.02175699172 0.01370046475 0.005085582334)
(0.02161232194 0.01354524666 0.005997295653)
(0.02184821839 0.01379197569 0.004200886369)
(0.02032 -0.008252719124 0.001027537227)
(0.02032 -0.004640826233 0.001710069056)
(0.02032 0.0001040340129 0.002006297087)
(0.02032 0.004717460905 0.001651448142)
(0.02032 0.008153804291 0.001334832982)
(0.02032 0.009271210655 0.00130763299)
(0.02032 0.009086672361 0.003411293806)
(0.02032 0.009085370291 0.005550408831)
(0.02032 0.009245164521 0.007620102223)
(0.02032 -0.008587803714 0.008557821337)
(0.02032 -0.006776243605 0.008462807733)
(0.02032 -0.004995138657 0.008333793284)
(0.02032 -0.003155546722 0.008172294067)
(0.02032 -0.0009926228336 0.008022801191)
(0.02032 0.001242829161 0.00818802115)
(0.02032 0.003395362456 0.00832503754)
(0.02032 0.005404433862 0.008439525794)
(0.02032 0.007128311553 0.008622381747)
(0.02032 0.008819912536 0.008709200004)
(0.02032 -0.009057029192 0.001906904332)
(0.02032 -0.009102662452 0.002981195753)
(0.02032 -0.009168555919 0.004064348952)
(0.02032 -0.009198898164 0.005102664874)
(0.02032 -0.009136857648 0.006226079573)
(0.02032 -0.009140970069 0.007271226467)
(0.02032 -0.006555386119 0.001383067345)
(0.02032 -0.002464944083 0.001995327873)
(0.02032 0.002650557094 0.001888184757)
(0.02032 0.006550843234 0.001510574151)
(0.02032 0.009046859425 0.002303639296)
(0.02032 0.009140033516 0.00448982165)
(0.02032 0.00910121009 0.006621299704)
(0.02032 -0.001144316524 0.003998597165)
(0.02032 0.001670643728 0.004174901622)
(0.02032 0.00586528632 0.003052660784)
(0.02032 0.00770375094 0.002761125699)
(0.02032 0.008036884377 0.005016830087)
(0.02032 0.008155426524 0.003919353733)
(0.02032 0.008073165316 0.00747834228)
(0.02032 0.004041379104 0.003375984505)
(0.02032 -0.005801819292 0.00294453255)
(0.02032 -0.007748707004 0.006995168959)
(0.02032 -0.00757881693 0.002460281749)
(0.02032 -0.006030778886 0.006802756124)
(0.02032 -0.00420739967 0.006338398114)
(0.02032 -0.002160129394 0.006008437598)
(0.02032 0.000218816362 0.006111046879)
(0.02032 0.002404989533 0.006505770542)
(0.02032 0.004511006821 0.006733113168)
(0.02032 0.006453525336 0.00686203384)
(0.02032 -0.003657132036 0.003903448395)
(0.02032 -0.008137298546 0.003600912748)
(0.02032 -0.00805890186 0.004628727919)
(0.02032 -0.008184794207 0.005733993029)
(0.02032 0.00793864219 0.006184965467)
(0.02032 0.006932070381 0.004139988831)
(0.02032 0.003615728252 0.005187581296)
(0.02032 -0.005468562675 0.004871534646)
(0.02032 0.005464292618 0.005016199417)
(0.02032 -0.006938948469 0.003944196683)
(0.02032 -0.006976406292 0.005504966767)
(0.02032 0.006903215336 0.00548637287)
(0.02048623523 -0.01144892038 0.0090714982)
(0.02142068925 -0.01331776597 0.008999689748)
(0.02305644185 -0.0146671205 0.009008321606)
(0.02443902794 -0.01514827953 0.001571375747)
(0.02445782445 -0.0151518639 0.002753110759)
(0.02443505284 -0.0151475121 0.003896382462)
(0.02441000601 -0.01514260092 0.005035329683)
(0.02440221381 -0.01514104635 0.006146532827)
(0.02444458388 -0.01514934665 0.007230139596)
(0.02456728996 -0.01517128666 0.008190003457)
(0.02065402576 -0.01197166456 0.0007248015877)
(0.02106588409 -0.01280987533 0.0008366097122)
(0.02171440277 -0.01365610828 0.0008659122306)
(0.02252791457 -0.01435017008 0.000921793266)
(0.02344550102 -0.01484895871 0.001109983725)
(0.02040768545 -0.01109978476 0.001957922736)
(0.02040906042 -0.01110705974 0.004062964654)
(0.02041779331 -0.01115197607 0.006221811874)
(0.02038334944 -0.01095976068 0.008233640882)
(0.02404280049 -0.0150553457 0.009056445477)
(0.02085971461 -0.01243864182 0.009023471415)
(0.02215940724 -0.01407215523 0.009002885792)
(0.02041326603 -0.01112896041 0.0009625425971)
(0.02040056088 -0.01106111514 0.003013389371)
(0.02041287765 -0.01112695949 0.005138812124)
(0.02040952939 -0.01110952783 0.007274397362)
(0.02066094745 -0.01198969421 0.003543689271)
(0.02062550176 -0.01189509843 0.008054346101)
(0.02265413161 -0.01443394511 0.008000090955)
(0.02069069999 -0.01206496546 0.005726140883)
(0.02359695657 -0.01490925619 0.002304074688)
(0.02061196189 -0.01185737769 0.002598964458)
(0.02357092013 -0.0148992897 0.003471290677)
(0.02349393224 -0.01486885397 0.004554709658)
(0.02347383603 -0.01486066935 0.005660880562)
(0.02331978374 -0.01479455503 0.006920624593)
(0.02361978659 -0.01491786089 0.00806838627)
(0.02075207429 -0.01221016746 0.006940404268)
(0.0207277467 -0.01215410359 0.001680759706)
(0.02129698873 -0.01315527938 0.001728628902)
(0.02199298674 -0.01392811102 0.001715551091)
(0.0206817943 -0.01204279977 0.004631882877)
(0.02177522336 -0.01371912831 0.007988603293)
(0.02108997864 -0.01284888748 0.007979404624)
(0.02277313 -0.01450809774 0.001923902947)
(0.02111063255 -0.01288171396 0.006175970552)
(0.0216212595 -0.01355522021 0.002477579879)
(0.02265739757 -0.01443604162 0.004079418107)
(0.02260457618 -0.01440169844 0.005166389284)
(0.0226382523 -0.0144237014 0.006153021828)
(0.02140937423 -0.01330345446 0.007042671584)
(0.02279713655 -0.01452251096 0.003040657826)
(0.02220064073 -0.01410594732 0.007043515645)
(0.02105650424 -0.01279447236 0.002801548855)
(0.02221014888 -0.01411363754 0.002549258094)
(0.02115660464 -0.01295284727 0.004049233323)
(0.02116138772 -0.01296010106 0.005198125917)
(0.02179555893 -0.0137397213 0.005915808232)
(0.02185026893 -0.01379397982 0.003488798948)
(0.02182047624 -0.01376463724 0.004668085669)
(0.0254 -0.02254796854 0.008252720211)
(0.0254 -0.02053365464 0.008388549398)
(0.0254 -0.01875712768 0.008433753341)
(0.0254 -0.0173148069 0.008500790643)
(0.0254 -0.0161092838 0.001404747959)
(0.0254 -0.01636500491 0.003677470459)
(0.0254 -0.01632388012 0.006110083886)
(0.0254 -0.01615503772 0.00845002457)
(0.0254 -0.02233058462 0.001669864994)
(0.0254 -0.01862638146 0.001546928307)
(0.0254 -0.01725180048 0.001368979448)
(0.0254 -0.02398226485 0.00492570582)
(0.0254 -0.0163099135 0.004865561431)
(0.0254 -0.01630719978 0.002517001443)
(0.0254 -0.0163660786 0.007343904893)
(0.0254 -0.02037402965 0.001665752937)
(0.0254 -0.02335101138 0.003278786964)
(0.0254 -0.0234746249 0.00655564311)
(0.0254 -0.01955967435 0.006794040032)
(0.0254 -0.01778974623 0.006892519747)
(0.0254 -0.02220647177 0.005017343454)
(0.0254 -0.01735523288 0.005479133839)
(0.0254 -0.01757286082 0.002813579846)
(0.0254 -0.01918484873 0.003446193926)
(0.0254 -0.01759118746 0.004253175145)
(0.0254 -0.02141880308 0.006688262248)
(0.0254 -0.02121208975 0.003298680212)
(0.0254 -0.01868793762 0.005296267953)
(0.0254 -0.02036184982 0.005079807085)
(0.0174858596 -0.0254 0.001331250714)
(0.02036549448 -0.0254 0.001392293553)
(0.02367800378 -0.0254 0.002546365525)
(0.02326649201 -0.0254 0.006474864244)
(0.01679233736 -0.0254 0.008623913952)
(0.01860059323 -0.0254 0.00861337791)
(0.02041126117 -0.0254 0.008509660698)
(0.02243914588 -0.0254 0.008352637967)
(0.01626784764 -0.0254 0.001473901283)
(0.0160175209 -0.0254 0.002431372127)
(0.01621280292 -0.0254 0.003427804215)
(0.01628054117 -0.0254 0.004493134165)
(0.01624603716 -0.0254 0.005515906348)
(0.01606347923 -0.0254 0.006476069548)
(0.01641617094 -0.0254 0.007389036666)
(0.01886424034 -0.0254 0.001361061464)
(0.02204756859 -0.0254 0.001648167219)
(0.02361127809 -0.0254 0.004647443902)
(0.02179397021 -0.0254 0.005217012568)
(0.01957354639 -0.0254 0.002712060287)
(0.02215885699 -0.0254 0.003551455368)
(0.01820790681 -0.0254 0.002618886566)
(0.01779296589 -0.0254 0.007380695694)
(0.01939932567 -0.0254 0.007138929188)
(0.02095568354 -0.0254 0.002653434365)
(0.0173634009 -0.0254 0.003780065847)
(0.01739278971 -0.0254 0.005070183206)
(0.01710996919 -0.0254 0.006330650351)
(0.01700135952 -0.0254 0.002470186532)
(0.02123695891 -0.0254 0.006844863824)
(0.01845181009 -0.0254 0.005966312237)
(0.01879254062 -0.0254 0.004345434734)
(0.02002813764 -0.0254 0.005603950353)
(0.02052053114 -0.0254 0.004162380867)
(0.01100618222 -0.02039097059 0.001856562122)
(0.01108673387 -0.02040524632 0.002839129174)
(0.01106960361 -0.02040209831 0.003908802995)
(0.01105726892 -0.02039986915 0.004961731491)
(0.01103390711 -0.02039573318 0.006011453305)
(0.01100349557 -0.02039051747 0.007049097413)
(0.01102038419 -0.02039339046 0.008033670472)
(0.01105967239 -0.02040030105 0.009048530358)
(0.01152473365 -0.02050674934 0.0009860060812)
(0.01336206093 -0.02145624471 0.0009469792645)
(0.01462026661 -0.0229684528 0.0009477793772)
(0.01516501011 -0.02453035997 0.001367571361)
(0.01516474938 -0.0245288607 0.00342381798)
(0.01513154073 -0.02435588182 0.00547696414)
(0.01511429494 -0.02427689644 0.007624202579)
(0.01195496312 -0.020647684 0.009174658382)
(0.01281757992 -0.02107060408 0.009255993971)
(0.01350065298 -0.02157293354 0.009364617682)
(0.01415316108 -0.02225976679 0.009001632282)
(0.01470708152 -0.02313495041 0.009182931734)
(0.01508984325 -0.02417401241 0.008863417102)
(0.01249803031 -0.02089000951 0.001021790689)
(0.01406720744 -0.02215344336 0.0009214825106)
(0.01496952054 -0.02376448411 0.0008498771767)
(0.01516781486 -0.02454665928 0.002410258444)
(0.01514463842 -0.02442031646 0.004445317852)
(0.01512486988 -0.02432460841 0.006545903688)
(0.01439823408 -0.02259932654 0.001913124936)
(0.01195343265 -0.02064710621 0.003400090234)
(0.0119586272 -0.02064906954 0.004479223812)
(0.01194144878 -0.02064260153 0.005488873418)
(0.01184095587 -0.02060617195 0.006442881492)
(0.01180587229 -0.02059401369 0.007407292975)
(0.01186985226 -0.02061640248 0.008292103339)
(0.01475960659 -0.02324360969 0.007068740984)
(0.01376960753 -0.02182548836 0.001849502169)
(0.01297188593 -0.02116919659 0.001896694975)
(0.01202001105 -0.02067276414 0.002124265001)
(0.01472831995 -0.02317809703 0.008191550502)
(0.01478665272 -0.02330226679 0.005929482304)
(0.01274038069 -0.02102415317 0.008455044337)
(0.01352864114 -0.02159754594 0.008591086391)
(0.01489207616 -0.0235523379 0.001877198188)
(0.01482064577 -0.02337891587 0.004832656814)
(0.01489127445 -0.02355028594 0.003789959181)
(0.01498621566 -0.02381442679 0.002890874453)
(0.01273699332 -0.02102215744 0.006025749687)
(0.01252852169 -0.02090594782 0.006859522956)
(0.01265977243 -0.02097760949 0.007647985344)
(0.01407949266 -0.02216828571 0.002830314073)
(0.01278990848 -0.02105373938 0.00295423509)
(0.01346638984 -0.02154329334 0.002635890061)
(0.01461947833 -0.02296700739 0.002892012174)
(0.01410815682 -0.02220336775 0.007713385683)
(0.01422379526 -0.02235172703 0.006424066815)
(0.01335809296 -0.0214530263 0.007829621498)
(0.01281652367 -0.02106995589 0.004048029822)
(0.01282601259 -0.02107579176 0.00506595115)
(0.01429895425 -0.02245458701 0.005265198213)
(0.01434113554 -0.02251477807 0.003985466247)
(0.01341426199 -0.02149920791 0.006857392336)
(0.01357473661 -0.02163888662 0.003549843917)
(0.01358297409 -0.02164638196 0.005728451228)
(0.01363451135 -0.02169403577 0.004645614638)
(-0.008331793932 -0.02032 0.0008786449313)
(-0.005678832773 -0.02032 0.001611598054)
(-0.001763541597 -0.02032 0.001777914802)
(0.002437441711 -0.02032 0.001605534342)
(0.005778996547 -0.02032 0.001273165618)
(0.008290755441 -0.02032 0.0009094447776)
(0.009206064959 -0.02032 0.001541919274)
(0.009083157384 -0.02032 0.003816020827)
(0.009124597752 -0.02032 0.00612635408)
(0.009226545248 -0.02032 0.008233786196)
(0.009410979955 -0.02032 0.009240785816)
(-0.008800710269 -0.02032 0.008733471755)
(-0.007164387328 -0.02032 0.008810847921)
(-0.005522123371 -0.02032 0.008657601276)
(-0.003737235381 -0.02032 0.00851416293)
(-0.001787145031 -0.02032 0.008359033796)
(0.0002715779471 -0.02032 0.008356528766)
(0.002268272599 -0.02032 0.008553826256)
(0.004078739005 -0.02032 0.008654718798)
(0.005718437457 -0.02032 0.008683617638)
(0.007187595085 -0.02032 0.008819068381)
(0.00840921738 -0.02032 0.009022463459)
(-0.009227673073 -0.02032 0.001371143631)
(-0.009216504456 -0.02032 0.002468270495)
(-0.009193534469 -0.02032 0.003467763736)
(-0.00911758662 -0.02032 0.004477063056)
(-0.009213465399 -0.02032 0.005423262629)
(-0.009258690293 -0.02032 0.006492810921)
(-0.009114378884 -0.02032 0.007525629075)
(-0.007168141615 -0.02032 0.001175023002)
(-0.003783669528 -0.02032 0.001761631295)
(0.0003350829022 -0.02032 0.001776236476)
(0.004236026752 -0.02032 0.001440438431)
(0.007117372537 -0.02032 0.001096085572)
(0.009131251025 -0.02032 0.002714719978)
(0.00909381091 -0.02032 0.004986358406)
(0.009146965388 -0.02032 0.007231254091)
(-0.0007317996323 -0.02032 0.003881698978)
(0.003609466487 -0.02032 0.003038834633)
(0.00677149725 -0.02032 0.002337794538)
(0.007910819671 -0.02032 0.00438537921)
(-0.006866810159 -0.02032 0.002856740814)
(0.008099432995 -0.02032 0.007904156723)
(0.007962701155 -0.02032 0.00319244861)
(0.008032619721 -0.02032 0.006779066475)
(0.008083434278 -0.02032 0.002024917675)
(0.007997042449 -0.02032 0.005547525971)
(0.005316674834 -0.02032 0.002724413081)
(-0.006333253244 -0.02032 0.007400903392)
(-0.004661118573 -0.02032 0.007139034214)
(-0.002917451157 -0.02032 0.006831506028)
(-0.0007411832332 -0.02032 0.006279457343)
(0.001456929954 -0.02032 0.007043030921)
(0.003293269003 -0.02032 0.007319445851)
(0.004960836546 -0.02032 0.007362205972)
(0.00666637068 -0.02032 0.007447339603)
(-0.008163349091 -0.02032 0.001928354506)
(-0.004800959829 -0.02032 0.003822679217)
(-0.008299496928 -0.02032 0.002919840259)
(-0.007999648806 -0.02032 0.00393636285)
(-0.008040889101 -0.02032 0.005022126984)
(-0.008364002439 -0.02032 0.005958972045)
(-0.008308278911 -0.02032 0.006857581019)
(0.001635767662 -0.02032 0.003364079524)
(-0.002775765809 -0.02032 0.003270962091)
(-0.007765222945 -0.02032 0.007680552902)
(-0.005633754477 -0.02032 0.005722681482)
(-0.004116652889 -0.02032 0.005638005685)
(0.006589235288 -0.02032 0.003680574968)
(0.002606283894 -0.02032 0.006040908874)
(0.004181098996 -0.02032 0.005982243666)
(0.005694185652 -0.02032 0.006117773741)
(-0.007202886823 -0.02032 0.006194029363)
(-0.006670801241 -0.02032 0.004571106656)
(0.00110281227 -0.02032 0.005178846271)
(0.006696333789 -0.02032 0.005018198393)
(0.004996044993 -0.02032 0.004457861365)
(-0.002582976665 -0.02032 0.004949063851)
(0.00306765503 -0.02032 0.004611506357)
(0.006995673438 -0.02032 0.006208612745)
(-0.01166592328 -0.020548341 0.009116542665)
(-0.01374889812 -0.02180469608 0.008787427514)
(-0.01492644667 -0.02364290407 0.009316596342)
(-0.01515482195 -0.02447363417 0.00909733522)
(-0.01514802997 -0.02443773337 0.001596135166)
(-0.01515810209 -0.0244914982 0.002760039613)
(-0.01515853385 -0.02449387674 0.003889012461)
(-0.01515916189 -0.02449734815 0.004956854087)
(-0.0151558649 -0.02447927535 0.00603583542)
(-0.01515360135 -0.02446707687 0.007072250508)
(-0.01515386915 -0.02446851145 0.008077399992)
(-0.01171588376 -0.02056413134 0.0009156705614)
(-0.01275617777 -0.02103350701 0.0009204255915)
(-0.01361305877 -0.02167403904 0.0009109646289)
(-0.01433296307 -0.02250297063 0.0009716259208)
(-0.014849427 -0.02344662486 0.001149404247)
(-0.01118596242 -0.0204246808 0.001768073089)
(-0.01104598854 -0.02039785803 0.003455040482)
(-0.01120506801 -0.02042865885 0.005452590726)
(-0.01113771976 -0.02041497602 0.007457511742)
(-0.01273630086 -0.02102174991 0.00896370009)
(-0.01450398758 -0.02276633869 0.009091278882)
(-0.0108686379 -0.02036966877 0.002571351459)
(-0.01116879977 -0.02042117253 0.004420725211)
(-0.01119220349 -0.02042597186 0.006458121702)
(-0.01103632834 -0.02039615661 0.008350035013)
(-0.01296539356 -0.02116488879 0.007841382706)
(-0.01213526856 -0.02071975277 0.007065252688)
(-0.01489894027 -0.023570015 0.008474881119)
(-0.01222232965 -0.02075745798 0.004841941228)
(-0.01491860001 -0.02362176325 0.003412109148)
(-0.01491081679 -0.02360107258 0.004443884564)
(-0.01490360267 -0.02358213486 0.005489861728)
(-0.01489473273 -0.02355915617 0.006514648317)
(-0.01223341902 -0.02076240002 0.001817170291)
(-0.01312203681 -0.02127292623 0.001841739359)
(-0.01388161943 -0.02194226247 0.001823237689)
(-0.01203888867 -0.02068023545 0.003722635111)
(-0.01174519998 -0.02057366174 0.002697442108)
(-0.01442721359 -0.02264368213 0.008032921034)
(-0.01199345443 -0.02066240094 0.008120008038)
(-0.01221881989 -0.02075590045 0.005982986332)
(-0.01491215021 -0.02360459798 0.002287195864)
(-0.01488945408 -0.02354563646 0.007505838621)
(-0.01449307493 -0.0227484228 0.001946404006)
(-0.01264878925 -0.02097141918 0.002822926062)
(-0.01451398465 -0.02278289899 0.004980188106)
(-0.01449626545 -0.02275364365 0.005978469593)
(-0.01347630591 -0.02155181665 0.00276988757)
(-0.01310490914 -0.02126068723 0.003950088855)
(-0.01306740968 -0.02123426249 0.006669792381)
(-0.01454804265 -0.02284041377 0.002983221661)
(-0.01444398132 -0.02266981611 0.006975463326)
(-0.01410379704 -0.02219799049 0.002611174454)
(-0.01321790159 -0.02134344507 0.005414832596)
(-0.01452131336 -0.02279513037 0.003987217381)
(-0.01402026073 -0.02209776029 0.005447109525)
(-0.01387013574 -0.0219299434 0.00635993873)
(-0.01379917857 -0.02185559888 0.00744686543)
(-0.01391164009 -0.02197485816 0.004527799854)
(-0.01397453981 -0.02204505052 0.003523434139)
(-0.0254 -0.01280806135 0.008782261261)
(-0.0254 -0.009340440082 0.008434543448)
(-0.0254 -0.005059937877 0.007825012298)
(-0.0254 0.000732763459 0.007169732595)
(-0.0254 0.006162684256 0.007843196073)
(-0.0254 0.01018138057 0.008525104889)
(-0.0254 0.01369280252 0.008766321903)
(-0.0254 0.01436892554 0.001364160593)
(-0.0254 0.01417645554 0.002338351594)
(-0.0254 0.01412792156 0.00342285161)
(-0.0254 0.01422364393 0.004403273835)
(-0.0254 0.01428856625 0.005469855808)
(-0.0254 0.01430304858 0.006463929938)
(-0.0254 0.01415618577 0.00755821895)
(-0.0254 -0.01308800456 0.000968911818)
(-0.0254 -0.01175524494 0.001190308541)
(-0.0254 -0.01009766824 0.001413388695)
(-0.0254 -0.008088831874 0.001681669809)
(-0.0254 -0.006126182711 0.001699411739)
(-0.0254 -0.0006566769867 0.002335169536)
(-0.0254 0.002103341671 0.002012332802)
(-0.0254 0.004494837566 0.002117251867)
(-0.0254 0.006740530713 0.00211681096)
(-0.0254 0.008685919258 0.00176595925)
(-0.0254 0.0104559854 0.001605309961)
(-0.0254 -0.01413554517 0.001489249086)
(-0.0254 -0.01427621237 0.003886392203)
(-0.0254 -0.01424099445 0.006156427445)
(-0.0254 -0.01415232478 0.008486818639)
(-0.0254 -0.01114447797 0.008586573395)
(-0.0254 -0.007291222228 0.00826453956)
(-0.0254 -0.002470436424 0.0074339968)
(-0.0254 0.003785989637 0.007681269107)
(-0.0254 0.008275339808 0.008270441355)
(-0.0254 0.01184568897 0.008737107451)
(-0.0254 0.013308553 0.001294558332)
(-0.0254 -0.003783793634 0.002712644764)
(-0.0254 0.01199272169 0.001454008684)
(-0.0254 -0.01420206451 0.002675082502)
(-0.0254 -0.01424169513 0.005025071071)
(-0.0254 -0.01426738637 0.007267788402)
(-0.0254 -0.001680940258 0.004847735723)
(-0.0254 -0.004385058189 0.005290312248)
(-0.0254 -0.01036244492 0.006696589855)
(-0.0254 0.002872944252 0.005670275494)
(-0.0254 -0.008503248813 0.006875413526)
(-0.0254 0.007771059379 0.006065859362)
(-0.0254 0.01113154957 0.007012781876)
(-0.0254 -0.01320810948 0.004397875911)
(-0.0254 -0.01328526651 0.007730277327)
(-0.0254 -0.006686320892 0.006029099928)
(-0.0254 0.01295684722 0.003934292484)
(-0.0254 0.01331113942 0.004920757619)
(-0.0254 0.01327215732 0.005919443684)
(-0.0254 0.0133738249 0.006881535096)
(-0.0254 -0.01279258118 0.00221132081)
(-0.0254 -0.011053476 0.00264826607)
(-0.0254 -0.009227402506 0.003197634731)
(-0.0254 -0.006710438566 0.003705925514)
(-0.0254 0.01144754189 0.003310843835)
(-0.0254 0.003264990949 0.003764279141)
(-0.0254 0.005501485074 0.004863368978)
(-0.0254 0.009700086164 0.003197035385)
(-0.0254 -0.01330001338 0.003327793336)
(-0.0254 -0.01312757895 0.006639193759)
(-0.0254 -0.01312492077 0.005546643351)
(-0.0254 0.01294889166 0.002636135703)
(-0.0254 0.009427914041 0.006956249588)
(-0.0254 0.01271548943 0.007753689873)
(-0.0254 0.001005879101 0.004339254476)
(-0.0254 0.007965962717 0.003870198129)
(-0.0254 -0.01201531646 0.007436330973)
(-0.0254 0.0123522246 0.006542914973)
(-0.0254 0.009936779041 0.005058372311)
(-0.0254 -0.008734770166 0.005089718915)
(-0.0254 -0.01209644603 0.003617396639)
(-0.0254 -0.01183573613 0.006002994779)
(-0.0254 0.01193575914 0.005171541846)
(-0.0254 -0.01068095382 0.004636273803)
(-0.0254 -0.01214936986 0.004839484612)
(-0.02383907451 -0.01275844702 0.01)
(-0.0238015066 -0.01104929332 0.01)
(-0.02374513289 -0.009090007776 0.01)
(-0.02352796962 -0.007244693756 0.01)
(-0.0227795301 -0.004834425266 0.01)
(-0.02284116091 -0.001979377021 0.01)
(-0.02352695152 0.003944212652 0.01)
(-0.02350447378 0.006136354927 0.01)
(-0.02323001478 0.008294686773 0.01)
(-0.02343785159 0.0101471354 0.01)
(-0.02429739356 0.01308971271 0.01)
(-0.02388847985 0.01410466838 0.01)
(-0.02294880169 0.01325128895 0.01)
(-0.02200371521 0.01239677217 0.01)
(-0.02167398423 0.01102011984 0.01)
(-0.02127251619 -0.009483943827 0.01)
(-0.02182940392 -0.006636041091 0.01)
(-0.02175495106 0.003483657149 0.01)
(-0.02181473005 0.006993161011 0.01)
(-0.02173196804 0.009586921201 0.01)
(-0.02343068334 -0.01386243869 0.01)
(-0.02202966653 -0.01286276779 0.01)
(-0.02125544326 -0.0113628363 0.01)
(-0.02130034633 -0.01048416048 0.01)
(-0.02276778127 0.001313130675 0.01)
(-0.02360901096 0.01179159294 0.01)
(-0.02194743841 -0.008296847986 0.01)
(-0.02188288781 0.005307657551 0.01)
(-0.02149579357 0.008336810236 0.01)
(-0.0243377257 -0.01386204027 0.01)
(-0.02277741385 -0.01332798614 0.01)
(-0.02170538023 -0.01207953661 0.01)
(-0.02280621589 -0.01216247771 0.01)
(-0.022287975 -0.011135182 0.01)
(-0.02247112733 -0.009812742336 0.01)
(-0.02429535562 -0.013547267 0)
(-0.0239287358 -0.01022000548 0)
(-0.02362139539 -0.005979623166 0)
(-0.02273884325 -0.001166511492 0)
(-0.02360618553 0.004761291573 0)
(-0.02333408156 0.009064407625 0)
(-0.02400042911 0.01254855016 0)
(-0.02346065716 0.01378872529 0)
(-0.02202851598 0.01283940557 0)
(-0.02151679595 0.01134209264 0)
(-0.02121459681 -0.009453799984 0)
(-0.02163495814 -0.008353040674 0)
(-0.02190092175 -0.006768578506 0)
(-0.0219183265 -0.004943846107 0)
(-0.021764674 -0.0032488506 0)
(-0.02203956556 0.003537822728 0)
(-0.02151627939 0.006866964767 0)
(-0.02177571787 0.008222776765 0)
(-0.02157061739 0.009513856596 0)
(-0.02331104522 -0.01375515801 0)
(-0.02254070709 -0.01337730882 0)
(-0.02197257873 -0.01249035168 0)
(-0.02144971381 -0.01147829228 0)
(-0.02143972155 -0.01048623182 0)
(-0.0243950669 0.01385867067 0)
(-0.02421043187 -0.01184678846 0)
(-0.02346855209 -0.008184381641 0)
(-0.02350425121 -0.003726129185 0)
(-0.02369121807 0.002734034959 0)
(-0.02329277777 0.006943241 0)
(-0.02389471415 0.01083826258 0)
(-0.02280671561 0.01320832071 0)
(-0.02158919886 0.01218902229 0)
(-0.02124722771 0.01049836146 0)
(-0.02235259789 0.001260915679 0)
(-0.02188034068 0.005452001223 0)
(-0.02269537027 0.01189245049 0)
(-0.02323865386 -0.01260576241 0)
(-0.02270019771 -0.0111748489 0)
(-0.02246187428 0.01049709509 0)
(-0.02245094987 -0.009639762836 0)
(-0.01378563094 0.02429110194 0.01)
(-0.01229752717 0.02415736484 0.01)
(-0.01058040498 0.02396159293 0.01)
(-0.00861183415 0.02395619015 0.01)
(-0.006763578556 0.02414599215 0.01)
(-0.002098050221 0.02284925986 0.01)
(0.0004607295962 0.02272253393 0.01)
(0.002857145232 0.02270613229 0.01)
(0.004941074167 0.02345364568 0.01)
(0.0066097368 0.02341449373 0.01)
(0.009368922642 0.02330718332 0.01)
(0.01226193541 0.02405444473 0.01)
(0.01373864628 0.02420168335 0.01)
(0.01374441715 0.02298263276 0.01)
(0.01305891096 0.02228677221 0.01)
(0.01209565212 0.02233909994 0.01)
(0.01123963872 0.02168027769 0.01)
(0.009981612603 0.0215569596 0.01)
(-0.009459988995 0.02126752982 0.01)
(-0.006848553624 0.02133860245 0.01)
(-0.003753194513 0.02179877387 0.01)
(0.005806393811 0.02182137072 0.01)
(0.008627624199 0.0216744843 0.01)
(-0.01304152369 0.02234278456 0.01)
(-0.01160954714 0.02143640898 0.01)
(-0.01056722585 0.02152310451 0.01)
(-0.004871070793 0.02346292889 0.01)
(0.01085735997 0.02334266246 0.01)
(-0.008213140532 0.02148638559 0.01)
(-0.005450411964 0.02174682054 0.01)
(0.004422932018 0.0217232811 0.01)
(0.007250865343 0.02176298844 0.01)
(-0.0133257521 0.02326544482 0.01)
(-0.01243213001 0.02174567065 0.01)
(-0.01168288307 0.022742935 0.01)
(-0.009473531654 0.02258820173 0.01)
(-0.007194604309 0.0226807915 0.01)
(0.01291652322 0.02322615685 0.01)
(0.008001946083 0.0230593606 0.01)
(-0.01342273216 0.0254 0.0008949818802)
(-0.01229565984 0.0254 0.001084596346)
(-0.01091983167 0.0254 0.001229801933)
(-0.009266956128 0.0254 0.001284326211)
(-0.007406266821 0.0254 0.001450120608)
(-0.005406851058 0.0254 0.001877758979)
(-7.877473051e-05 0.0254 0.002578165762)
(0.002760386151 0.0254 0.002430087593)
(0.005089299271 0.0254 0.002165897546)
(0.00727048135 0.0254 0.002089942505)
(0.009307264225 0.0254 0.002270883524)
(0.01254723252 0.0254 0.001199506626)
(0.01379584341 0.0254 0.0009951546723)
(0.01441390951 0.0254 0.001812284529)
(0.01432064682 0.0254 0.002779851481)
(0.01431572058 0.0254 0.003813596822)
(0.01429905771 0.0254 0.004949632294)
(0.0143074737 0.0254 0.006049460806)
(0.01437586412 0.0254 0.007072454527)
(0.01438931928 0.0254 0.008135850408)
(0.01434990893 0.0254 0.00912263754)
(-0.01342461613 0.0254 0.009218738439)
(-0.01054561728 0.0254 0.008610136254)
(-0.006716437958 0.0254 0.008311546892)
(-0.002226006037 0.0254 0.007768497427)
(0.00282025742 0.0254 0.007583371566)
(0.007287805824 0.0254 0.008096672009)
(0.01096856414 0.0254 0.008559005691)
(0.01346127012 0.0254 0.009323977585)
(-0.01431947347 0.0254 0.001451908752)
(-0.01419702366 0.0254 0.003795409349)
(-0.01412377498 0.0254 0.006144989154)
(-0.01451874053 0.0254 0.008232718934)
(-0.002954370459 0.0254 0.002776815792)
(0.01112245184 0.0254 0.001552213872)
(-0.01435503401 0.0254 0.00913396344)
(-0.01224341143 0.0254 0.008686829057)
(-0.008753208042 0.0254 0.008455102646)
(-0.004571436333 0.0254 0.008091213916)
(0.0003273990623 0.0254 0.007671021456)
(0.005216828239 0.0254 0.007844050167)
(0.009251723063 0.0254 0.008287807452)
(0.01239140818 0.0254 0.008999101546)
(-0.0142423165 0.0254 0.002649072947)
(-0.01415921191 0.0254 0.004962109152)
(-0.01424371237 0.0254 0.007257168062)
(-0.001188224568 0.0254 0.005216338371)
(-0.01173253024 0.0254 0.002432495693)
(-0.0100496521 0.0254 0.002507580797)
(-0.008552453728 0.0254 0.002536172855)
(0.00420064606 0.0254 0.004869179532)
(0.006150817283 0.0254 0.003808882871)
(0.007932087873 0.0254 0.004128080369)
(0.01215600218 0.0254 0.002509009487)
(0.01324082672 0.0254 0.003212688362)
(0.01328235611 0.0254 0.004367229684)
(0.01329590278 0.0254 0.005533280996)
(0.01329096731 0.0254 0.00657457167)
(0.01351438035 0.0254 0.007547048763)
(0.01338336925 0.0254 0.008452209186)
(-0.01312419542 0.0254 0.003138421214)
(-0.00785393166 0.0254 0.006825114375)
(-0.003612767028 0.0254 0.005754024815)
(0.008553923638 0.0254 0.006348118607)
(0.01223189581 0.0254 0.007564715443)
(-0.0129063203 0.0254 0.005571523737)
(-0.01305250076 0.0254 0.004379300695)
(-0.009868128911 0.0254 0.006931083912)
(-0.01284704413 0.0254 0.007059615523)
(0.01048874473 0.0254 0.006695674038)
(-0.01316743728 0.0254 0.001969621179)
(0.001557812593 0.0254 0.005045447894)
(-0.01142051443 0.0254 0.007504851813)
(0.009651692152 0.0254 0.004574588203)
(0.01337375224 0.0254 0.002104885719)
(-0.005296171665 0.0254 0.004223819106)
(0.01083399956 0.0254 0.003277041161)
(-0.005869547004 0.0254 0.006373436789)
(-0.0135251376 0.0254 0.00820540658)
(0.006571998273 0.0254 0.005942183275)
(-0.0089534421 0.0254 0.004015050066)
(0.01234614954 0.0254 0.004969284615)
(0.01208837545 0.0254 0.006116700238)
(0.01210236928 0.0254 0.003848056688)
(-0.0107464967 0.0254 0.003774725253)
(-0.008815452085 0.0254 0.005557161197)
(-0.01149314101 0.0254 0.006149485345)
(0.01111506624 0.0254 0.004895748042)
(-0.0120323816 0.0254 0.003681449012)
(-0.007059786052 0.0254 0.003255648207)
(-0.007243741013 0.0254 0.004992709086)
(-0.01171785214 0.0254 0.004814959297)
(-0.01025886266 0.0254 0.005148804818)
(-0.01386662932 0.02434057899 0)
(-0.01093562948 0.02410691565 0)
(-0.007194999675 0.02363964442 0)
(-0.003129492311 0.02259723319 0)
(0.003065175671 0.02272461553 0)
(0.007396086364 0.0235724201 0)
(0.01109324472 0.02397079002 0)
(0.01392090035 0.0242820424 0)
(0.01302275166 0.02253100407 0)
(0.01152342444 0.02155900589 0)
(-0.00953009804 0.02172868005 0)
(-0.007931972491 0.02192660529 0)
(-0.005975896528 0.02201744894 0)
(0.0002938676793 0.02275140307 0)
(0.006573403514 0.02184107882 0)
(0.008179525079 0.02178554931 0)
(0.009525822302 0.02154984068 0)
(-0.01358366739 0.02314095915 0)
(-0.01302751282 0.02217166826 0)
(-0.01214046486 0.02185585199 0)
(-0.01096756195 0.02154515448 0)
(-0.0124550796 0.02409843687 0)
(-0.009134420729 0.02354723422 0)
(-0.005244252613 0.023783067 0)
(0.005410191996 0.02352049805 0)
(0.00929552458 0.02344690841 0)
(0.01260653037 0.02395793789 0)
(0.01368585488 0.02324198504 0)
(0.01241050794 0.02177458753 0)
(0.01060450485 0.02122219442 0)
(0.004943246035 0.02173876284 0)
(0.01186069336 0.02274451073 0)
(0.01058170527 0.0224509329 0)
(-0.01253304108 0.02290961932 0)
(-0.01150322599 0.02290078038 0)
(-0.01034270621 0.02275059912 0)
(0.02398980705 -0.01380167287 0.01)
(0.02378364709 -0.01052185531 0.01)
(0.02347202358 -0.006522252273 0.01)
(0.02277910628 -0.001437444415 0.01)
(0.02268701462 0.003881334834 0.01)
(0.02372337207 0.008904302636 0.01)
(0.02427805786 0.01207065637 0.01)
(0.02138928146 -0.01033459293 0.01)
(0.02174295799 -0.01204686139 0.01)
(0.02292771872 -0.01322744141 0.01)
(0.02143380631 -0.009206711596 0.01)
(0.02125048651 -0.008047938044 0.01)
(0.02164416926 -0.006746811011 0.01)
(0.02186112392 -0.005076339933 0.01)
(0.02178232501 -0.003318116155 0.01)
(0.02276704509 0.001359895002 0.01)
(0.02164938447 0.006891493474 0.01)
(0.02146100329 0.008201015584 0.01)
(0.02134463076 0.009437358944 0.01)
(0.02129784906 0.01045465161 0.01)
(0.02187363267 0.01132120808 0.01)
(0.02189171486 0.01252477791 0.01)
(0.02259552012 0.01325389 0.01)
(0.02330253106 0.01385607845 0.01)
(0.02431399042 0.01372433315 0.01)
(0.02406609255 -0.01221135023 0.01)
(0.02390162836 -0.008605317087 0.01)
(0.02351262029 -0.003968911429 0.01)
(0.02329167619 0.006017680713 0.01)
(0.02367226062 0.01062406837 0.01)
(0.02128499693 -0.01129392189 0.01)
(0.0220996559 -0.01280849008 0.01)
(0.02168738322 0.005486554666 0.01)
(0.02236471151 -0.01091901377 0.01)
(0.02249020258 -0.008174065298 0.01)
(0.02240920893 0.008833845381 0.01)
(0.0224250597 0.01001979964 0.01)
(0.0229217127 0.01204461491 0.01)
(0.02352948704 0.01295218745 0.01)
(0.02287563096 -0.01200569789 0.01)
(0.02258856851 -0.009653675422 0.01)
(0.0229595485 0.007620686414 0.01)
(0.0254 -0.01306633207 0.008956169272)
(0.0254 -0.01164598888 0.008726023707)
(0.0254 -0.01002680714 0.008556457096)
(0.0254 -0.008186963432 0.008359306069)
(0.0254 -0.006300148798 0.008323345875)
(0.0254 -0.001123423955 0.007569001564)
(0.0254 0.001531959383 0.007701119178)
(0.0254 0.003973837031 0.007888480982)
(0.0254 0.006163203675 0.0079037194)
(0.0254 0.008124199379 0.007976765173)
(0.0254 0.01006497917 0.008195726436)
(0.0254 0.01372353048 0.008680396612)
(0.0254 0.01399600475 0.001255576352)
(0.0254 0.0142330212 0.003491978028)
(0.0254 0.01425508193 0.005558858293)
(0.0254 0.01424064914 0.007564120818)
(0.0254 -0.01375679233 0.001340316458)
(0.0254 -0.01048681979 0.001220280988)
(0.0254 -0.007350247 0.001749931979)
(0.0254 -0.00325201069 0.002353990722)
(0.0254 0.002097277584 0.002699024566)
(0.0254 0.007216775106 0.00234377097)
(0.0254 0.01066228584 0.001470914735)
(0.0254 0.01248771497 0.001626316374)
(0.0254 -0.01411824016 0.002598955401)
(0.0254 -0.01423083733 0.003830572612)
(0.0254 -0.01420982012 0.004929066775)
(0.0254 -0.01423497985 0.006021103828)
(0.0254 -0.01419051078 0.007222537729)
(0.0254 -0.01414584763 0.008379350442)
(0.0254 -0.004135738442 0.007425864533)
(0.0254 0.01189348315 0.008471977978)
(0.0254 0.0140577796 0.002410451727)
(0.0254 0.01433910682 0.004536327622)
(0.0254 0.01413963388 0.006565506454)
(0.0254 -0.01202624735 0.001199541034)
(0.0254 -0.009008371372 0.001381281884)
(0.0254 -0.005497005181 0.002076970465)
(0.0254 -0.0006742333346 0.002539030003)
(0.0254 0.004929704178 0.003062370632)
(0.0254 0.009031317952 0.001685808727)
(0.0254 -0.01272131541 0.007654333741)
(0.0254 -0.01097716656 0.007326279251)
(0.0254 -0.009182449468 0.006828138931)
(0.0254 -0.006900057048 0.006205960386)
(0.0254 0.01134123853 0.00644480669)
(0.0254 0.01297523434 0.007339393173)
(0.0254 0.002943269233 0.00531940938)
(0.0254 0.005085392745 0.005813607126)
(0.0254 0.007109401087 0.005243500977)
(0.0254 0.009313573628 0.00600858118)
(0.0254 -0.004951287815 0.004544492687)
(0.0254 0.01289255476 0.003095592235)
(0.0254 -0.01126930123 0.002448352696)
(0.0254 -0.006964522595 0.003894966292)
(0.0254 0.0133872328 0.005015827697)
(0.0254 -0.01274650085 0.002303414706)
(0.0254 -0.002264078673 0.00497913134)
(0.0254 -0.008626503378 0.003217048894)
(0.0254 0.0129801724 0.005988322516)
(0.0254 0.0004122905923 0.005151513999)
(0.0254 0.01149928844 0.003054717117)
(0.0254 0.01336354878 0.004091952742)
(0.0254 0.01001934591 0.002908360776)
(0.0254 -0.01323905653 0.003329826744)
(0.0254 -0.01308419203 0.004404292291)
(0.0254 -0.0130771448 0.005467799022)
(0.0254 -0.01320533207 0.006584535049)
(0.0254 0.008690241673 0.003840378258)
(0.0254 -0.009942950162 0.002486330228)
(0.0254 -0.01037358671 0.004005057623)
(0.0254 -0.01198366328 0.003610218407)
(0.0254 0.01048625321 0.004592002008)
(0.0254 -0.01043449945 0.005667484775)
(0.0254 -0.01179973156 0.004891220802)
(0.0254 -0.01199115568 0.006315117735)
(0.0254 0.01214439716 0.00460719581)
(0.0254 -0.008738070525 0.004966087109)
(0.02422013005 -0.0136557549 0)
(0.02414423146 -0.01211044356 0)
(0.02408229647 -0.01053798359 0)
(0.0239276808 -0.008987313113 0)
(0.0237545644 -0.007317632475 0)
(0.02371474135 -0.005411550846 0)
(0.02360692425 -0.003247815727 0)
(0.02278525814 0.002322259301 0)
(0.02277088097 0.004722761603 0)
(0.02281245805 0.006956935988 0)
(0.02378412639 0.01062900713 0)
(0.02417198651 0.01229134687 0)
(0.02427888168 0.01375264164 0)
(0.021140633 -0.01065709546 0)
(0.0215596854 -0.01158596497 0)
(0.02207651085 -0.01261014613 0)
(0.02209696843 -0.008370657054 0)
(0.02194525487 -0.00455845017 0)
(0.02282553582 -0.0005238622184 0)
(0.0214111348 0.009695248761 0)
(0.02155587701 0.01154366732 0)
(0.02237308096 0.01312042003 0)
(0.02372483922 0.008866693111 0)
(0.02311764444 -0.01312618496 0)
(0.021453738 -0.009718216322 0)
(0.02199832396 -0.006489128524 0)
(0.0217832171 -0.002645423194 0)
(0.02189520258 0.008480337332 0)
(0.0211974496 0.01063991015 0)
(0.02177106152 0.01244169281 0)
(0.02327879447 0.01340517838 0)
(0.0228389824 -0.009902380735 0)
(0.02290556689 -0.01153122903 0)
(0.02229546505 0.0107009839 0)
(0.02204163135 -0.01064069697 0)
(0.02268764801 0.009647068007 0)
(0.02279581893 0.01194234424 0)
(-0.01329471396 -0.0254 0.0009896612556)
(-0.01207296775 -0.0254 0.001204536108)
(-0.008559560798 -0.0254 0.001787650046)
(-0.004037755547 -0.0254 0.002134463576)
(0.001470727227 -0.0254 0.00207024396)
(0.006398633432 -0.0254 0.00197555602)
(0.01013646517 -0.0254 0.001517467431)
(0.01329091819 -0.0254 0.001244070514)
(0.01443635933 -0.0254 0.001084680819)
(0.01411598818 -0.0254 0.003406316536)
(0.01428200679 -0.0254 0.005552885507)
(0.0143650687 -0.0254 0.007536850671)
(-0.01372833559 -0.0254 0.008479663138)
(-0.01198721961 -0.0254 0.008535569913)
(-0.01028775942 -0.0254 0.008447819171)
(-0.008554774427 -0.0254 0.008269937562)
(-0.006579760667 -0.0254 0.008081489257)
(-0.004554172238 -0.0254 0.008188014545)
(-0.002285876673 -0.0254 0.008258069408)
(-2.906516212e-06 -0.0254 0.008094428484)
(0.002489387566 -0.0254 0.008074363927)
(0.004760987121 -0.0254 0.008100861869)
(0.006847267689 -0.0254 0.008337950728)
(0.008754497975 -0.0254 0.008398773825)
(0.01056007002 -0.0254 0.008369603058)
(0.01224951459 -0.0254 0.008531523134)
(0.0139225593 -0.0254 0.008673418929)
(-0.01425815481 -0.0254 0.001538581759)
(-0.01420238917 -0.0254 0.002763748393)
(-0.01418406548 -0.0254 0.00391613658)
(-0.01426997805 -0.0254 0.005019726503)
(-0.01444043041 -0.0254 0.006052368585)
(-0.01408507078 -0.0254 0.007108853115)
(-0.01046996111 -0.0254 0.001544214757)
(-0.006314552192 -0.0254 0.001929005399)
(-0.001385389564 -0.0254 0.002163929557)
(0.004122726312 -0.0254 0.002087437278)
(0.008364481193 -0.0254 0.001770712315)
(0.01182666292 -0.0254 0.001369918483)
(0.01417932432 -0.0254 0.002217675897)
(0.01421416208 -0.0254 0.004520122094)
(0.01425094677 -0.0254 0.00661753172)
(-0.007734815745 -0.0254 0.00375564226)
(-0.002983944708 -0.0254 0.004468318367)
(0.002759596032 -0.0254 0.004167255032)
(-0.0116801961 -0.0254 0.002677733182)
(0.007683434925 -0.0254 0.003640306304)
(-4.882537867e-05 -0.0254 0.004204966284)
(0.0112253151 -0.0254 0.002603962858)
(0.01278284325 -0.0254 0.002689975964)
(-0.009998621074 -0.0254 0.003469476982)
(0.01321940272 -0.0254 0.007394172952)
(0.009763819985 -0.0254 0.003522402774)
(0.01310986248 -0.0254 0.006197392343)
(-0.005569809003 -0.0254 0.004088959333)
(-0.01272846203 -0.0254 0.007201247301)
(-0.01117196449 -0.0254 0.007034309774)
(-0.009473256968 -0.0254 0.006728161616)
(-0.007396208267 -0.0254 0.006048620403)
(-0.005144749105 -0.0254 0.006244177491)
(-0.003254259375 -0.0254 0.006641192734)
(-0.001163317966 -0.0254 0.006283521081)
(0.001332411355 -0.0254 0.006162442591)
(0.003832011823 -0.0254 0.00617092889)
(0.005907084292 -0.0254 0.006542598648)
(0.007960231427 -0.0254 0.006746770557)
(0.009821554212 -0.0254 0.006780486407)
(0.0116644911 -0.0254 0.00687073101)
(-0.01306116408 -0.0254 0.002094032264)
(0.005410826702 -0.0254 0.004192155541)
(-0.0129576165 -0.0254 0.003447531491)
(-0.01304825875 -0.0254 0.004667522758)
(-0.01337298683 -0.0254 0.005965650293)
(0.01333415044 -0.0254 0.005086312055)
(0.01301575096 -0.0254 0.004066197647)
(-0.00900245857 -0.0254 0.005086857855)
(-0.01206011602 -0.0254 0.005715635279)
(0.008901911818 -0.0254 0.005161974386)
(0.01062124288 -0.0254 0.005245547554)
(-0.01171813622 -0.0254 0.00421346212)
(0.01158002161 -0.0254 0.003952980754)
(0.01215582126 -0.0254 0.005219357754)
(-0.01055996736 -0.0254 0.00534943589)
(0.007198955435 -0.0254 0.005236537155)
(-0.01059311139 -0.02153135214 0)
(-0.0117308314 -0.02176784849 0)
(-0.01284262368 -0.02212223097 0)
(-0.01354114757 -0.0230806538 0)
(-0.01414544661 -0.02400225306 0)
(-0.008551866982 -0.02163297531 0)
(-0.005769900439 -0.02173689891 0)
(-0.001657381429 -0.02278070286 0)
(0.002856115983 -0.02240365115 0)
(0.005765981208 -0.0213205301 0)
(0.008339570268 -0.02148393943 0)
(0.01051153387 -0.02123828535 0)
(0.01216715775 -0.02160894833 0)
(0.01345209486 -0.02267046909 0)
(0.01387900595 -0.02429650977 0)
(-0.01310511105 -0.02417574007 0)
(-0.01169783252 -0.02415334148 0)
(-0.01014364744 -0.02397527325 0)
(-0.006308706389 -0.02343503633 0)
(-0.004098027892 -0.02272608504 0)
(0.006491574554 -0.02398006137 0)
(0.008301563049 -0.02403429171 0)
(0.009803257394 -0.02396451338 0)
(0.01130460699 -0.02387275527 0)
(-0.009610833093 -0.02126999004 0)
(-0.007218642829 -0.02180984769 0)
(0.0007221090305 -0.02274357383 0)
(0.004495676324 -0.02183041336 0)
(0.007000357001 -0.0214598435 0)
(0.009527568567 -0.0214366102 0)
(0.01134006801 -0.02148853177 0)
(0.0127436061 -0.02220467762 0)
(0.01388637262 -0.02336199917 0)
(-0.008326917008 -0.02340403979 0)
(0.004640186437 -0.02363647443 0)
(-0.01229318043 -0.0230327102 0)
(0.005988268695 -0.0225633923 0)
(0.009004920458 -0.02270845055 0)
(0.0104274421 -0.02247906597 0)
(0.01173515278 -0.02257313111 0)
(-0.009630667048 -0.02246897159 0)
(0.01269668546 -0.02355126117 0)
(-0.01099627914 -0.02282698394 0)
(0.007545823881 -0.02272567859 0)
(-0.01050511017 -0.02144248928 0.01)
(-0.01244986971 -0.0220071789 0.01)
(-0.01376034577 -0.02305412989 0.01)
(-0.009481820175 -0.02142798333 0.01)
(-0.008301846152 -0.02152446913 0.01)
(-0.007055329589 -0.02174437468 0.01)
(-0.005511725204 -0.02193409143 0.01)
(-0.00377872354 -0.02202569873 0.01)
(-0.001970832152 -0.02194123383 0.01)
(0.00249827177 -0.02271270766 0.01)
(0.005013348652 -0.02239565739 0.01)
(0.006970453233 -0.02170576523 0.01)
(0.008353335995 -0.02189316944 0.01)
(0.009814511306 -0.02200107175 0.01)
(0.01101435349 -0.02142461561 0.01)
(0.01207539175 -0.02186881066 0.01)
(0.01297791626 -0.02218416338 0.01)
(0.0136656056 -0.02299522236 0.01)
(0.01360317353 -0.02420037981 0.01)
(-0.01369014291 -0.02420198828 0.01)
(-0.01058002966 -0.02386822765 0.01)
(-0.006427749729 -0.02350338764 0.01)
(-0.002620400892 -0.0236640314 0.01)
(0.00882410637 -0.02360418842 0.01)
(0.01192405007 -0.02415298785 0.01)
(-0.01155886941 -0.02163905342 0.01)
(-0.01327871259 -0.0223464247 0.01)
(-0.0001102807762 -0.02297294452 0.01)
(-0.01200978753 -0.02421079581 0.01)
(-0.009105248645 -0.02380948423 0.01)
(-0.004689431888 -0.0236268682 0.01)
(0.007068617708 -0.0234064937 0.01)
(0.01035103613 -0.0238790131 0.01)
(0.01121261375 -0.02273038289 0.01)
(-0.009858383752 -0.02260254207 0.01)
(-0.008884499735 -0.02250427253 0.01)
(-0.007832951904 -0.02306906174 0.01)
(-0.01170311463 -0.02290583026 0.01)
(0.01249844814 -0.02308765515 0.01)
(-0.01274196888 -0.02317482464 0.01)
(-0.01085993105 -0.02248004 0.01)
(-0.008189713374 -0.01367528156 0.005280751744)
(0.009431937875 0.01317783024 0.004689232225)
(-8.045697038e-05 0.01325678418 0.004869009078)
(-0.008412403067 0.01356407401 0.004844350485)
(-0.01020831346 -0.01441748072 0.007727831218)
(-0.006834327112 -0.01523585737 0.003166065647)
(-0.006080799861 -0.01495361161 0.007350827225)
(-0.006919984013 -0.009593705156 0.008183903538)
(-0.01058448604 -0.01438511975 0.002796028824)
(-0.01076879796 -0.0101768747 0.003224602063)
(-0.01874748711 -0.01924085124 0.007275866242)
(0.006843769869 -0.01503904312 0.007510953763)
(0.003155596816 -0.01583913586 0.005896091502)
(-0.001636990559 -0.01463222636 0.007632038104)
(0.003237404225 -0.01484572438 0.002776480503)
(-0.002543498312 -0.008956564581 0.007851052529)
(-0.002697817781 -0.01114756822 0.002120364176)
(-0.006886164424 -0.01164209058 0.003280583878)
(-0.01051612634 -0.0106009483 0.007329084876)
(-0.002377849176 -0.01465335667 0.003359645178)
(-0.01523417045 -0.01080844063 0.007876270374)
(-0.01471680143 -0.01544679225 0.007218614725)
(-0.01369815198 -0.01522822045 0.002847721662)
(-0.01834019341 -0.01943422483 0.003793706796)
(-0.02300054491 -0.02054766501 0.007790511136)
(-0.02036064507 -0.02019537856 0.007843570825)
(-0.01054508153 -0.006447646947 0.007004089189)
(-0.01466318083 -0.00661739961 0.00746682074)
(-0.01065868857 -0.001140900021 0.005980406199)
(-0.01150948318 0.001482953772 0.008224755709)
(-0.01631221372 0.003271155204 0.007983853516)
(-0.01478190243 0.00702627797 0.007675731128)
(-0.01560596607 0.002765997612 0.003945396346)
(-0.01081073145 0.007316480767 0.007819529854)
(-0.01038281279 0.003750572712 0.002629732118)
(-0.01067293375 -0.006704876377 0.002992190071)
(-0.01428975473 -0.00985535465 0.003643657276)
(-0.02289065874 -0.01845711944 0.008688491573)
(-0.02252222993 -0.02101882426 0.006611648858)
(-0.02167531318 -0.02297021126 0.00770498424)
(-0.02044927426 -0.02188780305 0.008498910856)
(-0.01836335547 -0.02204871525 0.008632065457)
(0.01954521144 -0.01958426955 0.0078708729)
(0.01960155576 -0.01956933326 0.003115513534)
(0.01544894647 -0.01527118379 0.007116719125)
(0.01164674433 -0.01544501988 0.007274418819)
(0.01111444719 -0.01057246214 0.007225343821)
(0.01151529576 -0.01444809086 0.003147189308)
(0.002443330133 -0.006282138031 0.002671514332)
(0.008029414157 -0.006474231396 0.001994540663)
(0.006737345131 -0.0104063295 0.003137173876)
(0.01138140142 -0.0103378424 0.00267566354)
(0.0105515415 -0.006944114891 0.002030123007)
(0.01155078728 -0.0006304651755 0.002316497208)
(0.002015596565 -0.01072108782 0.003303243551)
(0.007047392585 -0.01489741164 0.003035620416)
(-0.006642530757 -0.005670007667 0.002727851846)
(-0.001211933316 -0.004492816137 0.002370543944)
(0.0001837085116 -0.002968268472 0.004553798932)
(-0.0003989519938 0.001040600346 0.004287678966)
(-0.0142680522 -0.001826438094 0.006485659999)
(-0.01419873811 -0.001917943863 0.004185011852)
(-0.01605407929 -0.02057935992 0.007445152203)
(-0.01534787623 -0.018547051 0.008138312109)
(-0.0137018564 -0.01830534765 0.008245679888)
(-0.01581672674 -0.01598462356 0.008231662586)
(-0.0157904146 -0.01865475646 0.005930582494)
(-0.0156385065 -0.02033104779 0.006446659509)
(-0.01800305374 -0.02075642025 0.00872434647)
(-0.02022000936 -0.01762281766 0.008155480943)
(-0.01945919291 -0.01643264544 0.008697979716)
(-0.01862625813 -0.01561933192 0.008018354246)
(-0.01474553687 -0.00618483099 0.002634022434)
(-0.01968197021 -0.0156947326 0.005829001834)
(-0.01995619137 -0.01597549989 0.004685741807)
(-0.0198661424 -0.02009432908 0.006054827593)
(-0.01971887697 -0.01981641091 0.004310565095)
(-0.01788554367 -0.02029822057 0.004066132668)
(-0.02046905441 -0.01849164068 0.004247206853)
(-0.02080709745 -0.02005643208 0.002234857459)
(-0.01763793361 -0.01843243925 0.007980125491)
(-0.01791864281 -0.01861911921 0.00655810198)
(-0.01779241513 -0.01603489834 0.006717849899)
(-0.01530061105 -0.01537314021 0.005980853389)
(-0.01340430468 -0.01528052514 0.006755242771)
(-0.01034578976 -0.00162367429 0.003714798791)
(-0.005259339851 -0.002415187771 0.003436581592)
(-0.0056354226 0.001941329126 0.002556688368)
(-0.007214786703 0.007937060968 0.003602622862)
(-0.000686539189 0.008475471768 0.002698492232)
(0.002062215941 0.0053625846 0.003386444013)
(-0.01138926156 0.006072527173 0.002040313196)
(-0.01463669957 0.007197301553 0.003456007204)
(-0.007136127068 0.01201226621 0.003557544581)
(-0.005920795051 0.006590440163 0.007385725288)
(-0.01499134675 -0.01359463906 0.005653888626)
(-0.01853909719 -0.01403580976 0.006513744528)
(-0.01895170446 -0.01369327099 0.004644133487)
(-0.01779994123 -0.01552129043 0.003889091082)
(-0.01787335531 -0.01650871521 0.002329119411)
(-0.01829372515 -0.01833875082 0.003822915335)
(-0.01754145489 -0.01779290496 0.002167192655)
(-0.0184442016 -0.01933903315 0.005520482111)
(-0.01760185846 -0.02260282945 0.005822015366)
(-0.02040300622 -0.02219059975 0.005909906362)
(-0.02214542622 -0.02294818725 0.005930862001)
(-0.02205719612 -0.01751302357 0.005791151387)
(-0.02191090927 -0.01977402889 0.003273494364)
(-0.02224700713 -0.02241232405 0.003692625838)
(-0.02229180202 -0.02224989921 0.001631004553)
(-0.02065364402 -0.02247804251 0.003589562619)
(-0.01752586197 -0.02222094941 0.003774962455)
(-0.01802200159 -0.02269649957 0.001774470195)
(-0.0185469308 -0.02001465098 0.001927940313)
(-0.02015794987 -0.02244616059 0.001943344093)
(-0.01930623621 0.01958132392 0.007246076623)
(0.01560500343 -0.01026112715 0.007631345443)
(-0.002034383773 0.01123050816 0.007192634415)
(-0.00545367298 0.01072224362 0.008198935465)
(-0.01085187696 0.01187125929 0.008202650908)
(-0.005925411289 0.01557370837 0.007607677571)
(0.002749395803 0.002322186932 0.003272371352)
(0.004585686065 -0.0006830941016 0.002925229062)
(-0.003001900852 -0.01853172942 0.008338495745)
(-0.004852611151 -0.01583621408 0.007648000274)
(-0.006656343328 -0.01808163493 0.008886907151)
(-0.006999321103 -0.01543949184 0.008867256576)
(-0.00924148386 -0.01595722228 0.008351877029)
(-0.006843842218 -0.01357586793 0.007161457548)
(-0.007612734776 -0.01256024106 0.008429789534)
(-0.006438806182 -0.01609681076 0.006011866249)
(-0.007266347856 -0.0154506014 0.00460307426)
(-0.01360078765 -0.01365945194 0.008641274932)
(-0.01314598318 -0.01544307163 0.008067347913)
(-0.01091851472 -0.01620763143 0.008989969604)
(-0.01145358022 -0.01366786801 0.008529110534)
(-0.01128649338 -0.01589580547 0.00596423081)
(-0.008943397484 -0.01399613767 0.008594031857)
(-0.009509443081 -0.01202998433 0.008138321131)
(-0.008721531573 -0.01370527481 0.00698242234)
(-0.008756225425 -0.01844759459 0.00898281547)
(-0.01087719241 -0.0175913572 0.008670599846)
(-0.00916294324 -0.01831740281 0.00588997106)
(-0.009347334979 -0.01550875615 0.006613507645)
(-0.009500812158 -0.0157221201 0.004159411995)
(-0.009751381122 -0.01822988611 0.003893434158)
(-0.01163277826 -0.01847743977 0.004127190412)
(-0.00931784196 -0.01845210796 0.001784582957)
(-0.01051735614 0.0148321647 0.007059022629)
(-0.01006699909 0.01592667943 0.002717338422)
(-0.01508815474 0.0155943154 0.007147595775)
(-0.01463669144 0.01143994681 0.007899228292)
(-0.01446927742 0.01162121158 0.003749051059)
(-0.01060679487 0.01083163934 0.002873016897)
(-0.01635321605 -0.01429036265 0.008761668872)
(-0.01754305053 -0.01370869159 0.008998825044)
(-0.0116625788 -0.01159169885 0.008580611506)
(-0.01124861104 -0.009010507345 0.008271813371)
(-0.01137336604 -0.01168056946 0.006671987877)
(-0.01177903321 -0.01196972945 0.003787026727)
(-0.01355572154 -0.0115097395 0.008315803974)
(-0.01344657572 -0.01376460758 0.006143764729)
(-0.01120390656 -0.01360432436 0.006574748568)
(-0.01126456048 -0.01387287581 0.004099749256)
(-0.01368876742 -0.01827001723 0.005950105523)
(-0.01397967263 -0.01633276764 0.004356512567)
(-0.01185334284 -0.01514102774 0.004386405175)
(-0.01178336327 -0.01614832138 0.001222136849)
(-0.01617355835 -0.01739231773 0.004649084133)
(-0.0156196511 -0.02031172051 0.004258598041)
(-0.01534500759 -0.02012207597 0.00204961495)
(-0.01906561855 0.01988299537 0.003099815738)
(-0.0178666273 -0.0110941106 0.008940065698)
(-0.01747928735 -0.006681380249 0.008170303036)
(-0.01586499777 -0.007389513945 0.00860885433)
(-0.01975105196 -0.01850076966 0.005500917035)
(-0.01970619869 -0.01531532993 0.001275992559)
(-0.02018047055 -0.01807454548 0.001872156876)
(-0.01538749824 -0.009142733913 0.007968034117)
(-0.01598416151 -0.01174489605 0.007925783095)
(-0.01625395674 -0.01191397187 0.006636782837)
(-0.01615917588 -0.01436694567 0.004289072081)
(-0.01751775418 -0.01200547515 0.006632086471)
(-0.01808879708 -0.009499768684 0.00626719095)
(-0.01836009348 -0.007155748116 0.006167307695)
(-0.01545978805 -0.007450586061 0.006103934625)
(-0.01375745118 -0.007353444585 0.006195181408)
(-0.01574220798 -0.005101245394 0.006175348052)
(-0.01813726791 -0.005048722597 0.006077787078)
(-0.01761726294 -0.002804469454 0.00552280602)
(-0.01850259111 -0.005297106743 0.003896586451)
(-0.01714028073 -0.007523395545 0.00359450687)
(-0.01737203574 -0.007917485582 0.002363162312)
(-0.01749234772 -0.01133515136 0.004164124077)
(-0.0174052011 -0.01378944391 0.002098818777)
(-0.01596819005 -0.01562206456 0.003597699787)
(-0.01533664955 -0.01683456606 0.001223462759)
(-0.02295433607 -0.01784101014 0.003520285777)
(-0.0224129121 -0.01793828226 0.001573764037)
(-0.01634072916 -0.01815616364 0.00263628133)
(-0.01373096948 -0.01836596408 0.002429404321)
(-0.01089918222 -0.01804884108 0.00193877697)
(-0.02102688732 -0.01864963201 0.008879159616)
(-0.02194825499 -0.0167084822 0.009060826014)
(-0.02185309477 -0.02112788682 0.008795993861)
(-0.02128573502 -0.01864975494 0.00764300265)
(-0.02211379616 -0.02082309597 0.002067292712)
(-0.02316998249 -0.01693944458 0.009040975688)
(-0.02402302271 -0.01745179997 0.008315290253)
(-0.02419404054 -0.01973809992 0.008625541706)
(-0.02280139898 -0.01981688226 0.008943945375)
(-0.02382356323 -0.0217673687 0.008595971221)
(-0.02322405162 -0.01943314481 0.007839809556)
(-0.02429504635 -0.01850046297 0.009121492795)
(-0.02435963842 -0.01615913548 0.009056508975)
(-0.02426736939 -0.01800679201 0.006857745624)
(-0.0179654586 -0.009531684388 0.008323214953)
(-0.01823096424 -0.005070506002 0.0083138186)
(-0.01579831594 -0.004755543101 0.00831037995)
(-0.01135185456 -0.004605178089 0.00830990318)
(0.007782628194 0.002018034859 0.003019424121)
(-0.002503773608 0.015629986 0.00743705148)
(-0.006111909601 0.01568258787 0.002647228913)
(-0.01334146498 -0.003301374381 0.00860939878)
(-0.0126819207 -0.00713533151 0.008119053207)
(-0.01343739686 -0.005124573517 0.006988907789)
(-0.01801008153 -0.003053859777 0.008374141465)
(-0.01884018678 -0.0008031213114 0.008202382507)
(-0.01859515191 -0.001890598133 0.006639385905)
(-0.01828831905 -0.005585709338 0.002289862056)
(-0.02455386721 -0.01615997445 0.007967052615)
(-0.02425784701 -0.01642212471 0.006823363626)
(0.01600565843 -0.01498679075 0.003732998616)
(0.01594737352 -0.01025137568 0.003007793075)
(0.01598999275 -0.006554442388 0.002238304556)
(-0.00660949463 -0.01388439428 0.001923589031)
(-0.008078767158 -0.01547332187 0.002046838102)
(-0.009130538766 -0.01626528032 0.002070910343)
(-0.008691467057 -0.0137727794 0.00230235778)
(-0.009130405105 -0.01109468817 0.001455426067)
(-0.01182521828 -0.0130806583 0.001657389903)
(-0.01391172302 -0.01357956633 0.001605603633)
(-0.00197913639 0.01260780331 0.00213476585)
(-0.01503901986 0.01498238563 0.002546332292)
(-0.01598318876 -0.01214757224 0.002402986979)
(-0.01624367134 -0.01412258544 0.002408002839)
(-0.009794031099 -0.007300424645 0.001787034293)
(-0.0112590506 -0.01127586971 0.001767160057)
(-0.01401588784 -0.01081012091 0.002352700011)
(-0.01373135457 -0.008951610038 0.002011117903)
(-0.01358426584 -0.01121984567 0.003724514056)
(-0.01799741324 -0.01182828638 0.001434733229)
(-0.01751612246 -0.008865186655 0.001168333881)
(-0.01598596394 -0.009141633025 0.002330894472)
(-0.01561208386 -0.007768946886 0.002320237989)
(-0.01254057654 -0.007320981333 0.002431540544)
(-0.01571889698 -0.007123828436 0.003931437719)
(-0.01578514692 -0.009912038055 0.003525075855)
(-0.0184238737 -0.009283157332 0.004189610687)
(-0.01615456652 -0.01113839844 0.003425775151)
(-0.01647419362 -0.008964274695 0.006907844341)
(-0.0172691364 -0.00205135859 0.002135514421)
(-0.01298829258 -0.01432577232 0.004293796086)
(-0.00896212067 -0.0146199131 0.003815944139)
(-0.02100919844 -0.01486295592 0.0009598265362)
(-0.02202705553 -0.01510389928 0.001193063489)
(-0.02053849526 -0.01654422655 0.001094931051)
(-0.006817902804 -0.0181624744 0.002289215615)
(-0.01348481152 -0.017983711 0.003647858922)
(-0.01199436965 -0.01837687377 0.0064998938)
(-0.02117922114 -0.01480744236 0.002245726338)
(-0.02412108053 -0.01629059714 0.001300778775)
(-0.02426690194 -0.01743747681 0.0008973778708)
(-0.02225812174 -0.01541810751 0.002290730938)
(-0.02174078766 -0.01685256269 0.00237535805)
(-0.02081515545 -0.01598549822 0.002255433662)
(-0.01940766637 -0.01645473754 0.002465482316)
(-0.01980144434 -0.01512256187 0.002635746114)
(-0.01999609853 -0.01635695327 0.003581926396)
(-0.00523666836 -0.01668496637 0.004776543005)
(-0.004519342588 -0.01553201048 0.006004394798)
(-0.004659075905 -0.01357859433 0.006637820492)
(-0.004199610805 -0.01085691943 0.006248166902)
(0.01563423072 -0.006324924466 0.007433529851)
(0.01559532274 -0.002285597148 0.007359499016)
(0.01631699263 0.003540659468 0.00827971246)
(0.015820606 0.00712387711 0.007475648803)
(0.01592883668 0.01141824599 0.006812075332)
(0.01600108269 0.002981761987 0.003019326286)
(-0.007065531513 -0.01348173178 0.003974910496)
(-0.004409854258 -0.01256319524 0.00408275263)
(-0.005839337765 -0.009755256903 0.00404968332)
(-0.004790963272 -0.01185245997 0.002008927047)
(-0.009191175242 -0.009543748515 0.004925804659)
(-0.007090007449 -0.009040990465 0.006010471289)
(-0.007589804141 -0.009899172083 0.002081524061)
(-0.007126601771 -0.01171520672 0.006041884274)
(-0.007665795271 -0.01210604955 0.001528993021)
(-0.006267565113 -0.01413330197 0.005574083743)
(-0.007569111726 -0.01781350233 0.003153078589)
(-0.01896691162 -0.01659863513 0.001184587395)
(-0.02148564025 -0.01611668756 0.003360249022)
(-0.02072078486 -0.01503153904 0.003646974636)
(-0.0208712543 -0.01626876272 0.00433133972)
(-0.02201038017 -0.01732970193 0.003252923889)
(-0.0221453797 -0.01513073196 0.003436130066)
(-0.02194454394 -0.01529981106 0.004620559764)
(-0.02086594975 -0.01476488278 0.004963135672)
(-0.01955669733 -0.01489035327 0.004606175174)
(-0.009404202418 -0.01172312944 0.006093714515)
(-0.009197268334 -0.009202594901 0.007385885937)
(-0.01167185037 -0.009711976683 0.006541638042)
(-0.008824374271 -0.007249218018 0.006173596882)
(-0.009093902958 -0.005008345215 0.005207864731)
(-0.009232915066 -0.006892870188 0.008478178859)
(-0.01338213235 -0.01166188851 0.006281455707)
(-0.02363424761 -0.01593122512 0.002387571771)
(-0.02417880382 -0.01622727927 0.003353363773)
(-0.02412159797 -0.01740552299 0.003860321952)
(-0.02305776307 -0.01731987576 0.002271810383)
(-0.02283200913 -0.0191231697 0.003451789189)
(-0.02298239957 -0.01720428062 0.005004722439)
(-0.02286495148 -0.01624442514 0.003541201635)
(-0.02313331703 -0.0158235878 0.005076530314)
(-0.02301566737 -0.01585891521 0.001053370905)
(-0.02438223752 -0.01729565661 0.002124666171)
(-0.02434165427 -0.01831662446 0.002881722018)
(-0.02408869337 -0.01967364572 0.002425172984)
(-0.02287121465 -0.01959616776 0.002132323187)
(-0.02344213004 -0.02143574702 0.002562843147)
(-0.02316965754 -0.0196123366 0.0009430341507)
(-0.0241410625 -0.01745871902 0.00542039576)
(-0.02402531849 -0.01899966715 0.004134149958)
(-0.02292493575 -0.01831925756 0.00453786641)
(-0.02188889137 -0.01888058888 0.00467546997)
(-0.02329560655 -0.01874686195 0.005767995778)
(-0.02426810951 -0.01631509144 0.00450266773)
(-0.01837468917 -0.01483584031 0.004500497531)
(-0.0172935502 -0.01414067076 0.004592811531)
(-0.004907634704 -0.01396912766 0.001499077274)
(-0.009454899227 -0.00925629287 0.002150998717)
(-0.009195389483 -0.01176826303 0.003534227797)
(-0.01304147959 -0.008667549653 0.006811200789)
(-0.01364842512 -0.007020813189 0.004300502451)
(-0.01757894204 -0.01314271121 0.004482812461)
(-0.01771566334 -0.01416009185 0.003395826608)
(-0.01881315413 -0.01303016018 0.003701293758)
(-0.01805442006 -0.01437845497 0.005652472925)
(-0.0185482005 -0.01547642121 0.005611764951)
(-0.01898699228 -0.01424268264 0.003296185626)
(-0.0187498865 -0.01436908158 0.00211837315)
(-0.02035363519 -0.01368884475 0.004711302107)
(-0.01974613808 -0.01244752361 0.004861914926)
(-0.01943967603 -0.01103523099 0.004693707795)
(-0.01950916899 -0.01179781765 0.003491737363)
(-0.02009672244 -0.01392666549 0.003622256406)
(-0.01935228978 -0.01544385461 0.003653893497)
(-0.02003831115 -0.01737122756 0.004696256703)
(-0.01833310654 -0.01781516775 0.005321656539)
(-0.01747305526 -0.01737894088 0.004413765487)
(-0.019457688 -0.01709174027 0.005733565555)
(-0.02170355773 -0.01722491036 0.004506422275)
(-0.02190535783 -0.01613751951 0.005749626215)
(-0.02218683712 -0.01587175972 0.006914635994)
(-0.02114030013 -0.01990013178 0.004520049782)
(-0.02092713933 -0.01876661078 0.005406996584)
(-0.02071130383 -0.0177050086 0.005859007747)
(-0.02124805903 -0.01720185883 0.006862465574)
(-0.02073066369 -0.01748475372 0.00327539397)
(-0.02070765824 -0.01647878467 0.005640083729)
(-0.02110652362 -0.01509442246 0.006160910106)
(-0.02081606669 -0.01387358228 0.006000302133)
(-0.02112727325 -0.01488662993 0.007638100672)
(-0.02191847182 -0.02010472901 0.005561699391)
(-0.02242503029 -0.0216846213 0.005357058199)
(-0.0228492339 -0.01980665982 0.006636046368)
(-0.02302961199 -0.01737411794 0.006749224)
(-0.02320989322 -0.01611554877 0.006193037835)
(-0.02434751463 -0.01623746524 0.005592894521)
(-0.02306368516 -0.01598218519 0.007915235936)
(-0.02078838917 -0.01606129643 0.006809410433)
(-0.01927814845 -0.01638714012 0.006972325437)
(-0.01996585211 -0.01744476506 0.00679132432)
(-0.01854891048 -0.01751609431 0.00675838934)
(-0.01732060512 -0.01760724858 0.006671702027)
(-0.0191510084 -0.01842485354 0.00635134316)
(-0.01975787388 -0.01857567427 0.007702982494)
(-0.02042367472 -0.01652920436 0.007772816914)
(-0.02192498963 -0.01859810671 0.006462781032)
(-0.02046232711 -0.01870117175 0.006702634823)
(-0.02132754201 -0.01989538875 0.006693755194)
(-0.02121685128 -0.02164131579 0.006390312022)
(-0.02141539602 -0.02133370587 0.007602658022)
(-0.02204432073 -0.01972539578 0.007743247891)
(-0.02202497025 -0.01736481367 0.007885923275)
(-0.0216197897 -0.01607678523 0.007944568314)
(-0.0230011628 -0.01853321883 0.007305356852)
(-0.02415813073 -0.0195834873 0.006873451104)
(-0.02398486358 -0.02095340661 0.007159916193)
(-0.02391357645 -0.02213886035 0.006268226683)
(-0.02367616341 -0.0205359338 0.005326038886)
(-0.02421894733 -0.01862210846 0.0078936562)
(-0.02323238522 -0.01566135678 0.009220261137)
(-0.02305669273 -0.01730330255 0.00102466424)
(-0.02406898616 -0.01849389251 0.001354757773)
(-0.02441198185 -0.01977998885 0.000996517696)
(-0.02345035778 -0.02080178145 0.001246894382)
(0.003159793721 -0.01641142094 0.008464264806)
(-0.003002859331 -0.01595897445 0.007973424523)
(-0.004609864458 -0.009095509388 0.008371481041)
(-0.005590754017 -0.01197482743 0.008272843964)
(-0.00458213802 -0.01400997198 0.008360354386)
(-0.005056489298 -0.01831773092 0.008369207756)
(-0.007284890257 -0.01915050134 0.006200310331)
(-0.008747399488 -0.004812889074 0.007538988963)
(-0.01750385802 -0.01506625191 0.008832144841)
(-0.01816617867 -0.01631600584 0.008906057327)
(-0.01879515902 -0.01558674385 0.009178542772)
(-0.01882129893 -0.01446278304 0.009040458519)
(-0.01137472462 -0.004704176813 0.006087836899)
(-0.01516433423 -0.002477806771 0.008077100633)
(-0.01633360574 -0.0009374131997 0.006873199417)
(-0.01528474331 -0.00341136159 0.005978992745)
(-0.01607824368 -0.005244434758 0.004269135201)
(-0.0184314059 0.001891665118 0.008328143075)
(-0.01839167335 -0.003241025333 0.003802841083)
(-0.02005365443 -0.01323336577 0.008964586567)
(-0.02038485785 -0.01408541306 0.008545268081)
(-0.01981471742 -0.01515953714 0.008822160643)
(-0.02112903795 -0.01459001366 0.008999738046)
(-0.01984293327 -0.01531098961 0.007365027621)
(-0.02202791364 -0.01516063638 0.008937421419)
(-0.02071106299 -0.01691547478 0.008927843044)
(-0.002496862532 -0.01322905699 0.007881468566)
(-0.0004447718718 -0.01325089941 0.008091058255)
(0.00153852606 -0.01348693924 0.008438663925)
(0.000797021058 -0.01140340617 0.008015819752)
(0.003615067845 -0.01157476649 0.007927147982)
(0.006344073277 -0.01193016035 0.008426003413)
(0.010425834 0.005609822247 0.007797307928)
(0.01154731158 0.01128483461 0.006882978284)
(0.00628028668 0.01187559688 0.006794733092)
(0.01176262345 0.01609828479 0.006654321005)
(0.01500677186 0.01517673561 0.007509457397)
(0.01147184562 0.01095561699 0.003219567315)
(0.01121057803 0.00320587 0.007521517755)
(0.01056855831 0.001746763936 0.002960505968)
(0.01485416302 -0.0005384114379 0.002057771621)
(0.006272910739 0.006967673427 0.002210845767)
(0.00594620787 0.01016526267 0.002137183076)
(0.007574160127 0.01608123895 0.0024740246)
(0.002735280171 0.01555538017 0.007307553077)
(0.006139241947 0.01462966099 0.008091840353)
(0.003891278946 0.01079320952 0.007924787673)
(0.001910566212 0.01047666761 0.00233144675)
(0.00193128909 -0.01127761639 0.006010660402)
(0.0007313567794 -0.01172592129 0.003869097202)
(-0.001416284239 -0.01117684233 0.008510653571)
(-0.0002717816817 -0.01540266704 0.008163928233)
(-0.0007999259847 -0.01806289888 0.008274427783)
(-0.0009794031648 -0.01829942571 0.006056312962)
(-0.0008273144644 -0.01412867025 0.006319976716)
(-0.003546969071 -0.01133079244 0.008282323719)
(-0.003046287759 -0.006576566953 0.00808220706)
(-0.0004496485266 -0.007140698468 0.007672741026)
(-0.002541583131 -0.006786668625 0.005805920848)
(-0.001302749617 -0.0128408151 0.004034881513)
(-0.003261538869 -0.009666866559 0.00403907429)
(-0.002759913915 -0.01436216602 0.005723686918)
(-0.002638737347 -0.01703491329 0.006125102378)
(-0.002710199694 -0.01889159525 0.006396324654)
(-0.00478626516 -0.01479862404 0.003887623492)
(-0.007211708191 -0.007000719661 0.007519067432)
(-0.005235739118 -0.006842277846 0.008114257656)
(-0.007672727176 -0.003120526629 0.006525904472)
(-0.006969344846 -0.003983428714 0.004281807573)
(-0.01106770678 -0.008418232484 0.003625296048)
(-0.009662315028 -0.007174051025 0.00431118984)
(-0.01125096415 -0.006149704655 0.004247520498)
(-0.01144425354 -0.002995412199 0.004143264139)
(-0.008961008615 -0.002569457757 0.004326577695)
(-0.01158134865 -0.0001863554309 0.004004700327)
(-0.01205727128 0.001865798669 0.004681644203)
(-0.01236419813 -0.00340566802 0.002017707154)
(-0.01313883442 -0.01450328776 0.008850997451)
(-0.01421193308 -0.01286965118 0.008987040557)
(-0.01432621063 -0.01416935335 0.009150840617)
(-0.01428448965 -0.01420112084 0.007942969339)
(-0.01525420664 -0.01464192978 0.008976517634)
(-0.01531368949 -0.01338909202 0.008816945503)
(-0.01548986036 -0.01215416006 0.009002107412)
(-0.01541735752 -0.01461236061 0.007734589621)
(-0.01482782787 -0.01446732404 0.006676979236)
(-0.01646418657 -0.0111308441 0.008826117745)
(-0.0163791112 -0.01285190471 0.008414676947)
(-0.01654387213 -0.01334549351 0.009324599857)
(-0.01861126484 -0.01308919253 0.008764140285)
(-0.0186154551 -0.01254953258 0.007516588356)
(-0.01744713873 -0.01512283371 0.007706656192)
(-0.01651178839 -0.01432671392 0.007644498435)
(-0.01880109249 -0.01405900166 0.007780470482)
(-0.01744291474 -0.01355647104 0.007865770383)
(-0.01764238427 -0.01318730994 0.006837686405)
(-0.01754623024 -0.01663954579 0.007815118337)
(-0.01759993244 -0.01449896424 0.006831440488)
(-0.01853998007 -0.01204496682 0.008943360378)
(-0.01973267431 -0.01085267498 0.009199831176)
(-0.01885336273 -0.01000458584 0.008893950693)
(-0.01980301399 -0.01204089706 0.009030638128)
(-0.01965964304 -0.01207425727 0.007885757783)
(-0.01999806505 -0.01308972891 0.007882913046)
(-0.01947921696 -0.01195300166 0.006842312531)
(-0.019818294 -0.01408598622 0.006832507605)
(-0.01991372154 -0.01292101583 0.006804913267)
(-0.01879373795 -0.01310002718 0.006675734657)
(-0.01897506907 -0.01325299496 0.005750463317)
(-0.0186714714 -0.01512594509 0.006693725886)
(-0.01949776767 -0.01446775919 0.005696709525)
(-0.0207632961 -0.01578793063 0.008789155038)
(-0.0175233296 -0.009992404266 0.009159984912)
(-0.01674076807 -0.008983983938 0.008592492334)
(-0.0176447438 -0.007860329012 0.009024134746)
(-0.01000382461 -0.002758050063 0.008033195422)
(-0.01173608492 -0.002022371229 0.008356651394)
(-0.00974996975 -0.0002063476427 0.008120647917)
(-0.008830865232 0.003163436754 0.008286371981)
(-0.009604271621 0.005468561469 0.00785189252)
(-0.002685453676 0.01537488178 0.002202305353)
(-0.009204928719 0.001484993083 0.006882061788)
(-0.009876273368 -0.003075861475 0.006017557444)
(-0.006497041683 -0.005201669068 0.006336530892)
(-0.01258196807 -0.002877635444 0.00650064319)
(-0.01140116898 0.0008219950903 0.0063155297)
(-0.0114964106 0.003618221384 0.00622098347)
(-0.01308154707 -0.000598430688 0.007907138642)
(-0.01511791364 0.001131990391 0.007870883861)
(-0.01378022618 0.003035412421 0.008102773715)
(-0.01152678349 0.005390197471 0.007999071435)
(-0.01327043916 0.005275074007 0.007976204556)
(-0.01564168633 0.005542113193 0.008575172335)
(-0.01258056067 0.007709956059 0.008207332983)
(-0.01355965603 0.010004499 0.008439887581)
(-0.01350012539 0.005749876592 0.006029196883)
(-0.01340373668 0.005521649688 0.004076217961)
(-0.01318238554 0.001608717718 0.006452074502)
(-0.01385574221 0.001126948097 0.003988095169)
(-0.01352524876 0.003452068957 0.003640949408)
(-0.01378061365 0.001947303169 0.001763830179)
(-0.01339914778 -0.0002816732869 0.005696880425)
(-0.01344166798 -0.004900392434 0.004459215283)
(-0.01626134596 -0.002843804187 0.004191123558)
(-0.01468942666 -0.003469896919 0.001896317235)
(-0.01331402934 -0.005555042792 0.00166158675)
(-0.01125504242 -0.005305396352 0.002017571489)
(-0.0175790756 -0.01042448441 0.00789323077)
(-0.01682715793 -0.01006558171 0.006625795269)
(-0.01642624077 0.003425689624 0.005902419047)
(-0.01534179018 0.005339320718 0.00668082973)
(-0.01583439673 0.007233888283 0.005983599448)
(-0.0152569996 0.007646754487 0.004680411359)
(-0.0156807565 0.005319376027 0.004060802855)
(-0.01518514115 0.006031439361 0.001695982796)
(-0.01568203702 0.00335916822 0.001651319985)
(-0.01869743988 0.004396880928 0.008712505431)
(-0.01797745334 0.007936961738 0.008968123587)
(-0.01744840663 0.009489079507 0.008726041818)
(-0.01777056949 0.005881954812 0.00590213938)
(-0.01788735226 0.006211928106 0.004604784222)
(-0.01803382179 0.007648911368 0.003379319859)
(-0.01827060668 0.01076782288 0.00460554757)
(-0.01835053534 0.005232824338 0.001283364149)
(-0.01840769496 0.004702725236 0.006056800819)
(-0.01800362233 0.001172366759 0.006109665296)
(-0.01883315225 0.00412370309 0.003411524088)
(-0.01816100998 -0.001030021102 0.004576841932)
(-0.01603344613 -7.403526194e-05 0.004146709103)
(-0.01585119279 0.001127028036 0.002060784839)
(-0.01750396576 0.001622187156 0.003959678472)
(-0.01846372947 0.0002274092751 0.002131024199)
(-0.01910817812 -0.006218157535 0.008956522576)
(-0.0190308594 -0.007438475577 0.008958705324)
(-0.01887145925 -0.007984551816 0.007847764652)
(-0.01841584395 -0.008728024164 0.008768691509)
(-0.01904697652 -0.009598220437 0.007826480463)
(-0.0006397185053 -0.009378530047 0.008089105864)
(-0.001480214595 -0.008937526722 0.005901634402)
(-0.004786962495 -0.007894459684 0.006016136749)
(-0.01478866111 -0.01134699344 0.008914181943)
(-0.0163721452 -0.01095841385 0.007437167159)
(-0.01505056648 -0.0122798775 0.007814663315)
(-0.01424565699 -0.01009036357 0.008178760838)
(-0.01550417281 -0.01010097163 0.008937316413)
(-0.01663068391 -0.01004136124 0.008744374383)
(-0.01630468946 -0.009980148964 0.007793262662)
(-0.01891583433 -0.01114628413 0.009165999565)
(-0.01731744393 -0.01228893717 0.009029084772)
(-0.01619716636 -0.01094084607 0.006549247453)
(-0.01867894442 -0.01123742589 0.007955353401)
(-0.01958857161 -0.01080334828 0.007933760779)
(-0.01845887926 -0.01140833883 0.006810269711)
(-0.01855270994 -0.01023634951 0.006736177711)
(-0.01958407031 -0.009945608877 0.006989178937)
(-0.01899322381 -0.008636417998 0.00672318101)
(-0.01917812367 -0.007191539334 0.006842294056)
(-0.01850796287 -0.01009328393 0.005303001902)
(-0.01748734947 -0.01015393462 0.004796855904)
(-0.01632205017 -0.009435969082 0.004692130907)
(-0.01149539308 -0.008892382266 0.001575552006)
(-0.0182529714 -0.007879111198 0.004658010575)
(-0.01887470684 -0.01002041459 0.003207669774)
(-0.01800937567 -0.01012676036 0.002189940821)
(-0.01910783124 -0.008983904503 0.005554052615)
(-0.01962735968 -0.01107246193 0.00695841302)
(-0.01938538205 -0.01087602871 0.006025758367)
(-0.0181495929 -0.01124968628 0.005609164087)
(-0.01687614291 -0.01115814567 0.005646244609)
(-0.01834669698 -0.01236495449 0.006193869672)
(-0.01852589138 -0.01080440799 0.004156129374)
(-0.01950322923 -0.009912029091 0.005708354519)
(-0.01944270153 -0.009785796197 0.004403323542)
(-0.01951029562 -0.01203523084 0.005855748301)
(-0.02002691823 -0.01317238082 0.005646049804)
(-0.01953601993 -0.01074317667 0.003620496329)
(-0.01947126091 -0.01095573759 0.002373893819)
(-0.01844126396 -0.01102506153 0.002980281608)
(-0.01735365922 -0.01132016172 0.002505502948)
(-0.01875400343 -0.01200648963 0.002249439969)
(-0.01859729633 -0.01093571433 0.001417103571)
(-0.01939202962 -0.009827286498 0.002176866018)
(-0.01930568409 -0.008401300751 0.002393087245)
(-0.01895595172 0.003888351268 0.001341006341)
(0.01509549013 0.006302571522 0.00294561585)
(0.01585485254 0.01537363394 0.002418558549)
(0.01089362361 0.01616189982 0.002675756594)
(0.01601285454 0.01152186868 0.003375814365)
(0.01120285235 0.006335068777 0.001846986279)
(0.002354666405 0.01507417553 0.003017351278)
(-0.0008612457795 0.0078036982 0.007764917731)
(0.0002755370336 0.006030842695 0.006358355691)
(-0.004084252447 0.005925516189 0.008053445876)
(-0.002935483561 0.008176262464 0.006576225772)
(-0.01148197687 0.009991910252 0.008211895218)
(-0.009629620627 0.0131555608 0.007327619933)
(-0.009260196649 0.01057559328 0.008247257373)
(-0.009311623139 0.01124511619 0.005934045627)
(-0.009060191952 0.008306317316 0.00747819684)
(-0.009454092182 0.008596547629 0.004885586784)
(-0.007178040923 0.007213740399 0.008129173172)
(-0.007023454847 0.009731575089 0.008469417931)
(-0.007183453582 0.0122493331 0.008150781786)
(-0.007251572269 0.01452411359 0.008408236694)
(-0.007011106234 0.009680271973 0.006453552)
(-0.007963301908 0.01025202068 0.004367330351)
(-0.006803481031 0.004873504779 0.008027628539)
(-0.007622448822 0.005542888113 0.006205318932)
(-0.009555066956 0.006330802602 0.005513740052)
(-0.01167661877 0.006269290819 0.006346661636)
(-0.008953189912 0.003698877684 0.006356182233)
(-0.007431434857 0.005466037204 0.003571112652)
(-0.004595497766 0.005793340803 0.003896984023)
(-0.004663175623 0.003231133396 0.003669655321)
(-0.008804613721 0.005889871179 0.001630549976)
(-0.01090530312 0.01440279528 0.00835533393)
(-0.01158536249 0.01676035655 0.008173119055)
(-0.01226827953 0.01870341383 0.008773208828)
(-0.01102599675 0.01224635777 0.005988638049)
(-0.01160137115 0.01386866965 0.00664356741)
(-0.01148625764 0.01455032516 0.004330445387)
(-0.01126209195 0.01045164804 0.006022992683)
(-0.01143433808 0.008184212252 0.006250066315)
(-0.01308929961 0.007384438772 0.006625692304)
(-0.01412493132 0.008515346375 0.004397030439)
(-0.01072990691 0.009895037809 0.003977846223)
(-0.01127367827 0.01188928324 0.004174146443)
(-0.0114959921 0.009360491087 0.00225900424)
(-0.01135525272 0.005285520114 0.004355609741)
(-0.009653328283 0.006268927066 0.003482638603)
(-0.01132082763 0.007426263343 0.003820331334)
(-0.01351535528 0.00443516737 0.001866004875)
(-0.01464628412 0.007470108113 0.001494145395)
(-0.01524281107 0.008227046346 0.002380141732)
(-0.01409652301 0.003342697846 0.005879442886)
(-0.016445943 0.01006747657 0.007891806341)
(-0.01534183881 0.0119841267 0.008912738589)
(-0.01552451892 0.009727311048 0.005856459674)
(-0.01295658146 0.01149227756 0.00829752703)
(-0.01390015339 0.01421066874 0.00897265676)
(-0.01297003756 0.0119882945 0.00554024652)
(-0.01382074973 0.01012076 0.005550162005)
(-0.01332341324 0.01030826257 0.004108650596)
(-0.01782057965 0.01379065682 0.007544082481)
(-0.02090544422 0.01619483 0.008807237546)
(-0.01995305385 0.01908778426 0.007976929332)
(-0.01748768128 0.0205505174 0.008696843648)
(-0.01799491324 0.01890844977 0.008394840266)
(-0.0177728825 0.0193637003 0.007059717296)
(-0.01820987072 0.01721325494 0.007730852471)
(-0.0178392377 0.01714688076 0.006502854828)
(-0.01786785331 0.01217355529 0.008597043551)
(-0.01740356876 0.01159991615 0.006559175924)
(-0.01799038911 0.01469651354 0.006025716644)
(-0.01848791662 0.01274498032 0.003747090678)
(-0.017663701 0.01256774606 0.001500398205)
(-0.0179630933 0.01017740536 0.002163847341)
(-0.01841735498 0.008262551698 0.006401670928)
(-0.01836421635 0.01035246257 0.005765736055)
(-0.01580682531 0.01010514419 0.00403460371)
(-0.01541030584 0.01223096641 0.003798850773)
(-0.01535804614 0.01021347442 0.002112925511)
(-0.01803072752 0.008460581649 0.002186880479)
(-0.01550453785 0.00145045443 0.005692122817)
(-0.02189592346 0.01827316803 0.007834311301)
(0.006098539369 0.01090184328 0.008547192909)
(0.01974553018 0.01940643916 0.007498373058)
(0.0202080586 0.02015274373 0.003033749304)
(0.003530255716 0.00790475959 0.008131049446)
(0.00575981152 0.008375719787 0.008307046383)
(0.001430730056 0.007648244452 0.008221315243)
(0.002421061696 0.008405461068 0.006429332802)
(0.004878380794 0.007284222945 0.004249424887)
(-0.00085671682 0.01019577612 0.008382359065)
(0.003052980386 0.004996947967 0.00652355534)
(-0.00441475605 0.01586699883 0.007404938548)
(-0.0052658372 0.01407414188 0.008488180812)
(-0.005777185975 0.01451801269 0.00641160752)
(-0.004498615517 0.0121535408 0.008485196699)
(-0.004863516225 0.01277259481 0.006831604629)
(-0.004857316508 0.01239117041 0.00440138346)
(-0.002976809311 0.01271743613 0.008063723377)
(-0.003098778699 0.01013614089 0.008264738455)
(-0.004138947307 0.01064026381 0.006512605597)
(-0.005736184081 0.01014326402 0.004700599133)
(-0.005904598871 0.01000054171 0.00239888349)
(-0.005142268887 0.008451418846 0.007991389315)
(-0.004608193112 0.007837768145 0.005620950148)
(-0.004665925813 0.008505468811 0.003552576396)
(-0.005485785615 0.006896036003 0.001833281807)
(-0.0008217520153 0.00363624972 0.006754036826)
(0.0007294114913 0.003635984963 0.004719229822)
(-0.002663546295 0.0003942474534 0.006302355163)
(-0.00437391171 0.003316793789 0.006508471064)
(-0.002602548065 0.005553248723 0.006618093352)
(-0.002466158653 0.003533632273 0.004328336427)
(-0.004143979845 0.004018382917 0.001803470482)
(-0.002862052598 0.008027103044 0.003859185849)
(-0.007966544273 0.01679052718 0.008187869677)
(-0.00683309032 0.01616623196 0.00666219192)
(-0.009272210259 0.01879431191 0.008344987223)
(-0.009232954055 0.01870057012 0.006167839636)
(-0.008848849099 0.01620540006 0.00877061126)
(-0.009183450845 0.01706999719 0.005919514252)
(-0.008651648291 0.01670963248 0.003607790151)
(-0.006915212487 0.01211189908 0.005745508935)
(-0.007747435577 0.01459280606 0.006731689172)
(-0.008131811229 0.01227451666 0.001665534484)
(-0.009466253986 0.01473043776 0.004505573651)
(-0.009192662814 0.01415412407 0.001629686401)
(-0.009200943022 0.01167610575 0.00390149373)
(-0.01051838348 0.01225574692 0.001976367217)
(-0.006948259049 0.007365789865 0.005800012824)
(-0.008967722487 0.0100425062 0.002294880222)
(-0.009680259005 0.008061330737 0.002076526962)
(-0.01548219765 0.01455792542 0.007855518908)
(-0.01577123097 0.01659044322 0.008204180895)
(-0.01598469886 0.0186509246 0.00859092078)
(-0.01365904316 0.01851170672 0.00831276521)
(-0.01581723791 0.02094898371 0.008501213564)
(-0.01550045349 0.01878651456 0.005998684716)
(-0.01549725675 0.01880655568 0.003686906459)
(-0.01553839657 0.01483383265 0.005596122057)
(-0.01398685512 0.01612393803 0.007692856987)
(-0.01363218301 0.01716931082 0.005662425963)
(-0.0109639535 0.01689720491 0.006694968237)
(-0.01089425218 0.01939086441 0.005830923011)
(-0.01086285272 0.01638937451 0.003682986427)
(-0.01158230482 0.01608899299 0.001716892842)
(-0.01375795709 0.01838657191 0.005995768142)
(-0.0136370819 0.01835944199 0.004738190144)
(-0.01419771504 0.01928051265 0.002044643785)
(-0.01393953992 0.01389665364 0.005725268122)
(-0.01379778016 0.01415011038 0.003550177116)
(-0.01119030391 0.01447503493 0.001729303088)
(-0.01314945385 0.01226262159 0.003043970099)
(-0.01337047611 0.009500557419 0.002427303016)
(-0.01163633439 0.007812345123 0.001558355409)
(-0.01505154238 0.01237646398 0.006295606011)
(-0.02233124116 0.01628850847 0.008654646177)
(-0.02069799499 0.01588817603 0.006003439448)
(-0.02058061836 0.01904481456 0.005571244712)
(-0.02235256585 0.01846550704 0.006312706913)
(-0.02304375837 0.01909565749 0.003909885472)
(-0.01982903184 0.02134582668 0.005853938815)
(-0.01782605303 0.02045209008 0.006579685792)
(-0.02053818011 0.02043783059 0.007982444282)
(-0.019580549 0.01855997329 0.003816107622)
(-0.02236112057 0.01624870124 0.004237507938)
(-0.01610816788 0.01655892822 0.006234728695)
(-0.01783674576 0.01673622025 0.003762962596)
(-0.01799113559 0.0185794264 0.003531272075)
(-0.01828731084 0.02080534839 0.004296911425)
(-0.01578266947 0.02110154978 0.00456935081)
(-0.01806911018 0.02305494012 0.003538142964)
(-0.01831935905 0.0180000829 0.001466583577)
(-0.01640599268 0.01896387693 0.001639052566)
(-0.01738596296 0.01495191899 0.003998988628)
(-0.01579064979 0.01449688497 0.003935964379)
(-0.01775934608 0.01379631949 0.002202635892)
(-0.01645934364 0.01181836658 0.001246491396)
(-0.01539737951 0.007425763609 0.009014240738)
(-0.0150824374 0.009046587905 0.008148041791)
(-0.01622558518 0.009344718639 0.008766724914)
(-0.01546471412 0.01054169302 0.008791822165)
(-0.0151742374 0.00922635247 0.00682485717)
(-0.01704392447 0.0105577365 0.008917115939)
(-0.01852670975 0.01062121763 0.009051317256)
(-0.01769134754 0.01157523431 0.009156718465)
(-0.01732668258 0.01051319005 0.007664576807)
(-0.01634881285 0.0114181942 0.008386088653)
(-0.01694558686 0.01257846482 0.008825274483)
(-0.01652661218 0.01070834552 0.00689551854)
(-0.01654262178 0.007003163919 0.008565296327)
(-0.0166095133 0.008216742074 0.009074809317)
(-0.01623107298 0.008116332863 0.007940659268)
(-0.01664097497 0.009124682197 0.007667171821)
(-0.01759673422 0.009464192252 0.007649292018)
(-0.01845156915 0.008838375286 0.007849435202)
(-0.01743576187 0.00995433589 0.006783894161)
(-0.01618438861 0.009565935919 0.006952538664)
(-0.01664789851 0.009704589268 0.005949799647)
(-0.01781224922 0.0230100142 0.007835003819)
(-0.02204738768 0.02092161081 0.008579859646)
(-0.02186220608 0.0236878662 0.008494529872)
(-0.02222872285 0.02380735291 0.006341688107)
(-0.02147768597 0.02140152608 0.00599023375)
(-0.02285654455 0.02159588693 0.003502426184)
(-0.02244859125 0.02132971208 0.001992480661)
(-0.01992740831 0.01733111902 0.004520754949)
(-0.01946975221 0.01636201979 0.002202151333)
(-0.01728355083 0.01682601128 0.002157021057)
(-0.0218239401 0.01672454792 0.002343429179)
(-0.02269466613 0.01967425314 0.002190895879)
(-0.01997508852 0.01870812885 0.00225990719)
(-0.02253459667 0.01626743672 0.00629912182)
(-0.01924634245 0.02275511885 0.007510068749)
(-0.0205222864 0.02296668401 0.005876976625)
(-0.02104246553 0.02363845958 0.004281390836)
(-0.02011391791 0.02115750312 0.003004871682)
(-0.02022054231 0.02340126104 0.001715530067)
(-0.01809000394 0.02296444979 0.001240710928)
(-0.0183546228 0.01265505925 0.009183687852)
(-0.01868913351 0.01171692327 0.00843895601)
(-0.01575997204 0.02049721288 0.005587057851)
(-0.01586490709 0.01625570811 0.003993636012)
(-0.01357594453 0.01426106448 0.001757781968)
(-0.01286742507 0.01668854815 0.001098439367)
(-0.0158045507 0.01629237662 0.002097487505)
(-0.01947976721 0.01158438158 0.009152816339)
(-0.01961798154 0.01263082766 0.008938504818)
(-0.01975563557 0.01167629681 0.008090435625)
(-0.01971566284 0.01163761983 0.007020566076)
(-0.0196370154 0.01056740353 0.009165944526)
(-0.01956458199 0.009577538016 0.0090225543)
(-0.01857794665 0.009346348969 0.008934123407)
(-0.01939971483 0.008308265666 0.008949768877)
(-0.01940300768 0.009416655188 0.007839749822)
(-0.01932937656 0.006046769378 0.009180835689)
(-0.01775174082 0.00626329425 0.00879007225)
(-0.01890306707 0.006084504535 0.008052395137)
(-0.0186928027 0.006149893799 0.006778024488)
(-0.0188875134 0.007092852351 0.008814126167)
(-0.01913719271 0.007335595659 0.006704055848)
(-0.01733378397 0.008553134205 0.008101053203)
(-0.01725647869 0.007582956428 0.007794773574)
(-0.01681127913 0.006424816921 0.007264121626)
(-0.0174405712 0.004919890593 0.007460825606)
(-0.01742198251 0.007413453685 0.006566874644)
(-0.01738259725 0.008716311035 0.006826130116)
(-0.01787022664 0.007321056424 0.005452636602)
(-0.01744672341 0.00714721428 0.004238714708)
(-0.01954647166 0.008183746749 0.007751947098)
(-0.01935315451 0.00867928271 0.006713158508)
(-0.01864041336 0.00966555618 0.006837408542)
(-0.01830171125 0.01072486788 0.006795839605)
(-0.01846192278 0.009250323306 0.00592805149)
(-0.01825158799 0.01027908477 0.007921116712)
(-0.01851102524 0.00752021604 0.00769498274)
(-0.02249803222 0.02266578067 0.004312218015)
(-0.02245183746 0.02280093695 0.00196338593)
(-0.01821997317 0.02334154519 0.006646137071)
(-0.01762638042 0.0202691318 0.00164183392)
(-0.01601683627 0.02163102959 0.002112019518)
(-0.02015434869 0.01371753297 0.008995158508)
(-0.01909287996 0.01351527062 0.009224503087)
(-0.02093745011 0.01469877836 0.008491086726)
(-0.01934301825 0.01059625525 0.007911190818)
(-0.01957763427 0.01245913929 0.007755728698)
(-0.01824930583 0.01267377181 0.008069573882)
(-0.01994795661 0.01251319732 0.006829269952)
(-0.01961792729 0.009729122067 0.006738684942)
(-0.01950224068 0.009603099144 0.004597704326)
(-0.01854595511 0.009461291576 0.004937798331)
(-0.01944229187 0.01066854856 0.00673329567)
(-0.01938661112 0.01035381917 0.00571012945)
(-0.01735696901 0.01063885674 0.005975091565)
(-0.0162150153 0.01097912516 0.005696806226)
(-0.01748682438 0.009465392508 0.005491961306)
(-0.0173720339 0.01044113428 0.00498358475)
(-0.01859032919 0.01090863609 0.00322760414)
(-0.01933240361 0.01154829251 0.005809365961)
(-0.01987895722 0.01264565252 0.005721403908)
(-0.01987256388 0.0135987743 0.006277760736)
(-0.01957969718 0.01245464148 0.00459505316)
(-0.0197553045 0.01160204345 0.004670407567)
(-0.01948291775 0.01169590074 0.003495918341)
(-0.01932669871 0.01068723541 0.004618793312)
(-0.01954841861 0.01044627125 0.003559563617)
(-0.01952652994 0.009478030805 0.005826912848)
(-0.01942280133 0.008674649623 0.005597506492)
(-0.01948131932 0.008407700044 0.004532126535)
(-0.02423119077 0.01689175351 0.008885292176)
(-0.02445454515 0.01588291157 0.009230124806)
(-0.02410305962 0.01803798002 0.009172258648)
(-0.01629058208 0.01520858253 0.008867695692)
(-0.005426627691 0.01822374894 0.008307678107)
(-0.006734431346 0.01839134906 0.007951203397)
(-0.007527420248 0.01888821904 0.005880084763)
(-0.009504837702 0.01914035726 0.004566413166)
(-0.01179814233 0.01952389316 0.003619832677)
(-0.01095914881 0.01853011344 0.001998438174)
(-0.01413088557 0.01567613399 0.003528265999)
(-0.005038726939 0.01633777193 0.006236131101)
(-0.004558621423 0.01795325332 0.005910856281)
(-0.002654433737 0.01823988924 0.004837557185)
(-0.0072451444 0.01651766329 0.00411818002)
(-0.008874323234 0.01701052612 0.002243844977)
(-0.01856487882 0.01589228819 0.008759333233)
(-0.01973021357 0.01575143228 0.009140544774)
(-0.01937124239 0.01828666675 0.008698334514)
(-0.01958314703 0.01464942702 0.008719141676)
(-0.02120322584 0.01459308482 0.007085339356)
(-0.02016012005 0.01361874693 0.007627632593)
(-0.02185622907 0.01555188904 0.009168352464)
(-0.02177658005 0.01690855347 0.009214633504)
(-0.02298722808 0.01707728771 0.0091156072)
(-0.02317986503 0.01798859649 0.008377952475)
(-0.02174983693 0.01810838604 0.008987180161)
(-0.02210443091 0.01918786328 0.008916885017)
(-0.0216121007 0.01799754673 0.006764851849)
(-0.02193343605 0.01699172786 0.007893390356)
(-0.021864105 0.01672079367 0.006699996643)
(-0.02422891308 0.01919809983 0.00859751999)
(-0.0239041216 0.02063730801 0.008884377908)
(-0.02321941825 0.01923142405 0.00904739326)
(-0.02301296659 0.01889456814 0.00774923251)
(-0.02312847464 0.01575075885 0.009004358657)
(-0.02308003491 0.01576253324 0.007889394095)
(-0.02281524451 0.01567760994 0.006993329912)
(-0.02434033467 0.01824686938 0.007946189275)
(-0.02440665723 0.01695813764 0.007825787415)
(-0.02328454134 0.0168119684 0.008074922032)
(-0.02317245098 0.01672236749 0.007026101728)
(-0.02316214405 0.01707152927 0.006071487935)
(-0.02306293853 0.01680039344 0.004762974975)
(-0.02393771761 0.01586453973 0.008148784166)
(-0.02448022774 0.0169367069 0.006871750934)
(0.001841794426 0.01882454013 0.008653634305)
(-1.944682511e-05 0.01829463605 0.008497376977)
(-0.003337600467 0.01698316107 0.008472035382)
(-0.001986242545 0.0187952168 0.008571251371)
(-0.003410548019 0.01453975123 0.008094979114)
(-0.001168014974 0.01448147168 0.008460429687)
(-0.00366639739 0.01454652729 0.005945567526)
(-0.002621247215 0.01368061307 0.004206545978)
(-0.0003592511962 0.01455355562 0.003470762567)
(-0.001036489253 0.01683593954 0.004069009223)
(-0.006366831175 0.01450419354 0.004421095662)
(-0.002698350152 0.0125127871 0.006031254765)
(-0.006953279456 0.01383891722 0.002301349547)
(-0.004621179696 0.01417248379 0.002201089049)
(-0.005029456818 0.01194663656 0.001901543957)
(-0.007558479079 0.01605993201 0.001910701102)
(-0.01711053862 0.01266105313 0.00769584802)
(-0.01774391309 0.01357325385 0.008791523877)
(-0.01741649458 0.01463852251 0.009071999314)
(-0.01725502976 0.01604346524 0.008523750641)
(-0.01745158282 0.01724561719 0.008895282161)
(-0.01743063011 0.01608259989 0.007008174219)
(-0.01636566456 0.0139911076 0.006774881439)
(-0.01504168657 0.01403278662 0.006630477603)
(-0.01865125321 0.01421424851 0.006857121593)
(-0.01756511107 0.01482143132 0.006996540256)
(-0.01752438724 0.01381402486 0.00592841652)
(-0.01706805829 0.01388323207 0.00475635706)
(-0.01894747895 0.01352561185 0.008190589538)
(-0.01873379868 0.01473866013 0.007833538278)
(-0.01842951627 0.01581553255 0.007712977169)
(-0.01848187482 0.01530083465 0.006954574779)
(-0.01842418893 0.01554206108 0.006036006919)
(-0.0196826016 0.01504851516 0.006920886281)
(-0.01884531435 0.01418838932 0.005828748678)
(-0.02200817906 0.01529795486 0.007960173955)
(-0.02201950405 0.01536379484 0.006304987503)
(-0.02086586141 0.01597136987 0.007329279111)
(-0.01972125145 0.01592653041 0.007934579757)
(-0.02048549459 0.01679029132 0.007929458253)
(-0.02104952749 0.01442158264 0.005874350738)
(-0.01982427687 0.01279249685 0.003622179747)
(-0.02323507462 0.01586275776 0.005742341148)
(-0.01859022791 0.01731257598 0.008963158149)
(-0.01852383831 0.01448231842 0.008969311788)
(-0.01973829987 0.01687221105 0.009000897408)
(-0.01947508316 0.01719828765 0.007903024144)
(-0.02071398773 0.01782980664 0.008747710161)
(-0.02058683786 0.01941731011 0.008946359366)
(-0.01904919565 0.02021534204 0.008759172803)
(-0.02061475786 0.02234006175 0.00858386759)
(-0.02048477037 0.02024622601 0.006447173757)
(-0.02065054431 0.01801619003 0.007710247811)
(-0.02071782892 0.01736241943 0.006953570816)
(-0.01988762653 0.018239222 0.006855637191)
(-0.02081862765 0.01895364181 0.006893086683)
(-0.02083408301 0.01756797363 0.00576979786)
(-0.02094646481 0.0182546197 0.004529888504)
(-0.01430802332 0.01127638744 0.009085509617)
(-0.01413924952 0.01272661822 0.008870502564)
(-0.01380840398 0.01145199753 0.006765299828)
(-0.01565841965 0.01304239739 0.009131901786)
(-0.01522501793 0.01414166973 0.008878389128)
(-0.01566769674 0.01290307245 0.007832617787)
(-0.01439216149 0.01328582042 0.007673852858)
(-0.01332403946 0.01255303663 0.007810595907)
(-0.01620177997 0.01181438614 0.007073251378)
(-0.01663201484 0.01393271715 0.008169467848)
(-0.01676999046 0.01291254345 0.006689354868)
(-0.01610188781 0.01306279819 0.005117685945)
(-0.01464578836 0.01320093089 0.004591056313)
(-0.01754108432 0.01156882244 0.007894258856)
(-0.01872025584 0.0115775924 0.007317423177)
(-0.01740836117 0.01158235019 0.005221665539)
(-0.01856325508 0.01271456144 0.006812428788)
(-0.0184411421 0.01256475492 0.005550418302)
(-0.01728563025 0.01272083901 0.005547797257)
(-0.0174324356 0.01260655624 0.004411104618)
(-0.01859967206 0.01183459108 0.004524432003)
(-0.01745180923 0.01246543744 0.003284542277)
(-0.01663512979 0.01279976227 0.002359637531)
(-0.01820674762 0.01137302435 0.005827614623)
(-0.01837647389 0.01189034996 0.003243714112)
(-0.02008134126 0.01372361703 0.004979362817)
(-0.01981913895 0.01523621943 0.004758125306)
(-0.01904582105 0.01632863376 0.004691247256)
(-0.01975179649 0.01406728106 0.00359926518)
(-0.02004552145 0.01362349593 0.002351262718)
(-0.02343249635 0.0223043857 0.008749695171)
(-0.01850369634 0.02389943901 0.008742430265)
(-0.01990119842 0.02409533253 0.008790689856)
(-0.01931663427 0.02436533028 0.007703698295)
(-0.01613937629 0.02364169296 0.008919384754)
(-0.01741426217 0.0236443074 0.009025907544)
(-0.01551282263 0.02280253534 0.009100963479)
(-0.01650773737 0.0226287942 0.007925361911)
(-0.01637712 0.02464791971 0.009026311309)
(-0.01620791405 0.02465204277 0.007959776437)
(-0.0160148341 0.0237275252 0.00760207715)
(-0.01719023807 0.02416063641 0.007901502016)
(-0.01618111764 0.02456610887 0.006859618304)
(-0.01614918839 0.02468752453 0.005759108571)
(0.005148507854 0.01806086513 0.008626276857)
(0.005516499109 0.01631734308 0.008277019464)
(-0.0006363322002 0.01846537332 0.006353525876)
(-0.005237114399 0.01888345649 0.003469716572)
(-0.006764586048 0.01843618072 0.004456492648)
(-0.004899767822 0.01631729118 0.004398772225)
(-0.004958711578 0.01885172209 0.001742169772)
(-0.009377454011 0.01876928416 0.001869348568)
(-0.006678814279 0.01908954266 0.001364485009)
(-0.01088144177 0.01918836684 0.009044527474)
(-0.01326037822 0.01946206325 0.00870583318)
(-0.01188345114 0.01941607915 0.007826633603)
(-0.01712908688 0.02225707894 0.008903615116)
(-0.01626570669 0.02151524937 0.009032127794)
(-0.01833457092 0.02204727403 0.008917117405)
(-0.01662454477 0.02126374259 0.00786574815)
(-0.01729148725 0.02119467823 0.006871531034)
(-0.01510127605 0.02168958698 0.008306238988)
(-0.01516032058 0.02061117945 0.009083404359)
(-0.01487976263 0.02151424869 0.006067381922)
(-0.01633185712 0.02033831361 0.008885388294)
(-0.01673497451 0.01919744217 0.009034174065)
(-0.01658518606 0.02037555241 0.007921229829)
(-0.01661289436 0.02026701075 0.006773265265)
(-0.01612496729 0.02141574152 0.006763367442)
(-0.01563931439 0.02258964568 0.006929520793)
(-0.01532468683 0.01933509019 0.008895975838)
(-0.01421813706 0.01962744199 0.008993255134)
(-0.01424076723 0.01833064609 0.0088637249)
(-0.01431240119 0.01912548639 0.007844547922)
(-0.01529152546 0.01823591254 0.009227204047)
(-0.01559141695 0.01896864817 0.007683234167)
(-0.0148398202 0.01726906361 0.008975958143)
(-0.01384609658 0.0207570294 0.009103982232)
(-0.01206043901 0.0197203341 0.008952216728)
(-0.01403096057 0.0206693309 0.007929484803)
(-0.01546198424 0.02035189519 0.007876926898)
(-0.01523998797 0.01977210816 0.006778008005)
(-0.01314412161 0.01965798889 0.006742706088)
(-0.0140327038 0.02060393952 0.005996191741)
(-0.01442502713 0.02048392689 0.00469126108)
(-0.01573962073 0.02248303119 0.004422493394)
(-0.01584838841 0.02382115094 0.005720350191)
(-0.01954182021 0.02147954625 0.008758994565)
(-0.01956100281 0.02111520595 0.007447036885)
(-0.01840219349 0.02020407444 0.007711923872)
(-0.0188769162 0.02041091191 0.006696097658)
(-0.01827632806 0.0242694262 0.007255825733)
(-0.01810800068 0.02141433585 0.007719729741)
(-0.01848649511 0.02147780894 0.006506366906)
(-0.01853175975 0.02176196211 0.005409403976)
(-0.01569766588 0.02366058528 0.006716108865)
(-0.01694229163 0.02363649501 0.006610041251)
(-0.01746123215 0.02229608598 0.006692052757)
(-0.01763390041 0.02295697675 0.005625204659)
(-0.01718289287 0.02142736097 0.005501391027)
(-0.01707136964 0.02030842515 0.005711697767)
(0.009715430468 0.01611311268 0.008811212022)
(0.009949307004 0.01931096252 0.009092666218)
(0.007661788111 0.01935031379 0.008853458917)
(0.008534648754 0.0193180564 0.00585324118)
(0.009597807509 0.01931542013 0.005807426013)
(0.01193012139 0.01834296068 0.006237953522)
(0.005546756299 0.01904545863 0.006634053181)
(0.005930092914 0.01875810524 0.004035386127)
(0.007744589824 0.01851467236 0.00374863889)
(0.007435063498 0.01913235406 0.001316750796)
(0.003595733667 0.01855540008 0.008746109233)
(0.00423450152 0.01466748948 0.008428774348)
(0.001361269083 0.01450027285 0.008104144266)
(0.001776242975 0.01679144027 0.008460970969)
(0.001387402311 0.01240080651 0.008174866055)
(0.001543567209 0.0143929154 0.005155856483)
(0.003644249959 0.01353264906 0.004305691144)
(0.0009626742009 0.01619504977 0.004307242455)
(0.00147128189 0.01326555566 0.002173492029)
(-0.00097358008 0.01655786884 0.008024932233)
(-0.001008344226 0.01674896924 0.005989220549)
(0.001562261033 0.01819727217 0.006834243062)
(0.00411101286 0.01840932957 0.006117815787)
(0.003680922691 0.01624092985 0.006251555997)
(0.003958694524 0.01679788508 0.003833141129)
(0.00637555454 0.0169592925 0.004505293122)
(0.003792962338 0.01665269605 0.001888216919)
(0.003201574067 0.01795690196 0.004285083232)
(0.001370142985 0.01658873141 0.006348501551)
(0.002603045834 0.0188426596 0.003389984842)
(-0.0009546679583 0.01834883976 0.003505153363)
(0.001773858817 0.01861021718 0.001724803971)
(0.001126753348 0.01624198924 0.001737751771)
(-0.00305357511 0.01663882062 0.006264807089)
(-0.002568778909 0.01601367504 0.004473760867)
(-0.0009530747182 0.01662908144 0.001986515312)
(-0.004516334178 0.01662436099 0.001688720705)
(-0.002605137669 0.01821207149 0.002202910652)
(-0.006740957276 0.01926061262 0.008890650265)
(-0.007621882 0.01862708874 0.009046637668)
(-0.008617054415 0.01933634699 0.009002829326)
(-0.007633992743 0.01912378208 0.007992158601)
(-0.007576529616 0.01934657434 0.00688285271)
(-0.008834157816 0.018440543 0.009209237239)
(-0.009822830123 0.01808772545 0.008805225886)
(-0.008689054289 0.01823058656 0.007853694812)
(-0.009787057752 0.01934001126 0.008732345774)
(-0.00986337653 0.01923163608 0.00757431926)
(-0.01072784227 0.01962528003 0.007903112787)
(-0.008730780195 0.01947620896 0.007897229586)
(-0.01280897011 0.02000942356 0.007792948766)
(-0.01292847723 0.0184754322 0.007741100788)
(-0.01170405854 0.01826512185 0.007645805713)
(-0.01321063532 0.01801189263 0.00893630351)
(-0.01124446817 0.01936204342 0.00687482693)
(-0.01214831884 0.01845066689 0.006841522883)
(-0.01198884524 0.01722116164 0.007237502351)
(-0.01200600124 0.0198105318 0.00600402261)
(-0.01186758035 0.01969643522 0.004881302713)
(-0.01090413304 0.01718339691 0.009009896001)
(-0.01205759143 0.01750814546 0.008692669974)
(-0.01342414632 0.01668210557 0.008844755002)
(-0.01179910278 0.01601420074 0.008930960448)
(-0.01107704158 0.01605932735 0.007777229382)
(-0.01064576539 0.01735426196 0.007748781595)
(-0.01088204785 0.01857605564 0.008065332136)
(-0.01468012979 0.01556481507 0.00878703943)
(-0.01248190166 0.01616550011 0.007817361244)
(-0.01314523387 0.01624739829 0.006590481005)
(-0.01741353321 0.02032580248 0.0075768857)
(-0.0163519712 0.01783795893 0.009006918974)
(-0.01681134334 0.01796300424 0.007551497404)
(-0.01528006903 0.01809955351 0.008214431789)
(-0.0165732156 0.01949446587 0.007895741667)
(-0.01645097749 0.01897129887 0.006696372472)
(-0.01618899832 0.01949531441 0.00567602259)
(-0.01607553085 0.01946603695 0.004450824606)
(-0.01523047559 0.0181404393 0.006805564748)
(-0.01465017497 0.01799033051 0.005522288483)
(-0.01495414942 0.01787948551 0.004453445377)
(-0.01453873879 0.01932503491 0.005873724836)
(-0.01505721115 0.0190559488 0.004797932556)
(-0.01411069359 0.01771130228 0.007860867037)
(-0.0131241573 0.01714945192 0.007701082492)
(-0.01311790691 0.01782220843 0.006714710371)
(-0.01436919194 0.01714586915 0.006741770775)
(-0.01446852281 0.01605144563 0.006199880143)
(-0.01404411443 0.01501862451 0.006511293292)
(-0.01406553314 0.0153618304 0.005006274703)
(-0.01403977499 0.0185890286 0.00696944934)
(-0.01317681216 0.01974215725 0.005292436143)
(-0.01295634276 0.0198981791 0.004029277772)
(-0.0142648917 0.01918442798 0.003613852417)
(-0.005584997521 0.01673776962 0.008634292492)
(-0.006294286863 0.01546829282 0.008934726955)
(-0.0007989917362 0.01249390573 0.008210289871)
(-0.0004494344419 0.01163069131 0.005930529344)
(0.001952456197 0.01235410754 0.006094330394)
(0.004391066515 0.01213564907 0.006125791741)
(0.000962971029 0.01014570599 0.005847191853)
(0.001269980763 0.01235140941 0.004002857208)
(-0.0009440066415 0.01445578879 0.006228489099)
(-0.0009979571349 0.0094971606 0.0064360698)
(-0.0005578770864 0.009921227126 0.004532187332)
(-0.000751127058 0.01210763614 0.003769798828)
(-0.0003289409979 0.01454545931 0.001474172887)
(-0.002797036768 0.01044881813 0.004399901023)
(-0.003055256866 0.01013007047 0.002095748829)
(-0.005506072504 0.01937949748 0.009009552067)
(0.02151298481 0.02039029078 0.008439186673)
(0.01228157096 0.01902085793 0.008400208217)
(0.005874579954 0.01862259327 0.001784526198)
(0.01581170201 0.02293432132 0.008102638779)
(0.0189543914 0.02336892301 0.008560978852)
(0.01670881091 0.02090049487 0.008530507603)
(0.016541865 0.02294119822 0.006116092583)
(0.01639285401 0.02282841266 0.00392927461)
(0.01586490385 0.02022266667 0.003451324264)
(0.018481877 0.01990552209 0.003714736066)
(0.01491469505 0.01835830235 0.004284895583)
(0.01511783663 0.01608697299 0.003669579538)
(0.01902709798 0.01197127618 0.008775295334)
(0.01704465006 0.01207508155 0.008148696917)
(0.01701151674 0.01699714342 0.008499776281)
(0.01254386962 0.01350082266 0.008269860378)
(0.01023787157 0.01477555071 0.007933070534)
(0.01228700653 0.01654720585 0.008324866825)
(0.01179470781 0.01435888734 0.005772321124)
(0.01416385828 0.01480049411 0.008722311598)
(0.01384375238 0.01198510925 0.008621258325)
(0.01489276346 0.009317681369 0.00880849967)
(0.01384868551 0.007678261672 0.007333581458)
(0.01392185826 0.01259132493 0.006017870569)
(0.01450461956 0.01213871721 0.004149490984)
(0.01472962189 0.01655647177 0.008521380871)
(0.01402194 0.01840017444 0.008274265428)
(0.0151415499 0.01608324785 0.006595709398)
(0.01043224788 0.01611587195 0.006649540462)
(0.01167953841 0.01591946638 0.003847528093)
(0.01395196909 0.01925270967 0.006182062816)
(0.01751270171 0.01943110695 0.005842346022)
(0.01599645144 0.01838123452 0.003224680995)
(0.01717784345 0.01832950723 0.002360603891)
(0.01185175847 0.01954452466 0.004716962505)
(0.01030273442 0.01808599545 0.003810416257)
(0.009934691748 0.01589759164 0.00354674847)
(0.007767406275 0.01573950535 0.003832163243)
(0.01065292898 0.0135962741 0.004048647199)
(0.01029365475 0.01609050831 0.001305957542)
(0.01266755078 0.01849220148 0.001514792564)
(0.0144113341 0.01877549237 0.002017207814)
(0.01264250979 0.01602908328 0.001528690634)
(0.01231579915 0.01450174769 0.001955667076)
(0.007562693101 0.01697491141 0.008938768728)
(0.003931104488 0.0165393023 0.008385288946)
(0.00569825314 0.01708045658 0.005934064907)
(0.007914204132 0.01407062232 0.008417637443)
(0.008156665738 0.0120357296 0.008287869635)
(0.009621417872 0.01403764126 0.005911281996)
(0.007646634606 0.01396573518 0.003816709275)
(0.005622390824 0.0145056313 0.004305274302)
(0.006427757797 0.01255061813 0.003936070774)
(0.007952441175 0.01441044052 0.001558040713)
(0.008042113332 0.01606401147 0.006735542798)
(0.0101952423 0.01183977483 0.008183515869)
(0.01205386027 0.01207513396 0.008284906845)
(0.01008595687 0.009942166013 0.008696902416)
(0.01017120103 0.008517291791 0.007902095388)
(0.011999126 0.007918590172 0.008035858961)
(0.01272704097 0.005958327115 0.008262300724)
(0.01317114669 0.007876332329 0.005379595259)
(0.007976126798 0.007716591582 0.007483074924)
(0.01018921461 0.006032240164 0.005471671713)
(0.01058262047 0.008105430693 0.005973691541)
(0.01049527742 0.01234501932 0.005765272747)
(0.009763296369 0.01185281418 0.003839093887)
(0.0121804934 0.01264379518 0.004212433981)
(0.009705816975 0.0100278109 0.004393648768)
(0.01012129487 0.01155156477 0.001786036811)
(0.01097316503 0.01837080286 0.001366418157)
(0.006029975582 0.01674672614 0.001551168662)
(0.004568715536 0.01425191747 0.002523269261)
(0.003888813689 0.01880980447 0.001563656584)
(0.005802538447 0.01283588059 0.008431502273)
(0.003632499267 0.01292633465 0.008150740701)
(0.008208484698 0.01011360927 0.007824616639)
(0.005626085087 0.009848916236 0.006121968028)
(0.005364929863 0.007645665587 0.00630256428)
(0.006721484932 0.00570033596 0.006975461999)
(0.008475526784 0.01215911367 0.005781144118)
(0.006507670202 0.01479569322 0.006099857714)
(0.006946540566 0.01028653563 0.004225569923)
(0.007937889914 0.01225558888 0.001488806133)
(0.006445249816 0.01919188445 0.008556133439)
(0.003547936724 0.01406307323 0.006333497019)
(0.003713825122 0.01139948281 0.003909532092)
(0.003724573808 0.009403353272 0.004009433785)
(0.00400569709 0.01234437314 0.001913609741)
(0.001285825398 0.01014922853 0.007971340932)
(0.005031154605 0.01934857609 0.009003970778)
(0.005581643098 0.01919990769 0.007728941018)
(-0.0003444437194 0.01871016853 0.001649580185)
(0.02360107646 0.02382442514 0.0085861517)
(0.02347794318 0.01879321087 0.008480539955)
(0.02331379704 0.01713384384 0.008802255151)
(0.02305464852 0.01592581845 0.006875037675)
(0.02311528997 0.01686727137 0.003734921062)
(0.02273897573 0.02152401342 0.008577294167)
(0.02311445592 0.02102140133 0.006433233842)
(0.02324140139 0.02349745963 0.00608983163)
(0.02268900061 0.02109311105 0.00373259509)
(0.02277361462 0.01814110734 0.003525112681)
(0.02314496364 0.0210560369 0.001859044443)
(0.02162352739 0.02258994324 0.00755098375)
(0.02122915001 0.02256002345 0.005980601242)
(0.02073670229 0.02368689714 0.003938440951)
(0.01849926457 0.02244209741 0.004331849333)
(0.02155689642 0.02282056158 0.001292776592)
(0.01835504866 0.02161914247 0.008023899176)
(0.01850084469 0.01910459494 0.007836469533)
(0.01836489791 0.02072540997 0.006375775815)
(0.02109396027 0.01807985717 0.007996154409)
(0.02036078497 0.01591966987 0.008658813184)
(0.021065418 0.01914119783 0.005681283151)
(0.02160403818 0.01953809092 0.003607387894)
(0.02095026918 0.01582854349 0.003483123657)
(0.02120775897 0.0208768736 0.006034663479)
(0.02123696262 0.02068363659 0.004511297203)
(0.02112690622 0.02097988926 0.001565244114)
(0.01940350519 0.01490333448 0.007935472278)
(0.01918156642 0.01647787325 0.007867540323)
(0.0179679277 0.01700755289 0.005659527251)
(0.01837177196 0.01615391845 0.004274111806)
(0.01953738993 0.01440634072 0.003756688273)
(0.01876373589 0.01208871178 0.003710430949)
(0.01892498714 0.01671094604 0.002130490944)
(0.0174909997 0.01844451183 0.008667433068)
(0.01668134033 0.02177927095 0.006583816674)
(0.01904078296 0.01868263641 0.004235338368)
(0.01902413733 0.01802007395 0.002290433859)
(0.01945563097 0.02150284203 0.002297971894)
(0.01675982733 0.02082513065 0.00163544643)
(0.01873970404 0.02393688475 0.001292767428)
(0.01626362807 0.009537207709 0.008892989092)
(0.01707470311 0.01022195909 0.006230831187)
(0.01487089937 0.01428794596 0.00604215826)
(0.0170206578 0.01408379426 0.00681984675)
(0.01640978498 0.01255958996 0.005901428441)
(0.01659427849 0.01441291379 0.003375334274)
(0.01472802164 0.01485393548 0.003627787749)
(0.01227186356 0.01451850552 0.004018593351)
(0.0144485417 0.01427487342 0.001636406793)
(0.01245860233 0.01238626541 0.006348643495)
(0.01232645936 0.009520998848 0.006640839858)
(0.01467682238 0.00938160805 0.006420985452)
(0.01292024533 0.01079036383 0.004038648045)
(0.01237325618 0.007586146612 0.003833233035)
(0.01236870926 0.01045576417 0.001821152518)
(0.01661246163 0.01670183306 0.003853296162)
(0.01672941627 0.01686609437 0.001598047038)
(0.01443804607 0.0162935861 0.001804485985)
(0.009830942497 0.01466280951 0.002179838509)
(0.00874143023 0.01957637852 0.009085194098)
(0.006201656439 0.01345283743 0.001704737564)
(0.008389957864 0.01059222288 0.002338619988)
(0.01043633265 0.009183633336 0.002040293136)
(0.007619799575 0.01817043833 0.009150630795)
(0.0086810084 0.01737411684 0.00876266831)
(0.006290662778 0.0168477047 0.009001690408)
(0.007222247755 0.0155114674 0.008714825418)
(0.01705647438 0.01458647207 0.007909353904)
(0.01164803521 0.01009665968 0.008274486786)
(0.01605494913 0.008246990555 0.008366224246)
(0.01456020641 0.005762221503 0.008410573143)
(0.01491046022 0.007860678147 0.006263455723)
(0.01406161915 0.007062191424 0.003598204957)
(0.01320254667 0.003612798328 0.008255307505)
(0.008920360579 0.003661048882 0.007467138659)
(0.01238279134 0.001781450621 0.008385726875)
(0.01213237652 0.004408451849 0.006396445735)
(0.01253022576 0.006241503347 0.006429744882)
(0.0126483672 0.003336374459 0.004389402301)
(0.01055123723 0.003509071441 0.005717987536)
(0.01030867122 0.001033488665 0.007341960152)
(0.009661180462 0.005976518962 0.00375457455)
(0.01231196256 0.005482662271 0.004140753804)
(0.01053516474 0.007709417135 0.003516649634)
(0.01029170186 0.01026475116 0.00659259449)
(0.0123022139 0.01219091198 0.001355688584)
(0.008549707754 0.009481611458 0.006023181135)
(0.008010595639 0.008083194854 0.004302810962)
(0.007429134977 0.00610178232 0.004423293504)
(0.008103777424 0.00417475966 0.004839568773)
(0.005795770121 0.004638164611 0.003969078085)
(0.00546810428 0.001786508201 0.004299419344)
(0.007864468649 0.008779344533 0.001661295912)
(0.01225200517 0.008488958039 0.002054654885)
(0.007059091121 0.01677522578 0.007918951002)
(0.007594560996 0.01940062133 0.007380940172)
(0.01635395315 0.01593562992 0.006431998008)
(0.01861553339 0.02395942009 0.006998871548)
(0.01897516807 0.01864349585 0.005875695767)
(0.01482510272 0.01947397408 0.009157068661)
(0.01379763406 0.01931008146 0.008835601781)
(0.01492788858 0.0184744187 0.008917353818)
(0.01452720465 0.01932093528 0.007798005112)
(0.01432237632 0.02076864581 0.00897933192)
(0.01291538956 0.01983962671 0.008959676508)
(0.01164029908 0.01961816689 0.008987474984)
(0.01318402844 0.01820410514 0.00893106323)
(0.01333785489 0.01691929707 0.009057330342)
(0.01224233797 0.01712553839 0.009004990008)
(0.01281650562 0.01617105077 0.008756471583)
(0.01283064779 0.01724405281 0.008044758901)
(0.01314760282 0.01946941564 0.007673786807)
(0.01277648681 0.01933231728 0.006565277894)
(0.01171846626 0.01946703542 0.007235948003)
(0.01263842621 0.01809608788 0.006953001408)
(0.01296235419 0.02003240047 0.005818036394)
(0.01674049787 0.02265850964 0.002051029997)
(0.01733526404 0.001675441821 0.008331204362)
(0.01688382617 -0.0007595549772 0.008011009819)
(0.01650013065 0.003823615867 0.006451550335)
(0.01653575945 0.00557250867 0.007770442763)
(0.0148124184 -0.00102744502 0.008564364294)
(0.01522728153 -0.003568969902 0.008483985141)
(0.01479795865 -0.0006852534851 0.006330315267)
(0.01488453103 0.001547632078 0.008108496906)
(0.01428164838 0.001217267893 0.006261546093)
(0.01163728518 0.01633687541 0.008905213821)
(0.01196507563 0.01578321956 0.008004903552)
(0.01171087551 0.0182029436 0.008874639)
(0.01183406565 0.01828644221 0.007626127313)
(0.01179252181 0.01697021218 0.0078074259)
(0.01400087773 0.02050012922 0.006703975768)
(0.01564970627 0.02042978559 0.006547614188)
(0.01378745593 0.02059790866 0.005659537107)
(0.0118087448 0.0194289692 0.005936929613)
(0.01067394865 0.01742203323 0.008817231235)
(0.009662813705 0.01726698861 0.009183174999)
(0.01071492864 0.01605102846 0.009212911349)
(0.01050496344 0.01498269729 0.00897974147)
(0.009047003059 0.01507017782 0.008845900727)
(0.01074646326 0.0136391715 0.008572417005)
(0.01084649784 0.01763307093 0.007715259727)
(0.01092939011 0.01691625825 0.006993244669)
(0.009683614827 0.01717392305 0.006815626445)
(0.01077669358 0.016893976 0.005938364733)
(0.01081526693 0.01911295696 0.008048444255)
(0.01018552596 0.01942757991 0.007023224616)
(0.01088058827 0.01825732392 0.006741019507)
(0.01064540201 0.01943726954 0.005856234456)
(0.01073171224 0.01924978404 0.004504742489)
(0.009802579816 0.0194690129 0.004850112657)
(0.01105404733 0.01946764385 0.003453727669)
(0.0092823774 0.01378749835 0.008766456666)
(0.009384920957 0.01343010987 0.007350912883)
(0.008449215671 0.01597337428 0.008187230934)
(0.009491994674 0.01594127945 0.007456296482)
(0.009071396357 0.01496179552 0.00730540391)
(0.009473795344 0.01580203629 0.005742271976)
(0.009570490017 0.01829173361 0.009241291482)
(0.008632836657 0.01849848859 0.008868440353)
(0.008802218217 0.01799796448 0.007405850714)
(0.008359752966 0.01697304354 0.007632900971)
(0.009739098568 0.01830363677 0.007950327065)
(0.009590130634 0.0170124987 0.008036589455)
(0.009818860306 0.01851109196 0.006584772817)
(0.009063457356 0.01819745857 0.005850215813)
(0.009698864742 0.01717733896 0.005714879263)
(0.009725633576 0.01707346268 0.004601628684)
(0.009619128917 0.01844715689 0.004660819897)
(0.008703391563 0.0179041137 0.004796097126)
(0.008693910889 0.01929095652 0.008008141247)
(0.009736300402 0.01952167458 0.007919080499)
(0.008812175635 0.01912367324 0.006898002804)
(0.007545501158 0.01942738009 0.006129920243)
(0.007631015948 0.01935414153 0.004798597014)
(0.008712266148 0.0191046931 0.004713066662)
(0.007469775732 0.01791891844 0.004622877559)
(0.007363073873 0.01938375856 0.003435816531)
(0.02358219831 0.02311275284 0.004278280016)
(0.02291375212 0.02288436975 0.002443640637)
(0.01597056956 0.02401857322 0.008914375033)
(0.02358785628 0.01858908416 0.006207644978)
(0.0229327321 0.01914467951 0.001404932115)
(0.01780608343 0.02136564171 0.008940628719)
(0.01599539676 0.0216826495 0.009098280575)
(0.01711538389 0.01986830697 0.008759816395)
(0.0168109639 0.02175608619 0.007833509)
(0.01580054091 0.02048944748 0.008972423899)
(0.01627034388 0.02051015058 0.007652876908)
(0.01546907499 0.0227958541 0.009170684625)
(0.01590892485 0.02431426739 0.007863071003)
(0.01594505807 0.02438933136 0.006793132315)
(0.02293908735 0.0171911235 0.001402462488)
(0.02081048137 0.01678667513 0.002332691463)
(0.0213571586 0.02219478283 0.009051047771)
(0.02022778273 0.02273523412 0.008709034269)
(0.02164508742 0.02381104078 0.008703834669)
(0.02111401 0.01594164385 0.005809075565)
(0.0213464855 0.01934168851 0.001172753941)
(0.02035700966 0.0240101821 0.009066259934)
(0.019943884 0.02405662837 0.007835699071)
(0.01812603277 0.02271002484 0.009176335097)
(0.01685975886 0.02278535346 0.008811984798)
(0.01761903608 0.0238359949 0.008903822649)
(0.01799825775 0.02267884559 0.008014910951)
(0.01764930088 0.02296380918 0.006546841583)
(0.01944631622 0.02212658839 0.007156443193)
(0.01779224682 0.02168886412 0.0069549171)
(0.01700956701 0.02401309071 0.007762412813)
(0.01696325841 0.02419583346 0.006436086366)
(0.01518443801 0.02179025744 0.008103676246)
(0.01466416779 0.0210610801 0.005477529582)
(0.01586745535 0.02296227942 0.006943338591)
(0.01515714282 0.0217966563 0.00683278096)
(0.01605846239 0.01920402203 0.009168415061)
(0.01427472759 0.0208294593 0.007821728898)
(0.01551877815 0.0226771358 0.0044047118)
(0.01272837677 0.01977314335 0.003661587747)
(0.01896257684 0.01399230567 0.001770615249)
(0.01601982999 0.01403431447 0.001440005399)
(0.01865270962 0.01278778995 0.001612263771)
(0.01421147786 0.01216631137 0.002001841931)
(0.01726306954 0.01271569562 0.001124669093)
(0.01653598519 0.009958995108 0.001703093536)
(0.0161732843 0.007840168583 0.002240584543)
(0.01901347745 0.008519804676 0.001341391277)
(0.01491885378 0.007201411117 0.001880555072)
(0.01695755356 0.005482373011 0.002189746179)
(0.01634721125 0.008153867645 0.004585261696)
(0.01659530706 0.01215330693 0.003967555951)
(0.01461768814 0.01014077286 0.001809491245)
(0.01432183251 0.01041490453 0.003744214667)
(0.01547354172 0.01695791051 0.008921235219)
(0.01821396511 0.01690064902 0.00871134604)
(0.0194824337 0.01483729448 0.006375260479)
(0.01887768412 0.01156769512 0.005874871091)
(0.0193486245 0.01063576256 0.006528709634)
(0.01942396358 0.007542418855 0.004442338393)
(0.01747242517 0.01583686801 0.008797573141)
(0.01604189171 0.00746074603 0.005774008945)
(0.01930345929 0.008316081495 0.006766913887)
(0.01641850647 0.005480088592 0.005696829254)
(0.01829199208 0.006344561058 0.004028166003)
(0.01491439407 0.004661221472 0.003348621195)
(0.01715368523 0.01047209682 0.003818908979)
(0.01938586558 0.01051916756 0.003802315846)
(0.01853562183 0.01036479851 0.008809621896)
(0.01842968497 0.008047264938 0.009114266571)
(0.01858656491 0.003442381732 0.008220256819)
(0.01929072856 0.005866190534 0.008971480695)
(0.01913524928 0.005131552253 0.005737301437)
(0.01913941726 0.003416574237 0.00674343317)
(0.01890634444 0.00128184069 0.006486863659)
(0.01879350331 0.003645071615 0.003863188091)
(0.0152632308 0.01497432537 0.008659040248)
(0.01395222001 0.01353496471 0.008804838741)
(0.01444470267 0.00406992689 0.006255482897)
(0.01463561703 0.006277677751 0.006614363475)
(0.01376519995 0.01458346987 0.007758686685)
(0.01406390525 0.01503675458 0.006662712692)
(0.01424559339 0.01603891793 0.009106468399)
(0.01433819216 0.01734099515 0.008878822607)
(0.01392899964 0.01738733913 0.007884194247)
(0.01601634789 0.01802424376 0.008922842781)
(0.01500962279 0.01808244569 0.007869651171)
(0.01297416518 0.01825417501 0.00793798333)
(0.01377426741 0.01812671975 0.006863533187)
(0.01847999718 0.0196558256 0.008852523303)
(0.02025577339 0.01892393496 0.008783197485)
(0.01847858796 0.01948647432 0.006776292337)
(0.01581040422 0.01927992727 0.008008429057)
(0.01514049882 0.01905202652 0.006714285166)
(0.01398821567 0.01941820811 0.004733578891)
(0.01519777126 0.01967343275 0.004473195865)
(0.01386696338 0.01799252324 0.005172607383)
(0.0138632006 0.01638767709 0.004747070526)
(0.01355465639 0.01912897056 0.003372387453)
(0.01391314119 0.02085626708 0.004551063917)
(0.01167460021 0.01507566664 0.008842230402)
(0.01298749712 0.01505508954 0.00860151389)
(0.0115701536 0.01482435293 0.007577384263)
(0.01287498683 0.01506205382 0.006984052564)
(0.01045847713 0.01498884468 0.006790245004)
(0.01129926358 0.0134563029 0.007088116535)
(0.01249471457 0.00208960851 0.006211887144)
(0.01240527813 -0.0005857244421 0.005446520989)
(0.01031911431 -0.002157592846 0.007229952324)
(0.007768117012 -0.001201126918 0.00693609574)
(0.009934641273 -0.004971839186 0.005794699327)
(0.00870532264 -0.002766997088 0.004629748256)
(0.01199122847 -0.003436065709 0.006024961154)
(0.01434993673 -0.003653714075 0.005120576816)
(0.01638037657 -0.001968812311 0.005738393567)
(0.01308811208 -0.002704309423 0.007872458155)
(0.0128095366 -0.0001340681698 0.007926518953)
(0.01295704317 0.001146783622 0.00332430862)
(0.01011668555 0.00404511451 0.003601180574)
(0.01284151765 0.003862178781 0.002165372273)
(0.01485291906 0.005265706934 0.001514212671)
(0.01271554503 0.01617038861 0.007726056973)
(0.01074482694 0.01612390289 0.007909067276)
(0.01175402901 0.0174087484 0.006781161081)
(0.01293839298 0.01678816112 0.007005829394)
(0.01167209774 0.01734180092 0.005654398417)
(0.01119283485 0.01708640519 0.004572964588)
(0.01267463386 0.01721644457 0.004464729503)
(0.01207305049 0.01600134609 0.005085792306)
(0.01194800848 0.01691010572 0.003475279359)
(0.01288721285 0.01870514927 0.005522790037)
(0.01059258263 0.01829619756 0.005479720121)
(0.01179585295 0.01821381757 0.004886905092)
(0.01299382686 0.02013486135 0.004693605855)
(0.01609472168 0.02465588761 0.005752594545)
(0.01580382675 0.02368376649 0.005830439786)
(0.01622332889 0.02454508347 0.004661117198)
(0.01689813209 0.02367097001 0.00534558665)
(0.01699930793 0.02228201466 0.005607096024)
(0.01618491793 0.02456624053 0.002290434935)
(0.01715716881 0.02455193588 0.001102559215)
(0.0216088293 0.01539003572 0.009084383204)
(0.0229987081 0.01593324433 0.009023996399)
(0.02419888812 0.01661806774 0.009162062684)
(0.02284472257 0.016889227 0.007817198896)
(0.02389110862 0.01599525266 0.008132682081)
(0.02429175984 0.01698923096 0.007691899123)
(0.02429458797 0.01938183215 0.008719230034)
(0.01902378437 0.001869238917 0.008337559629)
(0.01876936275 -0.0001210220798 0.008113704356)
(0.01864636539 -0.00257198908 0.008181659389)
(0.01887268246 -0.004725562354 0.008445336672)
(0.01923720514 -0.007567476645 0.009005267348)
(0.01930522396 -0.0088738868 0.008931767188)
(0.01897105764 -0.004315436295 0.006839580845)
(0.01898111163 -0.005225059152 0.004013019354)
(0.01835719834 -0.0009628155331 0.005856022783)
(0.01830064774 -0.0008569389153 0.003010723362)
(0.01869146845 -0.003228294392 0.003513425608)
(0.01876849992 -0.002749523174 0.001663532353)
(0.01905621932 -0.0008327944201 0.001243828196)
(0.01925019684 0.005215448588 0.001075801178)
(0.01873350491 0.00330468454 0.001513980099)
(0.0185398363 0.0009113994506 0.001707801139)
(0.01913472933 0.01003123391 0.001974352287)
(0.01881483985 0.0005303554423 0.004399815859)
(0.0194870525 0.01106441307 0.009094707473)
(0.01669461906 0.001408014641 0.006130168896)
(0.01645444366 -0.0002306719017 0.003980085527)
(0.01415256838 -0.001299524187 0.003959465021)
(0.01663348214 -0.002496284033 0.003948328668)
(0.01692495602 -0.00516683699 0.003959737262)
(0.01438336837 -0.005782874974 0.003894912216)
(0.01624060043 -0.006741537836 0.00423787593)
(0.01665461505 -0.0044928398 0.002069629606)
(0.01723092222 -0.000717182574 0.001407562707)
(0.01739601112 0.001802823946 0.003931243013)
(0.01480754467 0.001709377276 0.004161297201)
(0.01640436994 0.003631748498 0.004559970336)
(0.01677535737 0.001726063122 0.002032870656)
(0.01661769618 0.003910450506 0.001434252673)
(0.01946368529 0.008583135111 0.009139340093)
(0.01918305316 0.009487318728 0.006852584543)
(0.01739297587 0.01204851145 0.009106733403)
(0.01845599006 0.0127599889 0.008981781745)
(0.01824121978 0.01164199453 0.008175628236)
(0.01710041427 0.0108303042 0.008620148216)
(0.01592563625 0.01061866871 0.009078786272)
(0.01735207351 0.00965229731 0.009148610044)
(0.01979408996 0.0123220911 0.009164021864)
(0.01955448559 0.01259794153 0.007949012215)
(0.0178982251 0.01273472834 0.008164625751)
(0.01953508757 0.0115888351 0.007998384148)
(0.01980565708 0.01258379676 0.006068047183)
(0.02101574292 0.01425000293 0.008839621907)
(0.02069192044 0.01453280594 0.007553561231)
(0.01963971225 0.01165365475 0.006842817901)
(0.01847108862 0.01144641781 0.007007870691)
(0.01711726641 0.01120784499 0.006820132367)
(0.0197854642 0.01153453439 0.005863571988)
(0.01953173603 0.01186347891 0.004847341526)
(0.00367349933 0.001923363549 0.007188769008)
(0.0006565777346 0.0007753502069 0.007187207171)
(0.005681966954 5.19787703e-05 0.006417636477)
(0.006192056411 0.003101579573 0.007298134195)
(0.008282127935 0.001740347382 0.005658377139)
(0.01334776225 0.009452154491 0.00795984946)
(0.01287362306 0.0108569207 0.008839370674)
(0.0128461276 0.010948615 0.007474279658)
(0.0139634058 0.010336244 0.009028905189)
(0.01617544721 0.009117270724 0.007673547564)
(0.01367621391 0.007925575819 0.008796535538)
(0.01508076733 0.007626803671 0.008836151243)
(0.01488967012 0.008657397158 0.007687108401)
(0.01493926032 0.0110798389 0.008957146468)
(0.01552278925 0.01036313332 0.007858700376)
(0.01514512965 0.01065918642 0.006578366534)
(0.01395238846 0.01066310643 0.006776209156)
(0.01470826298 0.01048724018 0.005678405902)
(0.01531890833 0.01264700826 0.008859202937)
(0.0161683953 0.01180178754 0.009040520706)
(0.01598122334 0.01160888313 0.007879554618)
(0.0184664496 0.009203130337 0.008962097042)
(0.01825167113 0.006715587536 0.009092435614)
(0.01714732761 -0.003284236055 0.008560226373)
(0.01412860122 -0.005011168687 0.00808629596)
(0.01809870673 0.008541497123 0.008107344998)
(0.01816324977 0.00876488983 0.007159884813)
(0.01786450978 0.01053987791 0.007624972843)
(0.01727918921 0.008399049756 0.008818958747)
(0.01730431194 0.009508897818 0.007920950539)
(0.01769282293 0.009699014151 0.006814305745)
(0.01653925442 0.009381964591 0.006491687479)
(0.01723328287 0.008747636984 0.006778809161)
(0.01740149936 0.009578164709 0.005653630247)
(0.01738352132 0.008877221082 0.004383719903)
(0.01712842237 0.01344599031 0.007954030297)
(0.01685108768 -0.005408654475 0.008324270177)
(0.01666762144 -0.007467100288 0.008350655549)
(0.01636917124 -0.009533999228 0.008058010803)
(0.01430085593 -0.009589213638 0.008277699507)
(0.01438789904 -0.01172739121 0.008107270743)
(0.0138550677 -0.008866366595 0.006787948127)
(0.01622701625 -0.01187004843 0.008929393062)
(0.01616372643 -0.01140627372 0.005647797369)
(0.01695239121 -0.009099370214 0.006712278411)
(0.01604756414 -0.00929043361 0.0036920702)
(0.01608909541 -0.00434235056 0.006761657353)
(0.01866042315 -0.002881740656 0.006158918995)
(0.01921972617 0.006760056142 0.007932790853)
(0.0192745228 0.007327353849 0.009052007986)
(0.0193442601 0.007356801833 0.006962456164)
(0.01917633535 0.008340081082 0.007978412874)
(0.01955477923 0.008548900917 0.005884009006)
(0.01952797635 0.009801030669 0.009221005784)
(0.01947138637 0.009570565388 0.008192991113)
(0.01924807213 0.01065300967 0.007743917231)
(0.01818597117 0.01056981671 0.006491774999)
(0.01843970297 0.01070204336 0.005427712375)
(0.01729716484 0.01079176995 0.005112506659)
(0.01604354756 0.01029229047 0.005742141861)
(0.01625538121 0.01123887387 0.004485598588)
(0.01852467976 0.01277114063 0.005425966741)
(0.01852665299 0.01286984805 0.004246246724)
(0.01838896251 0.01165648394 0.004743744921)
(0.01946342395 0.009530148457 0.005716998863)
(0.01949963013 0.01050987288 0.005590229328)
(0.01940234903 0.01086906276 0.004806955352)
(0.02010111137 0.01355827279 0.006821471649)
(0.01991854994 0.0126857073 0.004428846211)
(0.01967886703 0.0126603376 0.003033151669)
(0.01948760255 0.01150519925 0.003669926042)
(0.01759266585 0.01378544851 0.008897084787)
(0.01691097265 0.01289182314 0.008956280321)
(0.01852265679 0.01465836131 0.009108323624)
(0.01973426339 0.01477720637 0.009172761919)
(0.01891544473 0.0158839643 0.008978388783)
(0.02038292677 0.01742448434 0.00908911625)
(0.02039174887 0.01593438283 0.007119122662)
(0.01970099965 0.0136595131 0.008917536697)
(0.0182179961 0.01444210347 0.007051367692)
(0.01939001155 0.01499767924 0.004879273588)
(0.01854997123 0.01370997538 0.008019414889)
(0.01610067656 0.0137544302 0.006255574061)
(0.01720696667 0.01330125856 0.005726943772)
(0.01870009009 0.01257905148 0.00694539808)
(0.01845135418 0.01387031673 0.005962994125)
(0.02020870506 0.01346356953 0.007948858813)
(0.02189676452 0.01538015696 0.007989307678)
(0.02295281043 0.01543713066 0.007962803749)
(0.02164158737 0.01681266566 0.008511390755)
(0.02192822051 0.01685035243 0.006922941507)
(0.0216374117 0.01508215108 0.006789181172)
(0.02241696086 0.01550999131 0.005788270155)
(0.01894247251 0.01829244401 0.008705533541)
(0.01931394417 0.01810073619 0.007516244126)
(0.01923359676 0.01705775607 0.008809585306)
(0.0201293365 0.01730647908 0.008035752866)
(0.02079169475 0.01715041509 0.007099834823)
(0.02075262801 0.01712090035 0.005832401583)
(0.02224163169 0.01682359238 0.005595234049)
(0.02433520305 0.01614465329 0.007039393724)
(0.02400544959 0.01642790096 0.005786972518)
(0.02412909254 0.01601730298 0.004595832591)
(0.02312332399 0.01955770246 0.009034070424)
(0.02181473808 0.01904885218 0.008828382123)
(0.02264094895 0.01802835884 0.008848464674)
(0.0229909764 0.01942566496 0.007728163627)
(0.02226263866 0.01812836921 0.007764157325)
(0.02388429897 0.01822423213 0.0077633939)
(0.02294498743 0.01829986199 0.006964748928)
(0.02327386269 0.01713963308 0.006768294016)
(0.02299374256 0.01749925626 0.00461950786)
(0.02082287906 0.0146458685 0.005808230969)
(0.02068085862 0.01439545651 0.00435336775)
(0.02059973718 0.01453035454 0.002798073419)
(0.01957771066 -0.01180780585 0.006783727593)
(0.0199986745 -0.01299985225 0.004883447372)
(0.01625641209 -0.01356142962 0.003630295215)
(0.0205410477 -0.01585281329 0.00472165893)
(0.02099362753 -0.01807330259 0.003973264146)
(0.02385519509 -0.0185399928 0.003274987596)
(0.01958332221 -0.01160284346 0.008373502953)
(0.01212142898 -0.0117990786 0.008264611157)
(0.01025269295 -0.0118448373 0.008301237747)
(0.01014495468 -0.009670363579 0.008435186551)
(0.009592172243 -0.01330774044 0.008763869104)
(0.01040068148 -0.01209181748 0.006570758811)
(0.01233619937 -0.009728732737 0.00800263527)
(0.011269525 -0.008794930562 0.006034330415)
(0.01305258579 -0.0136545395 0.008644451854)
(0.01260115771 -0.01618158804 0.007907746249)
(0.01286183079 -0.01790163796 0.008957731796)
(0.01225813837 -0.01429098806 0.006603605435)
(0.01210816727 -0.01417130345 0.00448256637)
(0.01246824368 -0.01140265291 0.006399699396)
(0.01421257435 -0.01191957428 0.006235295756)
(0.01348749824 -0.0125142897 0.003958937281)
(0.01463573647 -0.01385469819 0.008383994363)
(0.0166969559 -0.01397589888 0.008747002285)
(0.01867622733 -0.01360061368 0.007724283467)
(0.01739893136 -0.01564369146 0.008530791474)
(0.0166069019 -0.01766828948 0.008233993052)
(0.01936928039 -0.01746673305 0.008542916566)
(0.01471435797 -0.01838539693 0.008011939719)
(0.01393845036 -0.01845399897 0.005870836467)
(0.01692995758 -0.02058853115 0.008509847527)
(0.0163596025 -0.02009055966 0.005677793431)
(0.01721061277 -0.0177330776 0.005910464347)
(0.0163921551 -0.0135364696 0.006486820296)
(0.0166694473 -0.01139690225 0.004469856691)
(0.01649203855 -0.01208933591 0.002101382387)
(0.0147081985 -0.01129690084 0.002190067808)
(0.01465559911 -0.00947233571 0.001311429548)
(0.01684743878 -0.008990354864 0.001820527712)
(0.01939154244 -0.008743785833 0.006300976898)
(0.01887666352 -0.007130499086 0.006268360093)
(0.01920518524 -0.008667859842 0.003791118069)
(0.01895902748 -0.01585315363 0.008827008626)
(0.01911432922 -0.01638833778 0.006772194306)
(0.0183386014 -0.01839335571 0.006305827258)
(0.02161515045 -0.01794765673 0.005738691213)
(0.01865187925 -0.01953516678 0.006575254454)
(0.01911176159 -0.02281999992 0.00571113323)
(0.01874286536 -0.01586984866 0.00425354151)
(0.01963198313 -0.01518650042 0.001119139833)
(0.02136358149 -0.01800845884 0.00846623812)
(0.02375610913 -0.01848044547 0.007773352953)
(0.02178633654 -0.0205407241 0.007965688904)
(0.01900452969 -0.02002053118 0.008632932356)
(0.01815885602 -0.02307445858 0.007996064918)
(0.02136824225 -0.02236933325 0.008255395431)
(0.02096887678 -0.02057483656 0.006107108017)
(0.02096296604 -0.02238034122 0.006220062683)
(0.02296124028 -0.01821011501 0.005621716321)
(0.02382360093 -0.02055368261 0.006199151664)
(0.02396701017 -0.01976969703 0.004160297876)
(0.0224049659 -0.02365056437 0.003498353105)
(0.02330274944 -0.02220772863 0.001559895077)
(0.02403820816 -0.02010486276 0.001249384596)
(0.02282350438 -0.01839771898 0.002059166303)
(0.01292906767 -0.00749845757 0.008201294931)
(0.01460628321 -0.007433277872 0.00825467687)
(0.01046462263 -0.007490092959 0.007870609466)
(0.01193852254 -0.00527782217 0.007499206304)
(0.01226973706 -0.007039440487 0.006321724822)
(0.01419489764 -0.006072432972 0.006380264749)
(0.01593959918 -0.007246779026 0.005643043454)
(0.01481282009 -0.007390775699 0.004210059867)
(0.01370826336 -0.008821201605 0.004827291566)
(0.01427213885 -0.006989995077 0.002061839023)
(0.01461668571 -0.004697810571 0.001803030881)
(0.01894493485 -0.00755506087 0.004313069872)
(0.01840753277 -0.004892254533 0.00179324303)
(0.01908947233 -0.01427694229 0.006661999353)
(0.01836058528 -0.01080787082 0.004362397997)
(0.01823896743 -0.01095173882 0.002309212407)
(0.01925412436 -0.009279668116 0.001820162216)
(0.01869062281 -0.01273508418 0.001023334348)
(0.01858240731 -0.007677108007 0.002004795456)
(0.006243043218 -0.01399969465 0.008675162032)
(0.007727661771 -0.01360933757 0.008228128296)
(0.005671540444 -0.01536460153 0.00865514476)
(0.005981531059 -0.01835144374 0.007821049196)
(0.00539319601 -0.01397431483 0.0067766657)
(0.006172805764 -0.01439762307 0.004446772597)
(0.007910250272 -0.01643970435 0.007876965896)
(0.0104081504 -0.015454937 0.008111154985)
(0.008448868808 -0.01573119577 0.0056343328)
(0.007716539537 -0.01533790467 0.004239516238)
(0.008540961964 -0.01140306029 0.008368924586)
(0.007969823015 -0.009140186807 0.008458752899)
(0.007460246827 -0.01127264926 0.006145253594)
(0.007211227404 -0.01398675824 0.005810859184)
(0.009917785181 -0.01396976301 0.006614902283)
(0.00970196218 -0.0137413095 0.004070926208)
(0.007938976906 -0.01355964752 0.003753840556)
(0.008614108268 -0.01388379738 0.001902313741)
(0.01233522186 -0.01128160267 0.004792341592)
(0.009641986777 -0.01219409527 0.003576251203)
(0.009929049273 -0.009218632557 0.004439646706)
(0.009121852487 -0.01005461401 0.00656550041)
(0.01061447662 -0.01126091104 0.001552743583)
(0.01040816504 -0.01358079889 0.002240372912)
(0.01233874257 -0.0130387651 0.002595217322)
(0.01068128691 -0.01608443893 0.002532468993)
(0.01229547656 -0.009550206131 0.004625527355)
(0.01198693327 -0.00948864779 0.001616766882)
(0.01238249736 -0.01136067923 0.001815566355)
(0.01388235955 -0.01684789148 0.008718114201)
(0.0142882036 -0.01525706032 0.005769745338)
(0.01686429784 -0.01571930774 0.006697382669)
(0.01284296205 -0.01588973174 0.005831216674)
(0.01066421844 -0.01667828379 0.006120620635)
(0.01033765161 -0.01546553929 0.003644041094)
(0.01233916393 -0.01656922635 0.004819701448)
(0.00999287931 -0.01827935314 0.003641123404)
(0.01478328463 -0.01368734541 0.006475048229)
(0.01460338844 -0.01540026885 0.003969599072)
(0.01448750172 -0.01890593938 0.004555282431)
(0.01731794519 -0.01757004379 0.0045432249)
(0.01200919322 -0.01811852646 0.003612147001)
(0.01175683764 -0.01849528888 0.002473266964)
(0.01487285116 -0.01827149182 0.002142788188)
(0.01422054545 -0.01404923246 0.004560388694)
(0.01366054164 -0.01416959166 0.001415532759)
(0.01695004899 -0.01595097722 0.004549588799)
(0.01605882845 -0.01615729404 0.002136954162)
(0.01656616028 -0.0177822596 0.001223650151)
(0.01663375373 -0.02060797978 0.002390374043)
(0.01622421355 -0.02220900183 0.001729799804)
(0.01630089739 -0.01448607967 0.001249394157)
(0.01885681763 -0.01819476624 0.004246905483)
(0.01866048166 -0.02010580787 0.004254804266)
(0.01693785703 -0.01996430069 0.004535060388)
(0.01640465433 -0.02258172021 0.004028082321)
(0.0192274472 -0.0182646035 0.002381156173)
(0.02292181589 -0.02073789735 0.008905079295)
(0.02355995478 -0.02359180495 0.008446807226)
(0.02363638098 -0.02263716852 0.00619143248)
(0.02090094676 -0.02018130629 0.004039310428)
(0.02125075665 -0.02200246668 0.003901184836)
(0.0218042347 -0.02083743919 0.001385296127)
(0.02158047201 -0.01805994512 0.002218408608)
(0.01703357023 -0.008662676705 0.009163819975)
(0.01206850676 -0.005562504958 0.00473803736)
(0.007617420913 -0.004560130013 0.006955759708)
(0.004993423446 -0.003075946404 0.007243583234)
(0.00798648068 -0.004931762227 0.003955175219)
(0.01058989577 -0.007327897219 0.005614154788)
(0.01134565842 -0.002912254062 0.004179008463)
(0.01251063003 -0.007446378722 0.004116681852)
(0.01267073918 -0.005268573783 0.002256755473)
(0.01685512826 -0.002272059591 0.001975048738)
(0.01505053874 -0.002813841107 0.002092915366)
(0.01833955688 -0.008731030513 0.008839281668)
(0.0196053305 -0.009787687038 0.009226036704)
(0.01906142899 -0.008862323313 0.007620398314)
(0.01573865788 -0.01004752066 0.008733849841)
(0.01710664624 -0.009740922272 0.008937962243)
(0.01699034404 -0.01024213753 0.008025998886)
(0.006138004559 -0.009895754352 0.007107423255)
(0.004032102644 -0.01003462682 0.005763144133)
(0.001632017923 -0.00864676665 0.006948281122)
(0.003789010381 -0.01275721967 0.005929001657)
(0.005441256123 -0.007035356118 0.00716970522)
(0.006637368061 -0.006624398594 0.004478138424)
(0.003962504607 -0.007422355495 0.003823700374)
(0.001647288325 -0.007523561953 0.003940994206)
(0.004982436276 -0.005158752742 0.004623862568)
(0.005996221864 -0.01222220721 0.006620175981)
(0.006406946819 -0.00905315454 0.004567733781)
(0.008293788783 -0.007548939994 0.005889780856)
(0.008188632818 -0.007521922809 0.003595057129)
(0.008370571996 -0.01052843452 0.00422417053)
(0.008390232316 -0.009389068846 0.002157817063)
(0.01043602199 -0.008992093009 0.001818852801)
(0.01008762733 -0.007203766377 0.003999610286)
(0.01230020605 -0.007769292379 0.00182779866)
(0.01217024062 -0.01563418772 0.002201843215)
(0.01504721144 -0.01114673275 0.008578202074)
(0.01577297429 -0.008787738576 0.008808316129)
(0.01562705074 -0.008952673176 0.007313138947)
(0.01635614449 -0.01087557439 0.008982880422)
(0.01753999293 -0.01121102881 0.008813629427)
(0.0171449593 -0.01225960753 0.009157392721)
(0.01723454554 -0.01332060703 0.009088884443)
(0.01769225025 -0.01095135173 0.0076455645)
(0.01738871863 -0.0113693075 0.006864827018)
(0.0163732968 -0.02252801518 0.008691521595)
(0.0160190459 -0.02333788495 0.005998685963)
(0.01949617404 -0.02295110474 0.004488284933)
(0.01877090004 -0.01131439731 0.009128489278)
(0.01844819419 -0.01001843248 0.008729334395)
(0.01838693715 -0.009778347492 0.00697304155)
(0.01974430901 -0.01225975113 0.008998102447)
(0.01961673566 -0.01092649041 0.009041659508)
(0.01958719469 -0.01089423099 0.007426708009)
(0.01946650761 -0.009911777956 0.008110125649)
(0.01953631443 -0.009768244193 0.006765422691)
(0.01917588298 -0.009748650366 0.00555023471)
(0.01808763293 -0.006436236645 0.008711828892)
(0.01937611468 -0.006229706734 0.009042388606)
(0.01796479405 -0.007811453601 0.009063394876)
(0.02156653863 -0.01511865564 0.008760140098)
(0.0198178358 -0.01550184053 0.009150978571)
(0.01844725951 -0.01506533093 0.009079465457)
(0.007649745782 -0.01905767626 0.008892770715)
(0.009894856044 -0.01846510301 0.008490835559)
(0.007567794639 -0.01805934597 0.006464712099)
(0.007555034405 -0.01792295653 0.004577846391)
(0.005031318616 -0.01792056068 0.003540720445)
(0.003919227494 -0.01888776686 0.003978050379)
(0.005534122681 -0.01621039484 0.004131928112)
(0.008869240827 -0.01769784273 0.002466703895)
(0.009630954671 -0.01874451195 0.001346467733)
(0.007846675277 -0.01659322963 0.001237670421)
(0.01000863917 -0.01820373229 0.006794420259)
(0.01233883853 -0.01837076572 0.006165221912)
(0.01350143589 -0.01643741357 0.002252506069)
(0.01922732129 -0.01657454146 0.009146152932)
(0.01880969321 -0.0197329422 0.002220452844)
(0.01839618248 -0.02292740766 0.00198880063)
(0.0211676498 -0.02220176769 0.002178702829)
(0.0198678384 -0.01594447033 0.007996770778)
(0.02061683911 -0.01661440629 0.008925112806)
(0.02059511237 -0.01774208243 0.008847350299)
(0.02119388117 -0.0148334205 0.007164895397)
(0.02187381121 -0.01627288713 0.008869768623)
(0.02184713702 -0.01749143795 0.009020888713)
(0.02277936321 -0.01698318838 0.008662149567)
(0.02149577386 -0.01858403996 0.009012816953)
(0.02149414553 -0.01722971944 0.0080384233)
(0.02204758294 -0.01596131571 0.007175986762)
(0.003855735591 -0.01435449147 0.008163864546)
(0.004202535104 -0.01422856096 0.004318375643)
(0.008350860366 -0.01190054338 0.002026093778)
(0.006342816566 -0.01130629729 0.001668456435)
(0.006142046734 -0.01336348133 0.002240793327)
(0.005291435749 -0.01513949676 0.002594720855)
(0.01504843077 -0.01242668779 0.008708638799)
(0.01382091519 -0.0121247466 0.008955628284)
(0.01365483303 -0.01100874107 0.008241442037)
(0.01370006424 -0.012397598 0.007511327199)
(0.01743968066 -0.01452620011 0.008602593911)
(0.01624552577 -0.0148053692 0.00896178128)
(0.01600355071 -0.01331890174 0.008823602537)
(0.01609695493 -0.01430635803 0.007851753095)
(0.01592865039 -0.01223498348 0.008037752934)
(0.01714048928 -0.01247021091 0.007859829365)
(0.01708987323 -0.01364061393 0.007889604855)
(0.01701939605 -0.01218822102 0.006515224058)
(0.01500981778 -0.01223322004 0.007504359757)
(0.0147813683 -0.01111306226 0.007259355634)
(0.0163242998 -0.0112067921 0.007687616921)
(0.01614006223 -0.01091705661 0.006564036596)
(0.01577340817 -0.01316424611 0.007640863261)
(0.01578067893 -0.01221174452 0.006615988358)
(0.01541799451 -0.01258792861 0.004903680548)
(0.01843482207 -0.01366288745 0.008913804295)
(0.01997764303 -0.01329244177 0.008838546783)
(0.0185131742 -0.01236459511 0.0088276227)
(0.01790382568 -0.01334078404 0.006616723461)
(0.01976120917 -0.01301780544 0.006627817714)
(0.01881045153 -0.01312988188 0.005459702669)
(0.01835844087 -0.01313048584 0.004040008142)
(0.01871743436 -0.01116322394 0.007983200873)
(0.01830664451 -0.01215213179 0.007353361228)
(0.01957592574 -0.01245947204 0.00779630242)
(0.01831646276 -0.01204129583 0.005916718152)
(0.01834323358 -0.01102296724 0.006713257183)
(0.01921128762 -0.01087393613 0.005855359757)
(0.01738806043 -0.01109650263 0.005652709521)
(0.01678123399 -0.01224425535 0.005426223027)
(0.01798114294 -0.01006970769 0.0056531767)
(0.0184803755 -0.008626035848 0.005710952699)
(0.01816949759 -0.008386135937 0.00677408149)
(0.01956647364 -0.01071755147 0.004344950637)
(0.01784496291 -0.01218003492 0.004733851956)
(0.01986913557 -0.01444373187 0.008846285712)
(0.02035023374 -0.0140206072 0.007833004712)
(0.02055264576 -0.01407731211 0.006625401235)
(0.0199621338 -0.01414699466 0.005679724734)
(0.02065654157 -0.01418270727 0.004776690334)
(0.01967882562 -0.01200176967 0.005529971508)
(0.02006345036 -0.01359027017 0.003510284163)
(0.0193980467 -0.01193115656 0.004044388403)
(0.01937899004 -0.01117105809 0.002782956392)
(0.01944529975 -0.01075060257 0.001385361746)
(0.0239535461 -0.0161157369 0.008867754406)
(0.02294845102 -0.01573905065 0.008942754707)
(0.02310622233 -0.01587524916 0.007702180632)
(0.0242293468 -0.01642880174 0.006604859793)
(0.02298809292 -0.01595044205 0.005794618352)
(0.02155282316 -0.01660872791 0.005613607982)
(0.02274768852 -0.01635938081 0.004613635191)
(0.01997409845 -0.01869028346 0.008916218936)
(0.02073999392 -0.01850733446 0.007863537231)
(0.02210707421 -0.01842803776 0.008008663022)
(0.02024008814 -0.01722990338 0.007670985194)
(0.0181138865 -0.01624004753 0.009223611378)
(0.01836803139 -0.01635902224 0.008161823493)
(0.018756173 -0.01513221947 0.007892026887)
(0.02101073237 -0.01627059365 0.007787488487)
(0.02282007772 -0.01954402432 0.008990973248)
(0.02420097263 -0.02007966567 0.008871919943)
(0.02226187859 -0.0219170503 0.00876721665)
(0.02298561821 -0.01943754706 0.007921850945)
(0.02245305516 -0.01968922353 0.006906068989)
(0.0239853581 -0.02173201434 0.008993168253)
(0.0233476549 -0.02127287661 0.007632854384)
(0.02425558205 -0.01868877994 0.008833781871)
(0.02296838605 -0.01832915086 0.008893906)
(0.0238936933 -0.01755077154 0.008899721225)
(0.02429765537 -0.01968832583 0.00753163697)
(0.02418266516 -0.01640811047 0.007873219673)
(0.02437411356 -0.01745676308 0.007626159353)
(0.02297508327 -0.0174663986 0.007664166266)
(0.02166671894 -0.0196316402 0.008900121149)
(0.02295877721 -0.01711394609 0.006564590663)
(0.02151500655 -0.01741687256 0.006964919362)
(0.02255953765 -0.01842105172 0.006761133604)
(0.02261264706 -0.01728822216 0.005213179763)
(0.02180276435 -0.01521943776 0.004841926125)
(0.02439528894 -0.01593947345 0.002839950702)
(0.02182888916 -0.0150653126 0.002430464516)
(0.01699769014 -0.02317038507 0.009207559582)
(0.02050405893 -0.0240912746 0.008328273536)
(0.01753148107 -0.01952915576 0.008776037777)
(0.0185869133 -0.01897021177 0.008874629984)
(0.01724913965 -0.01838241422 0.008525765068)
(0.01502290131 -0.0186984976 0.008974481953)
(0.01611702079 -0.01811177664 0.008904335751)
(0.01651657128 -0.01852702109 0.007670006831)
(0.01630543994 -0.01878186641 0.006775514214)
(0.01615222418 -0.01948403636 0.008824377023)
(0.01473863103 -0.01996883534 0.008967867818)
(0.0158119294 -0.0208979241 0.009013067804)
(0.01618785561 -0.01956449591 0.007495036611)
(0.01593076354 -0.01978217818 0.00656332353)
(0.01717289134 -0.01929840648 0.006739521099)
(0.01505426249 -0.01983547942 0.007111911636)
(0.01497305357 -0.02099804922 0.006428650249)
(0.001733920741 -0.018558262 0.008495205443)
(0.003727457384 -0.01859548631 0.008566660748)
(0.001617008092 -0.01596111707 0.007876626357)
(0.001136847867 -0.01839020398 0.006265532838)
(0.002205983783 -0.01876308006 0.003669034103)
(0.001365748596 -0.01663870262 0.00418800465)
(0.001371143785 -0.01822320043 0.001942412475)
(0.003500590605 -0.01838818438 0.001826124518)
(0.005894929125 -0.01583618721 0.006022203737)
(0.003370118309 -0.01666429211 0.003556201118)
(0.003871822643 -0.01560379171 0.001451535365)
(0.005597658769 -0.01844133286 0.005903608526)
(0.003511353591 -0.01850110669 0.006200942003)
(0.005869097835 -0.01863271617 0.002274718103)
(0.01316869375 -0.02018960995 0.009000218331)
(0.01441434259 -0.02131489442 0.009206283082)
(0.01458119264 -0.02102658917 0.008034357458)
(0.00909625155 -0.01925887919 0.008987636722)
(0.01076559828 -0.01767759643 0.008963784335)
(0.01060125024 -0.0191493941 0.008687059274)
(0.01398556012 -0.01873966509 0.00870016552)
(0.01396680543 -0.01892239557 0.007093533611)
(0.0117859162 -0.0197249355 0.008221464866)
(0.01276513864 -0.02020287662 0.00797760962)
(0.01380961554 -0.02018852645 0.007438942175)
(0.01517394981 -0.01926333912 0.007991609202)
(0.01563172051 -0.01771065439 0.007807588967)
(0.01512686722 -0.01736310275 0.006925104517)
(0.01520160144 -0.01855161643 0.006832261113)
(0.0151730713 -0.01868210685 0.005482836187)
(-0.001335646052 -0.01602151525 0.006617084159)
(0.0003512386683 -0.01639011581 0.006181326374)
(0.001347287024 -0.01370941852 0.006046041238)
(0.001701473984 -0.01425538823 0.003630788701)
(0.00212253601 -0.01383286046 0.001514767208)
(-0.001060985538 -0.01603689535 0.004298908764)
(-0.003591970518 -0.01657478736 0.004487536578)
(-5.745055954e-05 -0.01838694947 0.003955423112)
(-0.0002408011234 -0.01593213705 0.002015183962)
(0.001937018548 -0.01577012096 0.001732041379)
(-0.0004693647131 -0.01872932628 0.001636775712)
(-0.003226380445 -0.01742807716 0.001548360982)
(0.005864483937 -0.01198911397 0.004327933758)
(0.003062149599 -0.01190941313 0.004090649205)
(0.004227509539 -0.01150478152 0.001730889564)
(0.00384201985 -0.01335503041 0.002102425695)
(0.00528910207 -0.01901643227 0.008994594303)
(0.00849406318 -0.01802478163 0.009171513628)
(0.00762202083 -0.01726139564 0.008818067587)
(0.007121014686 -0.01812050429 0.00779097054)
(0.007478296806 -0.01929128328 0.007349624882)
(0.00951235346 -0.01745969168 0.008956775192)
(0.009791036184 -0.01786843591 0.007737976957)
(0.009494946779 -0.01935640318 0.007826226094)
(0.008891640341 -0.01894146253 0.00683115826)
(0.01064400537 -0.01901370949 0.00726368116)
(0.01083702199 -0.01746730791 0.006973568489)
(0.01087734698 -0.01929862149 0.00599902794)
(0.009570043678 -0.01734439262 0.006721460928)
(0.009570596774 -0.01766623272 0.005699031746)
(0.009586803793 -0.0188849731 0.005731743584)
(0.009545251975 -0.01921618696 0.004269867027)
(0.01186637895 -0.01672226457 0.008927633543)
(0.0129286033 -0.01649292791 0.009062437129)
(0.01267326022 -0.01523335054 0.008995927704)
(0.01181317366 -0.01770322638 0.009192759338)
(0.01069543564 -0.01429310768 0.008768417271)
(0.01064768246 -0.01646966662 0.00900716619)
(0.0106824416 -0.01803600374 0.007952699466)
(0.01168441968 -0.01898162429 0.009014542681)
(0.011848364 -0.01878561497 0.00764113897)
(0.01288257301 -0.01893118207 0.007982126901)
(0.0129064204 -0.01731574134 0.008097672684)
(0.01408862047 -0.01771234994 0.007749547362)
(0.01361752406 -0.01661002808 0.007494169772)
(0.01410933214 -0.017341785 0.006660089355)
(0.01281184935 -0.01888958781 0.006606728629)
(0.01280345896 -0.02009552943 0.00690789911)
(0.01327412649 -0.02000457002 0.005717578675)
(0.01343312702 -0.02038561427 0.004531400746)
(0.01327388538 -0.01877377072 0.004414985887)
(0.01269773961 -0.0198754046 0.00358193851)
(0.006415295621 -0.01894938373 0.008990944883)
(0.008469230681 -0.01670379263 0.008927850815)
(0.006557131082 -0.01653852001 0.009075718087)
(0.007244107643 -0.01558796142 0.008714842974)
(0.008433549117 -0.01566691552 0.008942761372)
(0.008677905044 -0.01527395769 0.007859293421)
(0.009238801819 -0.01655465719 0.007910795641)
(0.008509102924 -0.01797084448 0.007899216502)
(0.008661710966 -0.0165510169 0.00685762998)
(0.008334979238 -0.01915232998 0.00467898037)
(0.01160825345 -0.0184729162 0.006722299582)
(0.01178424438 -0.01757037868 0.006808419232)
(0.01184741742 -0.0164738625 0.006721086512)
(0.01304426381 -0.01653309612 0.006665182878)
(0.0129260072 -0.01539330906 0.006876022374)
(0.01193924624 -0.01943378092 0.00594089339)
(0.01189164351 -0.01911522572 0.004611735622)
(0.01060973177 -0.01901709009 0.004749767963)
(0.01077174173 -0.01775634981 0.004535870943)
(0.01080235883 -0.01921455513 0.003400736904)
(0.01175438241 -0.01748718286 0.004421147022)
(0.01174278666 -0.01956247562 0.003535539175)
(0.01184117028 -0.01967365875 0.00258670947)
(0.0105220932 -0.01789737932 0.00583208529)
(0.009588933163 -0.01652478009 0.005604675008)
(0.01066244528 -0.01664465515 0.004860185317)
(0.01078512541 -0.01541422494 0.005882915391)
(0.01065490365 -0.01420799915 0.005821909155)
(0.01121553126 -0.01544445175 0.004617533974)
(0.01126272144 -0.01675273012 0.003689001205)
(0.01950073919 -0.02076145531 0.008588526221)
(0.01833702623 -0.02046511577 0.009180893157)
(0.01960933799 -0.01982367175 0.009226513909)
(0.01866591688 -0.02179636173 0.008895799979)
(0.01783727975 -0.0217565433 0.00752546226)
(0.01714289609 -0.02185963921 0.008860580959)
(0.01825086133 -0.02055564158 0.008097161417)
(0.01821843063 -0.01967374321 0.007562636629)
(0.01577288638 -0.02048683441 0.007802344736)
(0.0171536734 -0.01956106177 0.007843511985)
(0.01716371591 -0.02065526216 0.006796889814)
(0.01729217356 -0.02080074321 0.005216394966)
(0.01753765391 -0.01908311373 0.00535153393)
(0.01545026687 -0.0220823767 0.008889322354)
(0.01584175701 -0.02312607675 0.009006786318)
(0.0160765864 -0.02173011158 0.007722632383)
(0.01536098729 -0.02242236122 0.006921407437)
(0.0149746958 -0.01742799967 0.008915927455)
(0.01515716145 -0.01566681794 0.008741844388)
(0.01480456054 -0.01656180898 0.007606986738)
(0.01491985651 -0.01967844662 0.005842365593)
(0.01470770067 -0.02080964778 0.004536548268)
(0.01505047977 -0.02101966378 0.002884017411)
(0.01616740903 -0.02430224255 0.009030930669)
(0.01758168185 -0.02423158839 0.008979127511)
(0.01590423903 -0.02444892596 0.007961279547)
(0.01593753284 -0.02419163502 0.004733586929)
(0.02132176822 -0.02309875468 0.008949193144)
(0.02217832975 -0.02294791209 0.007706133991)
(0.01966103795 -0.02291862143 0.008595519379)
(0.0206459779 -0.02277309906 0.007473561165)
(0.0214641183 -0.02167664905 0.007651018448)
(0.01953218108 -0.02183271821 0.007806339816)
(0.01596955128 -0.02324319005 0.007790529167)
(0.01691931 -0.02307591544 0.008141968253)
(0.01693519993 -0.02243140373 0.006842946784)
(0.01703398052 -0.02426125632 0.007783021808)
(0.01708759463 -0.02357109461 0.006794869274)
(0.01715180787 -0.02281895719 0.00564282223)
(0.01694328103 -0.0233024709 0.004461101112)
(0.01826691129 -0.02323076031 0.005041400601)
(0.01766687499 -0.02440842078 0.004539184003)
(0.0171767466 -0.02442102115 0.00327027702)
(-0.0057054089 -0.01865373995 0.005025703654)
(-0.004797167884 -0.01813621992 0.003738602237)
(-0.00277012694 -0.01813057074 0.004194336789)
(-0.004616456337 -0.0179484188 0.001417084872)
(-0.002144783981 -0.01557185275 0.001335519045)
(-0.005549434393 -0.01561585574 0.002329598404)
(-0.002859912985 -0.01355049629 0.001857312112)
(-0.0002069962098 -0.01370600288 0.002041090205)
(-0.0006772728243 -0.01137671818 0.001854457992)
(-0.007794142251 -0.01935290361 0.009022639943)
(-0.006412378682 -0.01940219717 0.009002817403)
(-0.00585056646 -0.01881564889 0.007936753835)
(-0.0053120843 -0.01900049233 0.008908188685)
(-0.004180083118 -0.01930682892 0.009106703613)
(-0.005557818861 -0.01772308316 0.008865843884)
(-0.005958326336 -0.01649966089 0.009022897174)
(-0.009760561422 -0.0189638464 0.00866880755)
(-0.00856624146 -0.0172338726 0.008914595419)
(-0.0087528603 -0.01929122537 0.008031566307)
(-0.007719450771 -0.01809712191 0.009084736227)
(-0.007551133779 -0.01741699635 0.008171902077)
(-0.009666140485 -0.01652670171 0.008924319326)
(-0.00847708678 -0.01576864092 0.00892351148)
(-0.008750116585 -0.01673111679 0.007999796627)
(-0.007472595957 -0.01880084213 0.007745262479)
(-0.00589347771 -0.0182008399 0.006622781342)
(-0.007565972082 -0.01704861989 0.006909432541)
(-0.007988835033 -0.01790932227 0.00560048436)
(-0.01077040225 -0.01913325325 0.008913686501)
(-0.009591725389 -0.01773197378 0.007791911779)
(-0.009721381595 -0.01759943933 0.009112797151)
(-0.008411950082 -0.0178974848 0.007841250201)
(-0.00870464963 -0.01905138096 0.006894650726)
(-0.01399966615 -0.01888598832 0.009203599701)
(-0.01404751615 -0.02045112625 0.008950974018)
(-0.01290543125 -0.01778765156 0.008836276077)
(-0.01429148259 -0.01785914199 0.008885687354)
(-0.01464837218 -0.01755181328 0.007709032422)
(-0.01286667816 -0.01887125779 0.009003550648)
(-0.01301517476 -0.01873562157 0.007905829031)
(-0.01327165674 -0.01740536418 0.007717720117)
(-0.01306170414 -0.01986214469 0.008738006559)
(-0.01298387207 -0.01988298728 0.007240374123)
(-0.01397795429 -0.02058893356 0.006673056368)
(-0.01478550256 -0.02079712636 0.005701443121)
(-0.01309064876 -0.01990446464 0.005719489654)
(-0.01276444233 -0.02002071207 0.004380123918)
(-0.01232217671 -0.01661202859 0.008758474691)
(-0.01178830265 -0.01817462661 0.008952226353)
(-0.01182028825 -0.01953224243 0.008992982892)
(-0.01182080212 -0.01895453728 0.007859907798)
(-0.01090370336 -0.01928912993 0.006260029886)
(-0.01226609022 -0.01750185633 0.006150428549)
(-0.01185489568 -0.01895281971 0.005663891059)
(-0.0122925944 -0.0190998674 0.004639071114)
(-0.01202237737 -0.01962739444 0.006690608537)
(-0.01079646768 -0.0149729803 0.008954847581)
(-0.009639875351 -0.01519089238 0.008800083297)
(-0.01012647463 -0.01613423463 0.007819789133)
(-0.01081073515 -0.01680782388 0.006755992979)
(-0.01622433734 -0.02191511581 0.008934406148)
(-0.01740821239 -0.02171892511 0.009088361278)
(-0.0151492309 -0.02217278845 0.008032122839)
(-0.0155436107 -0.02271323187 0.006719801158)
(-0.01939063588 -0.02126395116 0.008732414705)
(-0.01896455565 -0.01969807614 0.008630681694)
(-0.01878771731 -0.0208436094 0.007665151344)
(-0.01833795133 -0.02060665019 0.006432233706)
(-0.01569483285 -0.02323365996 0.009232394431)
(-0.01627101242 -0.02312299629 0.007919979796)
(-0.0165060407 -0.02050345568 0.008722152605)
(-0.01507637442 -0.02124769318 0.00885095214)
(-0.01744800891 -0.0196869663 0.009006609793)
(-0.0176698977 -0.01999363056 0.007910063579)
(-0.01731678075 -0.01976960438 0.006819927544)
(-0.0163651098 -0.01865586479 0.008876102685)
(-0.01518630183 -0.01871490093 0.009142047189)
(-0.01691197484 -0.01698613268 0.008924591004)
(-0.01636313454 -0.01926114906 0.007774344255)
(-0.01736983408 -0.02119817244 0.007750764409)
(-0.01722404818 -0.02114158269 0.006452697445)
(-0.01751046679 -0.0211567085 0.005423460541)
(-0.01620559701 -0.02177651131 0.007818126231)
(-0.01520205069 -0.02141549027 0.006817761741)
(-0.01631504989 -0.01961062032 0.006413404922)
(-0.01627199375 -0.02070570589 0.005909295338)
(-0.01873225543 -0.02434570783 0.009106958896)
(-0.01619816595 -0.02441637468 0.009047600639)
(-0.01596217995 -0.02430657092 0.006767843916)
(-0.017445901 -0.02355022284 0.008913922974)
(-0.01856019477 -0.02320460325 0.008897648807)
(-0.01799041418 -0.02319839278 0.00778256782)
(-0.01723316866 -0.0223301363 0.007943926271)
(-0.01722877567 -0.02330935041 0.006888226473)
(-0.01718698552 -0.02445029945 0.006715004022)
(-0.01606667647 -0.02437078702 0.007820243753)
(-0.01663025991 -0.02196954068 0.006902240336)
(-0.01637213414 -0.02325026053 0.005916781049)
(-0.01527861756 -0.01980112135 0.008664869369)
(-0.0142235741 -0.01911032056 0.008148803424)
(-0.01545586229 -0.01743810203 0.008924751417)
(-0.01615678781 -0.01761843394 0.007658906072)
(-0.01432584536 -0.0205453683 0.007789406377)
(-0.01513958732 -0.01964814524 0.006976473923)
(-0.0152046127 -0.01834210901 0.006857129062)
(-0.01548645385 -0.0196537448 0.005815068362)
(-0.01633852423 -0.01950350177 0.005296649083)
(-0.01734462969 -0.01998822035 0.005731897018)
(-0.01525140941 -0.01991500624 0.004907248265)
(-0.01512219291 -0.02219594601 0.005845727584)
(-0.01622315279 -0.02194881089 0.005855066072)
(-0.01676076914 -0.02196260431 0.004769098869)
(-0.01854108384 -0.02179012486 0.0050327264)
(-0.01540866636 -0.02189263708 0.004701675028)
(-0.01468224512 -0.02095886665 0.004311498462)
(-0.01612736884 -0.0207438314 0.004810800008)
(-0.01467594649 -0.02125557288 0.002528548304)
(-0.01987768177 -0.02444423338 0.009064674783)
(-0.01891636153 -0.02412797622 0.007971279819)
(-0.01821517164 -0.02429245194 0.007052522894)
(-0.01942862202 -0.02432742318 0.0067447168)
(-0.01892396087 -0.02318667398 0.006785081767)
(-0.01842653156 -0.02407577789 0.005829240799)
(-0.01606641588 -0.02441959993 0.005760848564)
(-0.01729143927 -0.02411491103 0.005303281158)
(-0.01609405301 -0.02453589461 0.004677059659)
(-0.01606468244 -0.02438859284 0.003636085258)
(-0.01613149011 -0.02430482846 0.002323861267)
(-0.01598302541 0.02260439203 0.005755377612)
(-0.0194934027 0.02137449785 0.004318346425)
(-0.01712747543 0.0201044868 0.00462313007)
(-0.01716292009 0.02151203085 0.003785357492)
(-0.017187055 0.0213136779 0.002284717585)
(-0.01490018347 0.0215935308 0.003309040369)
(-0.01479274889 0.02177140713 0.002185286711)
(-0.01539867307 0.02263568308 0.002388993057)
(-0.01534251373 0.02075714633 0.002380544784)
(-0.01487282076 0.02163389196 0.001031569962)
(-0.01611538554 0.0246409448 0.004702756027)
(-0.01710183037 0.02282481599 0.004619604331)
(-0.01591828932 0.02369764359 0.00462991296)
(-0.01603452747 0.02265111939 0.003289449578)
(0.01589328993 -0.02185222184 0.005854778386)
(0.01707777599 -0.02175135988 0.005920994431)
(0.01685382368 -0.02187895306 0.004751043591)
(0.01563214625 -0.02256855317 0.004778058166)
(0.01722166193 -0.02214123968 0.003687317197)
(0.0169821453 -0.02183356773 0.002484296934)
(0.01570113602 -0.0231562865 0.003522521666)
(0.0160039427 -0.02433290076 0.003688231743)
(0.01725801727 -0.008912902991 0.007839050482)
(0.01826473715 -0.007744198555 0.007896873197)
(0.01938030914 -0.007908288386 0.008036454678)
(0.02187907449 -0.024334558 0.008504297461)
(0.021590412 -0.02367962313 0.006655891406)
(0.02327251876 -0.02420730739 0.006410203762)
(0.02025643513 -0.02424022016 0.006778072221)
(0.02170573711 -0.0230251542 0.005282734701)
(-0.007266958497 0.01692340721 0.009060392761)
(-0.006477239378 0.0180743634 0.009089037824)
(-0.006801112684 0.01733716392 0.008017811209)
(-0.006836527157 0.01751575884 0.006790108198)
(0.006669813051 0.01808250193 0.008870510851)
(0.02048007137 0.02141469778 0.008617809346)
(0.020508323 0.02061747328 0.007189862235)
(0.01908229545 0.02196247547 0.008889831365)
(0.01952391969 0.02059210152 0.008483612604)
(0.01931091728 0.02056675616 0.007025924196)
(0.01961715014 0.01995085875 0.006087120528)
(0.0170068326 0.02272462484 0.007493904451)
(0.01695546624 0.01815209061 0.007650139983)
(0.01817194768 0.01826860051 0.007343772864)
(0.02423449178 0.02191120654 0.008954072855)
(0.02407783884 0.0228340092 0.007374636576)
(0.02402704902 0.02058343033 0.009052922429)
(0.02395482538 0.02152168463 0.00605540228)
(0.02272461029 0.02196757409 0.006749487704)
(0.02375173415 0.02022612007 0.006334157753)
(0.02386485949 0.02149223865 0.004533048735)
(0.005377780421 -0.01781327906 0.008594894093)
(0.005510983608 -0.01672407673 0.008991916507)
(0.004325648018 -0.01701287688 0.008948478398)
(0.004846587326 -0.01648461835 0.007315423931)
(0.004992196095 -0.01910634667 0.007915574426)
(0.005321643993 -0.01919243916 0.006643175195)
(0.006617185706 -0.01909110183 0.00684897979)
(0.004165220345 -0.01905550236 0.007027383438)
(0.005009427717 -0.01792922949 0.007091939436)
(0.005425742357 -0.01916882082 0.004869120814)
(0.006782672625 -0.01777499705 0.008969730495)
(0.006423739312 -0.01682126576 0.007837569971)
(0.006377421685 -0.01783622229 0.006634244481)
(0.006093250629 -0.01768310537 0.005231307202)
(0.007564327854 -0.01695494707 0.006765302811)
(0.007667414281 -0.01563309746 0.00671226026)
(0.007156119129 -0.01648794278 0.005319722628)
(0.006289995505 -0.01938303128 0.007956692829)
(0.007429944025 -0.01906562301 0.005844252149)
(0.006311378307 -0.01916468806 0.005757393653)
(0.007031937811 -0.01923292929 0.004598486584)
(0.006266537535 -0.01879236364 0.003593934721)
(0.007462262037 -0.01901978303 0.002974736762)
(0.009571450706 -0.01613499217 0.008979691284)
(0.009602360771 -0.01493795738 0.008942038488)
(0.008549214418 -0.01451023713 0.008975678162)
(0.009528725052 -0.01424482164 0.007779609948)
(0.009556925624 -0.01553865065 0.006758042204)
(-0.001126843736 -0.01134494273 0.006213055942)
(-0.0009235914825 -0.004804437423 0.006853628901)
(-0.00377626784 -0.00476658454 0.006849881538)
(-0.0005575440539 -0.007027308352 0.004112708291)
(-0.0008810677489 -0.01014820203 0.003780490444)
(-0.001998527451 -0.00884064945 0.001912959164)
(0.00228183718 -0.005322666649 0.006577205333)
(0.002260926905 -0.00528642953 0.004139178955)
(0.001183950151 -0.00521212162 0.002168677282)
(0.004006235641 -0.005023517222 0.002405710961)
(0.001272058972 -0.007927343878 0.001782309801)
(0.001587068867 -0.009727894932 0.004724189995)
(0.0009316018031 -0.009685533441 0.002545663077)
(0.001892157551 -0.01169406192 0.001929230413)
(0.00873895125 -0.01265419791 0.007099853324)
(0.006221119935 -0.007409919141 0.002442973381)
(0.006300750665 -0.005233123031 0.002244522485)
(0.008272440444 -0.004701843395 0.001646008639)
(0.006219384537 -0.009128340836 0.001790509839)
(0.005855158429 -0.002800180687 0.004350730784)
(0.003167066453 -0.003143328955 0.004299823076)
(0.002959794409 -0.0008488515409 0.00576973922)
(0.003155962475 -0.002807833448 0.001893753746)
(0.007173684647 -0.0003152283066 0.004688532978)
(0.006751461806 -0.003086503524 0.001878093476)
(-0.004989587964 -0.00750512998 0.002555008665)
(-0.003318108298 -0.006950644276 0.003782806351)
(-0.002515069145 -0.005098171796 0.004188755309)
(-0.002716324018 -0.006161055167 0.002000143863)
(-0.007417225203 -0.007311706997 0.004279601544)
(-0.004900843936 -0.00531278594 0.004665813626)
(-0.005266358574 -0.009890819974 0.001812279468)
(-0.00634466604 -0.01386940121 0.008807116761)
(-0.00711474299 -0.007739621539 0.001940397405)
(-0.007691545652 -0.01430779667 0.008508537139)
(-0.00555013187 -0.01514473835 0.008747180352)
(-0.007416837788 -0.01682367521 0.009090231101)
(-0.007463951883 -0.0153745982 0.007554930096)
(-0.008757617464 -0.01544437269 0.007641236195)
(-0.007909126809 -0.01525271823 0.006203780906)
(-0.007599548562 0.01577323519 0.008975142406)
(-0.008000429722 0.01559249445 0.008065211836)
(-0.008326377302 0.01617088123 0.007207934917)
(-0.009869529575 0.01699886321 0.008819993465)
(-0.008530210533 0.01514892366 0.008981247408)
(-0.01009756477 0.01553181558 0.00894259744)
(-0.008798698778 0.01405135016 0.008712064973)
(-0.009075344224 0.01503878177 0.007660656445)
(-0.008568713995 0.01733487617 0.009003967315)
(-0.009208263479 0.01709990222 0.007835927402)
(-0.007595708015 0.01785615547 0.008252098641)
(-0.008832563224 0.0170969177 0.006835984872)
(-0.009738009292 0.01786745792 0.006714830828)
(-0.008634225905 0.01671373846 0.004975479932)
(-0.009945881134 0.01824809047 0.007829249206)
(-0.008588690018 0.01815827797 0.00660379854)
(-0.00447881501 0.01561644709 0.008799735137)
(-0.002254943443 0.01557671492 0.008902609638)
(-0.004509297554 -0.01624576202 0.008938304664)
(-0.01085601165 -0.01760040228 0.007616212206)
(-0.01213433988 -0.0176904894 0.007615890366)
(-0.01167131306 -0.01646698809 0.007708036142)
(-0.01212367755 -0.01650620446 0.00670048159)
(-0.01062001468 -0.01902059129 0.007589819242)
(-0.01131712345 -0.0177294474 0.006781578687)
(-0.01097934436 -0.01776625818 0.005606006443)
(-0.01213194587 -0.01802831434 0.005099570216)
(-0.01037762874 -0.01669686918 0.005800289562)
(-0.01383594951 -0.01663365411 0.008788468278)
(-0.01448475024 -0.01538851938 0.00865555394)
(-0.01422728327 -0.01630167823 0.007652720697)
(-0.01322808754 -0.01557225735 0.009149539039)
(-0.01205337389 -0.01533123809 0.009147700462)
(-0.01286247231 -0.01402180815 0.007717743843)
(0.004509663621 -0.01594619225 0.008618095832)
(0.01579443068 0.00645387416 0.008933109615)
(-0.01840746141 -0.01742338585 0.009006408893)
(-0.01906432614 -0.01845238546 0.008741248376)
(-0.01888979775 -0.01734420569 0.007880242025)
(0.001273295464 0.008135175814 0.004531353147)
(-0.00115685553 0.007839204481 0.005228330499)
(0.001175605048 0.01056363599 0.004240210566)
(0.001687891428 0.007525700698 0.001820743659)
(0.002838793417 0.01037063377 0.005722830301)
(0.01628958821 0.01587246662 0.009105714153)
(0.0115090932 -0.01322485618 0.008705828076)
(0.01204034871 -0.01448090773 0.007969702173)
(0.01153261613 -0.01550324183 0.008760334591)
(0.01511309605 0.01394268573 0.008758173071)
(0.01488307072 0.01408338575 0.00754185353)
(0.01478895354 0.01160704851 0.008037008997)
(0.01491980359 0.01152047171 0.007044519733)
(0.01372266001 0.01194255975 0.007139414167)
(0.01531716376 0.01269553835 0.006718502075)
(0.01450409057 0.0115799848 0.005795744713)
(-0.01164000325 -0.01524608283 0.008136447278)
(-0.01196533073 -0.01502032252 0.006981334317)
(-0.01067002162 -0.01558073685 0.006767934635)
(-0.0123607146 -0.0152776983 0.005575393898)
(-0.01217182462 0.01292858653 0.008855291613)
(-0.01284464355 0.013885982 0.008092451383)
(-0.01280045788 -0.01302868742 0.008850973306)
(0.01526886029 0.01594728492 0.00873550706)
(0.0151076959 0.01602006051 0.007732344278)
(0.01691162903 0.01483155242 0.00903131018)
(0.01625339776 0.01383721611 0.008901517037)
(0.01589565598 0.01460564314 0.008013616491)
(0.01603362625 0.01483689176 0.006895200183)
(0.0156506601 0.01535817057 0.00509797876)
(0.01719325529 0.01473225848 0.005848845477)
(-0.009204344802 -0.0005778565978 0.002739103255)
(-0.01128290275 -0.001136475173 0.002038713248)
(-0.009984712501 -0.002697477686 0.002139751412)
(-0.009416382516 -0.0007044631438 0.004592006228)
(-0.009054445443 -0.00517474278 0.002789757253)
(-0.01631337806 -0.01020750037 0.001377779143)
(-0.01756805171 -0.01054324334 0.001015031652)
(-0.01673224756 -0.01194029338 0.001175462522)
(-0.01830560073 -0.0130074097 0.001285338697)
(-0.01894491771 -0.00970147247 0.001147443329)
(-0.01949476238 -0.0121969379 0.001153232887)
(-0.01962959985 -0.01105941539 0.001014627716)
(-0.01452770493 -0.01005379724 0.001134563233)
(-0.01413214846 -0.01116984916 0.0008594856661)
(-0.01302255618 -0.01048100437 0.001336273277)
(-0.0134844815 -0.01202649378 0.001400276338)
(-0.01513052606 -0.008810283055 0.001289635693)
(-0.0163802592 -0.008910002213 0.001275860938)
(-0.01640356387 -0.007777911438 0.001000178529)
(-0.007564024152 -0.00291321392 0.002103071036)
(-0.003319096601 -0.003085821753 0.001829780282)
(-0.005777093927 -0.0004177116227 0.002000112999)
(-0.01349838165 -0.000741716609 0.0022468358)
(-0.01143559797 0.001523972924 0.002260199645)
(-0.007914568948 0.001570137008 0.002688440444)
(-0.01612997184 -0.006383853674 0.001373337109)
(-0.01507691738 -0.009075906732 0.0028885689)
(-0.01523709679 -0.01020764096 0.002443313366)
(-0.01514289022 -0.01125896612 0.001646712453)
(-0.01582027103 -0.0134134684 0.001100065657)
(-0.0170828273 -0.01328038618 0.001001773605)
(-0.01769896198 -0.01436230843 0.001107323807)
(-0.01739895937 -0.01262145268 0.002390831577)
(-0.01666597494 -0.01451444609 0.001295751537)
(-0.01612015906 -0.01584510165 0.00123122114)
(-0.01643082431 -0.01309380245 0.001961677509)
(-0.01610459794 -0.01106274835 0.002235825346)
(-0.01654460361 -0.01013335783 0.002674960809)
(-0.01481730702 -0.0111602234 0.003521346925)
(-0.01663314816 -0.01211471043 0.003343269913)
(-0.01646404456 -0.01082895505 0.004589215415)
(-0.0188233482 -0.007967030467 0.001224770531)
(-0.01829072713 -0.009095206131 0.002594259227)
(-0.0174455301 -0.008747310651 0.00387892826)
(-0.0176419523 -0.006821488962 0.001205417795)
(-0.01745006431 -0.005257329367 0.001192145792)
(-0.01906792946 -0.005835519158 0.001162408487)
(-0.01856093472 -0.00406815085 0.001200401845)
(-0.0168023075 -0.004393400281 0.002458051151)
(-0.01704195822 -0.006298194574 0.00278014545)
(-0.0171359609 -0.009250932102 0.00240949009)
(-0.01736238953 -0.01008325089 0.003520063603)
(-0.01941163619 -0.009089022801 0.003314586185)
(-0.01836856901 -0.01322324586 0.002656895342)
(-0.01840556943 -0.01208921843 0.003292495994)
(-0.01893270638 -0.007064180302 0.002244604517)
(-0.01903435461 -0.004408796006 0.002532045085)
(-0.02014458561 -0.01321348173 0.0010858354)
(-0.01900048451 -0.01404533682 0.0009998756546)
(-0.01837227784 -0.01521308165 0.00101638595)
(-0.02003459115 -0.01278042424 0.003703200023)
(-0.01256653811 -0.009866284326 0.003091603496)
(-0.005238030159 -0.002110273828 0.006647493424)
(-0.007296090934 -0.0009742722549 0.004185791264)
(-0.008143712855 -0.0008943929593 0.006489594104)
(-0.0143467907 -0.008180333376 0.003521878025)
(-0.009649735953 0.001277202611 0.004685534999)
(-0.01458262322 -0.009987065208 0.004917858356)
(-0.01429391904 -0.01055513608 0.005755240933)
(-0.01530066567 -0.01241709001 0.003364214177)
(-0.01425408519 -0.01344627923 0.003453311631)
(-0.01528315079 -0.01331258555 0.002371569579)
(-0.01572883645 -0.01196665335 0.004268741038)
(-0.01678565347 -0.01217556847 0.00447838095)
(-0.01536567398 -0.01048871516 0.004375149877)
(-0.01524041112 -0.01137106961 0.002664544147)
(-0.01628216583 -0.008712145559 0.003406457644)
(-0.01759970073 -0.0125771622 0.003601027299)
(-0.01646355567 -0.01326220528 0.003470398699)
(-0.01658600452 -0.0146290701 0.003415901563)
(-0.01617785909 -0.01520007848 0.002381886099)
(-0.01636202065 -0.01326312832 0.004914442456)
(-0.01664153166 -0.009836285245 0.005576603386)
(-0.01534945606 -0.009572081547 0.005727076825)
(-0.01637301747 -0.008370622787 0.00597361143)
(-0.01760670798 -0.01028515959 0.005838692133)
(-0.01840881159 -0.01547007446 0.003100671045)
(-0.01862625031 -0.01562373253 0.00198471292)
(-0.01746703032 -0.01506510424 0.002279140564)
(-0.01768869058 -0.01339619498 0.005732729022)
(-0.01840393187 -0.01227816306 0.004733927429)
(-0.01944655779 -0.008732394554 0.004290941488)
(-0.01887576396 -0.007735724491 0.005656278005)
(-0.01755595792 -0.007540841636 0.005613736142)
(-0.01913173833 -0.006634559639 0.005989975475)
(-0.01878768282 -0.005707873521 0.005337607206)
(-0.01884500377 -0.007993302195 0.003615968152)
(-0.01859187616 -0.006725697563 0.003384242675)
(-0.0205220816 -0.01397495055 0.002555610722)
(-0.01959715065 -0.01308721988 0.002454242025)
(-0.02035240371 -0.01412793005 0.001344190122)
(-0.01297784807 -0.009788325885 0.005845999742)
(-0.01132124442 -0.01047967779 0.004916241679)
(-0.001964980952 -0.00247155948 0.007566998286)
(-0.01167870355 -0.00775733284 0.00586447779)
(-0.01243827379 -0.01241888562 0.005889442106)
(-0.0130457335 -0.01113728994 0.005443068689)
(-0.01267598828 -0.01091036644 0.007203163085)
(-0.01331911709 -0.01006037434 0.004650791703)
(-0.01297339293 -0.008554925431 0.004575915757)
(-0.01405507617 -0.009087927252 0.005723188716)
(-0.015361799 -0.008588560937 0.005419583523)
(-0.01460907897 -0.007878036723 0.005022255471)
(-0.01500507145 -0.006394067219 0.005375838805)
(-0.01493314047 -0.008419194069 0.006725954969)
(-0.01408266283 -0.008273389577 0.008179247614)
(-0.01435615918 -0.009024711689 0.004721992832)
(-0.01408534823 -0.009581651893 0.006940628281)
(-0.01536302642 -0.01012574102 0.006892109562)
(-0.01408174837 -0.01096578715 0.006855597626)
(-0.01398059692 -0.01238810914 0.006846257356)
(-0.0129420209 -0.009567352734 0.008398917347)
(-0.0155402721 -0.01086197026 0.005531103131)
(-0.01571852722 -0.0122579114 0.005564543792)
(-0.01412466433 -0.01208555848 0.005692362937)
(-0.01520149558 -0.01143029971 0.006730007435)
(-0.01529562193 -0.00902371139 0.004286801403)
(-0.0176028374 -0.00889130381 0.005629143181)
(-0.01776071794 -0.009096566579 0.007350770218)
(-0.01633167935 -0.007659986684 0.007203284774)
(-0.01617122964 -0.006304622288 0.007081211079)
(-0.01779049214 -0.007805738221 0.006802482045)
(-0.01790672786 -0.006370718292 0.006597266095)
(-0.01720430771 -0.005137518882 0.006861534769)
(-0.01740219044 -0.008094758722 0.007912743588)
(-0.01664781851 -0.006668361375 0.005751893821)
(-0.01816299382 -0.006720173573 0.005428488678)
(-0.01735530178 -0.005643497787 0.005416911373)
(-0.01740820088 -0.00430709783 0.00521323689)
(-0.01638120955 -0.007949998079 0.004820597811)
(-0.01732835757 -0.01104242403 0.006736862756)
(-0.01721576903 -0.01234303022 0.005673607403)
(-0.01635023586 -0.01315837765 0.006038703052)
(-0.01740690253 -0.0119571511 0.007822575698)
(-0.01749287776 -0.006591848386 0.00444153468)
(-0.01897126959 -0.005335034275 0.006810718165)
(-0.01855131079 -0.003794707491 0.006707279975)
(-0.01892865392 -0.006391632995 0.007758290449)
(-0.01905575575 -0.004357744433 0.005251287571)
(-0.01913888385 -0.002694959929 0.005124682847)
(-0.01693116264 -0.0035205581 0.006981474109)
(-0.01908017796 -0.006772816581 0.004663633174)
(-0.01743243061 -0.01521897987 0.005663270359)
(-0.01640632352 -0.01552878717 0.005573315275)
(-0.01864689751 -0.01644417612 0.005994542201)
(-0.01651093386 -0.01286365028 0.007210424991)
(-0.01515120331 -0.01324373002 0.006840820437)
(-0.01560003338 -0.01347320297 0.007782770319)
(-0.01400320608 -0.01303385918 0.007781163322)
(-0.01259798471 -0.01263340902 0.007417949063)
(-0.01643609569 -0.01416743386 0.006508710784)
(-0.0164036003 -0.01550185395 0.006847176569)
(-0.01549476128 -0.01654849473 0.006839920034)
(-0.01662597425 -0.01667446042 0.006903675123)
(-0.01604967227 -0.01654858199 0.005705308196)
(-0.01738457447 -0.01595534614 0.001288016916)
(-0.02195340609 -0.01626187281 0.001311408355)
(-0.02189322506 -0.01855881946 0.000994538248)
(-0.02171306699 -0.01730123798 0.001190492576)
(-0.01446333577 -0.0152536271 0.001187008835)
(-0.01517878764 -0.01581466242 0.00240513271)
(-0.01546115613 -0.01452370333 0.001323502274)
(-0.01487611521 -0.0144767313 0.002356830051)
(-0.02263976047 -0.02322487384 0.008739870637)
(-0.02267571261 -0.022010741 0.007433952736)
(-0.01858844233 -0.01667485616 0.003353060174)
(-0.01764218074 -0.01649907938 0.003475906606)
(-0.01659421439 -0.01697643562 0.003677572425)
(-0.01645573609 -0.01663319085 0.002572081233)
(-0.01915905789 -0.01755724938 0.003636192214)
(-0.01861111756 -0.01744742448 0.002309803744)
(-0.0185436873 -0.01620320136 0.004589054488)
(-0.02178678697 -0.01834706399 0.003657225783)
(-0.02076098585 -0.01927073494 0.003329687821)
(-0.0195463175 -0.01870598306 0.00340323444)
(-0.01906299568 -0.01862293275 0.004525821782)
(-0.02131740589 -0.02105296271 0.003429038593)
(-0.02188273119 -0.01848011695 0.002391763478)
(-0.02305046839 -0.0204679815 0.003515158213)
(-0.02435747914 -0.02056865988 0.003530243664)
(-0.02381135776 -0.02205774823 0.004170652639)
(-0.02213260997 -0.02091148186 0.004432879866)
(-0.02270377943 -0.0197046784 0.004524009388)
(-0.02329008906 -0.01858748405 0.002566294161)
(-0.02299691964 -0.01854744071 0.001269230131)
(-0.01461126678 -0.01199311189 0.004595954406)
(-0.01327435156 -0.01260146789 0.004506508525)
(-0.012050523 -0.01360519425 0.005055607352)
(-0.01034961775 -0.01305796257 0.005066459122)
(-0.01428110547 -0.01344162326 0.004653019224)
(-0.01300632991 -0.01564752152 0.004295186556)
(-0.01299164893 -0.01322618006 0.00331139373)
(-0.01429107011 -0.01078412995 0.004553855293)
(-0.01403262125 -0.01226009931 0.003575937556)
(-0.01438942385 -0.01218068103 0.002500784616)
(-0.01292376191 -0.01189244147 0.002717248374)
(-0.01537303756 -0.01318753458 0.00435072098)
(-0.01531790903 -0.01432108819 0.004828584656)
(-0.01420535624 -0.01468022807 0.004442870901)
(-0.0153915849 -0.01560426048 0.004741670922)
(-0.01702399231 -0.01528494225 0.004539721802)
(-0.01519001424 -0.01699906849 0.004806023418)
(-0.01475255547 -0.01564445813 0.00359223241)
(-0.0152915676 -0.01438279897 0.003509945044)
(-0.01641455281 -0.01436968145 0.00534910372)
(-0.01731678705 -0.01629120834 0.004266353442)
(-0.01636356432 -0.01632722024 0.004552523932)
(-0.01731435195 -0.01657008366 0.005631094969)
(-0.01704675218 -0.01568790595 0.003341720532)
(-0.02197617774 -0.01988578102 0.001440370158)
(-0.02094466431 -0.01975941652 0.001067151686)
(-0.01943515782 -0.01936014067 0.001281977392)
(-0.02107396859 -0.02114003936 0.001210759048)
(-0.02075678754 -0.022527904 0.001105120916)
(-0.01513086345 -0.01236309031 0.001197384635)
(-0.006779281604 0.003745285331 0.002180647005)
(-0.008722799896 0.003870069787 0.004479004818)
(-0.003332984926 0.008150996397 0.001799309581)
(-0.002438869797 0.005903712362 0.002181950539)
(-0.01875482898 0.009030977303 0.00131376476)
(-0.01717768454 0.009473594917 0.001508067962)
(-0.01585891308 0.008945824577 0.001323012134)
(-0.01745972905 0.0111516099 0.001069022917)
(-0.01742952446 0.008262604087 0.001080728896)
(-0.017431198 0.009577989576 0.003073894373)
(-0.01789160618 0.00711519339 0.001158610599)
(-0.01909185472 0.007615603671 0.001008569654)
(-0.0171356187 0.006092538989 0.001234304323)
(-0.01748087405 0.007296279735 0.00234785012)
(-0.01895677573 0.006227663226 0.0009087093582)
(-0.01882304089 0.00631291053 0.002153132953)
(-0.01969690979 0.01055460716 0.0009153532331)
(-0.01873859635 0.01066165145 0.001411148723)
(-0.0196585888 0.01148342176 0.0011254311)
(-0.01979005938 0.01256386188 0.001276099308)
(-0.01986774915 0.01161031254 0.002363445115)
(-0.01955264058 0.01074134826 0.002333822711)
(-0.01731875492 0.0148485829 0.001043724411)
(-0.0187132669 0.0134095144 0.001190604578)
(-0.01844825742 0.0146363734 0.001197124253)
(-0.01831356686 0.0159048589 0.001435513387)
(-0.01971062676 0.01568722175 0.001093149739)
(-0.01836001668 0.01489785671 0.002342752132)
(-0.01973746441 0.01447671301 0.001080386336)
(-0.02099663607 0.014617696 0.001317419705)
(-0.02234981984 0.01568519586 0.00113302241)
(-0.02178005962 0.01715760994 0.001056908345)
(-0.02191735574 0.01515045138 0.002238182638)
(-0.02089629366 0.01560755934 0.0008371560617)
(-0.0210379768 0.01468374431 0.002922761504)
(-0.02416841436 0.01600619652 0.001253829645)
(-0.02406925326 0.01710330135 0.001298604907)
(-0.0244445593 0.01805468842 0.0008403076626)
(-0.02437787767 0.01587950818 0.002556031521)
(-0.02281175999 0.01703693081 0.001526588953)
(-0.02322365531 0.01823404344 0.001245428042)
(-0.02275722762 0.01732455004 0.002687435087)
(-0.02205075506 0.01848601724 0.0009922529015)
(-0.02175453943 0.01953433075 0.001227577305)
(-0.02176543908 0.02056595258 0.001032549821)
(-0.02182029875 0.01828513182 0.002052851033)
(-0.02299720323 0.01604652333 0.002419096976)
(-0.0240672103 0.01614130393 0.003927075645)
(-0.02442089704 0.01702325726 0.004069363968)
(-0.02434439448 0.01603631698 0.004982915209)
(-0.0236840318 0.01935541967 0.001277090146)
(-0.02417053579 0.01928801691 0.003034434963)
(-0.02430699971 0.01820012946 0.002135297216)
(-0.02311811481 0.01840146191 0.002479024888)
(-0.0235813381 0.0180249378 0.003365787601)
(-0.0241451839 0.01701554489 0.002716919901)
(-0.02460595037 0.01798420098 0.003343170238)
(-0.02407230272 0.02062648598 0.003867241871)
(-0.02413807993 0.01803994733 0.004467126388)
(-0.02059833099 0.01676678664 0.001112322301)
(-0.01916002741 0.01700933626 0.001054078459)
(-0.0178334323 0.01692868886 0.0009630073475)
(-0.01630804955 0.01748591181 0.001232067461)
(-0.01849661272 0.0171869828 0.002291973573)
(-0.02076806761 0.01801178979 0.001077082623)
(-0.02095212107 0.01755043584 0.002237816544)
(-0.02064326878 0.01714845564 0.003359892215)
(-0.01919340939 0.01734553912 0.003293373036)
(-0.0207614164 0.01577360949 0.00358198303)
(-0.02321967984 0.01713045002 0.003651186603)
(-0.02226282024 0.01683539291 0.003544806737)
(-0.02200732691 0.01801485141 0.003349165579)
(-0.0219895924 0.01935575193 0.003071116512)
(-0.02251929555 0.01797181264 0.0044496763)
(-0.02313996542 0.01581598307 0.003489963866)
(-0.02025316051 0.01356472199 0.001046524897)
(-0.0003792191452 0.01083483234 0.002319535961)
(-0.01231396411 0.01315824563 0.00148458624)
(-0.01540785054 0.01377648409 0.001374679736)
(-0.01392636331 0.01296140247 0.001322472907)
(-0.01529281508 0.01239320118 0.001177849144)
(-0.01696662337 0.01358232495 0.001197097196)
(-0.01502091007 0.01094521245 0.001212597628)
(-0.01491871678 0.01325512428 0.002799699722)
(-0.01613978449 0.01031997178 0.001082839588)
(-0.01650120077 0.01175989146 0.002391502382)
(-0.0144597748 0.009277371253 0.001339334204)
(-0.01620427187 0.01494077491 0.001264059602)
(-0.01627712736 0.01399270101 0.002509928367)
(-0.01890703137 0.01401455238 0.002186624463)
(-0.01718402588 0.01514117252 0.002490441312)
(-0.01490867179 0.01501743538 0.001081774515)
(-0.01863084266 0.01186463666 0.001047874821)
(-0.01621577534 0.01309181267 0.003586490381)
(-0.01897189608 0.01172503525 0.00223798777)
(-0.01655205253 0.01076208401 0.002306361084)
(-0.0162836964 0.009647286219 0.002419869719)
(-0.01690500984 0.01607168641 0.001182371706)
(-0.01850171237 0.01605573086 0.002663467842)
(-0.01947766527 0.01504544746 0.002343739267)
(-0.0196578938 0.01579326886 0.003565563959)
(-0.01851019825 0.01526980504 0.003406031448)
(-0.01993170232 0.01250503697 0.002543593202)
(-0.01861953828 0.01285658923 0.002554538567)
(-0.017643473 0.01158958827 0.002411067235)
(-0.01758066246 0.01155799902 0.004002941625)
(-0.01735631646 0.01363958369 0.003428081113)
(-0.01839695089 0.01418769001 0.003254867193)
(-0.01861157612 0.01345106232 0.004692913896)
(-0.0192068662 0.009473065816 0.002454222842)
(-0.01962999661 0.009358654612 0.003525371957)
(-0.01956383609 0.01813459636 0.001080948852)
(-0.02208906633 0.02415181077 0.001243955312)
(-0.02038030634 0.02423911779 0.001042431078)
(-0.01936803718 0.02308209243 0.001186374029)
(-0.01852907234 0.02412453496 0.001172700248)
(-0.01983535224 0.02423573955 0.002141861013)
(-0.02096394189 0.02355075612 0.002527886122)
(-0.02125671008 0.02200548833 0.002484662342)
(-0.02225282608 0.02405917725 0.002934031168)
(-0.01610139947 0.02425415417 0.0009799430296)
(-0.01568221665 0.02277426599 0.001144693009)
(-0.01580545938 0.0235893954 0.00233429629)
(-0.01653771141 0.02127577492 0.001091503395)
(-0.01596703577 0.0246312743 0.002378861614)
(-0.01608292719 0.02463254221 0.003553237455)
(-0.01700179294 0.02258036325 0.001083356474)
(-0.01852299939 0.02282260707 0.002455086912)
(-0.0173754808 0.02417081528 0.001090237779)
(-0.01715209493 0.02393619841 0.002451687129)
(-0.01702894826 0.02246814944 0.002439407851)
(-0.01867675578 0.02421642975 0.002356321711)
(-0.01212671225 0.01966464895 0.0009379717424)
(-0.01387907806 0.0207234019 0.0008415522207)
(-0.01550659408 0.02013879034 0.00128747218)
(-0.01394338625 0.0174112277 0.001181162016)
(-0.01310611294 0.01998197424 0.001313165597)
(-0.01424864145 0.01938995917 0.0009593589406)
(-0.01486760227 0.01830352056 0.001325549517)
(-0.02087659957 0.02287660062 0.001174655266)
(-0.01985441958 0.0215534853 0.00125222922)
(-0.01984779018 0.02261959806 0.00228935786)
(-0.01954433762 0.02265156541 0.00359307493)
(-0.02069454897 0.02226005521 0.003503839184)
(-0.02187213663 0.02245132463 0.003267482368)
(-0.01956722456 0.02391376962 0.003296532524)
(-0.01983149119 0.02241297056 0.004836548159)
(-0.01911259699 0.01912908299 0.0009811032756)
(-0.01782922973 0.01914598923 0.001060190019)
(-0.0187600441 0.01869727287 0.002263225581)
(-0.01921115301 0.02025432758 0.001536174346)
(-0.01735081919 0.01807505138 0.001116892766)
(-0.01748134579 0.01797871177 0.002408609186)
(-0.01648529203 0.02035920162 0.002534900726)
(-0.01751469343 0.01909675484 0.002352081698)
(-0.01661206469 0.01941297792 0.003312230043)
(-0.01766186309 0.02021879072 0.003284035576)
(-0.01824027274 0.02169254931 0.001387420946)
(-0.01857055554 0.0214890094 0.002898716238)
(-0.01587672281 0.02374926601 0.003423697992)
(-0.01697089144 0.02392764808 0.003906244157)
(-0.01608396068 0.02135457504 0.003233254337)
(-0.01644741491 0.02042192642 0.003737677788)
(-0.01417260487 0.0205522454 0.002219798989)
(-0.01391490077 0.02070468193 0.003509898474)
(-0.01535853607 0.01917306127 0.002549561644)
(-0.01547507384 0.01782847629 0.002184064233)
(-0.01518385566 0.01772175291 0.003297795732)
(-0.01393592105 0.01776988961 0.003545005083)
(-0.01655061854 0.01804042789 0.003176152411)
(-0.0162116818 0.01770410143 0.00443680399)
(-0.01529964009 0.0201291236 0.003495160536)
(-0.009574425911 0.01942948335 0.001063781568)
(-0.008217829102 0.01937678226 0.001040888372)
(-0.008810449312 0.018198773 0.001397028433)
(-0.008744704177 0.01941558324 0.002154531928)
(-0.01063653211 0.01695089182 0.0009768518331)
(-0.01199349534 0.01795609257 0.001316280271)
(-0.01097827201 0.01811193873 0.0008616730169)
(-0.01005639223 0.0183194006 0.001195830814)
(-0.009935023732 0.01821370539 0.002493724706)
(-0.01094876375 0.01937484228 0.001121459011)
(-0.01077926673 0.01945756448 0.002634048006)
(-0.009869088302 0.01934094099 0.002206758155)
(-0.01324957769 0.01853807316 0.001370155544)
(-0.01187298797 0.01799937489 0.002636943643)
(-0.01195052114 0.01927606198 0.002357438211)
(-0.01311289975 0.01971175969 0.002715183601)
(-0.0128794133 0.01838905159 0.003444687779)
(0.003772562631 0.01008311367 0.001544877565)
(0.005777108883 0.01934250477 0.001047463133)
(0.01034572248 0.004214677992 0.001631822599)
(0.009699563446 0.01928913002 0.001300330425)
(0.008514201357 0.01950905907 0.001057091467)
(0.008631342366 0.01848972289 0.001193762432)
(0.008038742512 0.01721885722 0.00128094352)
(0.008450862301 0.01918779704 0.002509629449)
(0.008511755573 0.01942628144 0.003701358481)
(0.006520790878 0.01910904575 0.00230061983)
(0.005240016877 0.0193177361 0.002259701764)
(0.006250381722 0.01789644754 0.00229245904)
(0.01840951918 0.02235361383 0.001124149518)
(0.01807858562 0.02428535172 0.002364683213)
(0.01593256153 0.02465844063 0.0009868092977)
(0.01754277856 0.02343532226 0.001166821648)
(0.01609540494 0.0235686222 0.001196463316)
(0.01559190009 0.02239129996 0.001176878267)
(0.01493666924 0.02134944499 0.001060633454)
(0.01663142138 0.02130965125 0.0009633480441)
(0.0161232843 0.02029418032 0.001103590476)
(0.01598851002 0.02141235603 0.002193624389)
(0.01567034849 0.02371814332 0.002335140212)
(0.01701787471 0.02228380513 0.00110110102)
(0.01804647756 0.02265412628 0.002349590837)
(0.0192654995 0.02307166598 0.002195472007)
(0.01571569611 0.02278096389 0.002431436059)
(0.01696540702 0.02377654399 0.002539677475)
(0.01734196142 0.02140637086 0.002134600475)
(0.0170019339 0.02009209724 0.002228438123)
(0.01385679666 0.02052736606 0.001204450141)
(0.01387687722 0.01920389104 0.001176253299)
(0.0134305778 0.02053788559 0.002238258648)
(0.01493022873 0.02007903468 0.001015740064)
(0.01499448185 0.01876762403 0.001084144095)
(0.01520599171 0.01734775241 0.001015471738)
(0.01485771976 0.01954136174 0.002221545075)
(0.01400184609 0.01794712909 0.001354282776)
(0.01401037755 0.0168544682 0.001050413173)
(0.01387864196 0.01563641967 0.001312524165)
(0.01381730753 0.01675378634 0.002199241406)
(0.01380320312 0.01811717395 0.002503625465)
(0.01836278351 0.02128763836 0.001432531441)
(0.01981088864 0.02199120281 0.00107645617)
(0.01835245434 0.02024699742 0.0009302456208)
(0.01758301658 0.01920846627 0.001191463288)
(0.01953499985 0.01947906079 0.001370805535)
(0.01817054104 0.01771694361 0.00137297156)
(0.01815992332 0.01890531094 0.00241647538)
(0.01825675717 0.02153754043 0.003179627757)
(0.01741083319 0.02048589369 0.001131628707)
(0.01600245734 0.01942259217 0.001918378743)
(0.0162860209 0.01819433361 0.001322602749)
(0.01466867174 0.02092550796 0.00241413479)
(0.01715374575 0.02084554611 0.00327951584)
(0.01555963998 0.02204614022 0.003421698551)
(0.01592243813 0.02054354343 0.005018374736)
(0.01394377014 0.02034718954 0.003399012514)
(0.01457239967 0.01899637459 0.00322499609)
(0.01474850586 0.01796828337 0.003150155118)
(0.01498356841 0.02151285169 0.004352450948)
(0.01677377237 0.02160015457 0.004397966913)
(0.01701487132 0.02249606311 0.003197703764)
(0.01593128022 0.02360297565 0.003425443406)
(0.01627254361 0.02461033268 0.003509493421)
(0.01938359956 0.0190377353 0.002994282825)
(0.01279274003 0.01982821166 0.001123798909)
(0.01370700516 0.01948315256 0.002274058609)
(0.01529303083 0.01589880316 0.001275153194)
(0.01441544096 0.01571049948 0.002550410953)
(0.01512634708 0.01703669913 0.00232455873)
(0.01510224279 0.0182931136 0.002131079864)
(0.01068082347 0.0194234782 0.0008450977831)
(0.01075226591 0.01715168538 0.0009579053271)
(0.0106428226 0.01945585792 0.002231330009)
(0.01298975363 0.01722725843 0.001062113095)
(0.01268854127 0.001416671083 0.001503946075)
(0.01154844253 0.01628870807 0.001336487459)
(0.01198197263 0.01739992413 0.001158930556)
(0.01200201721 0.01725640854 0.002387349374)
(0.01168432013 0.01964606819 0.001017685933)
(0.01179202801 0.01947215453 0.002393551621)
(0.0127578564 0.01849603019 0.002839138673)
(0.01297838716 0.01724401526 0.002029616289)
(0.01320058743 0.01606793442 0.002553427966)
(0.01295841784 0.01728185229 0.003162048447)
(0.01301984791 0.01480492088 0.001038318485)
(0.01391621261 0.01797106291 0.003910877014)
(0.01277386671 0.01989495936 0.00253895181)
(0.01937196782 0.02423777411 0.002682081816)
(0.02010625089 0.02379750483 0.001082093219)
(0.02149000166 0.02431427187 0.0009980211691)
(0.02304824183 0.02397021547 0.001132863049)
(0.02215183602 0.02417385256 0.002080718595)
(0.02203638322 0.02407637875 0.003591306118)
(0.02389033709 0.01614637553 0.001035260326)
(0.02277552229 0.01574493934 0.0009884872614)
(0.02277536021 0.01580276705 0.002137774167)
(0.02429572514 0.01765338478 0.00121210136)
(0.02446356703 0.01682204261 0.002435669518)
(0.0238527758 0.01585839157 0.00236966767)
(0.02106827257 0.01441177926 0.0009713160273)
(0.02194518687 0.01525977866 0.001255145976)
(0.02432390984 0.01935214546 0.001063098378)
(0.02397994972 0.01852159027 0.002407218406)
(0.02245654111 0.0204092645 0.00121861803)
(0.02395302674 0.02088656723 0.001061607631)
(0.02390500958 0.02013773853 0.002154107645)
(0.01479765853 0.002406102965 0.001698184429)
(0.01834882592 0.009826089689 0.001151373558)
(0.01949816088 0.009471370769 0.001319873243)
(0.01829095118 0.009195427036 0.002301793015)
(0.01923679758 0.006877142887 0.001092400942)
(0.01945961489 0.008504645816 0.003236894605)
(0.01925580138 0.01070015026 0.001365233364)
(0.01954621093 0.01066733689 0.002683704395)
(0.01949215479 0.009502885251 0.002563041533)
(0.01953357352 0.01186939647 0.0009495428359)
(0.01407935701 0.01111916261 0.001404706495)
(0.00841502407 0.00607541602 0.002284466947)
(0.004170658951 0.005803851037 0.001807085438)
(0.005813301809 0.003787221922 0.001786028994)
(0.008390992864 0.003927378682 0.00200653901)
(0.01516667869 0.01058510603 0.001059752089)
(0.01555975011 0.009600674969 0.001315530789)
(0.0147736621 0.008398484212 0.0009266862976)
(0.01506704225 0.01069412305 0.002445433577)
(0.0163640871 0.01092863049 0.001200608238)
(0.01636704841 0.01198646279 0.001128630479)
(0.01800882045 0.01151298789 0.001169226348)
(0.01607319351 0.01172033277 0.002293848952)
(0.01734871337 0.0132996193 0.002361558737)
(0.01741553043 0.01046876894 0.001414493634)
(0.01689901782 0.009500502466 0.001046695966)
(0.01729413728 0.01063942952 0.002610071498)
(0.01834366869 0.0104989105 0.002666211495)
(0.01728182365 0.01183413323 0.002113050066)
(0.02002097038 0.01319616031 0.001147633377)
(0.01832472423 0.01484139722 0.00155862672)
(0.01828890517 0.01391732674 0.001063790451)
(0.01835496862 0.01386508984 0.002320817661)
(0.01862481426 0.01168160791 0.002509352972)
(0.01972461043 0.01178799646 0.002283599775)
(0.01955365964 0.01384494041 0.002510848461)
(0.01946390719 0.014975869 0.00274394393)
(0.01834679403 0.01092866563 0.003981578421)
(0.0192973852 0.00954766904 0.003561813542)
(0.01369627623 0.01259280014 0.001230360811)
(0.01272038667 0.01319507685 0.002644995457)
(0.01510257743 0.0125900113 0.001440022701)
(0.01539419151 0.0114218989 0.001559806645)
(0.01519603629 0.0135390244 0.003078992029)
(0.01616737511 0.01288579852 0.002026291036)
(0.01713981107 0.01388887177 0.0009046150773)
(0.01696984509 0.0151737062 0.001134298306)
(0.01936633681 0.01600444662 0.001532097509)
(0.01816123034 0.0160193809 0.001347257658)
(0.01965907107 0.01711101393 0.001328403295)
(0.0194466305 0.01491656795 0.001440710909)
(0.01994898248 0.01600335606 0.002510785816)
(0.01969699976 0.01552419789 0.003601686192)
(0.01831297708 0.01275658177 0.002878134692)
(0.01718756081 0.01303101431 0.003826818218)
(0.0183351676 0.01376520694 0.003535972842)
(0.02052190307 0.01574284001 0.001262974867)
(0.02014391817 0.01351028882 0.003655935107)
(0.0196831085 0.01371133703 0.004972815384)
(0.02159421588 0.01664612032 0.001264182779)
(0.02181148134 0.01821106068 0.0009490412803)
(0.0218788688 0.01814872057 0.002311690377)
(0.02070121051 0.018054967 0.001276027897)
(0.0195989113 0.01717718178 0.00265200786)
(0.01812548428 0.01714970835 0.002695852255)
(0.02028247303 0.01797468368 0.002502683629)
(0.02071269721 0.01915441197 0.002287003458)
(0.02159717182 0.01520127766 0.002395488973)
(0.02308916338 0.01699118409 0.002756412374)
(0.02423665995 0.01749004949 0.003450442204)
(0.02245062831 0.01567713217 0.003459899576)
(0.02376295138 0.0161063282 0.003499741679)
(0.0228932423 0.01935769068 0.00302487615)
(0.02174873255 0.01977640461 0.002300484714)
(0.02260403711 0.02050849762 0.002582210799)
(0.01944243486 -0.007796730266 0.001212978723)
(0.01265770089 -0.002697125654 0.002074139161)
(0.01619859124 -0.008864787855 0.0009902929127)
(0.01724178219 -0.007897789228 0.001149247355)
(0.01732670279 -0.009796326596 0.001200574684)
(0.01718031215 -0.008041507177 0.002439936796)
(0.01785121893 -0.006560222127 0.001694626442)
(0.01839474119 -0.007596704567 0.0008815390308)
(0.01953533521 -0.008815644313 0.001015133645)
(0.01921706838 -0.006531679815 0.001363407333)
(0.01931827932 -0.006892088692 0.003065322982)
(0.01921660772 -0.008611580098 0.0025301363)
(0.0151669358 -0.01086541505 0.001253409809)
(0.01592397862 -0.009948305475 0.001246906777)
(0.01642403194 -0.01005506727 0.002122220265)
(0.01338197431 -0.009950254722 0.001723073214)
(0.01008478677 -0.004948403446 0.002650749438)
(0.009553597345 -0.002635409645 0.002141031767)
(0.00957601637 -0.0005326838211 0.004624915696)
(0.01505868112 -0.008089646885 0.001112217127)
(0.01486352091 -0.01006362457 0.002384216806)
(0.0152375502 -0.009927145846 0.003498399319)
(0.01848010502 -0.01133075779 0.0009602007146)
(0.01752071639 -0.01086848792 0.001017517803)
(0.01963571479 -0.01193856521 0.001357347017)
(0.01841235864 -0.01274288403 0.00246762591)
(0.01743752769 -0.01199495055 0.001227803358)
(0.01605333516 -0.01205650926 0.001184530466)
(0.01597708469 -0.01347987527 0.0009708952524)
(0.01714838874 -0.0131339327 0.001405053052)
(0.01707998041 -0.01308935845 0.002875959712)
(0.01739699982 -0.0120127941 0.002514424956)
(0.01846846873 -0.01018764581 0.0009737556473)
(0.01739432228 -0.009514027943 0.002418776611)
(0.01698048925 -0.01085654735 0.002377099171)
(0.01582968136 -0.01104773557 0.002263615725)
(0.01682643673 -0.009934386925 0.00319590517)
(0.01705554174 -0.008792210179 0.003255111094)
(0.01713618857 -0.007637524248 0.00365332592)
(0.01712170815 -0.009987498677 0.004302599981)
(0.02003733601 -0.01293435386 0.001059660958)
(0.01937185857 -0.009813323145 0.001112860627)
(0.01947765674 -0.009913536858 0.00242520445)
(0.01908628196 -0.009830587465 0.00339626841)
(0.01788422826 -0.01014991501 0.003270617258)
(0.01948737711 -0.009680000278 0.004478305318)
(0.007523540912 -0.0006014119726 0.002506884501)
(0.02156513756 -0.01613409148 0.001010144203)
(0.02158340706 -0.01746466166 0.0009633183563)
(0.01994714217 -0.01315217018 0.002264104588)
(0.01334048568 -0.01284269149 0.001298926525)
(0.01489379594 -0.0123089686 0.001210975852)
(0.0137976343 -0.0113275434 0.00124356598)
(0.01388562007 -0.0120798468 0.002536693067)
(0.01557253448 -0.01555370323 0.001404552095)
(0.01620595697 -0.0147466694 0.002533206069)
(0.01744874317 -0.01420590731 0.00191085851)
(0.01583528276 -0.01331892003 0.002150986398)
(0.01949750953 -0.01726967877 0.001345347866)
(0.01839316534 -0.01553069906 0.00115541696)
(0.0191761191 -0.01641021163 0.000911985761)
(0.01798383924 -0.01630979258 0.002225572521)
(0.01877854213 -0.01396677092 0.001203611629)
(0.02034151629 -0.01396129154 0.001008340869)
(0.01867232049 -0.0139657983 0.002336931765)
(0.01853269343 -0.01515241023 0.002516997709)
(0.01981248157 -0.01451300262 0.002353381246)
(0.01848643742 -0.01508611832 0.003739023031)
(0.0173419242 -0.01534966412 0.003204381336)
(0.01893242687 -0.01405300453 0.003192806568)
(0.01850682089 -0.009705942639 0.002149911964)
(0.01514751102 -0.01377165251 0.003568409106)
(0.01764733181 -0.01411663489 0.003302670696)
(0.01698944785 -0.0129109448 0.00423204241)
(0.01786783212 -0.01201719059 0.003555289998)
(0.02077318688 -0.01870334026 0.001105846307)
(0.02190354524 -0.01847505601 0.001073547749)
(0.02056200947 -0.01741919797 0.001447277885)
(0.02056614117 -0.01726443138 0.003010421267)
(0.02035270393 -0.01868517498 0.002105229238)
(0.02028567574 -0.016286045 0.0009640210484)
(0.02111901432 -0.01474397414 0.001419385013)
(0.02090181333 -0.01606901913 0.002120851926)
(0.01947129621 -0.01487088498 0.003394199339)
(0.01949904908 -0.01612950649 0.003727901843)
(0.01930615632 -0.01725356284 0.003573628545)
(0.01957377083 -0.01513993148 0.004649212676)
(0.02400471275 -0.01827681624 0.001216050034)
(0.02283955165 -0.01915700698 0.001016090795)
(0.0227742678 -0.01722997059 0.001305468705)
(0.02288368206 -0.01734821481 0.002773424748)
(0.02181546045 -0.01668051195 0.002264588756)
(0.02399721252 -0.01635253461 0.001434508437)
(0.022627923 -0.01569800168 0.001304947523)
(0.02185825459 -0.0149042105 0.003669546633)
(0.02301425559 -0.01591146162 0.002516397201)
(0.02245482695 -0.01596918382 0.003587434548)
(0.02408694646 -0.01727675499 0.002244876874)
(0.02391218285 -0.01640776832 0.003605663808)
(0.01877378385 -0.02434922368 0.001100833326)
(0.01702862376 -0.02415654375 0.0008462308572)
(0.0234012582 -0.02407246603 0.001267337659)
(0.02206586033 -0.02299719297 0.001150526328)
(0.02093812415 -0.02412930922 0.001386179064)
(0.01814688186 -0.02314700457 0.0008816411834)
(0.01959639583 -0.02330511176 0.001164617058)
(0.01807169178 -0.02192731885 0.00134034231)
(0.01950070727 -0.02195276564 0.001327290364)
(0.01974977436 -0.02061885122 0.001237299673)
(0.01935865577 -0.02190567575 0.002637857957)
(0.01975183034 -0.02424597418 0.00258753767)
(0.02000833743 -0.02297699425 0.002924227634)
(0.0169328356 -0.01978074015 0.001189517542)
(0.01593600643 -0.01896782679 0.001112846881)
(0.0151251914 -0.01973231628 0.0008348420667)
(0.01604972296 -0.02086893866 0.001278757674)
(0.01605280583 -0.01965550197 0.002333043094)
(0.01458185958 -0.0210574904 0.00117117383)
(0.01297731669 -0.01846333691 0.001169698311)
(0.0144315225 -0.01884526023 0.001032659524)
(0.0118713618 -0.01936826731 0.001284162429)
(0.01076937446 -0.01901229648 0.001147699881)
(0.01147870374 -0.01774956359 0.001177695595)
(0.01463179922 -0.01651623435 0.001220088512)
(0.0139165086 -0.01767733383 0.001563001645)
(0.0151340345 -0.01777455204 0.001158291441)
(0.01389563826 -0.0177906144 0.003234380226)
(0.01389448576 -0.01999548495 0.001089384713)
(0.01282309587 -0.02003635706 0.001191816826)
(0.01381959539 -0.02038938171 0.002262074831)
(0.01501595482 -0.01967493997 0.00189695406)
(0.01489015743 -0.01994611342 0.002975237961)
(0.01414504044 -0.01907886385 0.002256312706)
(0.01375851886 -0.02015132639 0.003393857008)
(0.003951309969 -0.009576843903 0.002632242845)
(0.01072235643 -0.01940884717 0.002268152648)
(0.01185322348 -0.01621757197 0.001184381247)
(0.01281986677 -0.01807311517 0.003195697683)
(0.0110153291 -0.01803644624 0.003601346861)
(0.01303484426 -0.019031772 0.002391930071)
(0.01252617315 -0.01896284984 0.003361872558)
(0.007591321181 -0.01938369849 0.001051916165)
(0.008546188977 -0.01914984622 0.001784778482)
(0.008576530889 -0.01938477157 0.003201700317)
(0.008762530176 -0.01816775346 0.003734917296)
(0.008771383713 -0.01671957578 0.004290165064)
(0.009616833778 -0.01920086013 0.002796115423)
(0.01820610741 -0.01923910196 0.001455023777)
(0.01956472755 -0.01961004612 0.001623519)
(0.01857325954 -0.02081206699 0.001373766269)
(0.01794488879 -0.02057100325 0.002534552084)
(0.0182634835 -0.01934453576 0.003060226901)
(0.01745645876 -0.02085206338 0.001406448155)
(0.01706310937 -0.0223324663 0.001079028236)
(0.01718031187 -0.01971174496 0.002560231614)
(0.01719960775 -0.01860072745 0.002135662936)
(0.01729378741 -0.01887723487 0.00378518599)
(0.01712981962 -0.02076955849 0.00366291456)
(0.01584454068 -0.02299178428 0.001142469103)
(0.01594902611 -0.02433441241 0.001021866535)
(0.01533542946 -0.0219635064 0.0009943521098)
(0.01536560664 -0.02212421099 0.002351130972)
(0.01575805433 -0.02198766852 0.003563645827)
(0.01272615644 -0.0201353587 0.002447447249)
(0.01610224528 -0.01992995499 0.003518432585)
(0.01636325335 -0.01869579356 0.003164119963)
(0.01603376341 -0.02082456514 0.004679339752)
(0.01198394096 -0.01431204273 0.001414334928)
(0.01321075915 -0.0148422924 0.002492760274)
(0.01321317419 -0.01435105382 0.003804486286)
(0.01271208973 -0.01530123065 0.001115175422)
(0.01288222458 -0.01676762184 0.001178928215)
(0.0127713213 -0.01687635675 0.003579785783)
(0.01400480937 -0.01651053578 0.003398426005)
(0.0131984276 -0.01578785052 0.003212929583)
(0.01699155839 -0.02285872287 0.002099862915)
(0.01668108437 -0.02306793991 0.003160930895)
(0.01823509537 -0.02443447939 0.002283967991)
(0.01598239317 -0.02439066843 0.00248390618)
(0.01592970682 -0.02319837684 0.00228950413)
(-0.006322573673 -0.01790897324 0.001260810249)
(-0.007601669323 -0.0173158285 0.001403986631)
(-0.008864458285 -0.01776257783 0.001029669062)
(-0.007362608237 -0.01924651708 0.001131040616)
(-0.007310511083 -0.01920764036 0.002602683973)
(-0.01212164218 -0.01759754169 0.00110620997)
(-0.01329342269 -0.01746853486 0.001562620472)
(-0.01218175418 -0.01918711413 0.001201933593)
(-0.01092246815 -0.01927131171 0.001465435077)
(-0.01204587841 -0.01895045674 0.002347562827)
(-0.008685271413 -0.01650375263 0.001137528686)
(-0.009966046094 -0.01781812743 0.001138214184)
(-0.01105206516 -0.01809942511 0.0008375802503)
(-0.01098294404 -0.01700167449 0.001104476934)
(-0.009916374869 -0.01667972415 0.001451605792)
(-0.009404171275 -0.01531929517 0.001102874321)
(-0.009885203487 -0.0169182462 0.00289916772)
(-0.009989957714 -0.01898335073 0.001118472859)
(-0.008752669355 -0.01911954394 0.001216831671)
(-0.009791998493 -0.01931877635 0.002228703144)
(-0.01069581843 -0.01933138325 0.002930796852)
(-0.009736684392 -0.01931814347 0.003440226169)
(-0.008647621591 -0.01925337579 0.004030112349)
(-0.008739087112 -0.01761438679 0.003629829482)
(-0.009801429143 -0.01781732988 0.005007184013)
(-0.009605864474 -0.01928507241 0.004645028205)
(-0.008546760301 -0.01880681405 0.002520262133)
(-0.008969663011 -0.01747384006 0.002118581446)
(-0.008311318221 -0.01676128053 0.002551657487)
(-0.009065998154 -0.01611914894 0.003249591632)
(-0.008648525151 -0.01647665056 0.00442097938)
(-0.0138623333 -0.0204186252 0.001006792624)
(-0.01304112756 -0.0162350911 0.001412585312)
(-0.01352450464 -0.01886324651 0.001226944084)
(-0.01278572542 -0.02009715201 0.0008751901766)
(-0.01304961264 -0.01991256156 0.002354720033)
(-0.0170549438 -0.02181177693 0.001446165594)
(-0.01850069451 -0.02198985772 0.001021926679)
(-0.01988765962 -0.02184545615 0.001115130572)
(-0.01831763731 -0.02333498548 0.0009188265745)
(-0.01794876966 -0.02093596523 0.001274793349)
(-0.01557057704 -0.02300407304 0.001081285313)
(-0.0156301014 -0.02195934235 0.001289516121)
(-0.01578432927 -0.02224948745 0.002439509024)
(-0.0163351383 -0.02074272596 0.001135689981)
(-0.01476765357 -0.02124394172 0.001232097621)
(-0.01629285659 -0.01951910475 0.001647554338)
(-0.015958768 -0.02090806393 0.002433695631)
(-0.01608765046 -0.02086526886 0.003756977064)
(-0.01750402998 -0.021133983 0.004067601861)
(-0.01701052489 -0.01995630109 0.003525315683)
(-0.01528582997 -0.0198304545 0.003486895189)
(-0.01424629643 -0.02003151733 0.002171514334)
(-0.01379221302 -0.02039961017 0.003393349653)
(-0.021438932 -0.02406210157 0.001493113615)
(-0.01953384209 -0.02308461389 0.001436103988)
(-0.02096261956 -0.02304937895 0.002446520312)
(-0.01952754228 -0.02283844359 0.002977296112)
(-0.01952835774 -0.02186707958 0.002145694874)
(-0.0169480885 -0.02312902032 0.001257826403)
(-0.01780383828 -0.02438893269 0.0009646306343)
(-0.01711479505 -0.02284344953 0.002601680354)
(-0.01574471635 -0.02326824396 0.002726606944)
(-0.01842193278 -0.02182802651 0.002562467785)
(-0.01720209862 -0.02094784095 0.002528297243)
(-0.01607835164 -0.02435029253 0.00103755969)
(-0.01643787036 -0.02183481282 0.003464969911)
(-0.01518399692 -0.02209084866 0.003445402952)
(-0.01617683861 -0.02290978843 0.003736360961)
(-0.01715156508 -0.02442690029 0.002002800229)
(-0.01732298876 -0.02411392798 0.003609824013)
(-0.02075437641 0.01599454517 0.002248464643)
(-0.01977048059 0.01747255217 0.002027313119)
(-0.02181604691 0.0157285099 0.00361106095)
(-0.02193217775 0.01553563953 0.005052373148)
(-0.02060681155 0.01623785655 0.004745987409)
(-0.02305958268 0.01555285484 0.004569009762)
(-0.02157771672 0.01700492498 0.00451094946)
(-0.02195053616 0.0165176523 0.005591111635)
(-0.006371390939 0.01735780494 0.001308017018)
(-0.008310043264 0.01697245086 0.00102831348)
(-0.00758046453 0.0181637504 0.0009314060468)
(-0.007758963284 0.01898270792 0.002271948586)
(-0.00766827709 0.01895521061 0.003493157572)
(-0.006233128927 0.01782719001 0.002856474005)
(-0.009701391315 0.01593850989 0.001378548945)
(-0.009526176734 0.01719832912 0.0009758770641)
(-0.009867694135 0.01726350375 0.001924667943)
(0.00962198824 0.01958729044 0.002466116528)
(0.009645269862 0.01854091946 0.002325511578)
(0.01077167529 0.01843534369 0.002710670129)
(0.01102446466 0.01734894938 0.002122300839)
(0.008728898202 0.01794745232 0.002180067858)
(0.007499055588 0.01792026602 0.002424955679)
(0.008592014172 0.01683363021 0.002555583969)
(0.008641288541 0.0155339792 0.002350319867)
(0.008837108782 0.01791859812 0.003542349515)
(0.009853161722 0.01729992945 0.002203019677)
(0.009581874213 0.01613260145 0.002423928754)
(0.009565185099 0.01768106077 0.001023452215)
(0.009730691387 0.01923916494 0.003547773921)
(0.008892757404 0.01607349793 0.001288121096)
(0.007533242014 0.01588489034 0.001160599572)
(0.00946162669 0.01309114081 0.001338129829)
(0.01085621939 0.01292338457 0.001175300403)
(0.01033047295 0.01314896177 0.002551066414)
(0.01225311954 0.01633937966 0.00271491895)
(-0.02315693547 0.02047177705 0.001042006905)
(0.006614885077 0.01819824448 0.001228204842)
(0.005278846199 0.01810750726 0.001184395495)
(0.00521371065 0.01821583404 0.002523560291)
(0.02411130187 0.01896434087 0.00359941396)
(0.0239478664 0.0201908082 0.003374848061)
(0.02430893261 0.01841638129 0.004410665535)
(0.02288607382 0.01914257505 0.004562928549)
(0.02428937413 0.0170124842 0.00455916454)
(0.01717623534 -0.006522988549 0.003035973361)
(0.01836000497 -0.008825669475 0.001367443845)
(-0.01079259817 -0.01551056539 0.001245925192)
(-0.01189556354 -0.01717883584 0.002233024001)
(-0.01093884993 -0.0165222124 0.002272215838)
(-0.01298484846 -0.01714637276 0.002697108101)
(-0.01231073226 -0.01572515729 0.002828774153)
(-0.01155709528 -0.01652066366 0.003555803568)
(-0.01307554541 -0.01914721501 0.003558984637)
(-0.01183344274 -0.01951098327 0.003466433206)
(-0.007629345467 -0.01923055739 0.003497269199)
(-0.006353750973 -0.01884226864 0.003536554512)
(-0.007506090643 -0.01872455367 0.004607770611)
(-0.001486611873 -0.01730917761 0.001505720014)
(-0.004808390285 -0.004769665822 0.002309035277)
(0.001279843222 -0.0008747468474 0.00270690913)
(-0.002157000805 -0.001117640309 0.002989200808)
(-0.00310040301 0.001506910848 0.002453214008)
(-0.0002121803905 0.001296820742 0.00182982131)
(-0.0005155253378 0.003713333473 0.002386944684)
(-0.003052277098 -0.002859237516 0.004717142784)
(-0.003802652669 -0.0154491766 0.001693768383)
(-0.002749065454 -0.01638308544 0.002814234855)
(-0.003073725251 -0.019152343 0.00135558347)
(-0.00370835756 -0.01768709775 0.002867681021)
(-0.00457271522 -0.01925864503 0.0009889631083)
(-0.005921855305 -0.01909633817 0.0009362817314)
(-0.004590147246 -0.01656756192 0.001196331744)
(-0.005824536789 -0.01679292021 0.001328535747)
(-0.004650450866 -0.01674679449 0.002728843323)
(-0.003897823185 -0.01895772507 0.002654383195)
(-0.001928556556 -0.01858461082 0.002637920762)
(-0.005465470334 -0.01783415081 0.002521608279)
(-0.006453259989 -0.0171643268 0.003936665824)
(-0.006710666824 -0.01578178313 0.00139784986)
(-0.006722055213 -0.01679293422 0.002417747901)
(-0.005639304878 -0.01913776155 0.002284794886)
(-0.01497415223 0.01668853507 0.001120916872)
(-0.01394955957 0.01599950788 0.001747606261)
(-0.01292686424 0.01724058192 0.002345345247)
(-0.01448499886 0.01692540929 0.00259086296)
(-0.01211197675 0.01721430579 0.00366509287)
(-0.01103427293 0.01764511203 0.003780012913)
(-0.01214240582 0.01621805549 0.003224912412)
(-0.01148082422 0.0152463314 0.003282378607)
(-0.01026255058 0.01474784035 0.003487964605)
(-0.01289071798 0.01540009661 0.002628917832)
(-0.0118073594 0.0136938114 0.003256582859)
(-0.01137926018 0.01725543517 0.004799165334)
(-0.01264132922 0.01529517643 0.001104424086)
(-0.01280124599 0.01839602129 0.002364469537)
(-0.01404971419 0.01827296433 0.002518478184)
(-0.01187678338 0.01839865983 0.003414826037)
(-0.01330671155 0.01672184356 0.003363540773)
(-0.01209668588 0.01848890493 0.005630019374)
(0.01736762222 -0.0185578126 0.0009035213908)
(0.01721218689 -0.01743746568 0.002725970618)
(0.01833955705 -0.02161247791 0.00224228887)
(0.01828649864 -0.02144529096 0.00332940016)
(0.01970529035 -0.02150335228 0.003740983711)
(0.01821072907 -0.02303892094 0.003315961592)
(0.01833387512 -0.02186598965 0.004587086039)
(0.01592638378 -0.01852397379 0.002122020085)
(0.01603138542 -0.01744679406 0.002412726616)
(0.01496463851 -0.01691868837 0.002254716077)
(0.01637453165 -0.01740703194 0.003737618552)
(0.01612162995 -0.01629553874 0.003326419489)
(0.01793217888 -0.01634123491 0.003480721704)
(0.01586011093 -0.01662724434 0.005037602644)
(0.01091322031 -0.01664612441 0.001139240467)
(0.009669731089 -0.01701990746 0.001275736394)
(0.01069256084 -0.01529130312 0.001314443771)
(-0.02064283649 0.02049202113 0.0009565925115)
(-0.02114213698 0.02165392027 0.001364673175)
(-0.02061657014 0.01919396004 0.001178541963)
(-0.02093139341 0.02037045961 0.002118125563)
(0.003586956121 0.008122320311 0.002342856585)
(0.006543496706 0.01529334625 0.0009699796411)
(0.005148911133 0.01511081094 0.001328453009)
(0.006386867933 0.01537800859 0.002226995275)
(0.006785286265 0.01460969145 0.003137465026)
(-0.002198757201 0.006231980427 0.004569725612)
(-0.0003030992229 0.005915119578 0.003708627348)
(-0.00641858578 0.003446581553 0.004454123587)
(-0.005169122831 0.0007497002927 0.004759860898)
(-0.005571263357 0.005366699849 0.005990531553)
(-0.006897557974 0.003126026151 0.00650389182)
(-0.006415851482 0.00121671837 0.007605762752)
(-0.007702636107 0.001608053056 0.005233660235)
(-0.01236499992 -0.0147487806 0.001489669728)
(-0.01042387454 -0.01417016966 0.001359783194)
(-0.01201728237 -0.01419151739 0.002913907425)
(0.01134440018 0.01502577195 0.001547373961)
(0.0116476193 0.01378378753 0.00146739156)
(0.01291308414 0.01365521918 0.001367854993)
(0.01158624338 0.014049625 0.002848021163)
(0.01145644435 0.01253163688 0.002707819977)
(0.01207075317 0.01536468098 0.002690022898)
(0.01321887153 0.01470907922 0.002502206914)
(-0.01328928023 0.006387644589 0.001243908945)
(-0.0130898251 0.008253388649 0.00148521835)
(-0.01327842633 0.006945324934 0.00277554327)
(-0.01270271606 0.008689382653 0.003465583095)
(-0.01311562067 0.007134862584 0.004857858682)
(-0.009724193146 -0.01258455711 0.001402945845)
(-0.01044573752 -0.01299011755 0.002944406064)
(-0.01120825205 0.01071815945 0.001296126313)
(-0.01207778973 0.01178316148 0.001227365889)
(-0.01247653868 0.009416173782 0.001022554044)
(-0.01216699612 0.01073657261 0.00281642678)
(-0.01313175359 0.01050574347 0.001459069643)
(-0.0137054295 0.01169450811 0.00124988469)
(-0.01414757066 0.01063235533 0.00255697163)
(0.01404389833 -0.0155592478 0.001241326877)
(0.01499916966 -0.01446196732 0.001320208811)
(0.01477876984 -0.01576869815 0.002643885962)
(-0.01587498675 -0.02320301427 0.004887239553)
(-0.02331871172 -0.02361243825 0.002875899668)
(-0.02173167417 -0.02388845829 0.003993173091)
(-0.02037635504 -0.02406599281 0.00341213387)
(-0.02067521811 -0.0217163325 0.002342737808)
(-0.02106647621 -0.02268112933 0.004793823668)
(-0.01902823773 -0.02408703031 0.003367954374)
(-0.01982570255 -0.0243001893 0.004556964306)
(-0.01967244386 -0.02289945265 0.004505635281)
(-0.0203530289 -0.02129638473 0.005011747699)
(-0.01961569767 -0.02388145037 0.005761904384)
(-0.01991119108 -0.0242266803 0.002170457249)
(-0.01799234036 -0.02312504105 0.003378064087)
(-0.01866302746 -0.02212769678 0.003782285341)
(-0.0196672067 -0.02154270929 0.00369058068)
(-0.01847581255 -0.02066195712 0.003402291728)
(-0.01855902347 -0.02046054535 0.004827800857)
(-0.01849773454 -0.02337422651 0.004542818498)
(-0.01839882997 -0.02384668318 0.002180090212)
(-0.01725273731 -0.02301536228 0.004619291169)
(-0.01941436249 -0.02268163486 0.005687153576)
(-0.01724407324 -0.02436585318 0.007985860169)
(-0.0172451931 -0.02007087572 0.004675237263)
(-0.01622394526 -0.0196111232 0.00432344424)
(-0.01403953057 -0.01989852043 0.00457635131)
(-0.01349083144 -0.01862771105 0.004770080694)
(-0.01524649217 -0.0186398815 0.004689077329)
(-0.01635428135 -0.01844087968 0.004929845866)
(-0.01551328234 -0.01865879411 0.00325009446)
(-0.0234868085 -0.02369270379 0.006943297527)
(-0.02181238179 -0.02418748493 0.006726451962)
(-0.02348870853 -0.02355108865 0.004947832433)
(-0.02056985759 -0.0232545413 0.006513915665)
(-0.02049453526 -0.02429914407 0.007673393399)
(-0.02075612352 -0.02391535736 0.005470631056)
(-0.02211830199 -0.02435667717 0.005373028258)
(-0.01972748493 -0.021684502 0.006859436415)
(-0.018184873 -0.02197728655 0.006859495404)
(-0.01909701206 -0.02251867755 0.007826517601)
(-0.01655423613 -0.01857918774 0.006787925355)
(-0.01622486524 -0.0175196195 0.006488027815)
(-0.01945528261 0.00981485447 0.00129864589)
(-0.01410840504 0.008392166113 0.00272177691)
(-0.01510581253 0.009331130776 0.002640484931)
(-0.01526361158 0.008565219053 0.003668491265)
(-0.01622456312 0.008363806256 0.004103308074)
(-0.0154828641 0.008758298414 0.004800760342)
(-0.01623973029 0.007508358894 0.0015092532)
(-0.016171753 0.007202429679 0.003200141682)
(-0.01660629939 0.006024883836 0.003951431043)
(-0.0165256734 0.007386956563 0.004633549212)
(-0.0163253744 0.008410515289 0.002455462632)
(-0.01906847048 0.007766002572 0.002373173483)
(-0.01941349969 0.00764846464 0.003544734218)
(-0.01870867814 0.008664263103 0.003640359773)
(-0.018686066 0.00657854053 0.003385237384)
(-0.01887636387 0.007266147654 0.004493529204)
(-0.01939803797 0.007707097494 0.005721301653)
(-0.01858316612 0.009923483893 0.003714022279)
(-0.01916424132 0.002051770236 0.001218714179)
(-0.0175948892 0.002376101433 0.001468276936)
(-0.01884795842 0.004991621169 0.002336987564)
(-0.01714001414 0.004519962054 0.001876365537)
(-0.01707686781 0.005935452366 0.002504986365)
(-0.01642841103 0.01090061666 0.00441167661)
(-0.01769603808 0.009532843817 0.004226021116)
(-0.01742847628 0.01057948473 0.003615397729)
(-0.01427828593 0.009438804924 0.003446488225)
(-0.01531894075 0.009487463528 0.00367467496)
(-0.01610711134 0.009366014811 0.003346447036)
(-0.01532511193 0.01057483736 0.003402600167)
(-0.01487886272 0.009593286176 0.004519771409)
(-0.01488652944 0.01092623142 0.005917617004)
(-0.01542675651 0.01063649996 0.007073992125)
(-0.01712145009 0.008507135969 0.003331268296)
(-0.01757714167 0.008409796727 0.004562883243)
(-0.0185944937 0.00830718891 0.005158261728)
(-0.01775040985 0.00850084812 0.005659280382)
(-0.01637092298 0.009526861732 0.00449891611)
(-0.01642847538 0.01209279088 0.005836288992)
(-0.01649000769 0.008408242184 0.005484459842)
(-0.01483641125 0.008673173693 0.005721987053)
(-0.01334700257 0.008652490879 0.005566293198)
(-0.01196461603 0.009085765247 0.005045430749)
(-0.01432627369 0.007319739876 0.005866223295)
(-0.01423136476 0.008392360938 0.006955603831)
(-0.01677704549 0.006271140555 0.005416422114)
(-0.01670875346 0.00497368922 0.005847594685)
(-0.01603335902 0.008299176657 0.006748284219)
(-0.01426872635 0.009861047968 0.006793218683)
(-0.01272284781 0.009803474887 0.006893365395)
(-0.0153115529 0.006135473529 0.004846179988)
(-0.0150305203 0.004558877874 0.004761420935)
(-0.01491659184 0.005702367373 0.003296371133)
(-0.01893762728 0.005300957589 0.004665749676)
(-0.01754868539 0.005243460301 0.004891653257)
(-0.01648086224 0.004721418233 0.004503646033)
(-0.01588969522 0.004548103343 0.003085302476)
(-0.01769481116 0.003680902008 0.004718090975)
(-0.01911258324 0.003137896441 0.004969935605)
(-0.01718944651 0.003358717778 0.00302653186)
(-0.01741775738 0.006529929476 0.003435519809)
(-0.01914527825 0.006376923304 0.005555302674)
(-0.01892462932 0.002573671076 0.002915141914)
(-0.01852824924 0.003318066333 0.00685793468)
(-0.01920798418 0.004927566191 0.007434209288)
(-0.01926983308 0.005382236282 0.00341480304)
(-0.01779711362 0.005197985818 0.003532551819)
(-0.02428413143 0.01695095645 0.00572545081)
(-0.02458250107 0.01585357548 0.006026624529)
(-0.02410962805 0.01598714713 0.006977145662)
(-0.02443024915 0.02055098814 0.001217750548)
(-0.02369340512 0.02221953855 0.00127678904)
(-0.02389229871 0.02079659764 0.00241391049)
(-0.02297173357 0.02034010373 0.003233734203)
(-0.02157430283 0.02075498879 0.003371592203)
(-0.02403862012 0.0222017185 0.0043731112)
(-0.02326250205 0.02296274267 0.00329739931)
(-0.02275279504 0.02037018333 0.00455497639)
(-0.02430280027 0.0194848414 0.00487209666)
(-0.02398814238 0.02215652538 0.002727955544)
(-0.02395019909 0.02391177339 0.002085055611)
(-0.02157482791 0.01933223952 0.004303067638)
(-0.02444263157 0.01824061477 0.005574934417)
(-0.02412504299 0.02134915375 0.005839473659)
(-0.02401098565 0.01795621008 0.006925943378)
(-0.0227189662 0.01787218481 0.006995432887)
(-0.02288142959 0.01918306731 0.006660839576)
(-0.02174580068 0.02023692144 0.006893394494)
(-0.02414142993 0.01952683645 0.00687127575)
(-0.02264382394 0.02188359776 0.006919571869)
(-0.02291407407 0.02034567998 0.00610029586)
(-0.02326785941 0.01847490583 0.005605504442)
(-0.02091311024 0.0147624747 0.004459734737)
(-0.01948533699 0.01593246279 0.005753948067)
(-0.01741528001 0.01653162261 0.005257570385)
(-0.0170197613 0.01525221512 0.005650503498)
(-0.01869585713 0.01711268238 0.005531231957)
(-0.01793041709 0.01833959102 0.005853817155)
(-0.01953940553 0.01821463914 0.005430079081)
(-0.01838784922 0.01950509404 0.006216149772)
(-0.01845907894 0.02046562419 0.005507456594)
(-0.01870474582 0.01830699407 0.007014144979)
(-0.01876565868 0.01783349016 0.004461136968)
(-0.01885269381 0.01620980854 0.006868906014)
(-0.01987229921 0.0168744048 0.00550962913)
(-0.01965850108 0.01698963002 0.006674553838)
(-0.01983117283 0.01479000761 0.005710758939)
(-0.01983379538 0.01598447122 0.006781855367)
(-0.02214675459 0.01767024968 0.005654521506)
(-0.02185398908 0.01905764124 0.005716404428)
(-0.01942861975 0.01940124581 0.005980308119)
(-0.0214098793 0.02036429998 0.005264873831)
(-0.02262973095 0.02161664827 0.005254300723)
(-0.02106080454 0.02202570906 0.007118979662)
(-0.02121110938 0.02166973202 0.004586581304)
(-0.02202288821 0.01897919011 0.007057404913)
(-0.02137883667 0.01924780051 0.008012374548)
(-0.01662845874 0.01190882692 0.004833323309)
(-0.01548224396 0.01172060182 0.004834738422)
(-0.01418188278 0.01153188348 0.005056487405)
(-0.01251251864 0.0135587564 0.004999924224)
(-0.01515152997 0.01059391252 0.004825701828)
(-0.01525000722 0.01178918468 0.002461363202)
(-0.01648012782 0.01175175147 0.003550584787)
(-0.0164624584 0.01031409776 0.00342787482)
(-0.01635405328 0.01525285584 0.00722912209)
(-0.01755774791 0.01494188921 0.008093438936)
(-0.01853190253 0.01493390061 0.004831472755)
(-0.022843805 0.02000951674 0.007703794873)
(-0.02395927762 0.02118198656 0.007545094284)
(-0.02383546075 0.02358998538 0.007588801484)
(-0.02001233645 0.01991337402 0.004571528736)
(-0.01844861354 0.0192629603 0.004744307357)
(-0.0209006741 0.01908478168 0.003089228512)
(-0.02314246288 0.02400908534 0.004436853168)
(-0.02337941101 0.02277408661 0.005691124708)
(-0.02195965082 0.0226672517 0.005566408492)
(-0.01704294182 0.02411475047 0.005291068135)
(-0.01939625909 0.0236396698 0.004757864151)
(-0.0180575312 0.0239733518 0.004691577211)
(-0.01837983392 0.02235983723 0.004500448739)
(-0.0188994139 0.02281812371 0.005838621603)
(-0.01829712189 0.02422905068 0.0058640353)
(-0.01941858076 0.02400029543 0.006313479067)
(-0.01856845941 0.02427502693 0.003670358393)
(-0.02061976171 0.02404163084 0.007231447711)
(-0.003872654435 0.0191763232 0.00324666334)
(-0.005496754302 0.01921395273 0.004682588827)
(-0.008861363664 0.01834423766 0.002824173432)
(-0.007629338185 0.01772196122 0.001974845207)
(-0.008685405198 0.01932007413 0.00346843514)
(-0.009798143567 0.01933198811 0.003367440839)
(-0.008226806604 0.01930920072 0.004737925274)
(-0.01100339681 0.01727067198 0.00231485077)
(-0.01090563378 0.01860158992 0.003302934662)
(-0.009822188371 0.01837545224 0.003821414669)
(-0.00986531498 0.0173117518 0.003249012789)
(-0.01073095776 0.01831288292 0.00488316147)
(-0.01079240479 0.01934326647 0.004548667073)
(-0.00985025508 0.01890381519 0.005625220363)
(-0.01074951567 0.01969950283 0.003575561135)
(-0.004950401158 0.01798139049 0.004468142756)
(-0.004082089681 0.01914859981 0.004949049068)
(-0.004073821687 0.01773322052 0.003238783643)
(-0.005777122452 0.01923118944 0.006007950367)
(-0.008423802544 0.0180039237 0.004291071164)
(-0.007721206001 0.01760846698 0.003167797704)
(-0.009802492489 0.0174010458 0.004633543246)
(-0.01043368943 0.0173657716 0.005725948112)
(-0.008415866505 0.01535065743 0.004828969709)
(-0.0106151284 0.01531490763 0.004722773222)
(-0.01046090699 0.01366071151 0.005128825227)
(-0.00948775073 0.01335101348 0.003232125405)
(-0.008486803361 0.01514597904 0.00316632207)
(-0.00872908795 0.0159453668 0.006084293121)
(-0.008956429533 0.01810988185 0.005464158592)
(-0.008690967541 0.01929847679 0.005727254295)
(-0.01199594656 0.01851135831 0.004366146395)
(-0.009590238836 0.01921288887 0.006691909927)
(-0.008496797056 0.01926466743 0.006872803672)
(-0.01086141228 0.01826339992 0.006683843468)
(-0.01200115393 0.01716410368 0.00596150833)
(-0.01188045148 0.01605738694 0.006335058962)
(-0.01291702959 0.01629141652 0.005324281561)
(-0.01282038969 0.01500382102 0.005758360508)
(-0.0131455315 0.01512263698 0.007360888673)
(-0.01172360563 0.0147688591 0.005424903035)
(-0.01178983716 0.0159880753 0.004774994677)
(-0.009718877194 0.01606158487 0.005368871448)
(-0.0109281471 0.01632873964 0.005721334411)
(-0.01085320102 0.01523235294 0.005925272612)
(-0.009455633986 0.01478552536 0.005934247002)
(-0.01056296718 0.01645613084 0.004799243965)
(-0.009882385423 0.01624360258 0.006690635928)
(-0.009825975098 0.01601707608 0.00784881568)
(-0.009636091408 0.01601215945 0.004107502528)
(-0.01202822 0.0150869659 0.006865616138)
(-0.01331243519 0.01363151833 0.006738036137)
(-0.01210788477 0.01238333729 0.007139032091)
(-0.01096143617 0.01581561111 0.006691106255)
(-0.017382759 0.01944341176 0.005818678434)
(-0.0170805289 0.0188444953 0.004669867592)
(-0.01758434649 0.01784951376 0.004629656102)
(-0.01626065631 0.01812009604 0.00564495743)
(-0.01509641936 0.01688385603 0.005386102911)
(-0.01415048978 0.01685665274 0.004358445531)
(-0.01279564441 0.01732469627 0.004586628053)
(-0.01299375218 0.01605312933 0.00419553768)
(-0.01262852642 0.01492643158 0.004118527819)
(-0.01196481136 0.01501252347 0.008039116125)
(-0.01416877761 0.01465131874 0.007777802391)
(-0.01317442582 0.0153202069 0.008668814609)
(0.01171498432 0.01823639979 0.002205431127)
(0.01079887781 0.0170681818 0.003432294936)
(0.01172030545 0.01820615674 0.003508230994)
(0.005131781588 0.01863416873 0.003610998941)
(0.006140268648 0.0192385637 0.00337348796)
(0.005303597071 0.01733001859 0.003375149973)
(0.005472481494 0.0193111771 0.004609173117)
(0.006487765174 0.01692715038 0.002967702365)
(0.006778636361 0.01610022126 0.003530077742)
(0.006469897631 0.01816160588 0.003501191652)
(0.005813843492 0.01809212736 0.0046344791)
(0.006602603395 0.01920638575 0.004420075977)
(0.009663036399 0.01686244294 0.003228179953)
(0.007578703211 0.01706433689 0.003534769488)
(0.00750703372 0.01648461598 0.004683385005)
(0.008799991899 0.01600635542 0.003456718311)
(0.008323794936 0.01474446907 0.003388525949)
(0.008547918787 0.01321849722 0.003062824826)
(0.008622271511 0.01494911518 0.004736911361)
(0.008818791509 0.01604930741 0.004644970873)
(0.008394932767 0.01695313083 0.004298546662)
(0.009605882129 0.01474742913 0.004154181803)
(0.00786885027 0.01840539509 0.005477113353)
(0.006647955804 0.01771756653 0.005746054238)
(0.007660924115 0.01825414457 0.006463299159)
(0.006464287833 0.01907393614 0.005653885203)
(0.004842292809 0.01935952137 0.005932488983)
(0.00350923055 0.01937590183 0.005892743552)
(0.00449360519 0.01714808411 0.005856397424)
(0.004286076437 0.0191670717 0.007381683103)
(0.006616671333 0.01914939544 0.007056803799)
(0.008541055294 0.01711662093 0.005517286329)
(0.01084444682 0.01574792382 0.005629644409)
(0.002733508385 0.01912540536 0.006998407817)
(0.003380388291 0.01762016595 0.007245026122)
(0.00493108986 0.01816364145 0.006868098887)
(0.006118682369 0.0181728238 0.006702442615)
(0.00643963202 0.01723174041 0.006963051413)
(0.005068178635 0.01703019939 0.007216076446)
(0.004927105585 0.01558283369 0.006888051782)
(0.005146750418 0.01699650955 0.004725938428)
(0.005258687807 0.01825228783 0.005653551179)
(0.008299223953 0.01735085287 0.006683482513)
(0.007358062406 0.01701363839 0.006786402635)
(0.006379946642 0.01595744525 0.007009635895)
(0.005310836779 0.01383345744 0.006970143221)
(0.006856955804 0.01621690553 0.00575312374)
(0.006472580396 0.01565717901 0.004495890279)
(0.007811344579 0.01463601383 0.007261640315)
(0.007342663309 0.01338330492 0.006868665478)
(0.008209306434 0.01486765022 0.005876017595)
(0.007326970468 0.0149845404 0.004708702047)
(0.007519837962 0.01709930694 0.005699278713)
(0.008121745395 0.01594519615 0.005486333941)
(0.008089361778 0.01370018008 0.004856244656)
(0.006100154565 0.01790288016 0.007874085456)
(0.007549148989 0.01811173817 0.007777529507)
(-0.006229467798 0.01947572346 0.007953410865)
(-0.004799346577 0.01918439915 0.007225916689)
(-0.002867631819 0.01860483236 0.006864044424)
(-0.003946802695 0.01897964039 0.00864035301)
(-0.004361769902 0.01757665672 0.007297342551)
(-0.005392774407 0.0182940439 0.006853877694)
(-0.005973776123 0.01787390327 0.005753650315)
(-0.00648563951 0.01894096474 0.007012211937)
(-0.007606499131 0.01825544696 0.007169751725)
(-0.007856858784 0.01722098254 0.007285284788)
(-0.005792724279 0.01721020611 0.007137988731)
(-0.006994886295 0.01620570193 0.007839467566)
(-0.006363332077 0.01652150174 0.005514604247)
(-0.00744652188 0.0158088567 0.005651598327)
(-0.007784715538 0.01725217727 0.005904447133)
(0.001397757349 0.01928510913 0.004786277563)
(0.002838641417 0.01926289562 0.004744371614)
(0.001937462344 0.01787817997 0.004672497595)
(-0.0002598109282 0.01935074548 0.00489535415)
(0.0005862065334 0.01800105387 0.005070345725)
(0.0007703570379 0.01759539702 0.003188219046)
(0.001024242188 0.01927373667 0.00612997472)
(0.0006750973803 0.0189578038 0.003515482132)
(0.002111992003 0.01891505055 0.005677681519)
(0.0041930042 0.01896571406 0.004561549825)
(0.003034529149 0.01692803114 0.004950829535)
(0.002871952687 0.01551355338 0.004850858598)
(0.00256032712 0.01703496794 0.003271788218)
(0.003060489018 0.01800016887 0.005703519338)
(0.004166218714 0.01929256775 0.002926571319)
(0.004007475131 0.0180114011 0.003277683547)
(0.003891404132 0.01530743845 0.003674132571)
(0.005315495907 0.01592303878 0.003533178087)
(0.004321069337 0.01771057238 0.004666648124)
(0.005462299453 0.01594236313 0.005383977087)
(0.004220007563 0.01625120549 0.004877268296)
(0.004580961539 0.01493469124 0.005330015684)
(0.005915856132 0.01343188821 0.005488571774)
(0.01822762718 0.02374470327 0.0035721404)
(0.01816601601 0.02401460127 0.005232359979)
(0.01703136743 0.02385734909 0.003981582148)
(0.01594616595 0.02357455496 0.004656604206)
(0.01565252383 0.0222603867 0.005490990103)
(0.02182895626 0.02381196275 0.005099168468)
(0.02069469585 0.02250287547 0.003459878092)
(0.02175256244 0.0227424109 0.002997608334)
(0.02120459201 0.02120426153 0.003174580093)
(0.01948930329 0.02278075584 0.003341898109)
(0.02045449566 0.02227789691 0.004698157874)
(0.01945921346 0.02397158469 0.004363303787)
(0.02075301374 0.02387380441 0.00239662237)
(0.01712648317 0.02278767371 0.00462940906)
(0.01785749549 0.02286726903 0.005442901339)
(0.01805039636 0.02177909499 0.005609368893)
(0.01488631219 0.01981028876 0.005768572852)
(0.0209008668 0.02404929997 0.006568560742)
(0.0199713951 0.02389688918 0.005641993161)
(0.01723057823 0.02018276335 0.004601197457)
(0.01668103918 0.01913992825 0.004473150308)
(0.01806341235 0.01921822455 0.004650258472)
(0.01760229809 0.01799576366 0.004827902951)
(0.01719984272 0.01945231734 0.003328660985)
(0.01703162721 0.02079364989 0.005714773636)
(0.0184668186 0.02012451465 0.00535580475)
(0.01596912308 0.01811241556 0.004689583765)
(0.01501455923 0.01699150442 0.004830365525)
(0.01505698029 0.01838669133 0.005632143113)
(0.01285848685 0.01860426721 0.004248550651)
(0.01314399954 0.01582683378 0.003658298176)
(0.01363256538 0.01496321682 0.005057367701)
(0.01432102299 0.01713052687 0.005894996092)
(0.01408683002 0.01686894809 0.003371808846)
(0.01284256734 0.01730905711 0.005896729269)
(0.01316456142 0.01600694767 0.005946459779)
(0.01346290468 0.01361664958 0.005338426032)
(0.01055148334 0.01593959167 0.004342807388)
(0.01086342579 0.01490415245 0.004709351211)
(0.01090446956 0.01502093608 0.0033729509)
(0.01810608687 0.02051080066 0.007731883261)
(0.01740831152 0.01935881702 0.007555696144)
(0.01724951569 0.02049595734 0.006858731637)
(0.01602455741 0.01747734734 0.007777482184)
(0.01719863812 0.01702406639 0.006897730142)
(0.01592134833 0.01688997735 0.006920004186)
(0.01725217987 0.01554036503 0.007221402281)
(0.0150563149 0.01687592936 0.00775335215)
(0.0161393253 0.01592594746 0.007839843224)
(0.01605450243 0.01818656477 0.006761134316)
(0.01760683597 0.0183434304 0.00644718101)
(0.01499821569 0.01750553512 0.006814059295)
(0.01655932334 0.01936125172 0.006711157933)
(0.01670214549 0.0182576533 0.005767850583)
(0.01608418565 0.01709357202 0.005700802589)
(0.01608979531 0.01939517425 0.00564312593)
(0.01401388428 0.01604675686 0.007951082522)
(0.01363776196 0.0135225295 0.007048565565)
(0.0139888161 0.01656552279 0.006792275076)
(0.01437040141 0.01585908555 0.005774431779)
(0.02192568073 0.02238701813 0.004393411722)
(0.02271906869 0.02246841289 0.005380150572)
(0.01955321139 0.02125516043 0.005566604832)
(0.01829078077 0.02102789577 0.004482615107)
(0.01984817687 0.01968376508 0.004635799029)
(0.01960657743 0.01758199562 0.00483520384)
(0.01908366105 0.02276653355 0.005632403119)
(0.01966014134 0.02132117238 0.003719293991)
(0.02055207133 0.02233320609 0.002318813218)
(0.01808967383 0.01816853491 0.003612279069)
(0.01835414358 0.02026759144 0.002375549083)
(0.01523814055 0.01736836014 0.003736696964)
(0.02198771219 0.01651208005 0.002492320991)
(0.02062136052 0.01844815942 0.003540612341)
(0.01940916878 0.01784851037 0.003342021906)
(0.02146705253 0.01803302378 0.004679761982)
(0.02181735319 0.01700773472 0.003524979073)
(0.02033821476 0.01697798374 0.003568239902)
(0.01917048831 0.01667832414 0.003485003234)
(0.0215712785 0.01471067339 0.003562195807)
(0.0212582709 0.01675059609 0.004657172197)
(0.02287019048 0.01609728674 0.004599495573)
(0.02428526903 0.01798518554 0.005536558199)
(0.02389753468 0.02169020728 0.002630080694)
(0.02221478057 0.02166562093 0.002270974444)
(0.02286175187 0.02198415848 0.001198355418)
(0.02400872698 0.02389728096 0.002602476364)
(0.02409004812 0.0225044761 0.001198611391)
(0.02160527147 0.01525668977 0.004717865759)
(0.02401840774 0.0201200384 0.004698435363)
(0.02393904744 0.01928894421 0.005471850704)
(0.01845971339 0.0159469164 0.006726869374)
(0.01917534723 0.01720511837 0.006621216327)
(0.01952795509 0.01609764687 0.005754084015)
(0.02019860204 0.01602566496 0.004677417286)
(0.02164418563 0.01804761904 0.006494161261)
(0.02030396811 0.01814543821 0.006694816909)
(0.0215556185 0.01927236477 0.0072761661)
(0.02422472501 0.01781707303 0.006696940442)
(0.02423742545 0.01921390835 0.006640799049)
(0.02267941622 0.01933256973 0.006293690559)
(0.0223456201 0.02058763599 0.007028022865)
(0.02279125184 0.02034658272 0.005395590284)
(0.02231277511 0.02144457747 0.005465991742)
(0.02453135966 0.01943865729 0.007743897974)
(0.02396037022 0.02079047914 0.007710683899)
(0.02411090858 0.01836074001 0.009047783333)
(0.02287895479 0.01801870006 0.00578181494)
(0.01912225115 0.00758313953 0.002293767834)
(0.01793779464 0.00778357338 0.002323039124)
(0.01809592422 0.006533752936 0.002402092006)
(0.01924786665 0.005990464335 0.002282491282)
(0.01805738207 0.004892918843 0.001726468725)
(0.01802814877 0.006086226053 0.001067635282)
(0.01817671193 0.007357937514 0.001165394486)
(0.01625230063 0.01050736649 0.002423984584)
(0.0162348406 0.00908164536 0.002224353177)
(0.01715844496 0.009614963935 0.002220674653)
(0.01703651786 0.009559703275 0.003205099785)
(0.01537290359 0.009512374181 0.003354568622)
(0.01554221514 0.01057492977 0.003710561653)
(0.01628434917 0.009595972969 0.004554711063)
(0.01509421657 0.009549346396 0.00230638876)
(0.01382555962 0.009870726602 0.002604935508)
(0.01354880554 0.008133276331 0.002603056639)
(0.01493049426 0.008477935422 0.002312673016)
(0.01334751772 0.006340922606 0.002230318725)
(0.01334501618 0.007771845312 0.001184144228)
(0.01398802703 0.009423190554 0.00129992328)
(0.01735906165 0.01173410674 0.003475769188)
(0.01716095582 0.01232453355 0.004832341114)
(0.01716611993 0.008501495216 0.002766231455)
(0.01689405024 0.00718274882 0.002678914656)
(0.01594473678 0.006278215997 0.002141357739)
(0.01638316119 0.005704543382 0.003735048311)
(0.01737595219 0.00389699473 0.002945050607)
(0.01686987859 0.006992585738 0.001368561405)
(0.01735408841 0.008334218101 0.001472189123)
(0.01839007918 0.008458558247 0.003576600403)
(0.01819310005 0.009777637336 0.003610717994)
(0.01809031113 0.007272156496 0.003299331988)
(0.01921711986 0.006945456062 0.00343976528)
(0.01816923658 0.005368180699 0.003152622491)
(0.01836430125 0.008629219273 0.004678426696)
(0.01831605944 0.008636011077 0.005906293536)
(0.01707246919 0.008283689119 0.005642968316)
(0.01823595598 0.007395751256 0.006152531834)
(0.01924236321 0.007300449457 0.005732452108)
(0.01840040749 0.007799999009 0.007231820738)
(0.01853658764 0.009774005678 0.004724210997)
(0.01958454199 0.009749751765 0.004689200034)
(0.01859040334 0.009837987962 0.00593848838)
(0.01918349822 0.006334899105 0.004727580126)
(0.01928665663 0.005334688762 0.00392489999)
(0.01511574739 0.01078686033 0.004777153658)
(0.01401380114 0.01098291896 0.004867503356)
(0.01168027253 0.01102683074 0.005188051601)
(0.01145839115 0.009350982613 0.004716848363)
(0.0132138804 0.01191026915 0.005067245036)
(0.0128228498 0.009664679143 0.005278125608)
(0.01266584942 0.009249739645 0.003566028059)
(0.01322809694 0.01086882215 0.005854349978)
(0.01395830986 0.00971697507 0.004839066556)
(0.01510825331 0.009644860391 0.004733538772)
(0.01510458024 0.008244090681 0.004743707224)
(0.01482260784 0.006358831406 0.004835645015)
(0.01426258787 0.008675794565 0.003681585623)
(0.01586971142 0.01257417358 0.00446543384)
(0.01515900767 0.0129255451 0.005440432204)
(0.01624086176 0.01268304176 0.003178196382)
(0.01580554449 0.01155923413 0.005623047657)
(0.01769834052 0.01180664616 0.005875555178)
(0.01645572664 0.01028576588 0.007114345784)
(0.01626992935 0.006878897449 0.004594683698)
(0.0159183178 0.008880826286 0.00563236239)
(0.01609481105 0.008295179866 0.00681250589)
(0.01612946261 0.008478596655 0.00339417323)
(0.01844133764 0.01431829944 0.004714300334)
(0.01753877462 0.01367607971 0.004726169158)
(0.01839245288 0.0153251774 0.005574427543)
(0.01850458591 0.01487383603 0.003362059714)
(0.01876244354 0.01468481409 0.002317400414)
(0.01723670782 0.01271800571 0.006982887808)
(0.01932120179 0.00862082995 0.004755684281)
(0.01812619884 0.006174501194 0.005478833478)
(0.01731457552 0.007593854931 0.006862920404)
(0.01707620252 0.007001284408 0.008330946695)
(0.01814729053 0.007412426675 0.008118527919)
(0.01798311829 0.005970199107 0.008136019945)
(0.0171412071 0.006850568901 0.005882002908)
(0.017171189 0.008205093903 0.007706658394)
(0.01849322255 0.009633355605 0.007736224921)
(0.01914795123 0.005028204406 0.007633354953)
(0.01782391616 0.004678729858 0.006876866349)
(0.01785117673 0.00276272657 0.006978760127)
(0.01771122632 0.003611553646 0.005526938053)
(0.01880040272 0.002487687089 0.005221175702)
(0.01635894597 0.007443186291 0.009115409427)
(0.01805841224 0.004845937969 0.00885216663)
(0.01933030615 0.004307072934 0.009007150756)
(0.01960031152 0.01033552722 0.008559257261)
(0.01426474851 0.01056769775 0.00784080257)
(0.01624079628 0.01269249421 0.008067652837)
(0.0148614739 0.0127469758 0.007822875224)
(0.01599608795 0.01364295367 0.007658287996)
(0.0185598856 0.01364219398 0.009293092572)
(0.01375986401 0.01392263189 0.003685412408)
(0.01475076107 0.01380923823 0.004589439706)
(0.01492243907 0.01192715485 0.002749442006)
(0.01333501406 0.01166638524 0.002687827386)
(0.01402556966 0.01310571639 0.002440152703)
(0.01751783664 0.01464604997 0.002283284816)
(0.01738862089 0.01581621042 0.002806347109)
(0.01868517435 0.01570255213 0.002531660789)
(0.01619507774 0.01377148774 0.004708371527)
(0.01720379076 0.0160105842 0.005602982476)
(0.01735949963 0.01504666509 0.004437640803)
(0.01805740949 0.01491224306 0.008233137926)
(0.01815970603 0.01602756826 0.007871455835)
(0.01827623739 0.0173070385 0.007794966565)
(0.01608869459 0.008190363618 0.001104597014)
(0.01808471633 -0.008635946337 0.002549471859)
(0.01593969017 -0.009134680956 0.002503852003)
(0.01489677046 -0.008457136523 0.002610671732)
(0.01346692529 -0.008709293101 0.002699633341)
(0.01602280193 -0.008050205735 0.002079082547)
(0.01614654253 -0.007668133061 0.001074257364)
(0.01591489299 -0.008724837008 0.004663904768)
(0.01810029093 -0.007817339921 0.00342625799)
(0.01804725521 -0.009157749329 0.003440198535)
(0.01825073834 -0.00848763936 0.004534153461)
(0.01715251018 -0.008781496094 0.004361212195)
(0.01732911297 -0.01105310526 0.003421043476)
(0.01941311155 -0.005462378081 0.002560554586)
(0.01931135313 -0.008601483618 0.00495762551)
(0.0140235304 -0.01000236005 0.00366170212)
(0.0127313228 -0.01072562979 0.003350664948)
(0.01136542452 -0.01034681412 0.003923563412)
(0.01004808854 -0.01046805421 0.003211466307)
(0.01147944629 -0.008779976831 0.003404116773)
(0.01134587326 -0.01164799164 0.00337065743)
(0.0138831862 -0.01120918845 0.003517894048)
(0.01508988663 -0.01121797781 0.003509703307)
(0.01399152533 -0.01134510565 0.004768710807)
(0.01386557548 -0.01084207204 0.002569747523)
(0.01487653943 -0.008922393025 0.003713815852)
(0.01496985986 -0.009899893521 0.004679298149)
(0.01601865296 -0.01025098424 0.004182131865)
(0.01547586098 -0.01103405435 0.00481009633)
(0.01499686482 -0.00993906992 0.006551576003)
(0.01367124553 -0.01022572197 0.005454460542)
(0.01250230581 -0.009781158264 0.006119261011)
(0.01500147398 -0.008648334923 0.005672770476)
(0.01640370962 -0.01090346079 0.003433827704)
(0.01636272393 -0.01204704759 0.003234104859)
(0.015045728 -0.01260064554 0.003224165973)
(0.01537022437 -0.01207057873 0.002268910477)
(0.0160605701 -0.007976534804 0.003415280868)
(0.01723567078 -0.007841306193 0.004824349226)
(0.01835227321 -0.009479543735 0.004563497876)
(0.01627970229 -0.009911376373 0.005614288021)
(0.01743940276 -0.008927508879 0.005735647274)
(0.01723662864 -0.01029200098 0.006733514498)
(0.01946130276 -0.007586206149 0.005731250888)
(0.01840669211 -0.007478319768 0.005554233213)
(0.01900245044 -0.006330912308 0.005958909981)
(0.01942536405 -0.005447088189 0.005653592811)
(0.01826487503 -0.005385597652 0.006180289319)
(0.0171220674 -0.005787719668 0.005654707705)
(0.01913755932 -0.004231760691 0.005223217579)
(0.01939350793 -0.005479615109 0.006980735099)
(0.01896664402 -0.007788710286 0.006793350061)
(0.01636289909 -0.009928887502 0.007098972546)
(0.01241602711 -0.008366088019 0.006965406043)
(0.01275894808 -0.008355387123 0.005762707028)
(0.01352051736 -0.007591102527 0.006747524624)
(0.01497779911 -0.007649133734 0.006814407898)
(0.01375159873 -0.0074600447 0.005484455719)
(0.01361689052 -0.01062112104 0.006953007182)
(0.01634723937 -0.00796073287 0.006727625643)
(0.01637341651 -0.008618138201 0.005687450969)
(0.01732402357 -0.007921718017 0.006999228517)
(0.01673944752 -0.00677113847 0.00682962228)
(0.01695416729 -0.00558545165 0.006893353552)
(0.01837486218 -0.005657978883 0.007311020906)
(0.01569968513 -0.005677347825 0.005593139947)
(0.01761105582 -0.004294888404 0.007037629941)
(0.01724145619 -0.002654385309 0.007023473301)
(0.01741053354 -0.004120664254 0.005340098393)
(0.01732217088 -0.007507354476 0.005922632697)
(0.01801546069 -0.006797812525 0.006881847076)
(0.01940515944 -0.006776431604 0.006753221031)
(0.01925006266 -0.006590790055 0.007849648532)
(0.01807080591 -0.006476858132 0.005611737788)
(0.01819833447 0.007461962104 0.004700058603)
(0.01708251315 0.007486010676 0.004798080058)
(0.01729376164 0.006343495064 0.004790584314)
(0.01782859421 0.00515596646 0.004556983976)
(0.01731196093 0.006573993708 0.003706158766)
(0.01714593618 0.007765970094 0.003707320462)
(0.01571379924 0.007290344119 0.003460233116)
(0.01825423337 0.006363542951 0.006899629687)
(0.01880357332 0.002147226195 0.00302179894)
(0.01919174915 0.004540841161 0.002567296004)
(0.01761863361 -0.006730278646 0.004599485454)
(0.0191644937 -0.00656337716 0.004790115108)
(0.01826868103 -0.005621944289 0.00503544702)
(0.0182870033 -0.006259885863 0.003488768004)
(0.02418668951 -0.01621097246 0.00459235461)
(0.02151106069 -0.01633258037 0.004515786974)
(0.01927561428 -0.01642655259 0.004926205702)
(0.01827899408 -0.01679604441 0.004479552287)
(0.02034525111 -0.01740764953 0.004616572479)
(0.02173117355 -0.01738510204 0.004335641084)
(0.02017624791 -0.01904896054 0.004518774458)
(0.02112346589 -0.01616169142 0.003508073361)
(0.02181419462 -0.01761129746 0.003252974486)
(0.02156919396 -0.01883871195 0.003679067784)
(0.0237379684 -0.01735562128 0.004713231423)
(0.02263495798 -0.01850865553 0.004442494368)
(0.02129558188 -0.01861729069 0.004763938608)
(0.02218204258 -0.01970683499 0.004513203306)
(0.0227855315 -0.02120036315 0.004875637634)
(0.02237758718 -0.02010201071 0.003336199743)
(0.02319984117 -0.01964751317 0.002319142967)
(0.02291749081 -0.01740504667 0.003873250421)
(0.02432346986 -0.01621369861 0.005540221207)
(0.02392501912 -0.0184723527 0.006477641443)
(0.02376550294 -0.01732210269 0.005778609027)
(0.01475274025 -0.01348794759 0.0009080281065)
(0.01380557541 -0.01345068592 0.002869054914)
(0.01458712306 -0.01324839229 0.002118649142)
(0.01460966325 -0.01453472689 0.002638712223)
(0.01649583311 -0.01097172975 0.001209046568)
(0.01702167843 -0.01547832985 0.00150178113)
(0.01712945896 -0.01668964259 0.001400513976)
(0.01592612658 -0.01668005695 0.001094573879)
(0.01693107991 -0.01624866686 0.002502947647)
(0.01885782413 -0.01416859883 0.004554263026)
(0.01731175811 -0.01450382817 0.004578159392)
(0.01584650067 -0.01429174875 0.004938220812)
(0.01810510739 -0.01556024749 0.004787856367)
(0.01816846939 -0.01429264285 0.005670434643)
(0.01821769797 -0.0174158273 0.00134137395)
(0.01824931356 -0.01765655179 0.003078935043)
(0.01951908732 -0.01834840798 0.001035545275)
(0.01953807142 -0.01622366458 0.00232587696)
(0.02075385871 -0.01481310969 0.00358791226)
(0.02098257081 -0.0152461036 0.005904917003)
(0.01966765701 -0.01569952322 0.005922507278)
(0.01740491522 -0.01331335966 0.0053539768)
(0.01500604784 -0.01100731591 0.00587655935)
(0.01746926886 -0.01474632026 0.007008995145)
(0.01882879126 -0.01530085274 0.006776668589)
(0.01995118234 -0.01516451162 0.006899023579)
(0.01947442196 -0.01777087358 0.006714676335)
(0.01819901533 -0.01746624616 0.006685060781)
(0.01957770479 -0.01883570692 0.00679913522)
(0.01940884316 -0.01724328953 0.005783618823)
(0.02402315463 -0.01745994722 0.003438586954)
(0.02250700544 -0.01856890288 0.003055207618)
(0.02373750434 -0.02151309968 0.002998240307)
(0.02443030397 -0.01973171184 0.002586253373)
(0.02411073904 -0.01843826676 0.004920315759)
(0.02037773776 -0.01854499905 0.005778231462)
(0.0190943206 -0.01868766906 0.005471645743)
(0.01967859488 -0.01961927059 0.005751717957)
(0.02151151482 -0.0195281109 0.005608135361)
(0.01988245816 -0.02071764566 0.005447346472)
(0.02056680092 -0.01978004135 0.006827456646)
(0.02144264652 -0.01876969144 0.006804858708)
(0.022036107 -0.02071558939 0.006506748831)
(0.02305385906 -0.01948906367 0.005546786671)
(0.02439869417 -0.01944704838 0.005594138995)
(0.02136628733 -0.02131688579 0.005412942195)
(0.02051594473 -0.01959786172 0.002542296689)
(0.0216467813 -0.01936300238 0.002189691299)
(0.02053311384 -0.02074004553 0.002488330909)
(0.01913349846 -0.0206957761 0.002587524008)
(0.02073277219 -0.01981647448 0.001213569576)
(0.02042686041 -0.0185346915 0.003275991462)
(0.01868464802 -0.01526030023 0.00576865299)
(0.01750514871 -0.01536598672 0.005785399249)
(0.01622278163 -0.0152572649 0.00590909608)
(0.01711300066 -0.01427556949 0.005848638692)
(0.01719614872 -0.01657640189 0.005907126664)
(0.01849895541 -0.01626187326 0.005676377122)
(0.01826826618 -0.01735777768 0.005553981271)
(0.01803300086 -0.01615944052 0.006761502155)
(0.02033300826 -0.01649777259 0.005556139244)
(0.02060557469 -0.01740364301 0.005954230934)
(0.02053041216 -0.01806470447 0.006828292319)
(0.02047014325 -0.0164795861 0.006679734326)
(0.01712289817 -0.02393426455 0.001917610442)
(0.01842788602 -0.02455278081 0.003406088873)
(0.01582108755 -0.02431238284 0.005753881231)
(0.01927931449 -0.02419768062 0.004136934064)
(0.01772504507 -0.02414092627 0.005818522584)
(0.01674874122 -0.02437228263 0.005667452212)
(0.016984906 -0.02460715321 0.006787450679)
(0.02075001216 -0.02426202086 0.005796845715)
(0.02061706677 -0.02380337129 0.004545697526)
(0.01915490859 -0.02412813033 0.005692858977)
(0.01812651115 -0.02434533311 0.006844734439)
(0.01600127102 -0.02432225607 0.006878195027)
(0.01932753122 -0.02354702105 0.007236616921)
(0.0220979881 -0.02204698776 0.006504016401)
(0.02064688122 -0.02130089068 0.006703777022)
(0.02016556555 -0.02202605779 0.005209581887)
(0.02022805537 -0.02322208066 0.005991625587)
(0.01819241894 -0.02306310669 0.0064605418)
(0.01940683581 -0.02216565959 0.006634353822)
(0.01913067622 -0.02071338286 0.006934161141)
(0.01846128053 -0.02033121746 0.005645991185)
(0.01822013331 -0.02178876469 0.00594458254)
(0.01822402476 -0.02449970484 0.007957043617)
(0.01904328922 -0.02416394137 0.008816982435)
(0.006354067096 -0.01922640771 0.001094569038)
(0.004870345665 -0.01891984214 0.001101932453)
(0.00620183192 -0.01767624897 0.001121480445)
(0.005981673213 -0.0160719684 0.00118709756)
(0.005020723208 -0.01703791917 0.002098873648)
(0.008387322469 -0.01806626584 0.001014335911)
(0.007350639441 -0.0181166001 0.001611143015)
(0.007210915546 -0.01490520563 0.001442123536)
(0.006948633127 -0.01699043788 0.003011268904)
(0.008891670389 -0.01553008967 0.002689265061)
(0.01053660813 -0.0178619947 0.002448911541)
(0.009725685405 -0.0177828633 0.004726656247)
(0.008824924944 -0.01816606103 0.004711340892)
(0.003867114354 -0.01925146064 0.005465022676)
(0.002749983002 -0.01837869463 0.005299545574)
(0.004360942778 -0.0177859224 0.00557008695)
(0.008545086916 -0.01941694512 0.005794918032)
(0.008546660102 -0.0177012766 0.005687377023)
(0.008519402135 -0.01769817571 0.006743839288)
(0.01263371022 -0.01873032043 0.005402982414)
(0.0130182113 -0.0178397948 0.005606070942)
(0.0150054155 -0.01758025911 0.005605428776)
(0.01360688206 -0.01686894365 0.005681234744)
(0.01407255348 -0.016677876 0.004573576832)
(0.01396318572 -0.01780887751 0.004771906996)
(0.01282482966 -0.01769132379 0.004490386141)
(0.0116949576 -0.01775965921 0.005645725146)
(0.01166154384 -0.01625994593 0.005604809206)
(0.01215041486 -0.01538227572 0.005147052043)
(0.01251221674 -0.01689839199 0.005930379946)
(0.01297719624 -0.01453502557 0.005576745172)
(0.01160683541 -0.01461650589 0.005579764116)
(0.01310492758 -0.01301320087 0.005559519892)
(0.0133554309 -0.01399531383 0.007055567302)
(0.01324590552 -0.0155901106 0.004564604319)
(0.01280128244 -0.01767280255 0.006877773874)
(0.01595835479 -0.0182434123 0.004515288494)
(0.01362862603 -0.01894682562 0.003355164833)
(0.009587752888 -0.0147101242 0.005632835476)
(0.008578288213 -0.01417642216 0.005131005099)
(0.008683224491 -0.01239300708 0.005303546828)
(0.009657879003 -0.01344822138 0.005645318606)
(0.008594693915 -0.01428445202 0.006572481678)
(0.009469316892 -0.01530127322 0.004578118308)
(0.009985875955 -0.01709837961 0.003604642415)
(0.01199591675 -0.01529046496 0.006197714413)
(0.01057454734 -0.01614459659 0.007115124725)
(0.01203450322 -0.01305233292 0.00701884831)
(0.01084840132 -0.01321684873 0.005970229575)
(0.01175939267 -0.0136652342 0.005672900891)
(0.01160956467 -0.01231021873 0.005672103673)
(0.01138339886 -0.01285958672 0.004322382273)
(0.0102715447 -0.01260286387 0.005062943101)
(0.01069307528 -0.01094935715 0.005140297465)
(0.01101559143 -0.01444886445 0.006895256623)
(0.0106613556 -0.01322290987 0.007578408527)
(0.01072401277 -0.01417628411 0.004821395832)
(0.01206467542 -0.01559475675 0.003619548052)
(0.01046558332 -0.01696163323 0.00804610267)
(0.01134508274 -0.01633614267 0.007879332733)
(0.02061401491 -0.01986150817 0.008729316807)
(0.02169685832 -0.02078197527 0.009122869988)
(0.02128584053 -0.01946295579 0.007852525501)
(0.02056193721 -0.02167993776 0.008810857596)
(0.02036883786 -0.02066862553 0.007809029898)
(0.01963745477 -0.01822210361 0.007804246993)
(0.01816048992 -0.01751797406 0.008723471999)
(0.01715421233 -0.01701597448 0.008902200701)
(0.01722835028 -0.01732717259 0.007427263688)
(0.01877773737 -0.01722328034 0.007561349258)
(0.01821742508 -0.01849197909 0.007588292667)
(0.01719686797 -0.01829698283 0.006682584904)
(0.01615438832 -0.01653301925 0.008367919561)
(0.01722714377 -0.01617586326 0.007542130601)
(0.01649391395 -0.01540202792 0.007842694051)
(0.01602569145 -0.01654382504 0.006829364548)
(0.01620224358 -0.01769568723 0.006594541393)
(0.01625016951 -0.01860862046 0.005793738843)
(0.01590341065 -0.01938624578 0.004634695208)
(0.01489669314 -0.01642389288 0.006190676465)
(0.01507442718 -0.01725440685 0.003754474093)
(0.01288435382 -0.01761079711 0.002186399752)
(0.01190373279 -0.01700327748 0.002534325821)
(0.01171471068 -0.01773226676 0.0079543058)
(0.01387148712 -0.01519158952 0.007693623325)
(0.0138877784 -0.01536758159 0.008931540845)
(0.01399064144 -0.01610323085 0.006666815926)
(0.01178033095 -0.01965016556 0.007050969977)
(0.01513381296 -0.01882040881 0.003309528837)
(-0.004020127115 -0.01879722139 0.004927499391)
(-0.01095882869 -0.01801979378 0.003273910189)
(-0.01120539574 -0.01519099385 0.003553934311)
(-0.01030534028 -0.01572597889 0.003399669703)
(-0.01107848548 -0.01611988041 0.004805772908)
(-0.01003572135 -0.01667187692 0.004392008214)
(-0.01085955285 -0.01910584814 0.004589921088)
(-0.01187968097 -0.01985874635 0.005433779331)
(-0.009838471345 -0.01912109365 0.005628159595)
(-0.008628795532 -0.01925672338 0.005559324751)
(-0.009716742819 -0.01929185295 0.006909513942)
(-0.008794886232 -0.01823923899 0.004851377336)
(-0.007800697475 -0.01728457356 0.004506645549)
(-0.00895857433 -0.01690017318 0.005750011491)
(-0.007600549467 -0.01654004657 0.0054739587)
(-0.008445340443 -0.01800659974 0.00662389635)
(-0.01439968627 -0.01912404991 0.005840421971)
(-0.01288109463 -0.01869483487 0.005964546496)
(-0.01456917115 -0.0177718316 0.005617659108)
(-0.01383502644 -0.01881213078 0.00698812185)
(-0.0131104604 -0.01750618079 0.004480705223)
(-0.01270478377 -0.02021526765 0.003371739316)
(-0.0133292613 -0.0173984942 0.005467165068)
(-0.01309679444 -0.01758166433 0.006606131747)
(-0.01178673436 -0.01681369824 0.00563103399)
(-0.01238672459 -0.01667091937 0.004674019302)
(-0.006772211034 -0.01768561027 0.005473367588)
(-0.01006341845 -0.0157703495 0.005615771954)
(-0.01101819466 -0.01479513376 0.005532745055)
(-0.009681964552 -0.01453100244 0.005831054107)
(-0.01031577331 -0.01507543816 0.004541530296)
(-0.008958699393 -0.01554265012 0.00517379833)
(-0.00986144432 -0.01654562428 0.006658700386)
(-0.0112046315 -0.01756506873 0.004439416775)
(-0.009948798186 -0.01790349586 0.006524809168)
(-0.009844149792 -0.01815290768 0.002475958531)
(-0.007785347954 -0.01633552586 0.003467953961)
(-0.004387480594 -0.01896688361 0.007777620384)
(-0.004945237307 -0.01740647364 0.00778245003)
(-0.006444356698 -0.0178740305 0.007797735429)
(-0.004302739721 -0.01795222602 0.009001888501)
(-0.00419527787 -0.0174705902 0.006435048067)
(-0.004410490249 -0.01912558559 0.00632897429)
(-0.005405260302 -0.01659660244 0.006688516007)
(0.002782230484 -0.01916365047 0.006872123126)
(0.003156243238 -0.01762614578 0.006976343136)
(-0.02120168258 -0.02408536926 0.008826581986)
(-0.02406097368 -0.02392886403 0.008641657501)
(-0.02104821031 -0.02274532402 0.009045652602)
(-0.01965467785 -0.02317936052 0.008848282135)
(-0.02025085653 -0.02293389921 0.007651972723)
(-0.01417507202 -0.01780095581 0.006603522414)
(-0.01311225343 -0.01630139695 0.007370205369)
(-0.01271944439 -0.01858267557 0.007072833908)
(-0.007748895593 -0.01637706951 0.008181084339)
(-0.006418982352 -0.01660916496 0.007848143123)
(-0.008918527563 -0.01679986799 0.006986094202)
(-0.009813823098 -0.01543392708 0.002320935697)
(-0.01118143377 -0.01541549719 0.002444461329)
(-0.01235752689 -0.0179862586 0.003673766955)
(-0.0142345453 -0.01747342306 0.003312359177)
(-0.01545990256 -0.01774718297 0.003657059426)
(-0.01528709745 -0.01664409957 0.003666908826)
(-0.01435805669 -0.01882218603 0.003440833398)
(-0.01424456135 -0.01758394341 0.004396505983)
(-0.01317913685 -0.01679145709 0.003663885665)
(-0.01517245267 -0.02020545455 0.0009212040213)
(-0.01486286011 -0.01907740987 0.00129916707)
(-0.01440450773 -0.01776938672 0.001271097893)
(-0.01424507034 -0.01638166928 0.001518221109)
(-0.01418550307 -0.01675503874 0.002574933386)
(-0.01589910421 -0.01826774699 0.001266323773)
(-0.01724248946 -0.01839202477 0.0009299848873)
(-0.01843099221 -0.01843065865 0.001360922301)
(-0.01785673059 -0.01725077909 0.001138080256)
(-0.01712372585 -0.01870626543 0.002010765717)
(-0.01666493152 -0.01734470976 0.001547310263)
(-0.01516565186 -0.01768797713 0.00241406254)
(-0.01527455417 -0.01902076794 0.002379631615)
(-0.01965336609 -0.02077747101 0.001483701388)
(-0.01974508801 -0.02072224009 0.002844589291)
(-0.01942851469 -0.02439818569 0.0009553667261)
(-0.01711870882 -0.01882931494 0.005833613132)
(-0.01741022757 -0.01881848302 0.004593986043)
(-0.01563422491 -0.01755853127 0.005701405082)
(-0.01680682545 -0.01779268153 0.005597675205)
(-0.01510240686 -0.01667184799 0.00582545104)
(-0.01506341652 -0.01740302761 0.006628459292)
(-0.01736016519 -0.01878854613 0.003136405311)
(-0.01642692317 -0.01850414559 0.003810413069)
(-0.01845811933 -0.01868401708 0.002554725978)
(-0.01758619567 -0.01764226571 0.003215039685)
(-0.01752542682 -0.01966542434 0.002593282282)
(-0.019517351 -0.01956893473 0.002662679095)
(-0.01742116063 -0.01966645115 0.001330215513)
(-0.01636048005 -0.01943946826 0.00276063531)
(-0.01432078936 -0.01649937478 0.005384029793)
(-0.01309968551 -0.01634758019 0.005849383933)
(-0.01403474391 -0.01523853402 0.005610468038)
(-0.01416151082 -0.01661990272 0.006532362249)
(-0.02488717313 -0.01572477337 0.005918010956)
(0.02474325866 0.01579860909 0.001996551244)
(0.0241610184 -0.02423555847 0.004343963527)
(0.02463613582 -0.01678660295 0.009193423503)
(-0.01569721387 0.02458569943 0.00937330383)
(0.01834580252 0.02469221452 0.0005608276035)
(0.02260674225 -0.01494601607 0.009464220469)
(0.02480878772 0.01569045801 0.005275479597)
(-0.02012825287 -0.01196012102 0.0005042477144)
(0.0205598436 -0.01292183255 0.009466630244)
(0.02485121027 -0.015728498 0.001731467274)
(0.01525780613 0.02300916456 0.0005350927155)
(0.02489696523 -0.01575002746 0.008071536561)
(-0.02487591961 -0.01575528642 0.003875817412)
(-0.02189054011 0.01459101286 0.009210983736)
(-0.01796286203 0.02485670779 0.0006213409744)
(0.01356276545 -0.02080947281 0.0005125961837)
(0.01542793332 -0.02363171028 0.009465717196)
(0.02242493794 0.01488035818 0.0005221377897)
(0.02028912474 -0.01236143497 0.000447076045)
(-0.02128346329 0.01391355889 0.0005898805241)
(-0.008838924842 -0.01947323531 0.009270073792)
(-0.01976487134 -0.009479888678 0.0006162991617)
(-0.0196676655 -0.008490708067 0.0006364552605)
(-0.02460076453 0.02153743346 0.008861966016)
(0.01319415125 0.02057650145 0.009407710005)
(-0.01273293212 0.02028135186 0.00933514177)
(0.02196537293 0.01464114915 0.009500119404)
(0.01475871604 0.02193656887 0.009300414161)
(0.01591837933 0.02481929133 0.009438998192)
(0.01982374372 -0.008232850652 0.0005009895583)
(0.02223933766 -0.01488599348 0.0006129965555)
(-0.02420574657 0.02396174718 0.005521247104)
(0.02482070044 0.01576036904 0.007629396902)
(-0.01950490009 -0.00864079812 0.009333437822)
(0.01381253172 0.0212213696 0.0005298987372)
(0.02437809229 0.02457382665 0.001078819792)
(0.01501737202 -0.02267468834 0.0004955184793)
(-0.02092751156 -0.01347275233 0.009468979577)
(0.02469563497 -0.01685134446 0.0006984474753)
(-0.01411978636 -0.02148911856 0.0005413555876)
(0.02475096167 0.01580731978 0.0007000805611)
(-0.02020727766 0.01214226536 0.0005377272657)
(0.01224906821 0.02021247601 0.0004631596962)
(0.01100783499 -0.01982114364 0.0007082999673)
(-0.01917362889 -0.001855987715 0.001206840861)
(0.0007279202402 0.01947946136 0.0008907761484)
(-0.01086218491 -0.01984362618 0.009374357132)
(-0.01429925232 -0.02160152673 0.009424191092)
(-0.02471069845 -0.01574993692 0.000756241134)
(0.02480957348 0.02027830477 0.0006437846332)
(-0.001796838383 -0.0194771846 0.0009612084201)
(0.011770517 -0.01997115446 0.009354017725)
(0.02438007798 0.02432041546 0.006944494023)
(0.01985743684 0.01085494171 0.0006487260401)
(0.02070630793 0.0133233036 0.009446380505)
(-0.02410712845 -0.0220996151 0.001303453574)
(-0.02466318583 0.01674482532 0.0006260009159)
(-0.001873889897 -0.01936909906 0.00915839572)
(0.0008123658763 -0.01939037724 0.0009318956827)
(-0.0236263702 0.01542087181 0.000635031696)
(0.02484074355 -0.01570175804 0.004828758974)
(0.01918736248 0.02449455849 0.009144569479)
(0.0179964168 0.02473368341 0.009368465005)
(-0.0196063433 0.008797891222 0.0006957841673)
(-0.02105655631 -0.01370430599 0.0004831419989)
(-0.02473488202 -0.01670113504 0.0006356958614)
(-0.02273812952 -0.01503417456 0.0005035064353)
(0.0003826412762 -0.01937403416 0.009176701986)
(-0.01244502316 -0.02029554095 0.009265059966)
(-0.01964019055 0.007148346902 0.00944590813)
(-0.01953332055 0.005188775167 0.0006447939121)
(0.008812784325 -0.01960946239 0.00070802175)
(-0.009631148591 -0.01976909116 0.0006351224148)
(-0.02056898925 0.01302733891 0.009401167925)
(-0.02487414687 -0.01570496917 0.004878605363)
(0.019765902 -0.01139357646 0.0006039453807)
(0.02107580375 -0.01407902432 0.009193255565)
(0.02479014181 0.01574670619 0.006280570774)
(0.02471830079 -0.01580093249 0.0007849186975)
(0.01927056305 0.02475740597 0.0006570825958)
(-0.02483970598 -0.0157121513 0.002762405777)
(-0.02488483616 -0.01575933928 0.006959132573)
(-0.02252403757 0.01499110415 0.009476867235)
(0.01503847871 -0.02267235511 0.009516922994)
(0.009921397033 -0.01975189259 0.009460877759)
(0.02258372608 0.01509131653 0.009052124268)
(0.02418492499 -0.02398190268 0.002530840803)
(-0.02050579247 -0.01275889988 0.0004975042688)
(-0.01474480489 -0.02217065302 0.0005411698268)
(0.02482390774 0.01585250788 0.009028078481)
(0.01537412124 -0.02345830206 0.0004974040883)
(-0.02063401965 0.01302115828 0.0005385353163)
(-0.02050938434 -0.01274890667 0.009512728512)
(0.02476925916 0.01681621567 0.0006275620476)
(0.02487186486 -0.01580554287 0.006950767461)
(0.02017090296 -0.01197228303 0.009531932108)
(0.02371506334 -0.01542712887 0.009480255398)
(0.02469966603 0.0157036784 0.003312044094)
(0.01224957867 0.02021220203 0.009510555343)
(-0.02484501544 0.01570105237 0.003972082416)
(0.02326711151 0.01530252162 0.0004569441381)
(0.02370632053 -0.01548526346 0.0006486329424)
(-0.02474223177 0.01590263769 0.008121923965)
(-0.01974779683 -0.01029159069 0.0005304269829)
(-0.02113016293 0.01397570972 0.009338109029)
(0.01699909967 0.02472045648 0.009127731223)
(0.01205776755 -0.02019072795 0.0005396543588)
(-0.01275756369 0.02045368865 0.0005523867014)
(-0.02377833965 -0.0156019804 0.0005342032512)
(-0.02213698787 0.01467018201 0.000559396604)
(0.01969887339 0.01006420233 0.0005590380371)
(0.0107829649 -0.01983269699 0.00943832718)
(-0.009770397214 -0.01973098277 0.009382774569)
(-0.0151227925 -0.02233630488 0.009285690969)
(-0.01961972769 -0.007137726303 0.0005857261929)
(0.02081241778 -0.01336301066 0.0005558274575)
(-0.02374792759 -0.0238235378 0.001296299059)
(0.01358016136 -0.02106579955 0.009448047378)
(-0.02178205142 -0.01439737855 0.0005719750056)
(-0.0133858958 -0.02086287952 0.0004712806884)
(0.01437646451 -0.0217268988 0.0005097831439)
(0.009860746541 -0.01965081326 0.0006163750419)
(-0.01172326583 -0.02006471699 0.009556606595)
(-0.02163799152 -0.01424411742 0.009500615735)
(0.002161480601 -0.01933524891 0.0008737397253)
(-0.008709224033 -0.01975194416 0.0005176946176)
(0.01295063283 0.02061382373 0.0005253743644)
(-0.01338292567 -0.02083585754 0.009457178177)
(-0.01910357887 0.02480180177 0.0006442428002)
(-0.01705415029 0.02482867522 0.0005178683799)
(0.01465809712 0.02206790235 0.0005178791011)
(-0.01068271385 -0.01982748069 0.0006586935756)
(-0.02480164321 0.01575433792 0.0006247455791)
(0.02488187034 -0.01573806032 0.00583959987)
(0.0247055708 -0.01576377937 0.009226629726)
(-0.02483558553 -0.01573662848 0.001779013351)
(0.02149586013 -0.01412771295 0.0005410365713)
(-0.01544215715 0.0237675745 0.009494776792)
(-0.022832711 0.01504122698 0.0004717402534)
(0.02185039538 -0.01440976443 0.009469246864)
(0.02484985712 -0.01578024819 0.003940665243)
(0.02450256591 -0.02148885187 0.001004940589)
(0.01281628283 -0.02059022083 0.0004938826137)
(0.02491878581 0.01563327364 0.004402368845)
(0.01391104288 0.02124866473 0.009594524665)
(-0.01971141943 -0.009740279073 0.009425582921)
(-0.01159949589 -0.01974877278 0.0006242891928)
(-0.01982201632 0.009657076042 0.0006139494763)
(-0.02290223531 -0.01255014087 0.008941486125)
(-0.02359626463 -0.0103409201 0.008374132375)
(-0.02418973551 -0.0138392851 0.005729270309)
(-0.02360453222 -0.01337610296 0.007776173491)
(-0.02332057747 -0.007005840654 0.008696402322)
(-0.0241661963 -0.006881477515 0.007119683522)
(-0.0216955218 -0.009942320386 0.008674945857)
(-0.02192136728 -0.008226755236 0.008503582153)
(-0.02139344913 -0.01141967435 0.008970000426)
(-0.02291603699 -0.01134362002 0.005952295916)
(-0.02369233543 -0.01156996757 0.004271329783)
(-0.02258622888 -0.009655094198 0.00433668235)
(-0.02275060076 -0.01311699586 0.005922770159)
(-0.02341886172 -0.01318999198 0.004355924312)
(-0.02307497633 -0.01290283283 0.002976350957)
(-0.02214535651 -0.009975007427 0.006958721083)
(-0.02412569286 -0.01184615401 0.001221795881)
(-0.02355420881 -0.01000664512 0.001412831176)
(-0.02393487916 -0.009491892346 0.006402077785)
(-0.02224360369 -0.009643360633 0.005682146431)
(-0.02229884406 -0.008339665635 0.005816035509)
(-0.02178639425 -0.01154429569 0.004303782294)
(-0.02161155191 -0.01096894252 0.002821579509)
(-0.02371875204 -0.01107483281 0.002953950292)
(-0.02317230198 -0.009179788595 0.002696286848)
(-0.02323511942 -0.007866712118 0.004115926919)
(-0.02144819552 -0.01084408376 0.00109616062)
(-0.02149411426 -0.009572310895 0.001974864869)
(-0.02246467997 -0.008572150623 0.001391782587)
(-0.02391175881 -0.007569409138 0.00114347085)
(-0.02353015687 -0.006032265899 0.001348628789)
(-0.02163386856 -0.008356769108 0.002774219145)
(-0.02182173698 -0.006908273291 0.00336072858)
(-0.02203749937 -0.00512870412 0.002772697711)
(-0.02175527289 -0.006964594341 0.005228654723)
(-0.02201083206 -0.007114776104 0.001671300976)
(-0.02152783584 -0.00563579493 0.001180512666)
(-0.02166821464 -0.003864909034 0.001393402006)
(-0.02268257788 -0.002041830244 0.001578049031)
(-0.02149146724 -0.008131138426 0.004401868185)
(-0.02361837912 -0.007360544889 0.002689026622)
(-0.0238008568 -0.005702845312 0.002905104446)
(-0.0234776234 -0.004378065889 0.003728222055)
(-0.02362051153 -0.00129328424 0.003594451345)
(-0.02388474098 -0.003023341539 0.004818425345)
(-0.02385183905 -0.007424169995 0.005868737889)
(-0.02358496023 -0.005686006655 0.006319328115)
(-0.02361804237 -0.005702361775 0.008069897122)
(-0.02144031437 -0.005749613492 0.004175698922)
(-0.02170861731 -0.005309306482 0.005631934917)
(-0.02218900902 -0.002826196622 0.005601836447)
(-0.02191341975 -0.003193444947 0.007796032757)
(-0.02210444115 -0.004700530565 0.007099972908)
(-0.02212565774 -0.006876053634 0.007097684356)
(-0.02163635913 -0.008914628711 0.007480145537)
(-0.02156378554 -0.006886803638 0.008938212249)
(-0.02352891574 -0.008370984226 0.007406787477)
(-0.02374691235 -0.00863772017 0.008858751479)
(-0.02133987372 -0.009653715543 0.003113167564)
(-0.023688867 -0.003665455199 0.006851478407)
(-0.02268363003 -0.001406451084 0.007909345808)
(-0.02246679449 0.001966505823 0.007146819297)
(-0.02343798499 -0.004208124139 0.008647981625)
(-0.02320109076 -0.004414657876 0.005466454685)
(-0.02325466838 -0.005935503165 0.004522149387)
(-0.02185858222 -0.005583571319 0.008501697696)
(-0.02173434709 -0.004198729685 0.008901923264)
(-0.02122988381 -0.009049494303 0.006250246504)
(-0.02100591408 -0.009799883256 0.006660339414)
(-0.02155108694 -0.001450992161 0.006757416635)
(-0.0221672537 0.0002474191326 0.006412503943)
(-0.02145268579 -0.01049112109 0.00550895463)
(-0.02115008239 -0.01025636836 0.004327662463)
(-0.02128644304 -0.01078261164 0.007907898586)
(-0.02242894981 -0.01113924867 0.007875768418)
(-0.02161621743 -0.01192304242 0.007473956778)
(-0.02129740479 -0.01087109598 0.006603174618)
(-0.02419809039 -0.01361368711 0.0008106662453)
(-0.02317932603 -0.01355334623 0.001650133363)
(-0.02447152462 -0.01390629394 0.009185895027)
(-0.02211776666 -0.01201967423 0.001382296335)
(-0.02353135953 -0.004335000989 0.001552224643)
(-0.02193545138 0.001739486006 0.001671641387)
(-0.02172320426 -0.001745360752 0.002923895754)
(-0.02380386775 0.003927118488 0.00171109031)
(-0.02241894383 0.008319031292 0.001914308857)
(-0.02238153579 0.008998507506 0.003055491397)
(-0.02389701252 0.00728671181 0.001502448362)
(-0.02179806126 0.006721100744 0.001624496623)
(-0.02141474631 0.007830759379 0.003478108705)
(-0.0217563441 0.004318275656 0.001343976284)
(-0.0217044819 0.006300695171 0.003519628377)
(-0.02161998049 0.00614617942 0.006375528453)
(-0.02348132534 0.006068983831 0.006192639742)
(-0.02341811096 0.004542999968 0.005508556513)
(-0.02189645389 0.007428150008 0.00495333985)
(-0.02153188236 0.007477988859 0.006812700388)
(-0.02369208564 0.01158110371 0.001537691271)
(-0.02360762628 0.0109556068 0.002848920433)
(-0.02273569891 0.009984449371 0.003678308011)
(-0.02256254654 0.01309962165 0.001159347872)
(-0.02341812627 0.01330566905 0.0028817145)
(-0.02326134819 0.01286355296 0.004384551281)
(-0.02308918078 0.009946288797 0.00113646944)
(-0.02233966345 0.009812245264 0.002069607438)
(-0.0239019408 0.008631825135 0.00108665755)
(-0.02387825676 0.008951987566 0.002556290493)
(-0.02367306587 0.008881216889 0.00440843793)
(-0.0233392519 0.008599779682 0.005894123493)
(-0.02186918068 0.0099279049 0.002858869277)
(-0.02183609261 0.008848733832 0.004149264689)
(-0.02162064418 0.009255676731 0.005544822068)
(-0.02149866806 0.01043612414 0.004658006299)
(-0.0233709644 0.01116420645 0.004563355306)
(-0.02319584502 0.01021161306 0.006077213719)
(-0.02357209683 0.00884316393 0.007265590906)
(-0.02148507172 0.01084989722 0.006061764703)
(-0.02153235318 0.01029111726 0.007309648035)
(-0.02183542262 0.01169302038 0.008460050737)
(-0.02129683114 0.00999628754 0.008780776931)
(-0.02390794568 0.007196187933 0.00490286899)
(-0.02141608041 0.006012011738 0.004828760065)
(-0.0233212586 0.00743596291 0.007150021696)
(-0.02396236874 0.006930969756 0.008846024488)
(-0.02162419617 0.008827818081 0.006934035253)
(-0.02179700534 0.008812626236 0.008339133641)
(-0.02189667354 0.007539168076 0.008613207148)
(-0.02216467358 0.004911211233 0.007204584312)
(-0.02412103974 0.004868745053 0.006852673317)
(-0.02108096028 0.00983547242 0.001538725413)
(-0.02309759476 0.00758576979 0.003350850046)
(-0.02378065304 0.005958679198 0.003097041306)
(-0.02366828149 0.004218949988 0.003930653586)
(-0.02290261307 0.005879518677 0.004599103524)
(-0.02352414069 0.005705253477 0.001378548875)
(-0.02361307314 0.01245672074 0.005985086063)
(-0.02232822777 0.01218719256 0.007090648694)
(-0.02118798175 0.008471944531 0.001191078657)
(-0.02186535084 0.009218864296 0.001165794291)
(-0.02361269332 0.002386839254 0.003564742474)
(-0.02333313015 0.002652213293 0.005246654474)
(-0.0218729934 0.003381805486 0.00307420179)
(-0.02350829834 0.00226472011 0.001469975441)
(-0.02358261001 8.135844047e-05 0.001462325084)
(-0.0236813365 0.0008373846123 0.002967746586)
(-0.02364138865 0.0006314329478 0.005013370234)
(-0.02208671319 0.005087615955 0.002800545752)
(-0.0220535824 0.004779556462 0.004308799327)
(-0.02188934446 0.003370860302 0.005034570889)
(-0.02182657361 0.004865522796 0.005669562695)
(-0.02194411335 0.001538700717 0.004263484873)
(-0.02285392236 0.006055093687 0.008145993722)
(-0.0214417762 0.006130846443 0.008664520515)
(-0.02203930464 0.003862208107 0.008589834393)
(-0.02166970273 0.009168013237 0.002079280036)
(-0.02092942464 0.008943838208 0.0020581771)
(-0.02128581911 0.008946295959 0.002909088442)
(-0.02102085956 0.009529786292 0.000686443005)
(-0.0217131077 0.01006195265 0.0008517153861)
(-0.02093948639 0.01038966315 0.0007605464863)
(-0.02122134453 0.0098256699 0.003474713608)
(-0.02093468226 0.008965265768 0.003826282495)
(-0.02400957499 0.008695755357 0.008683781261)
(-0.0233220225 0.0101833934 0.008483422845)
(-0.0237127486 0.01191483844 0.008826257891)
(-0.02101314737 0.009452788655 0.004599732004)
(-0.02375756038 0.01361890659 0.008223483678)
(-0.02150609419 0.01109718207 0.003548713984)
(-0.02312846974 0.003620131866 0.006809731981)
(-0.02158853899 0.003520096956 0.006775440532)
(-0.02389366534 0.004639777684 0.008571873063)
(-0.02387580065 0.002603133228 0.00827051123)
(-0.02198147046 0.0004820043085 0.008712711942)
(-0.02370014182 0.0005451780456 0.008586372072)
(-0.02116965191 0.008054103008 0.00219340905)
(-0.02187661161 -0.004189796379 0.004440358211)
(-0.02200140965 -0.0009350049632 0.004745104397)
(-0.02195853696 -9.097742854e-05 0.002963083624)
(-0.02235155546 -0.003059973394 0.003251051288)
(-0.02466990756 0.0144930979 0.001587321982)
(-0.02368165811 0.01388062485 0.001026500747)
(-0.02398480161 0.01280709751 0.001351981032)
(-0.0244660793 0.0141564786 0.002466634431)
(-0.02449747598 0.01414978156 0.003747523493)
(-0.0246688342 0.01436772528 0.000678271186)
(-0.02469200266 0.01313370826 0.0006242271435)
(-0.02458043981 0.01432543186 0.007004308092)
(-0.02117141611 0.01021745441 0.00244248052)
(-0.02139104187 0.01151575654 0.002390800998)
(-0.02228881978 0.01095992047 0.002300072277)
(-0.02147638425 0.01098234835 0.001126937853)
(-0.02468445884 0.01426027125 0.005932278367)
(-0.02405840332 0.01364864188 0.005890252533)
(-0.02421849275 0.01415655138 0.004929856652)
(-0.02339382536 0.01362548564 0.006885821112)
(-0.02218836266 0.01226780758 0.003254049029)
(-0.02464724924 -0.01426458368 0.008200274337)
(-0.02135202735 -0.009466649572 0.0008280981532)
(-0.02195746837 0.01201538137 0.001151321775)
(-0.02353917528 -0.001312008642 0.005971330527)
(-0.02488775051 0.01471290954 0.005203954918)
(-0.02262467017 -0.01365510159 0.009440428998)
(-0.02443260559 0.01433412118 0.00908693526)
(-0.0217185907 -0.0002649787276 0.001240584458)
(-0.02107145857 0.01111156208 0.009373384894)
(-0.02462756074 0.01088810286 0.0008066299903)
(-0.02486769102 -0.01468362714 0.006061893349)
(-0.02408432048 -0.002832134663 0.008526063617)
(-0.02103243536 0.008317876566 0.009274938897)
(-0.02235977496 0.01304091173 0.009024079319)
(-0.02091119136 -0.009934272444 0.009360076199)
(-0.02110662405 -0.007099894378 0.0007799968364)
(-0.0212034753 0.01193776393 0.0005179028865)
(-0.02281683703 -0.01365571426 0.0005953520321)
(-0.02466571256 -0.0145414413 0.001687083124)
(-0.02471287595 -0.01472423206 0.004247942697)
(-0.02128076741 -0.01203642334 0.0005823761192)
(-0.02162176945 0.01278640825 0.0005840593922)
(-0.02350718786 -0.01402692818 0.009214675425)
(-0.02443757717 -0.01450136805 0.007213676714)
(-0.02466417959 0.01302273355 0.008999754222)
(-0.02126014 -0.008858351474 0.009256465102)
(-0.02486280767 -0.01466883064 0.005099071064)
(-0.02213821509 -0.01297257792 0.0005810135684)
(-0.02489041445 0.01468926375 0.004476760242)
(-0.02110799843 0.007263688617 0.009397298314)
(-0.02481673643 -0.01453156687 0.0007469792695)
(-0.02167343069 -0.01262420759 0.009334478101)
(-0.02337452265 -0.01418193525 0.000634490602)
(-0.02140019132 0.01220921357 0.009321942211)
(-0.02119467318 -0.008319345525 0.001115258885)
(-0.02459856861 0.01197005465 0.0006917759369)
(-0.02327457806 0.01402036432 0.009317512543)
(-0.0249018957 -0.01480113564 0.003015125789)
(-0.01147265775 0.02208851345 0.008437719033)
(-0.01088371747 0.02351455167 0.007081246334)
(-0.01242823985 0.02300551743 0.008893673059)
(-0.003616605482 0.02363752905 0.008334742015)
(-0.006828504435 0.02148572457 0.008796129293)
(-0.005942418352 0.02353038787 0.008661122207)
(-0.007767793704 0.02387289739 0.008552602219)
(-0.008759400035 0.023817856 0.007066925812)
(-0.00771443696 0.02335221916 0.005767079548)
(-0.008291826663 0.02179378083 0.00849017816)
(-0.008592811128 0.02182761809 0.007098726561)
(-0.01020866311 0.02161861561 0.007401893377)
(-0.008356276823 0.0215241582 0.00584383897)
(-0.008612809254 0.02206956581 0.004510359831)
(-0.009569224645 0.02353020482 0.008484270626)
(-0.009733211122 0.0213814308 0.008754397206)
(-0.01112406044 0.02423240177 0.008556364039)
(-0.01007073324 0.02156599189 0.005814950515)
(-0.00948343536 0.02329707654 0.005853896875)
(-0.01044610648 0.02201932968 0.004271761534)
(-0.00918630584 0.0215928521 0.003141244509)
(-0.0134462551 0.02381859435 0.005889125781)
(-0.01207255054 0.0242899445 0.007344685738)
(-0.01149521354 0.02352757459 0.005692139675)
(-0.01202828276 0.02395975528 0.004376887367)
(-0.01295454096 0.02315002022 0.003031184254)
(-0.0123351018 0.02310220862 0.001723932069)
(-0.004882244491 0.02209061561 0.007141006209)
(-0.006965978652 0.02226210929 0.007088723031)
(-0.007196055539 0.0215630377 0.004973050616)
(-0.006456111897 0.02376740539 0.001247471418)
(-0.01085958026 0.02179080645 0.0013967048)
(-0.01035604824 0.02356265425 0.001520279002)
(-0.009015190334 0.02191516601 0.001730262459)
(-0.01110400487 0.02395155038 0.002992020832)
(-0.01122679559 0.02176692998 0.003042845757)
(-0.002953922737 0.02185491605 0.001673778051)
(-0.00238514814 0.02395315708 0.001602892291)
(-0.0005048374287 0.02260060941 0.001950718585)
(-0.002184212526 0.02308337 0.003498421134)
(-0.004329994013 0.02381346047 0.001746477388)
(-0.007053965086 0.02172954535 0.001404958993)
(-0.005292094457 0.02205335514 0.001957169891)
(-0.00734143005 0.02209759644 0.002956896762)
(-0.00624848638 0.02381872798 0.002749066528)
(-0.005843399269 0.02186095086 0.003802112746)
(-0.003946081815 0.02198138248 0.003314528888)
(-0.004526264452 0.0236375731 0.003894982655)
(-0.004515484932 0.02390809016 0.006157486174)
(-0.008075586159 0.02355083104 0.003172937819)
(-0.006665483801 0.02332815156 0.004359428079)
(-0.009542400996 0.02368247563 0.003015262882)
(-0.01009318199 0.02402576195 0.004453206723)
(-0.008220397681 0.02377806851 0.001548706601)
(-0.008370870712 0.02400750769 0.004549444382)
(-0.006089865314 0.02184260106 0.005788719397)
(-0.004731863654 0.02198687283 0.005023340481)
(-0.00266840263 0.02247898253 0.005945183386)
(-8.869615284e-05 0.02242371616 0.006547853237)
(-0.005502752311 0.02393365457 0.007276727996)
(-0.006920240062 0.02411779056 0.007001149724)
(-0.005934499083 0.02359844949 0.005778696674)
(-0.01386120223 0.02412651487 0.001619807745)
(-0.01126935926 0.02141111868 0.005328518299)
(-0.01149508752 0.02159226731 0.006739962529)
(-0.01425358132 0.02447948852 0.005186103445)
(-0.01390283405 0.02427310017 0.003860392466)
(-0.01276783707 0.02250306682 0.004909221449)
(-0.013130862 0.02313162181 0.007484955298)
(0.005333960208 0.02202920075 0.001664794315)
(0.003647050507 0.02161416912 0.001142631372)
(0.01002858654 0.02149205363 0.001303810521)
(0.008429441663 0.02182858999 0.001387602273)
(0.01135778126 0.02158916675 0.0008587508808)
(0.01175994031 0.02349563867 0.001842622869)
(0.01310972978 0.02424996377 0.001058727702)
(0.01287213862 0.02418046658 0.002944851993)
(0.01132829865 0.02248905671 0.003284486035)
(0.01185264388 0.02394045173 0.004653002226)
(0.00688830822 0.02199768185 0.002128753652)
(0.007416133116 0.02390143492 0.001529564109)
(0.008176881719 0.02347068281 0.003114601506)
(0.006705048526 0.02395536605 0.003056027262)
(0.005197429328 0.02359399335 0.003025750416)
(0.006885206132 0.02188088296 0.004154240079)
(0.00486186413 0.02188654144 0.003970026513)
(0.006032370048 0.02159855377 0.005550264452)
(0.007516684046 0.02144315942 0.005694151578)
(0.007794116691 0.0217557296 0.007283413376)
(0.008869606763 0.02391228434 0.001495583512)
(0.01034471351 0.02334457187 0.001402613588)
(0.0081251589 0.02144690599 0.003312911652)
(0.009789789226 0.02189146416 0.002959322461)
(0.008686097248 0.02221302168 0.004663117055)
(0.008917041288 0.02155174227 0.006260715107)
(0.01014141923 0.021594208 0.00566661681)
(0.01049238231 0.02334004669 0.004697162411)
(0.00922936739 0.02364699311 0.005648151849)
(0.008707884889 0.02361618909 0.007933268823)
(0.009334129802 0.02169031862 0.008391589081)
(0.01335501213 0.02335194705 0.004218752331)
(0.009784094284 0.02388168999 0.003182514079)
(0.01195547637 0.02188596583 0.004244615375)
(0.0117742479 0.02197804413 0.005535172215)
(0.01180611594 0.02174914626 0.006909419558)
(0.01136513778 0.0236795216 0.006473882484)
(0.001743759347 0.02242777251 0.001672204394)
(0.003949000715 0.02351549528 0.0013521135)
(0.003369574403 0.02227586101 0.002721992918)
(0.001873969249 0.02258861282 0.004390394297)
(0.00409315045 0.02204298624 0.00588931732)
(0.003383517296 0.02184276213 0.008166544368)
(0.00592449335 0.02385725543 0.001385172667)
(0.005885539563 0.02347533148 0.005186358462)
(0.007545949214 0.02302886719 0.005942218637)
(0.006793905371 0.02389329623 0.007120060605)
(0.006227481391 0.02217527496 0.006948910563)
(0.00566324998 0.02367456009 0.008536804881)
(0.007411955401 0.02393159317 0.00471908446)
(0.01041541774 0.02150452271 0.00426566451)
(0.01279571086 0.02409172766 0.005575665609)
(0.01270157169 0.02418898078 0.006933083165)
(0.012375029 0.02421742278 0.008439755176)
(0.01061273533 0.02384589429 0.008234885712)
(0.0102913825 0.0218859939 0.007132725072)
(0.01083237852 0.0222871516 0.008641340044)
(2.74816699e-05 0.02358861134 0.004685287)
(0.002222280507 0.02338938671 0.006572664454)
(0.004669838265 0.02370326904 0.006906672862)
(0.00500937692 0.02202706483 0.008131957723)
(0.006509565214 0.02175454617 0.00848964348)
(0.007921951956 0.02164572154 0.008652692157)
(0.007227860206 0.02334804191 0.008595587595)
(0.009271623583 0.02114698633 0.004283282428)
(0.00155774558 0.0217785566 0.008450451255)
(-0.0009292719283 0.02254345434 0.008458977665)
(0.00145341834 0.02367027048 0.008497798045)
(0.003708779109 0.0236902963 0.008574001364)
(0.01424359202 0.02443183937 0.005238336343)
(0.01308074271 0.02254344764 0.00913758424)
(0.01267297777 0.02328965279 0.00918932641)
(0.01311513069 0.02400740762 0.00934267137)
(0.0128829317 0.02474887249 0.009330975543)
(0.01326242722 0.02283634914 0.008262105367)
(0.01183495507 0.02278151722 0.008939631557)
(0.01250052117 0.02172508929 0.009182414288)
(0.01386090334 0.02334461354 0.009070483757)
(0.01450486692 0.02454044202 0.009383306572)
(0.01378518115 0.02465532465 0.009342266505)
(0.01438473125 0.02454771543 0.008294108333)
(0.01134697354 0.0216398613 0.002155326399)
(0.01197687435 0.02118539235 0.008539971008)
(0.01097408213 0.02126059004 0.008097949717)
(0.01157536353 0.02147108748 0.009127345739)
(0.01056120703 0.02116029073 0.009188506474)
(0.01226733146 0.02192642411 0.008184322179)
(0.0120522331 0.02302693811 0.007600724658)
(0.01376838279 0.02376119791 0.007497390727)
(0.0131902211 0.02242510137 0.007413186863)
(0.01254702321 0.02171019562 0.000939134867)
(0.01242171141 0.02181274627 0.002624935891)
(0.01284098952 0.02273329623 0.001469750679)
(0.01403909248 0.02388575652 0.001923299853)
(0.01322492943 0.02277117377 0.003001221059)
(0.01300739802 0.02244648647 0.005106143613)
(0.01310714937 0.02266191002 0.006322273989)
(0.01386204009 0.02338859616 0.005891910669)
(-0.004762044818 0.02172140901 0.008813123159)
(-0.002958260914 0.02175814213 0.008533976719)
(0.01356745366 0.02463504269 0.008571199954)
(0.01429971529 0.02458012633 0.003814693017)
(-0.01310010666 0.02425876746 0.008849624332)
(-0.01425806352 0.02440858619 0.009067016406)
(-0.01246782403 0.02194295349 0.0008786877015)
(0.01489276056 0.02492059235 0.006782566945)
(0.005087899225 0.02105195894 0.0008691677421)
(-0.01469858142 0.02499113469 0.008506085272)
(0.01365357363 0.02242145507 0.009610270221)
(0.01028160048 0.02085378403 0.0005393767702)
(-0.006766354649 0.02467823109 0.009200506072)
(-0.01105097993 0.02105773489 0.0006639197029)
(0.005172278066 0.02110399916 0.009199119769)
(0.009183833626 0.02102078232 0.009358749591)
(-0.01334868711 0.02217954087 0.00951514521)
(-0.01451413818 0.02463772242 0.0006578693598)
(-0.009819697659 0.02449752612 0.0007048475868)
(-0.01135220302 0.02124906766 0.009276425928)
(0.01458060654 0.02479566975 0.0005666475895)
(0.0138205256 0.02316305189 0.0007641216579)
(0.01425863207 0.02466074689 0.002662933484)
(-0.01293051494 0.0244613331 0.000778265497)
(0.00721274462 0.0210600952 0.009381153245)
(-0.01455787809 0.02452518371 0.002602470544)
(-0.009738711819 0.02111490594 0.0008658325764)
(-0.01463261648 0.02466697943 0.00759660996)
(0.006519189057 0.02113497003 0.0008502802996)
(-0.01259914852 0.02167211333 0.009116941252)
(0.01474601377 0.02476255626 0.001896876378)
(0.01322875026 0.02194211961 0.009453324695)
(0.01143952517 0.02453511267 0.0008110061588)
(-0.008383213095 0.02112222066 0.0007856866741)
(-0.0114396744 0.02435132615 0.0006973494178)
(-0.01366374467 0.02306560613 0.009389240182)
(-0.01364468158 0.02272650826 0.0009808392872)
(-0.008345886771 0.02096139509 0.009304145223)
(0.01425560353 0.0240095284 0.0007307228856)
(-0.01461945174 0.02472568587 0.001634694989)
(-0.01379300664 0.0248556761 0.0006235145874)
(0.01481313753 0.02496287556 0.005968775413)
(0.01384932809 0.02477027654 0.0005684784033)
(-0.0142924237 0.02357007482 0.0005939532563)
(0.01343421986 0.02227917413 0.0005826722384)
(0.01485920469 0.02476587293 0.007629676391)
(-0.01456070654 0.0245649056 0.006292846872)
(0.01420116982 0.02468694204 0.001243937671)
(-0.01420758343 0.02381766474 0.006866353946)
(0.02368109706 0.01088759043 0.003315375564)
(0.02248505391 0.01000502779 0.00312318171)
(0.02404973647 0.009129310586 0.003232794866)
(0.02383945825 0.009737643003 0.005234742269)
(0.02229602705 0.01180432929 0.001267093239)
(0.02207040525 0.01212286164 0.003217927916)
(0.022124818 0.0115374976 0.005153405892)
(0.02413006187 0.01121481819 0.001509422364)
(0.02364447616 0.01336610459 0.003258796443)
(0.02408003017 0.01139608247 0.004603874774)
(0.0237773566 0.009299688556 0.001439642406)
(0.02267563328 0.01040170471 0.001692465806)
(0.0215259959 0.007546883155 0.001288862113)
(0.02192295412 0.006155203139 0.001247406188)
(0.02245344027 0.008610466855 0.003275002963)
(0.0212514648 0.008828059948 0.004511545371)
(0.02137315925 0.009057855143 0.00623436478)
(0.02266790921 0.008773352317 0.00626467063)
(0.0217771639 0.007595888127 0.005597690326)
(0.02253624054 0.009237269241 0.004711849631)
(0.02259562232 0.01003577179 0.00646493354)
(0.02395590375 0.01031699749 0.007280164826)
(0.02261515777 0.009864632796 0.008253274198)
(0.02144470143 0.01030566449 0.001221996875)
(0.0240494305 0.01278757633 0.002143265397)
(0.0235683627 0.005239864527 0.001703138749)
(0.0239261823 0.007597602522 0.003437285746)
(0.02334922154 0.007531798392 0.001819278497)
(0.02340944775 0.006086444351 0.003180105142)
(0.02372645533 0.005200096088 0.004682958933)
(0.02312785227 0.006103771834 0.005884883204)
(0.0239980118 0.00836603517 0.004567893673)
(0.02298603999 0.00723936175 0.004535878282)
(0.02354222152 0.008006670987 0.005793159464)
(0.02415992625 0.007227368371 0.006923613223)
(0.02417211735 0.01096184241 0.005821867632)
(0.02396370699 0.01237293173 0.005868184901)
(0.02339893762 0.01152137641 0.006998704162)
(0.02416081823 0.01147433978 0.008610903939)
(0.02420390666 0.009791155621 0.008726856584)
(0.02344145414 0.01281382909 0.004397676051)
(0.02172597705 0.008874031339 0.001612631989)
(0.02189830607 0.004084062272 0.001304653464)
(0.02190701759 0.004562102899 0.003446759306)
(0.02187689718 0.002898383449 0.002803302127)
(0.02170802541 0.005612161586 0.002499424167)
(0.02185468331 0.007111225211 0.00287251176)
(0.02148435276 0.007647623053 0.004191637008)
(0.02378108761 0.008935704118 0.007185981664)
(0.02201902399 0.008780293983 0.007854207056)
(0.02359059724 0.008364593519 0.008555525697)
(0.02150122585 0.005914832668 0.005949504728)
(0.02207209313 0.004314889188 0.005358730571)
(0.02352055661 0.003701725003 0.006545619437)
(0.02178018354 0.002117181094 0.005484364285)
(0.02187256262 0.004979226933 0.007301301847)
(0.02138215237 0.004934932597 0.008923196807)
(0.0223072291 0.007356861605 0.007056997299)
(0.02183487043 0.007712776202 0.008522845665)
(0.02205411432 0.006249944805 0.008470572428)
(0.02238411607 0.01094025092 0.007464892054)
(0.02341909475 0.01290287567 0.0073180718)
(0.02344660353 0.01311263567 0.008725764211)
(0.02211376152 0.01215361806 0.008586597901)
(0.02206522256 0.001798681049 0.001381224227)
(0.02363805929 0.003337864256 0.001663697552)
(0.02126545376 0.009570147658 0.003553209361)
(0.02130291863 0.01044069388 0.004133940911)
(0.02138782922 0.01061368524 0.00269841327)
(0.02119879248 0.008487933444 0.003145235247)
(0.02179648283 0.006132166845 0.004401764086)
(0.02359826732 0.0036986647 0.003694499418)
(0.02170853694 0.002962627187 0.0042340117)
(0.02183918486 0.0009116501601 0.003520235547)
(0.02336400195 0.00199671017 0.004540354126)
(0.02389091823 -0.001210090703 0.004498993815)
(0.02338366099 0.00174652654 0.002542796921)
(0.02366311141 0.00564131574 0.007268759478)
(0.0233095715 0.004869428981 0.008621421076)
(0.02378247712 0.006747985823 0.008539548303)
(0.02235506701 -0.0001572860611 0.005390595833)
(0.02227737217 -0.001954557354 0.005384642426)
(0.02160711506 0.003441224031 0.006687070906)
(0.02296282299 0.001382657488 0.007157572848)
(0.02193457891 0.00299597307 0.00848058715)
(0.0212432324 0.009613194037 0.002449381009)
(0.02127704221 0.01010944849 0.005327378006)
(0.02128735781 0.01082511163 0.006609621033)
(0.02125398486 0.009689784253 0.007570147354)
(0.02136097776 0.01017557384 0.008982748254)
(0.02233252451 0.01085350033 0.009070201563)
(0.02324321583 0.01086757499 0.008545481496)
(0.0232387562 0.009829863607 0.009219019359)
(0.02235124069 0.008915406798 0.009129113927)
(0.02114948205 0.009071554928 0.009143435645)
(0.02138336397 0.01106279717 0.008077017183)
(0.022012224 0.01236990889 0.006888425961)
(0.02423417794 0.01406043931 0.007595510276)
(0.02389731955 0.01426109977 0.005710641572)
(0.022904038 0.01327470324 0.005706499069)
(0.02390552048 0.0138161818 0.006519705416)
(0.02466303115 0.01449321098 0.006196150938)
(0.02229763635 -0.01131046926 0.001902987417)
(0.02240058463 -0.01001884523 0.003028396918)
(0.02389320759 -0.01001139494 0.001619249032)
(0.02404605026 -0.009480396563 0.00393943801)
(0.0215259441 -0.008585282647 0.003201824351)
(0.02283463844 -0.009719510657 0.004552635844)
(0.02332898942 -0.007779792827 0.003012399924)
(0.0238014156 -0.01177575435 0.002939478932)
(0.02383390112 -0.009852053044 0.005911261739)
(0.02156767089 -0.0100585987 0.001626523557)
(0.02219657088 -0.0085149027 0.001769182843)
(0.02171642217 -0.007045943843 0.00134177291)
(0.02203486089 -0.005012514152 0.001366444154)
(0.02150876564 -0.007261358843 0.003237659547)
(0.02391632697 0.002887926986 0.008624199877)
(0.02389507362 -0.007662538503 0.00875409946)
(0.02375441554 -0.01127455904 0.008421315979)
(0.02392925133 -0.00943413616 0.008560010896)
(0.02217375457 -0.009267060187 0.008727238378)
(0.02226971093 -0.009989741547 0.007064517283)
(0.02209733306 -0.0119391891 0.007247747433)
(0.02156180057 -0.006832476986 0.006960175357)
(0.02343800515 -0.006698866837 0.006914063095)
(0.02208984882 -0.005390265024 0.007265324289)
(0.02371716324 -0.002258863973 0.008482058315)
(0.02408598312 -0.004208287865 0.008411853084)
(0.0242657882 -0.008222303447 0.001235583614)
(0.02332060582 -0.005928726994 0.002940631757)
(0.02349738083 -0.006632354902 0.004933912476)
(0.02384230444 -0.01189370476 0.00142583063)
(0.02374442593 -0.01348434811 0.002061879108)
(0.02392052646 -0.01382711038 0.003205513914)
(0.0236225098 -0.006527332045 0.00132600769)
(0.02399628295 -0.004862648396 0.00149841459)
(0.02372990886 -0.003187013923 0.001714159423)
(0.02195178958 -0.002726670011 0.001337377339)
(0.02209939475 -0.008424223734 0.004305012029)
(0.02423836711 -0.007961441845 0.0043841113)
(0.02181609358 -0.00644637118 0.004375443836)
(0.0218725773 -0.007662551835 0.00569658752)
(0.02336473424 -0.01276346663 0.004345948371)
(0.02373869235 -0.01094756539 0.004701032795)
(0.02415816786 -0.01390160039 0.004566588895)
(0.02394679834 -0.01214227988 0.005720683061)
(0.02214337492 -0.01155446655 0.005807030596)
(0.022246385 -0.01152487839 0.00435709375)
(0.02229564328 -0.0096932579 0.00568097037)
(0.0213425124 -0.009875688503 0.003966806467)
(0.02388686696 -0.01120119557 0.006765641207)
(0.02366786255 -0.004811289599 0.006370087403)
(0.02362037844 -0.008370628287 0.005540782846)
(0.02423233942 -0.01009883148 0.007258359319)
(0.02332290238 -0.008480251805 0.007096265881)
(0.02412582785 -0.004077318425 0.003256889319)
(0.02175138026 -0.004510342248 0.004725658337)
(0.02188655957 -0.005783302811 0.005818548508)
(0.02320144701 -0.005066109276 0.004480631459)
(0.02332501284 -0.003152154182 0.004754723131)
(0.02372263968 -0.001232220298 0.006349951897)
(0.02400224906 -0.002255476649 0.003195507486)
(0.0223268262 -0.001582704607 0.00322784814)
(0.02375961065 7.592981823e-05 0.003125573085)
(0.02360655665 -0.002996483721 0.006805046556)
(0.02226568782 -0.004041254754 0.003039801204)
(0.02157265122 -0.008468633327 0.006894581418)
(0.02206548772 -0.004094601394 0.008277892569)
(0.02151262586 -0.005869824437 0.00869910047)
(0.02220377084 -0.007327535716 0.00823796053)
(0.02353888041 -0.01299074484 0.007376148118)
(0.02272682033 -0.0127130781 0.008689086626)
(0.0223911776 -0.01074840562 0.008376330382)
(0.02386688703 -0.001420919734 0.001507993113)
(0.02227010266 -0.00028934431 0.00168526506)
(0.02203104804 -0.00214550686 0.007666730499)
(0.02234206234 -0.0002952647598 0.008235321284)
(0.02125624417 -0.009040822165 0.005194297837)
(0.02184387211 -0.003489527818 0.006156437666)
(0.02160982594 -0.002782017125 0.004237779293)
(0.02125174319 -0.01075232586 0.006160230193)
(0.02126767267 -0.01043230298 0.007851444438)
(0.02124928164 -0.01077656654 0.004828531214)
(0.02128180641 -0.01102931488 0.002952479342)
(0.02191186165 -0.01217114271 0.002929549437)
(0.02392198126 -0.01370597889 0.008502119087)
(0.02263439242 -0.01280635236 0.001669146499)
(0.02299940991 -0.01325062086 0.005928190939)
(0.0234101262 -0.005617230261 0.008539617727)
(0.02446161061 0.01420454252 0.009159439115)
(0.02129498252 -0.01078307549 0.009105723621)
(0.0220418897 -0.0118651968 0.00922886781)
(0.02145959436 -0.01174062286 0.008489506059)
(0.02479603221 0.01440480379 0.005295917313)
(0.02447339899 0.01338547336 0.005424467146)
(0.02438502082 0.01427083947 0.004570678688)
(0.02368766893 0.01371264668 0.001295818002)
(0.02251061326 0.01298516313 0.0009458690829)
(0.02220195659 0.01289324174 0.001980092069)
(0.02161014529 -0.01135489867 0.0009244064568)
(0.02335575935 -0.01415789231 0.009438168392)
(0.0213109976 0.01123734153 0.009155795822)
(0.02129758558 -0.001620958553 0.008969833849)
(0.02103545393 0.008588762407 0.0006950031078)
(0.02156755423 0.01269704498 0.0005039450696)
(0.02452415774 -0.006456923629 0.009250479446)
(0.02449312391 -0.01290772376 0.0008882548401)
(0.02475689209 0.01457548156 0.008249776195)
(0.02089460625 0.00959941745 0.0006795452587)
(0.02448026542 0.01438295339 0.0007238987921)
(0.02125848767 -0.007420143208 0.009129345198)
(0.02204779948 0.01301573968 0.009384346388)
(0.02311493145 0.01388094817 0.009360306458)
(0.02462336755 -0.0105459387 0.009228989807)
(0.02098049866 -0.009963811018 0.0007367841009)
(0.02168952633 -0.0127897849 0.009541245204)
(0.0246657486 -0.01449522039 0.002174390125)
(0.0210511622 0.007002110348 0.009273603539)
(0.02485622877 0.01478802586 0.003529505644)
(0.02458568118 0.01283424891 0.0009481250602)
(0.02485963474 -0.01481619925 0.006415731252)
(0.02302346564 -0.01385067594 0.000962960609)
(0.02466861799 -0.01460774746 0.008448326127)
(0.0245550523 -0.01213181555 0.009009998888)
(0.02456441446 -0.01447666069 0.009332950508)
(0.02432758119 -0.01420576383 0.0009428861513)
(0.02084794672 0.01047506918 0.0005758728742)
(0.02255801861 0.01368307769 0.0004746878743)
(0.0247446509 0.01464899314 0.001575284753)
(0.02243491395 -0.01347736744 0.009422397887)
(0.02101663043 -0.009611504747 0.009198230808)
(0.02108673025 -0.003063006146 0.00901113558)
(0.02142965585 -0.008848234288 0.0008006810944)
(0.02473009039 -0.01464756434 0.004968134779)
(0.02228526467 -0.01337985033 0.0008262585109)
(0.02427344503 -0.01304581761 0.0093618839)
(0.0246970695 -0.01466711928 0.007641473652)
(0.02464948837 -0.0112683944 0.0008248011921)
(0.02159103718 0.001282528568 0.00894454154)
(0.02124615705 0.01129193779 0.0006296004113)
(0.0211758552 -0.01181222645 0.009451339674)
(0.02471663993 0.01472990343 0.002450761428)
(0.02112091581 -0.008544871587 0.009359120334)
(0.02471106976 -0.01446295299 0.003516137127)
(0.02172657653 -0.01274389326 0.0007559930259)
(0.02406740563 0.01432974791 0.003757722549)
(-0.004873654321 -0.02347627641 0.008745579723)
(-0.004945751026 -0.02389990982 0.007236598475)
(-0.004192638052 -0.02194539062 0.006826568573)
(-0.006202913902 -0.02300017967 0.006286879547)
(-0.007864664179 -0.02338187637 0.007076826376)
(-0.00711090094 -0.02151309413 0.007023914963)
(-0.005475032559 -0.02193271788 0.007483059372)
(-0.005517886551 -0.02345689771 0.004853272238)
(-0.01100622479 -0.0232633509 0.008926720178)
(-0.006551113625 -0.02195913834 0.008477664351)
(-0.00664682155 -0.02371113391 0.008468931829)
(-0.008192207328 -0.02254913752 0.008653493168)
(-0.01137660941 -0.02180660872 0.007713043534)
(-0.009926724035 -0.02168571251 0.008704133833)
(-0.009744317053 -0.02337520714 0.008861514171)
(-0.009333749902 -0.02345764268 0.007470675014)
(-0.008752126261 -0.02157877429 0.007378111964)
(-0.007901786783 -0.02363192495 0.005639066635)
(-0.007562286926 -0.02160275254 0.005772625186)
(-0.00694038564 -0.024098219 0.004686442285)
(-0.00721464741 -0.02392041031 0.002962399666)
(-0.009402619844 -0.0237437454 0.00582436308)
(-0.01074369158 -0.02352730229 0.007642964656)
(-0.01259302687 -0.02298978313 0.007141670955)
(-0.0107749647 -0.023286248 0.006248681286)
(-0.0113165384 -0.0215101791 0.006413325098)
(-0.0106503774 -0.02207333088 0.004303575597)
(-0.01072280128 -0.0220493524 0.003314361219)
(-0.009114402645 -0.02184274258 0.005945998434)
(-0.01218372758 -0.02377473603 0.008384973481)
(0.01259663373 -0.0239540561 0.001758738601)
(0.01197864759 -0.02343101755 0.003072716994)
(0.01031105882 -0.02380655241 0.002883840016)
(0.01253443655 -0.02274277511 0.004477150068)
(0.012894883 -0.02262692728 0.005809333193)
(0.009260754033 -0.0219011423 0.003353991135)
(0.005910413649 -0.02151559508 0.001335134539)
(0.002553930981 -0.02354718779 0.001678492882)
(0.003722841633 -0.02186355491 0.001428716446)
(0.007322618164 -0.02361389605 0.001544608305)
(0.005314278674 -0.02367400331 0.001449082472)
(0.00605133461 -0.02201327088 0.003580411415)
(0.007655264456 -0.02172684564 0.002770439599)
(0.006191568632 -0.02178987201 0.005650632323)
(0.009623173083 -0.023340081 0.001241311189)
(0.00904461836 -0.02161367383 0.001560252726)
(0.007723469544 -0.02177934115 0.001261060541)
(0.00877960466 -0.02359095326 0.002516956806)
(0.008534513008 -0.02177327727 0.004607310114)
(0.008961253712 -0.02362212675 0.004202144675)
(0.01059628131 -0.02151492505 0.003714577442)
(0.01157678413 -0.02172847121 0.004335194407)
(0.009891060098 -0.02225912712 0.004760240447)
(0.01061083544 -0.02360730617 0.004380370407)
(0.01136604619 -0.02382069597 0.00620466857)
(0.01151106759 -0.02232804586 0.005978519557)
(0.01117366609 -0.02201785874 0.00682456891)
(0.01158071771 -0.02185353971 0.008342882284)
(0.009739650498 -0.0217426032 0.005868918335)
(0.009297922216 -0.02334844528 0.005971720966)
(0.01005208198 -0.0238990015 0.007410994521)
(0.01122671371 -0.02162614518 0.002133913385)
(0.01137198458 -0.02344494083 0.001513790517)
(0.01353605927 -0.0238231749 0.006881281006)
(0.0101972419 -0.0211567584 0.001596344158)
(0.0006670719162 -0.02208174814 0.003375864517)
(0.004596133876 -0.02148008793 0.002855200541)
(0.004465502936 -0.023129283 0.002991927186)
(0.003212169524 -0.02420044591 0.00318720946)
(0.00153727606 -0.02378689672 0.003887387306)
(0.003552006808 -0.02355433216 0.004615320433)
(0.004282860804 -0.02352082904 0.006400003604)
(0.004871226179 -0.02177338322 0.006303664833)
(0.006104340326 -0.02412136578 0.003245807542)
(0.007469415829 -0.02336405293 0.003788921638)
(0.007298413784 -0.0214595236 0.004369220826)
(0.007426600349 -0.02312593581 0.005394605831)
(0.005560210777 -0.02357307536 0.005130657363)
(0.007223903106 -0.02291417986 0.006943876866)
(0.007561509413 -0.02384246849 0.008682045261)
(0.007409186067 -0.02141605148 0.005709200169)
(0.007672442636 -0.0216830036 0.008482649126)
(0.009781015866 -0.02103050621 0.0007878311733)
(0.01015655978 -0.02206379475 0.001037539257)
(0.008490315037 -0.0215062013 0.005960962025)
(0.008654959799 -0.0214847642 0.007276033411)
(0.009943874448 -0.0218012788 0.007215350365)
(0.008667335951 -0.02319828616 0.008001398098)
(0.008874931042 -0.02177194098 0.008486293207)
(0.010113683 -0.02327571951 0.00875603819)
(0.01008785059 -0.02116388675 0.002521374497)
(0.01182916108 -0.02365572325 0.008314273313)
(0.01017574972 -0.02238562509 0.002243420401)
(0.004269889024 -0.02191800091 0.004518154266)
(0.002442200683 -0.02356267737 0.00576625142)
(0.003326755279 -0.02195340181 0.005680976365)
(0.009614765649 -0.02114994905 0.004891311626)
(0.005604923591 -0.02328936786 0.007745282024)
(0.007319658776 -0.02135379163 0.007037166278)
(0.006424915169 -0.021919611 0.008281490687)
(0.01340586432 -0.02352024854 0.0085460344)
(0.005975886132 -0.02139999848 0.007135766625)
(0.003483447244 -0.0221308027 0.007134041386)
(0.00181141897 -0.02178568169 0.006511704671)
(5.849069337e-05 -0.02180866315 0.007105460302)
(0.001245343983 -0.02359337 0.007098569904)
(0.004069750606 -0.02359339591 0.008554264947)
(0.005023806203 -0.02161712792 0.008424368072)
(0.01065500456 -0.02141465709 0.005300873405)
(0.01174870535 -0.02151003407 0.005327818491)
(0.01085205565 -0.02264270463 0.005250022917)
(0.01082968498 -0.02131261407 0.006402041807)
(0.009845267759 -0.02109352245 0.008506112285)
(0.01020062716 -0.02202793701 0.008346860848)
(0.01075468565 -0.02142272512 0.00914011186)
(0.01164049025 -0.02129760868 0.00920439472)
(0.01161773134 -0.02224984345 0.009242052811)
(0.01251093026 -0.02164947751 0.009223762379)
(0.01254425694 -0.02252468583 0.009005887723)
(0.01273228958 -0.02216559802 0.007909187763)
(0.01338608014 -0.02236927438 0.009369404299)
(0.014154474 -0.02337978592 0.009255393402)
(0.01365328336 -0.02394728704 0.002674049239)
(0.01454198403 -0.02457537108 0.002432694803)
(0.01236077555 -0.02189405268 0.003196470092)
(0.0119354986 -0.02151778394 0.006270560116)
(0.01145370025 -0.02143826189 0.007382330808)
(0.01197180865 -0.02261969487 0.006985684242)
(0.01096762696 -0.02270857489 0.007565897659)
(0.01062148363 -0.02257243539 0.006391228861)
(0.01194125693 -0.02146721726 0.001415814919)
(0.01343369448 -0.02296768172 0.001397082688)
(0.0136477043 -0.02390791676 0.00461085286)
(0.01436988076 -0.02459375286 0.003724491413)
(-0.01221304622 -0.02419849904 0.005802485345)
(0.01255224934 -0.02221851359 0.002127115298)
(-0.01422521359 -0.02423065341 0.009080803723)
(-0.01045511188 -0.02355465415 0.00460666209)
(-0.01048742378 -0.02377221808 0.001180880527)
(-0.01263336491 -0.0234829386 0.004575771564)
(-0.0121974845 -0.0241767707 0.003380038495)
(-0.01277376522 -0.02336038866 0.001686949426)
(-0.01301618941 -0.02447411978 0.008995773228)
(-0.01358153524 -0.02308004845 0.009168164857)
(-0.01248421202 -0.02233132501 0.008829446744)
(-0.009588432872 -0.02203305979 0.004388528199)
(-0.008605004968 -0.02315865375 0.004316693109)
(-0.009735439642 -0.02201618233 0.002527894384)
(-0.009781723747 -0.02213482037 0.001157720132)
(-0.008439588678 -0.02222826922 0.001297253587)
(-0.01088555633 -0.02407270388 0.002782602998)
(-0.01084128403 -0.02163298961 0.001525320083)
(-0.002288237826 -0.02167893709 0.001393991873)
(-0.002871256453 -0.02200664096 0.003279960027)
(-0.006970356176 -0.02198009884 0.001386478614)
(-0.005412216012 -0.02266950779 0.001567350249)
(-0.003179602264 -0.02337773571 0.001851370236)
(-0.007481094705 -0.02225044175 0.00274145925)
(-0.006921065093 -0.02393004611 0.00124240177)
(-0.008589351092 -0.02372259071 0.001292883641)
(-0.008834977148 -0.02166748631 0.003253589856)
(-0.009276030169 -0.02356094441 0.002664879456)
(0.0002955948873 -0.02366880156 0.002120950054)
(-0.0002660539897 -0.0218038471 0.001319468469)
(-0.003955020266 -0.0216604299 0.001367083066)
(-0.001198467019 -0.02351272467 0.001438624938)
(-0.001421416799 -0.02370128389 0.003564322516)
(-0.001253222237 -0.02184404423 0.002882065832)
(-0.001196845845 -0.02209659086 0.005008499768)
(-0.005498837964 -0.02321955318 0.00336933932)
(-0.005883143319 -0.02152940948 0.003140977711)
(-0.003556845957 -0.02348982894 0.00405032808)
(-0.007173384548 -0.02210884679 0.004295433293)
(0.001703552397 -0.02175133755 0.001467336042)
(-0.001298083977 -0.02235573885 0.008560462943)
(-0.002653057062 -0.02163641237 0.008931617425)
(-0.004510193176 -0.02160596836 0.008717578481)
(-0.005914082797 -0.02167152764 0.004719518799)
(0.0005621669656 -0.02345642877 0.0085400927)
(0.001836513804 -0.02173225918 0.008314825453)
(0.002447549493 -0.02349700474 0.008519523711)
(-0.009318968448 -0.02108762529 0.000927586137)
(-0.009669377804 -0.02108821795 0.002085187087)
(-0.008652936903 -0.02129432293 0.004626937205)
(-0.01084492887 -0.02114377369 0.004726574743)
(-0.009807139547 -0.02112732121 0.004712366616)
(-0.00952640486 -0.02112052542 0.003965135633)
(-0.01039204833 -0.0215992508 0.005543228989)
(-0.002925861429 -0.022136563 0.005851157179)
(-0.002136000788 -0.02390667163 0.005460722497)
(-0.004036106518 -0.02376925325 0.005748873755)
(-0.003188581688 -0.02342801884 0.007924349212)
(-0.004363601923 -0.02187200603 0.004701877867)
(-0.002764923371 -0.02175135568 0.00760438067)
(-0.001652608603 -0.02152345342 0.006718123587)
(-0.001285054422 -0.02346915352 0.007075536591)
(-0.01013037034 -0.02116269442 0.006985488451)
(-0.01014489015 -0.02223551837 0.007053483012)
(0.0003264747553 -0.02322654763 0.005386319314)
(0.002160300372 -0.02195602482 0.00471284198)
(0.003043774647 -0.02413865672 0.00715347007)
(0.003581142082 -0.02157641756 0.008633269899)
(-0.008409949221 -0.02121077311 0.001885145594)
(-0.004451948204 -0.0217489689 0.002903526549)
(-0.01399289736 -0.02429358947 0.007520713761)
(-0.01420104471 -0.02434828681 0.002607821407)
(-0.01415609608 -0.02428819198 0.004542538132)
(-0.01256464204 -0.02211934512 0.001157561865)
(-0.01151341088 -0.02150218794 0.003916539976)
(-0.009945749993 -0.02176886305 0.003484488168)
(-0.01149357754 -0.02281237634 0.003539440311)
(-0.01170269516 -0.02155468993 0.002713641935)
(-0.01045700101 -0.02118640259 0.003818853849)
(-0.01057156901 -0.02126092346 0.002714294626)
(-0.009738885499 -0.02103949845 0.003168140012)
(-0.01001429747 -0.02272682922 0.003485772414)
(-0.01071534534 -0.02267798768 0.00239158962)
(-0.01343442182 -0.02302430636 0.005928471313)
(-0.01302870392 -0.02235114969 0.003248789362)
(-0.01336901232 -0.0236737858 0.003316682197)
(-0.01197837155 -0.02211011988 0.005195056389)
(-0.01129694015 -0.02146771852 0.009073216444)
(0.01088035552 -0.02127151729 0.000875355238)
(0.01182262111 -0.02131668759 0.0006501819035)
(0.01148569319 -0.02233636211 0.0009088967571)
(0.01258960138 -0.02226247893 0.0009599005768)
(0.01402026133 -0.02419071769 0.001046085032)
(0.002858763458 -0.02205391186 0.00315281009)
(-0.01320913463 -0.02195641228 0.009362584748)
(-0.01378146924 -0.02272503119 0.0005664260529)
(0.008894203542 -0.02453770511 0.0009339462922)
(0.01469410546 -0.02486862227 0.0006765440388)
(0.01273124758 -0.02158260241 0.0004865548805)
(0.01451309704 -0.02444775655 0.006338361721)
(-0.01244801712 -0.02146368352 0.0004726171366)
(0.006426833738 -0.02112516647 0.009221352345)
(-0.01402312217 -0.02437119141 0.0009810128298)
(-0.008749923056 -0.02131088765 0.0093398551)
(-0.01212229002 -0.02453435306 0.001161107966)
(0.01112041709 -0.02442882099 0.009156844631)
(-0.01019689106 -0.02451198733 0.009371441908)
(-0.007879485597 -0.02115404612 0.0007318940438)
(0.01248684773 -0.02456090726 0.000791389989)
(-0.001311652959 -0.0241080167 0.008800008408)
(-0.006064573148 -0.02112381847 0.009300648814)
(-0.006279139852 -0.02110300976 0.0007525319891)
(0.01343891017 -0.0221896789 0.0006749943737)
(-0.01474192191 -0.02479758718 0.005234548032)
(0.008342423041 -0.02108278944 0.009380852631)
(0.01449344387 -0.02460771119 0.009040154231)
(0.008721952892 -0.02437979641 0.009170117184)
(0.008708038838 -0.02094137396 0.0005927607085)
(0.006374159211 -0.02460555561 0.0008880014443)
(0.008188369708 -0.02435599053 0.005055723391)
(0.01063034165 -0.02447181449 0.0009163871439)
(0.01470421206 -0.02492755304 0.001499415206)
(0.01455909138 -0.02464387275 0.005038461688)
(0.01283308036 -0.02452138584 0.009133331136)
(-0.01150777259 -0.02463612769 0.009253956959)
(-0.01433811147 -0.02459296144 0.006061674827)
(-0.009428292459 -0.02085996575 0.009374078195)
(-0.009140167295 -0.02445674752 0.008998821055)
(0.01486362307 -0.02507794514 0.007882281013)
(0.0002549806647 -0.02167679128 0.00885903727)
(0.01395269212 -0.02303973477 0.0006175304698)
(-0.01245010732 -0.02152741387 0.009473363782)
(0.00932170635 -0.02124360097 0.009445308275)
(-0.01315088276 -0.02186015549 0.0005203635017)
(0.007443330939 -0.02096181851 0.0005595303504)
(-0.01046905598 -0.02103085417 0.0006176405384)
(-0.007573006565 -0.02119708253 0.009148520278)
(-0.01441704276 -0.02361426665 0.0004607600931)
(-0.01143534922 -0.02143050015 0.0006369332477)
(0.01417052635 -0.02470787516 0.007409973257)
)


// ************************************************************************* //
