/*--------------------------------*- C++ -*----------------------------------*\
| =========                 |                                                 |
| \\      /  F ield         | OpenFOAM: The Open Source CFD Toolbox           |
|  \\    /   O peration     | Version:  2312                                  |
|   \\  /    A nd           | Website:  www.openfoam.com                      |
|    \\/     M anipulation  |                                                 |
\*---------------------------------------------------------------------------*/
FoamFile
{
    version     2.0;
    format      ascii;
    arch        "LSB;label=32;scalar=64";
    note        "nPoints:9154  nCells:45803  nFaces:94203  nInternalFaces:89009";
    class       labelList;
    location    "constant/polyMesh";
    object      neighbour;
}
// * * * * * * * * * * * * * * * * * * * * * * * * * * * * * * * * * * * * * //


89009
(
4569
14882
23415
24690
9
3737
5304
7112
4141
8556
20372
26247
2527
23392
28449
33461
4579
7749
7835
33402
10
725
3650
21169
6704
10738
12350
16280
6933
22462
30324
31104
1469
1493
11657
22325
8951
19267
24477
23
3681
11852
649
5498
7219
23799
7778
8961
18158
23948
1665
3171
8369
16436
19858
29178
29184
29896
10061
18360
25731
25927
26755
33939
33949
38078
2684
20366
25244
30777
136
1632
3329
22442
1418
5455
27551
34957
6181
9739
15300
26789
15643
30731
31243
349
617
4149
26075
57
11843
4516
8942
18215
34478
8332
10305
23974
32604
610
2261
8434
18248
5459
6323
23440
27499
29
1018
9600
37641
407
9610
1014
9658
17646
34882
34
35
1061
12991
8757
11699
28834
30234
40
415
416
32324
48
11526
48
2463
14836
17376
29142
29151
30369
1394
11945
20198
27567
281
6834
15784
25935
13323
26920
33625
34329
407
1034
1864
3344
12538
17111
19034
71
6715
17743
25974
110
7408
15754
23154
5077
7151
16478
17557
539
1041
3266
20718
7887
9014
15880
33354
22570
29661
29932
34282
4601
30099
7344
14056
16052
38872
9490
12021
13953
17580
3542
3730
13839
14821
6221
26675
27943
35137
12763
19655
25153
30499
8226
10550
16683
25419
9597
14674
15758
16490
4305
6791
14870
15010
4486
31926
1912
18657
23823
33970
5289
14579
25234
29664
72
419
430
2488
218
15829
18633
23767
23166
23344
25949
33148
6815
8501
17072
4304
26627
28202
29226
3467
6149
19416
34008
10017
10018
13006
18190
13202
20970
25573
28580
3004
6512
23960
24167
1780
5426
5429
6223
15136
16355
25391
27240
130
5217
35021
73
432
433
2489
7902
16063
1328
1460
31452
32857
8849
11301
24841
33677
18420
20395
30432
30433
19291
20113
22967
24353
4230
5239
17386
32535
80
472
476
84
490
495
83
8946
19598
2585
20108
29398
30195
18129
18696
31843
98
28251
30926
5605
19878
29822
32368
11133
25231
34490
35209
14567
20762
25607
27803
6396
11307
26275
32351
2499
2511
23627
30678
5934
15184
21046
28453
983
7648
22164
23026
10461
16919
22153
29907
5076
13678
20672
34189
808
5969
28333
31028
12959
14878
17843
34382
18727
19598
20160
850
6484
8092
23627
803
1345
13297
9680
15377
22171
25131
4695
15050
20201
26284
108
4531
17905
21802
9918
20179
20281
28242
16515
18129
24458
30111
12720
22975
25044
34737
5983
11247
29914
33584
7270
11510
15628
25156
3941
3978
20623
34711
7895
25158
33878
11463
14811
16586
23017
458
4447
26071
8589
12180
28343
34084
12607
25035
27402
34381
16214
16868
19735
16531
19211
19228
21774
6500
13258
16834
23960
19185
24511
26984
42380
7291
17640
17648
29868
11354
19700
20459
34214
4691
11521
25974
26046
741
14547
15359
34759
128
16069
34427
130
7465
10038
17743
15390
16187
29582
34625
8913
13565
29741
33963
6279
18751
25152
30122
3086
20662
22166
44864
1792
1798
13887
25327
7020
28214
1656
1792
1797
24174
10204
29965
7993
20486
23715
25598
141
5648
16875
17703
331
13059
13793
22617
6025
13533
23809
34655
14957
20433
23107
30473
11862
15556
6581
9306
15933
16617
18696
25211
31843
9979
18336
19386
22839
429
18647
23973
33854
13656
16413
35060
605
13052
16431
25977
2192
2415
2419
7494
4013
23357
27213
27925
14173
20945
25914
26726
7740
20810
23305
25077
2442
14790
23625
24296
11212
29742
31497
33987
7729
19556
24482
31369
1847
14901
20338
34697
14899
16046
20008
23408
7188
17503
26099
32726
165
170
4524
4526
4956
6466
16874
41961
303
2354
24418
31432
3153
11141
21239
31341
303
4463
24476
31387
1861
9031
14613
22565
8277
9110
10351
6328
6953
24479
31506
2440
28160
29353
5433
20960
25607
31553
12841
12850
29027
32360
4463
24478
26266
26876
703
29223
29224
20901
24171
29703
12992
23310
23928
30315
887
7750
8828
26704
14525
23350
25205
33065
181
21193
37034
13973
14518
17395
31531
192
24848
24876
35060
376
5995
12536
32845
1023
2534
8046
18315
2713
7068
8082
8118
25072
31768
33193
38122
15003
24719
25205
26753
2812
3410
29074
29127
14717
19370
24412
31493
181
708
3793
16029
703
36088
1050
7851
9042
23416
1094
6705
23426
31468
7613
24707
24748
25255
409
1251
21003
21360
3972
11719
12028
27340
16375
17475
21647
24869
18611
21515
22405
33296
1801
6648
7055
22316
601
17222
27435
34116
10598
21976
34329
3520
19734
24210
6901
13881
15400
33820
10806
24055
24065
25700
13764
32301
33436
34152
15822
29872
32822
32857
7087
7613
15442
15452
6896
16710
30846
42092
5876
8723
8763
26952
984
1966
5963
5990
7468
12482
32031
37822
5990
6016
29688
33952
2419
12798
22366
25269
209
6910
7814
207
5091
6537
15809
1398
10489
27647
34197
2298
3129
3221
213
952
1542
4603
6896
29740
30921
6535
9188
23741
25498
215
246
14560
34846
13280
21447
25509
34443
223
1551
1577
223
4617
33975
35027
242
19749
246
1617
4020
5169
14875
23879
30823
10595
21914
28784
20163
21242
28211
3764
6124
18521
21839
5227
5894
7394
9561
12759
17912
19315
30463
4609
11918
4207
4208
15873
25684
10847
10963
17038
27497
9076
14174
19372
26272
6892
11175
19908
25567
5527
19399
24564
33294
230
249
3693
21345
3683
3701
16922
289
4009
23052
33144
1043
9335
16944
33662
17684
26910
28247
31355
1144
9132
28611
33553
6884
10734
11677
25567
3675
4234
14970
28440
251
1092
3683
33664
4279
9649
14007
30774
6862
22994
32209
38036
12804
18107
34683
2900
30481
34811
246
554
29112
1458
10812
25969
27231
7879
19331
26885
31904
12422
21735
30669
6873
5661
14176
19127
22954
11005
18955
34054
37640
251
9335
29672
411
16739
18684
19744
1104
16966
530
1245
11366
26010
8138
9820
23664
25843
6127
7538
9670
20011
4246
10625
12217
29150
288
9124
13098
21231
3145
16048
20335
33591
263
267
4575
8445
1802
5786
13059
24121
4117
5342
8026
12442
2010
5745
12523
19876
269
1870
5884
5888
23247
28431
41636
4646
6764
12967
41373
4795
8882
14708
16525
8300
11305
11311
15964
23249
23363
41297
299
4505
4512
1879
5901
5919
16198
24971
26687
29934
462
23012
23619
28602
294
2281
2285
22784
6205
16315
25516
26339
3041
3949
33431
33475
4093
21568
34086
7321
12558
27822
32640
10048
13632
29478
33294
7762
9814
20667
33265
546
18486
19961
24685
400
411
1380
29789
6833
21038
6529
14056
30555
39234
288
4575
6367
7641
10423
16754
28271
40808
11031
11486
14878
14955
6574
8998
16622
19943
7624
21741
25830
39061
2679
26976
4423
18831
20801
3425
13109
17415
22594
4976
20980
29850
34488
4024
8110
25385
27089
2069
12142
22698
27617
2297
27762
30920
6434
20499
28376
31870
2613
5559
30899
42289
7342
22784
27713
33618
2454
6824
16618
20961
25856
400
401
8766
34847
302
315
15750
25981
2414
4161
12218
11541
28080
2329
3487
6164
26066
4669
5781
19257
39318
908
12482
17738
22937
3804
6379
31237
31239
322
2416
5423
28109
1247
6885
8370
43821
359
3181
6803
30782
4006
12127
20124
30026
3654
14454
24206
27736
6398
6449
21987
30782
5750
7262
22948
29320
322
6241
35677
4452
18207
25302
35230
2308
11632
25870
30825
12703
14453
15088
16938
323
2308
5290
28318
13583
27425
30743
9572
10797
14665
25686
2414
35679
4764
11632
13221
332
341
2586
5460
10505
26635
28540
34508
4557
8532
11317
34797
1151
1405
7233
29817
998
4649
13128
18230
14419
14761
16329
19256
1700
8561
11979
19088
5616
13184
27497
337
5463
30924
347
4851
13221
41759
357
14905
23195
33269
1763
5572
27367
29143
9475
10407
17059
34888
2709
20453
41194
10147
14270
20686
31271
3044
25044
29402
30037
6475
13456
29522
945
2701
9779
8182
18312
21994
33435
12559
13844
31349
31411
10557
16814
19889
28318
4225
12682
17674
34662
10180
14223
20533
24809
586
16814
28318
355
6867
21433
31051
7953
18274
21425
6620
7414
23123
25079
1715
24722
27955
34417
13813
14500
20140
24107
4999
11812
12655
16964
3486
8692
13804
32269
6413
7775
30331
359
378
2613
30899
4414
7762
12939
1133
18085
23036
33265
372
40528
759
6895
17303
32449
362
2205
2207
4773
2233
4755
29564
15781
17856
30773
33636
3864
6966
29493
31376
595
12882
26997
27002
4278
8809
9529
13995
877
6160
14677
21062
11950
30984
32520
32521
10485
20293
25388
26305
7182
11480
14084
29385
6737
13509
28821
30986
382
26941
30782
4773
10891
15894
23268
13803
32679
34334
7679
12810
23183
25085
426
6308
12302
10300
22297
24038
32587
382
9981
15670
12198
20568
28556
390
403
2780
5820
6646
12177
17385
32460
3864
31376
745
3186
21985
24432
11870
13704
19047
28289
4361
17627
29949
38502
402
5899
19612
20936
392
5502
10054
14140
3215
12858
16242
35003
875
15432
16833
20888
406
2783
5791
403
406
5727
38563
4740
6064
20922
5509
7981
17996
28185
6129
24917
29879
31668
11390
21580
26728
26729
2089
22709
29345
32686
557
16128
31574
34636
4740
5899
20926
34492
447
6469
10490
23302
483
506
411
14377
22439
9114
13296
19960
32959
38406
8032
8494
8983
28358
20784
23031
28021
33272
2588
12912
416
3720
11384
31697
15914
16926
33660
5031
5822
16557
26901
25336
7308
12476
14659
34944
3097
16423
22288
32518
6082
14271
30603
30607
4068
8836
24231
29239
31076
3639
14653
28867
33851
430
433
6709
6725
432
5302
31932
11381
16544
20732
33557
16806
25482
31035
33636
5643
17328
32624
34023
6423
6441
13332
20400
4573
8560
14979
25788
1921
2544
4301
26875
1166
2010
5770
18082
18150
25329
30223
7826
9069
18212
29260
17758
31071
31941
31923
42913
4751
8088
19087
19111
16063
21872
3805
11587
446
8955
25218
33171
4419
11483
25087
30022
5263
18121
23267
28169
10437
10818
23474
28636
1153
16677
17734
20143
4840
15212
25268
34556
5965
10037
15118
28390
13036
13057
23375
29188
2605
7641
14162
15565
10785
18174
33261
35192
452
6249
6252
24568
14209
14214
23730
34498
576
21498
29378
12893
20775
34546
3321
12796
28137
33078
24455
33015
33133
33299
11128
15024
15055
34705
5725
13011
30803
41921
457
11099
43164
457
461
2221
31287
7896
19364
21929
23442
15654
19106
33739
1137
9059
14975
18228
31281
43523
10518
23269
28283
8865
16361
17480
29836
3826
4910
20995
24487
2222
11099
16181
4891
22693
33450
1116
31372
33756
8353
10329
14383
22100
472
4258
4270
13287
1154
20290
29404
40664
7929
8093
15102
25374
10585
15280
31010
34723
544
14841
16168
27661
471
6363
21853
32837
11565
14413
15140
4255
10220
33638
34544
35020
14394
20290
23174
25329
4740
5899
19618
42390
490
30923
1518
9444
16961
22222
6014
11263
16818
31681
1815
22300
27209
27297
3393
5043
34108
34172
3243
10348
20548
24610
11979
19088
20624
27607
488
16544
29789
5091
5095
15809
8617
20140
29034
34114
15332
26020
28603
28604
4973
6427
28617
506
19770
34828
493
5305
25669
33834
8150
30926
7843
13881
27276
33834
10429
10430
15696
15763
3975
14974
28849
7838
10078
14531
33936
1341
4255
13297
3183
11830
32027
32030
5586
14107
18504
33683
3620
7095
15668
30069
7513
9798
33050
34373
5604
5618
6318
30470
514
5604
15628
30411
3239
15564
22293
22474
554
12451
16407
16460
4138
5578
34188
35396
9414
22080
23640
23643
14533
25123
3615
4279
5372
19981
993
6053
6066
10538
10443
11672
13851
29720
6749
18712
21879
24617
9540
16106
19403
31453
10117
15250
31030
32710
3470
10438
12855
12880
7559
30391
30470
4291
6720
9663
22787
1809
5331
15393
23962
6744
7606
29646
13349
22088
33660
33663
10544
15635
15648
24512
19488
24563
32085
33728
1295
3242
13161
21362
2489
2659
7008
34489
7672
9400
31080
35248
11759
16243
18759
44206
5977
17519
32668
34225
532
7015
7020
28214
6614
21701
21710
6368
6725
14971
3959
25345
29786
34826
16949
32138
34775
3458
3508
5060
26383
7008
14119
18497
11293
12901
31310
31496
3748
5793
15804
26606
11772
11972
33947
15984
17041
27430
31572
3254
9413
16777
4392
4404
25951
30449
1053
4717
6580
1615
1908
29575
35026
6689
20372
29090
31583
1765
1776
25902
42935
28107
31605
31606
9725
14843
26114
661
12827
25182
25264
5412
15897
22726
9032
10732
17496
27594
5713
14978
24449
29414
1765
27076
30449
43245
2054
14053
22738
32839
2629
7806
19425
25721
2036
8839
8869
21199
14873
21782
25189
35180
3406
19870
566
3919
3926
16815
2776
9385
13200
30427
3523
6606
11260
1053
1126
12190
15736
581
582
3208
18771
12359
13999
21458
24621
3228
18379
24507
28635
1105
4239
7221
9467
13334
21989
23129
28633
6309
10798
12298
15936
582
3923
10580
19259
581
3923
15609
25942
25959
33076
4266
12381
14183
24919
15790
31874
33174
34685
8915
15263
22483
35117
5088
11025
29928
35109
1060
4468
19196
27896
3349
30760
31609
35836
1981
18439
25467
26023
3651
21371
29177
31810
9018
9839
20175
3242
14222
23486
24517
5075
14439
28775
44593
2722
20718
23061
25998
13217
25382
27696
28392
26972
1197
21871
8726
13860
29620
31147
3803
7557
23222
33238
6051
6668
11277
15476
1188
13216
20437
6929
10041
21070
21151
8018
16774
16876
20001
19320
21859
30183
31866
597
615
631
3226
5677
14725
21778
24994
5682
10294
23345
25439
3832
17418
26179
27574
6765
17846
18587
19972
18440
23114
42838
5192
24596
32542
34153
620
3227
30856
1619
14806
18008
26497
12581
12590
20625
30587
7424
9774
14707
18533
3419
20014
24023
6378
18202
20429
21690
3574
5143
17669
26097
7895
12709
33875
33881
6402
8134
10228
2718
4774
21189
28468
7972
13139
16383
33497
2624
18419
20130
30432
3220
10503
22829
23794
693
17905
33878
1900
4741
6673
22599
1851
19883
30787
30905
12771
21500
28231
34677
1903
5792
29642
35004
10958
23103
32000
620
631
6761
30853
1256
13264
29902
4264
19862
29311
34958
9663
13459
19663
22840
24294
40840
7773
8524
16341
24427
3508
12014
21385
29605
4986
15852
15874
23855
8385
13980
15980
24257
3233
19171
22846
28569
3207
4977
9641
30538
2397
18059
30965
30966
4141
8608
15988
24120
3033
6898
30931
7630
14580
25780
28442
6746
18458
633
639
1446
3942
647
1478
3956
639
647
2115
19569
10517
10536
22487
30878
3446
20607
31425
31427
6526
22623
22629
23508
4155
13724
13834
20965
2119
9104
644
1220
15794
22004
3862
12964
27784
27788
13992
17632
19138
33855
8023
17486
24808
32551
15793
27262
31273
8486
10123
17872
30409
3747
4174
5598
21094
24252
35357
2096
5072
19768
28838
822
6648
29149
659
6466
6569
20406
15216
20381
21318
29531
3526
5905
30069
35018
6645
9218
16924
1367
1437
22015
27254
5435
6266
15340
25921
9357
16065
17035
24605
1534
1740
31593
32288
4686
14078
34473
35205
3131
6597
41127
9151
11668
16874
22002
2399
28516
35088
4485
20068
22995
30076
1140
18185
24414
30311
1334
6460
8871
24544
675
679
1746
22994
2112
2113
26594
32688
14865
23195
23303
33266
1891
8955
25151
32531
8201
10989
14447
16034
7328
15166
19138
19885
5805
8880
9922
25413
7432
13568
15649
32971
1416
20746
27505
29198
2813
5461
15949
20763
681
1757
22624
679
681
5345
25830
2507
4548
7673
14901
1000
2449
14896
30152
21040
38463
9074
14702
18770
21848
12623
21741
1432
22404
23722
33633
15107
25383
27249
30259
7555
10152
21963
28095
2397
4531
18059
33229
4064
17017
27195
31893
689
1798
4092
16134
9456
15851
15905
16435
4077
4083
19741
2723
3923
10580
2899
15163
16826
29529
5564
14649
16461
35116
1358
24838
33204
9029
12716
30295
33161
7192
14602
24889
28246
698
2717
2719
6134
12276
14616
20761
27133
16708
24467
42888
5811
15142
25279
30388
5037
5041
10330
29163
4227
4308
5105
14586
18781
30342
30649
33101
708
6032
6534
14736
31227
4320
18760
20212
23239
1942
8815
31635
37480
5856
14136
16129
32722
717
5911
711
742
751
14552
821
914
4356
6230
749
2048
5478
4197
11266
29109
29146
3600
21158
26169
29322
850
6496
27017
42615
2412
3700
10925
19265
2615
19994
21763
22837
841
3811
13695
3532
9638
29327
31275
721
17808
20686
25475
6518
6550
14425
26400
9210
19292
1814
17266
24708
32100
16684
18693
20664
31857
5743
14445
19648
34733
4478
4486
14179
6919
14842
17181
24714
10484
16230
16380
28329
4480
31926
32079
36155
5047
9305
16065
16092
5903
14644
15572
27838
7820
13114
23359
26174
5530
8918
17725
34665
4987
7193
12806
34664
2282
3698
30957
33011
4165
18950
33068
33465
737
3120
6808
6810
3125
6820
6824
7428
8296
15419
16393
3062
20603
20629
27085
22783
26986
32749
37327
1898
5183
31842
2046
8403
25637
2787
3009
9211
29230
754
5543
10960
18942
1124
3169
30944
9834
14603
27674
32618
7887
24139
28372
30035
10415
11991
12560
14920
751
24845
33803
763
5528
31264
42518
23802
33804
754
764
10606
26999
14130
16652
21092
30767
5528
10638
12297
13626
19788
27646
4004
8826
23107
34364
7714
10932
24001
24460
22469
22472
29423
29425
2894
17292
32357
2480
2567
3726
18266
14692
18331
22561
22717
10131
11169
18477
28598
764
1840
14232
9082
9144
2364
3157
16864
11638
15007
20350
28265
783
2742
5740
12894
10070
12133
27006
34552
3387
10484
13143
28329
7393
19784
28270
33178
10781
23695
25599
33571
780
12297
16885
26600
780
824
831
13912
3711
16998
18499
33684
1892
18762
26813
30812
2528
2551
7949
26617
8023
15230
17269
17470
2671
20219
20228
28256
1296
19487
20498
30422
818
26800
2734
8003
19526
34619
8629
19008
26540
33005
6359
6360
39573
5065
9262
13858
23780
786
788
4355
29243
28672
28712
28748
14695
15351
19542
29563
7742
12497
10129
15260
21767
34595
3128
6820
16060
2621
4323
4383
12784
6016
10712
18634
23751
797
807
5102
6987
10340
19762
30887
5198
6973
18969
19742
8574
9423
9701
27339
2890
6993
27022
3354
12245
32170
36487
3087
6674
11729
17215
21879
21883
23813
31776
3650
11850
30742
31810
1520
2179
29170
32446
2890
15825
33513
6710
13662
18648
33635
7040
27781
27801
32816
809
815
26600
29076
2881
11681
1432
22404
32710
818
19800
24271
1035
14592
29803
32635
1240
4972
12664
19448
6144
7341
16523
32990
3467
22763
26242
28658
1403
4056
18141
28884
16904
27648
29152
24229
29240
32741
34244
834
845
4480
26362
824
31198
15578
25975
25997
36219
3376
31888
32360
34185
947
11517
11529
5158
22331
24128
8640
12371
31486
33069
827
1854
6390
7298
7608
10722
16906
27256
28963
831
13622
19785
16327
28001
33076
33078
834
839
30740
31170
8517
12340
15589
35034
1924
3865
864
1959
18079
29823
835
3279
4909
20788
4484
15480
4324
7069
15463
15525
19192
22745
29214
5271
9569
17696
25894
10385
19122
28228
29820
11719
17219
31183
5548
17137
26521
32680
4236
5911
29226
11449
12650
21724
30403
9623
25033
25113
35031
5124
11836
17011
20996
11004
27340
35840
7321
22822
22893
26591
6296
7884
19894
34749
19714
27798
29844
32454
2878
5828
6713
8851
881
6490
20239
30752
32383
34178
3048
5080
20688
873
883
31969
7453
27377
27416
28824
869
16960
24947
29814
4367
13618
13681
27234
18136
23924
26235
31153
3028
11328
11633
24143
6199
19873
20747
26657
883
6490
30678
40341
875
15432
27041
10154
20497
24894
27207
10676
15921
17957
24710
5827
9576
24871
8263
9489
27057
32216
8171
20438
31001
7293
17683
26837
32804
2089
7387
10653
29275
19192
19801
24892
15870
15947
22687
27423
4633
11611
17992
26239
7670
7967
24988
34283
881
18456
6063
6256
9640
22982
10996
18792
8984
20779
26217
28045
2146
22761
19061
20607
27410
31359
1034
16021
19134
36722
882
16828
25514
6484
6496
27041
34378
10577
40563
14441
14444
28351
31546
888
2929
5741
5747
2236
8047
22782
32746
5505
12851
2924
5744
21973
10150
15252
27043
34471
4381
6330
7847
32849
921
20436
34471
5283
5297
27602
32756
10996
11701
16103
22008
13931
24040
31053
34246
4314
15892
17559
34980
16041
19838
27697
32713
2337
3770
17649
21678
3083
11143
25740
26062
26242
26545
28665
2924
18135
20868
31248
907
3914
3929
18963
4923
8217
29283
34951
9421
12402
19813
19976
6138
6325
31689
3996
13650
29977
32519
6713
22573
27634
32883
919
3899
10945
9590
17791
26270
8766
20586
22395
34847
1024
6204
6856
17810
919
928
2565
31875
928
3899
18404
15596
17647
25999
947
4340
11505
3132
12672
19967
32081
5258
14633
23001
34095
17776
25180
25196
27643
5583
5594
27705
27918
10122
13152
4022
26763
34684
35069
8406
11701
33755
14104
14991
22106
29355
8652
14787
25516
26338
13621
15138
34769
35251
5087
16387
26332
26333
6494
12797
14405
33121
6355
7649
25924
25980
2576
4818
941
1644
6268
6269
932
2063
7077
29324
1915
7121
12320
23051
1876
21456
40114
11815
14819
15243
29983
6168
16597
25120
31124
4214
12551
17563
24868
6152
10482
27781
34970
16528
18718
30794
7487
9630
11521
39274
1876
2178
2188
3559
941
6268
29560
29574
1641
6252
22713
31363
34325
34328
969
2901
6247
26234
26246
30992
5460
15113
29374
7587
26724
29953
29974
11501
25096
3253
19343
23952
25105
2059
5370
21695
26238
1215
8887
31688
31689
17533
22733
29265
33003
1577
8326
17715
2249
4069
26791
27814
6519
11155
23654
32106
2156
7183
32802
32925
7820
9045
23143
31716
5562
14027
17733
27908
3705
4359
25683
32780
19344
30267
34643
35251
25313
28249
31352
33258
1397
16821
16879
21449
3527
4000
23799
31621
4103
22234
23022
26835
1797
1808
23218
2342
15171
18551
19297
4871
6203
14789
35087
22074
29675
29923
32088
5677
6177
24995
35001
3006
5729
7655
19820
26522
32160
2298
6582
18949
19453
18879
23748
24383
33748
15701
19152
28769
34236
3629
17868
24952
30025
12592
16567
22483
26752
8453
15674
30442
7499
9808
23600
29985
21798
23237
28203
31795
6209
12829
14487
17854
1599
6235
30571
34236
1221
21821
31026
44768
7123
20247
25311
28262
24502
30112
30113
6016
17066
35045
2587
2591
4955
14117
992
3202
31026
45266
2296
28147
33306
34372
6751
6762
6773
30990
26085
26109
27596
32670
2603
2709
20749
42193
1212
14145
26418
34454
21821
23690
44767
3242
6065
8280
1003
1034
3946
14517
5129
13547
14482
17741
1056
2542
4641
25285
9645
12193
22733
26123
2682
13193
30607
3845
17742
27912
33368
2435
4683
10679
14525
15151
21407
28114
12734
12789
22957
35092
1018
3955
3957
11479
24374
33898
38864
14438
26895
28345
40902
2975
32509
33926
12772
18168
33244
34467
9761
25066
26008
26436
12393
27831
27967
34690
8788
16387
25361
27479
4723
18194
26054
28313
1530
10264
14384
30101
1112
20150
30149
30156
1037
1923
16559
9596
21204
24308
29299
7791
9820
12721
29395
8858
20206
20778
25262
1034
35854
1037
4387
19154
24876
14805
21544
23139
28059
4163
13857
15850
32142
20728
26282
31817
33377
9913
11856
15091
1757
2041
34943
2791
13813
24110
34127
11413
17789
19665
21757
9522
12285
12558
16137
1913
4815
23879
2426
4571
8957
20853
3785
12783
24459
26251
1487
2305
7295
21405
2742
5374
6359
39108
1392
10732
17056
28015
1037
9658
10912
6209
17998
24342
33011
24847
5665
17138
26380
6287
19303
33049
34395
17039
19548
24624
34722
1053
9911
23066
7606
21794
22958
33903
4032
24706
31399
1493
6077
8683
24115
3805
16709
31892
41370
1049
14344
21701
43588
1863
5457
18031
23185
2651
5830
25222
26470
3461
13528
21704
7914
29006
33259
14460
14763
16819
30599
5807
21123
22884
26112
33121
1555
9326
14456
17392
8548
9874
26485
32963
1126
9911
17876
1064
18046
31599
31602
11485
12871
14048
39261
2961
11146
11783
32107
6110
26185
32930
4301
18769
20707
1167
23999
24013
28160
2649
20681
30726
34709
1401
7797
11506
12763
30106
30500
5940
15529
31584
6151
12995
30521
6335
12983
15148
26253
3863
3870
31602
31620
5439
9926
11601
20781
14188
14834
16649
24870
18891
19590
31953
39908
1147
8839
31652
34294
2604
6916
28094
30806
12997
25155
25212
29401
1218
8962
30112
35153
30194
30201
30203
35218
17169
20793
23166
26958
8389
14138
16318
33180
1431
11575
34421
2340
5156
12265
18243
10579
23012
28597
33562
16685
20270
29443
29735
1085
8865
16324
19194
1370
29836
32559
7785
8651
17855
34414
1103
1107
21394
32299
1092
1103
33657
45758
11133
31388
31884
33869
3085
20228
24131
1102
15522
16375
17494
1104
44810
9659
11757
33716
33717
11572
24423
4751
19111
19159
31992
9859
31859
33407
33416
7759
12852
23227
26825
2501
4640
6382
8773
3716
7235
9817
29393
4241
4600
14968
25860
1925
20817
21027
33885
14592
17475
35109
30158
33679
1125
45779
3884
3900
5929
1343
18607
22189
30544
1125
3943
21347
2362
6368
6722
11587
25064
30153
33308
35166
1583
3704
7414
17900
7692
20110
31821
38991
7404
7512
14894
4578
5354
7608
11510
9015
14995
23252
42807
6795
11607
25332
28347
9782
24525
24583
3906
5929
29841
30009
24079
24547
26677
33290
8615
9058
16266
34692
20796
23149
23375
26103
3085
10527
13034
1589
5334
15348
21855
5929
7228
10468
12186
3170
21985
16966
16967
4383
28173
14994
18442
31204
34439
9873
14357
30255
35016
1155
5319
5336
26245
8462
20263
30744
33380
3165
20080
31290
33404
6234
16662
23914
31579
2280
6461
25043
14186
24465
29448
34481
7114
15736
20268
33081
1151
27538
27706
27721
10937
13041
14160
11547
18389
21906
34405
9058
19995
31527
34779
2367
5849
10942
11611
21945
28254
41606
14937
16055
34367
34383
1152
1155
9450
38404
8540
15201
28572
4863
6618
22846
1167
5315
23999
31702
17707
21593
25280
2932
5741
15643
5861
18266
19363
21277
4784
19233
21987
23191
27603
27707
1167
6527
24013
3769
4679
29408
3283
32784
32789
5315
40095
4026
7776
10010
10043
1158
9468
17372
32571
1179
17228
22541
8034
14531
22465
28555
24555
28479
29568
30005
2294
3023
10437
30489
5941
26264
31339
7831
19897
32716
32870
6394
19681
28531
32468
7738
25331
30791
34649
5995
22948
26555
6531
11674
11676
30551
31155
2009
26428
26950
31256
2630
20499
23365
26889
8708
9990
9995
18344
21876
29663
31892
33410
5360
7774
21963
24031
17206
26475
28669
33533
4541
14145
22245
34474
7336
21124
30417
31538
1187
1189
32236
2950
4945
18880
33717
13776
17472
28182
2723
9738
13445
23633
7712
10909
14942
20849
3913
5253
14305
27062
4782
10747
15737
23892
25909
30998
44932
1194
16087
18325
34770
3984
28184
32649
33073
1215
6317
31689
20836
23529
33559
1210
11384
31520
3994
6074
11286
28184
8114
18423
21991
22802
11596
15837
22984
23897
14206
14210
26312
26441
10197
14321
22048
11879
15135
28538
28572
8170
23421
34140
34286
3199
4840
20013
6379
18347
26487
31912
18569
21625
32192
33504
3852
4791
11876
23387
1228
1289
8709
28191
7821
17964
20351
28527
2934
21091
33588
2995
22675
23460
25990
6474
18670
29531
32015
5391
8276
10242
28754
11948
15013
22756
22897
23119
25880
30855
34915
2799
4437
22201
28515
1215
6157
31697
12776
18462
19460
23565
4541
11255
26766
9079
24318
24341
33335
6500
23473
30751
32005
6315
10496
10536
11879
20401
5818
18310
20500
28297
9003
20149
24684
3908
15837
18867
28919
4837
15160
34559
22052
33182
33651
1257
13205
28660
28820
7734
22136
22140
29695
16228
26408
28999
29667
1233
6294
6324
13991
1248
1250
19108
19113
19452
21267
32010
1238
8006
29864
10321
10966
28741
32707
7947
18459
20428
25432
6279
21498
23028
33187
18785
26308
34905
35150
1250
6301
7397
14204
14215
19432
21362
1363
2785
23142
28369
2694
6473
9668
13449
8463
21285
22391
44316
1289
8863
2711
4893
21425
34206
16270
20686
25475
4926
19442
24485
4026
13007
20835
24079
6450
12832
16801
24701
3174
9342
18780
18788
15698
28828
30888
1258
1275
1474
27094
3565
5206
44818
6301
31210
4561
18052
18725
33313
5906
29944
3190
6554
33660
8198
17282
21601
23899
13192
24550
31277
2497
21945
23383
28254
21728
21781
34101
34488
10558
26079
33034
16760
28782
28817
16392
29685
45800
9177
15228
21276
31994
4051
13192
22020
14414
23173
28302
29390
4890
20857
22295
30475
2275
6330
6338
32847
10157
17771
28480
30441
3893
8266
15249
28654
3685
14783
25226
34484
3159
20080
31302
41207
4967
16876
17849
21339
10004
16872
30336
34820
7918
11229
22813
24491
3046
6949
17305
1276
3800
5693
5709
9635
9643
16047
20131
2687
9370
10039
30357
1287
11059
20556
21309
30411
1287
12696
16908
29685
2785
7756
13114
25086
1305
4538
4556
13488
3776
3781
35195
5057
13166
13479
22148
8268
18464
18469
32710
10972
12993
16346
27848
4027
5284
13246
13278
6928
8068
10033
34493
2539
4863
7945
15669
11803
29691
8000
13613
21931
26090
27743
35921
1301
1305
12883
43347
6949
8179
22499
27448
14650
19004
26212
6465
7961
30934
30940
3145
5311
28604
33591
3251
9106
30801
2877
10132
29484
4897
8401
10215
20445
15135
31998
33555
33558
6066
6492
9413
10538
8016
9125
17888
41761
1303
3544
28846
1322
1323
7850
17648
1327
3560
23817
22358
22422
33718
34976
4555
44526
6331
7222
22665
8229
15331
25566
33191
1309
11695
11764
30601
1319
5020
14774
5103
23794
25581
33578
5034
15515
21519
32738
10239
20504
20983
24600
7988
20952
23493
32277
6225
12909
16610
18127
3844
3849
22552
29993
5062
13518
17013
5373
8630
8721
31138
16894
18545
30880
45757
9233
13676
15339
5231
11819
13436
45207
1386
11317
21773
1328
1460
7863
1328
17635
32821
8729
16526
17096
32426
3018
14001
26550
29747
1499
12554
14512
29471
3484
4555
31228
15822
1936
3513
7273
15901
14416
16144
16642
34413
1336
4845
4864
31728
13288
18359
27156
28392
6041
9481
13974
13456
19454
10735
16310
26309
45027
1337
18847
39686
1349
31836
37901
7980
18526
18811
33671
10741
17310
25628
1349
1355
5322
28029
4258
12707
21270
2664
4226
13196
43142
8267
28580
34314
2972
10659
25584
28744
2881
16822
28251
4116
7025
17196
10346
12219
16972
30620
5806
25040
25201
25205
5323
26794
10766
10777
25533
35090
22030
23759
27253
34031
10320
29622
30629
2017
24968
29892
34929
17953
25196
28566
28590
14943
18847
23927
22501
26529
29922
32853
8101
13115
25374
28451
2261
11535
28165
10715
10816
18547
29866
13693
13909
22864
30349
1378
1397
17435
17438
2870
8576
10313
15476
9195
14337
20189
14375
15412
15539
29845
16002
16010
22609
30955
2545
3710
24890
28224
17152
17348
26688
16400
21911
26580
33811
10737
16933
32266
33954
3556
16330
17475
10570
27729
27745
34129
6015
23751
27097
1750
8757
12447
25634
1638
9992
24134
27489
19781
27331
30135
31268
13886
16135
16717
19716
5785
22083
24735
33927
1382
5208
30245
6613
11293
23969
31327
1664
19574
34826
6883
10339
18686
32429
1396
5663
43997
14782
14911
22504
28786
8575
11901
19073
25670
15576
15578
32514
35330
11304
20657
32142
1460
1467
7291
24982
4163
13513
13532
13857
3440
5993
27404
29183
16037
17312
22126
29677
6446
20899
21234
26925
12510
27594
27935
13153
18454
24793
28641
3404
24027
29994
4348
12634
12693
23081
1397
16821
43492
17434
1907
2840
23950
8898
21633
29325
29332
13636
14141
14985
28354
3881
20927
21148
1422
1440
3960
23667
3146
7451
10566
8460
10760
24540
7073
19814
29839
13282
18589
18590
23518
5865
11018
14457
24728
6250
6276
11100
26328
2979
3848
5980
8457
2420
9263
21382
26773
4915
5756
18782
28631
11887
23808
23834
24832
4475
16530
26325
34647
3502
8119
23808
33850
11984
13864
24078
29056
13809
28746
31966
7973
18816
21132
29931
10689
28104
32111
3141
3396
20903
5958
7062
16011
37230
12538
16000
18992
24075
1435
3961
33710
3404
8417
15002
29986
5386
7154
7346
30879
6970
12271
25109
35121
1442
8379
16612
33849
9772
16768
18290
19459
2854
10711
30061
35090
19616
20350
23340
33331
3094
9452
22218
33646
1471
6137
18529
10117
13351
2218
7495
9616
1772
7035
13819
34446
21288
26363
43985
5719
12558
27758
31664
5334
11769
19549
6774
27947
32672
33135
7373
12139
27467
32483
10457
21288
28690
5098
10703
20590
30869
16730
28855
43619
1680
12350
31137
34483
6028
6882
26594
33714
2869
20475
21305
26186
1478
2119
9118
9428
17212
19738
28364
5878
23811
26049
31709
8579
13073
19890
19915
1675
3736
15639
19884
12369
14369
16972
19773
15381
17930
22855
31249
5935
16119
16625
31209
3630
4637
7447
26713
5551
14603
27614
27672
3942
14517
32392
34244
23484
23540
33517
34436
2232
27640
13711
13715
19038
24073
29882
11154
24275
27606
32733
7455
17557
17688
11866
12079
12936
27296
4121
7132
29805
33925
3433
21158
31915
36977
5631
13500
31268
34081
1470
6229
17538
12448
25797
26634
30720
3081
11656
32304
7175
7357
29882
6124
7913
31909
15995
15997
31783
34092
2955
23155
23179
27373
1698
17177
43531
11985
30892
31614
32278
1984
6783
27158
44376
10663
13483
29913
33979
24252
26164
17210
19564
22224
29200
17033
22478
28715
33978
1585
13477
20582
34722
11943
12927
13833
32458
1521
5184
5195
12072
10303
22123
31196
43566
11249
20627
29783
34170
8316
12617
13799
15347
20685
20693
26284
3526
5792
5897
25001
1504
8461
9067
23437
1495
1522
3786
31639
1752
13771
17405
20105
3206
5712
21464
29469
24116
13274
22429
28923
32418
1521
25787
36003
10151
13672
15352
23966
7581
11073
35030
9410
13904
21446
32782
8311
12427
12526
6587
14077
16107
17184
1504
1517
9067
14945
1512
29891
32822
32857
6054
13753
20285
26161
8358
33415
3749
7052
27575
28410
5822
9848
16557
32231
8500
8501
8671
9231
13665
27147
32311
5935
11020
16136
29613
4031
12119
24133
24155
3082
10432
11719
15550
2015
29869
5578
24629
28112
34198
6415
10397
32378
37379
8579
10349
13110
30290
8369
12064
13150
31800
19370
33411
33415
22223
23815
31434
3377
27716
31784
31787
10460
13490
29168
5177
37423
5177
6857
6975
19936
19946
21604
27883
3730
13132
15951
30602
3638
12156
19179
28013
1650
11813
14538
45112
1790
6447
8795
16479
3370
6850
13730
28089
5873
7934
19777
31457
9431
11813
20879
6905
31172
31639
36009
2948
3353
12062
26361
23208
24904
27655
30028
17034
19066
31596
4661
5448
21001
2366
24085
27568
34112
8770
12147
17176
33316
13853
25644
31539
32144
8648
8692
11958
34154
8195
9194
28697
28731
2551
10878
19959
19974
1549
17713
43866
12559
28537
31412
34058
7322
26599
34868
37511
13766
24061
29512
30410
3245
3366
11718
13195
1699
11973
30639
32457
8994
17105
19271
20117
1551
3544
25682
10314
19771
28434
31164
12318
25641
12331
16416
31138
31337
1556
20879
30067
30933
2838
5933
11912
9332
21290
31301
10257
17289
29611
10347
11937
23787
28467
5204
7531
9266
22430
23270
28490
28499
33933
1567
3541
18948
27442
8774
20569
22269
24614
13231
23256
27459
33530
9406
19717
27538
32539
20968
29682
32469
33990
29425
30583
31077
32276
13762
21150
25975
37090
19940
21398
28837
8702
13783
27488
28460
3095
8502
26027
34742
6562
8643
28687
31473
8686
17407
27367
34158
8640
12366
33287
34036
2805
2808
18981
34102
3560
12318
23777
33899
13716
20717
26853
2655
5591
21166
32289
15687
35027
4128
7237
16324
17689
3040
12184
17037
28984
6611
10349
27228
34210
8202
16122
21209
21214
8647
18499
24724
24733
12632
17779
23123
3429
7518
12729
14685
17039
25624
30579
8519
12642
23785
25620
26571
32041
32904
33951
7991
11122
13372
28546
21860
23785
33992
6019
11934
30584
33783
3052
5006
23990
28787
14433
25734
29606
31398
10893
16016
19192
22747
12522
17682
32752
35405
1634
10271
12518
13644
6018
10631
18679
3001
14537
17218
29124
6342
9195
28369
30280
15701
33748
34134
13133
19884
32505
34149
10646
19009
27494
29072
1609
4016
22455
35786
7054
13725
13773
28489
10268
29083
29186
34133
10393
12518
12556
23990
6051
10838
11277
21348
10436
12039
14537
5072
9436
18683
33743
6858
12027
31639
1613
1622
4756
4775
3325
17111
20554
34055
13735
18934
31479
33462
1621
4763
23268
1730
2688
22440
28871
5600
6043
22533
11829
13266
14369
18707
13433
29762
31420
16519
16522
18687
18699
1629
23178
23653
1685
3741
19060
20511
1623
5845
30428
1635
29923
43289
1635
3403
23053
13533
16753
16961
33745
6941
6942
17456
29116
4938
11173
18558
20501
16187
27257
29164
34196
12167
14340
28811
34279
15322
18105
19011
12153
13823
20216
24117
6788
8734
29161
33348
3327
6418
4474
4562
9422
10352
21020
33788
22074
43285
3375
3488
6637
25837
5465
21825
29798
32294
9983
13195
18980
12452
18818
22248
22500
3356
18941
22297
29019
1644
1667
44978
5990
15338
21977
22053
3676
11800
30581
30582
1669
18600
15011
25350
30266
33386
7844
25232
33149
2772
12795
20553
29604
4192
5171
27686
7044
28395
28929
34136
3241
5623
45652
19067
30739
30755
5480
16829
23798
32202
6872
16005
27359
29250
11955
18870
32521
1667
1672
5257
26294
4034
16566
5169
16562
16594
34825
2046
8223
10607
32691
6670
13150
32439
34174
5952
5954
14335
14336
1748
10305
27252
33778
9849
13758
15992
32170
1783
4043
10698
13804
19752
29630
34835
9337
16450
18985
8535
12439
18667
31634
22071
43906
8627
11710
12269
34219
1672
19475
19490
5426
6684
10628
15536
17380
23824
29770
5261
11778
22230
26201
31796
34182
1678
1701
17393
17610
13534
15849
28709
6018
11835
18680
21772
23121
24058
24957
1686
4968
17611
3443
30757
30897
1683
18825
21215
3245
10910
13058
27164
5119
9849
15992
31856
6985
12016
31136
1686
1701
27154
43248
5803
20253
26373
27142
44761
5329
8201
11690
28955
7548
12801
18084
28186
9038
16196
24830
26579
1725
3417
31626
31629
8125
10620
25400
25401
9223
11997
15015
28280
11240
29679
30083
30404
6605
12273
12350
21215
7903
11913
19633
6710
15867
34005
3901
18300
31040
34056
11059
14329
27091
3337
22560
15224
21988
27258
3701
21289
8632
14083
28370
30279
7724
8097
9045
18154
3534
16371
18866
19248
6070
9917
29855
33217
1900
1908
8695
5201
27391
27753
28498
7433
16224
16227
29641
4364
5477
28072
1714
3597
3600
22383
9182
15334
18262
20311
13382
21426
23652
28921
17368
32533
32535
32561
1720
6691
9155
11354
17357
20459
10295
20977
27304
30913
1720
1738
3717
28989
9185
21386
30450
33914
2258
3166
12768
24032
2817
31695
5767
8209
29687
29691
1738
6691
31150
17082
19330
26501
28398
2666
6980
22469
29425
2666
22471
25965
1772
2666
13819
24054
15473
31464
32325
32330
17862
27321
32313
12084
13071
15775
27399
2689
6914
15960
6790
17034
20739
29464
8503
9993
32590
21172
34194
34199
36922
2229
29501
31050
32679
4920
20704
33644
34803
8503
22266
32075
34276
5591
18667
19859
31933
3735
21156
6675
6907
8741
32415
3292
12936
16423
1803
10879
21370
37422
9999
11941
32590
32690
13663
14540
19624
20565
18865
23663
25274
32477
3195
11187
18778
18807
1755
22624
32209
20232
25247
28595
28599
3358
20859
3413
22597
27565
32511
26018
34850
34995
18970
31251
31361
32344
3310
12982
22301
3115
5041
5479
19088
13071
27399
29172
31597
21040
21809
22635
28301
29210
29730
10486
17810
2903
6680
28796
30126
3296
18948
20273
29110
5166
8738
17212
27370
11268
11930
20626
21009
4906
13596
18302
30511
27522
34122
34123
14077
14349
16096
16105
1777
31813
7192
22741
32699
34911
7197
8790
9509
24532
8797
13941
31208
31674
3649
9624
19660
27806
1776
1778
4654
22061
5344
12571
22777
22780
3844
12641
9753
12788
24162
24970
6161
20810
24967
25107
5883
7829
20803
20867
44728
10435
25902
27082
10435
18492
25902
13890
17043
30625
30635
27792
27802
11156
24802
31518
7099
12374
19824
29968
8674
17236
34097
5571
24026
24711
34164
17412
18939
29066
36052
3259
10353
20566
26878
1792
1793
1797
25346
14686
15820
28543
30178
12267
16552
19989
27898
13745
19850
37304
9745
28892
31003
32674
16562
9075
9102
2736
10830
15373
21128
11710
21118
21141
31328
16159
16374
22672
11258
31802
6076
6759
28348
31606
22324
27906
28000
32461
13843
22327
29149
10874
19093
24122
21301
26159
29209
3364
16006
21611
34161
20669
20673
31145
34100
12244
14927
17429
22588
3401
13079
20233
29006
3134
23218
3060
15739
27222
3210
15373
27125
30142
4058
28142
29169
31254
5761
9564
17559
27690
6961
10648
32097
34104
10281
11119
21293
19033
19988
27327
2182
14802
20023
25027
10855
13764
27554
34199
3507
5599
22611
32596
8323
20711
27504
31966
1831
1837
6052
10953
8706
24097
29139
30381
22352
25987
26298
33377
3075
8687
12902
20191
15568
19984
21609
27782
8746
16761
26908
34656
7006
12241
16429
37596
3434
5195
12072
21173
3292
12068
12079
12980
3732
12164
29905
29907
27085
27124
31428
1857
6062
23491
16189
19730
24604
32307
9710
26795
29348
34698
11021
27552
33436
34152
3032
3415
26841
30895
7514
24342
24972
25741
1840
26981
42902
7529
8582
12009
32664
10263
12346
19567
6463
40838
6416
11211
13299
29490
22003
30706
30711
31282
2070
9011
17499
28066
14051
23138
28542
32024
14348
27355
29727
29842
22540
27674
28312
28321
9827
9976
14880
4611
29899
30750
32697
17107
17831
22638
34407
1936
8850
11197
32622
15768
24965
6031
25471
26622
29273
20466
25838
34444
34497
6359
6380
7701
22646
28301
32882
33247
1857
9144
13168
14218
2865
6463
4073
4365
29811
32621
4211
8847
10344
19949
20638
23944
26737
30800
5085
8048
22651
9710
17766
22162
34698
3724
19595
29643
1868
16021
10381
21651
22662
22896
9576
17461
17642
29661
15738
18063
22194
35039
4883
5646
24231
2779
4503
30668
32685
1879
1880
35755
5851
16451
26915
34299
5090
19893
27854
32715
13968
16285
24269
31524
20934
22476
27501
32382
13603
15722
17798
24990
31747
40113
1880
1881
20694
31193
5912
16556
21734
24978
1881
8623
15474
37665
10881
34055
15598
15622
25023
35039
22775
25015
26590
34261
1886
1893
4551
11322
4469
5410
7100
9499
1889
4552
11022
12209
12574
25479
32556
17394
21649
27050
34913
1894
11043
43872
14787
21327
34684
35068
2372
19381
32565
2742
14912
30813
1898
5183
28822
1898
5432
14547
1910
1917
18119
33289
4807
17653
21543
27305
2390
10683
23906
24757
11310
2529
4059
12333
29418
1929
17070
8911
17720
18130
31972
8899
12323
26088
28978
5897
11061
22185
7022
23077
27995
33350
2194
16889
16970
24898
17083
19820
26435
39296
1998
23949
27229
1929
5431
8894
11239
12700
4414
17997
33261
3471
5466
8741
28702
11249
22101
31327
1925
4296
30823
4341
11153
11205
32627
6201
12796
16327
1917
14802
23194
33297
17869
28286
12583
13983
19125
19219
12616
17754
25896
30750
3569
22783
26611
26615
1925
4296
26842
15460
22159
33223
35077
7237
13655
31414
12297
16413
19788
2544
3471
17258
20902
22476
7709
12837
21799
26828
11908
13982
14653
19903
3421
11657
1952
6741
28261
38156
20234
28216
29458
33813
6675
13199
27408
28878
2104
21700
27893
27908
5757
17366
22556
22558
11315
14731
16499
25938
7078
32606
2203
17481
27673
27944
10343
17243
31916
31921
4587
8712
27708
33066
15858
15891
26685
1943
1995
7252
22782
6083
11335
12383
9460
22746
32852
2168
12604
22921
7723
14930
21878
24806
4327
12382
29234
1958
4833
4845
21822
4263
17211
25557
34939
4284
5871
19868
32845
5406
14740
21124
26516
2206
14492
25717
32595
1958
10923
14103
8976
20735
20751
20754
5597
24902
31665
37182
17603
27764
29906
36054
8510
18164
18235
34753
8865
10407
19194
34887
31809
38620
7315
15876
29826
1963
1965
4572
4617
12442
12468
14598
22807
1983
9807
12837
14073
1974
4584
4613
8586
8896
11447
32689
1966
22081
35045
1970
22053
3497
5069
9440
17245
1985
20770
27170
32747
7930
16381
29819
35504
1974
5963
45773
5666
19000
24314
31333
3277
10810
21470
27659
7141
15575
23952
25018
11847
44012
12027
15564
30757
30897
4276
13946
26025
31662
19579
22866
24255
29634
5069
9440
20616
29364
1984
27151
29981
2590
13049
25305
35236
4791
11876
33369
5674
11015
21308
6295
9797
26855
11828
44185
5346
7243
31600
8537
11645
11956
28708
4299
5221
7262
17498
3582
7476
8394
32012
3521
6038
22752
27741
1999
5234
8308
16560
15935
18702
26564
32835
19788
22652
34277
34900
20942
22996
27372
32687
7224
15899
16332
27856
5346
27135
32753
3513
7136
8850
12328
2076
2640
4919
4934
8719
17120
3461
11785
44821
4257
4387
26541
35014
13914
15486
24218
24893
2006
2020
32106
44502
2012
2019
13403
30452
3644
12110
18691
20900
5059
5127
14706
22767
2019
23654
44507
8262
17702
19121
24941
7411
7430
8997
21832
2244
2984
34496
15937
26861
3156
15588
17797
19977
2020
15675
33666
15859
19904
27698
29881
2239
10482
12531
34935
7296
34932
2018
5852
7318
31662
14977
15917
29874
6037
13745
36524
4397
11722
2965
33665
7535
10469
22752
32764
7450
26608
31594
37555
9491
22795
26614
35289
5512
6864
27713
32851
3550
6437
12400
32874
2028
2031
4277
4281
2148
17638
17753
22950
2032
4274
9426
2031
2032
16650
23232
15444
16023
24287
34293
11545
20185
11623
40506
2047
2049
4942
4952
2076
4934
15498
24289
8403
14552
31709
33826
19174
19187
32411
2203
32156
32541
32867
5912
7632
11419
21306
2097
21758
22976
22977
2049
17930
18497
26575
7647
10494
22624
2456
6429
7707
22043
12307
15863
27855
32737
3237
4209
5609
9480
2079
11341
25938
35170
2048
16405
2058
16069
42255
7524
13516
14118
26258
3608
12410
31067
34238
20067
22268
22995
34851
2113
16405
31570
32691
5615
6229
17537
35146
8844
15296
15427
16954
22747
26671
27075
5180
9544
11355
14627
16556
17815
24949
34994
7020
18497
42537
2067
26236
39781
2459
2474
7475
27542
12625
20973
21736
27908
8385
13975
19842
34956
3288
9289
16032
19067
20742
22396
10510
11237
27232
27318
3277
22234
23126
28069
8396
26238
6517
22247
29569
31247
9628
22634
27620
6224
17829
25958
6346
10943
20275
25312
14025
14040
25755
27361
5126
6217
9284
23711
8396
18728
25078
32172
4464
12285
16076
22901
16483
36239
13701
14634
16608
27482
2099
2101
25769
31605
17633
22872
30909
6238
9471
11292
19808
4638
4666
18152
33335
5902
7195
16699
32873
6010
13952
17735
29316
12195
12326
27237
27869
14631
15887
27803
32805
5170
5515
8829
17759
5617
7040
19838
32816
3636
19873
20747
32808
2779
27956
7210
12495
22948
26596
5870
8890
8908
11983
4496
7183
32804
32813
5945
14642
16223
14378
17139
21457
25851
9587
14184
26730
6656
8378
9273
11418
27958
32695
3570
12355
14646
27983
4732
21608
31444
11961
11964
12420
12552
4734
11281
35795
9469
27634
32634
32735
2127
2131
6026
6030
12584
12610
21702
9757
17445
29730
32130
5829
24283
25894
27433
24854
24880
29268
34880
4390
24779
28312
34791
5666
7399
19035
13913
23521
31202
34249
6679
7825
17693
26603
2118
16401
34831
11363
33714
8736
15785
25824
29719
2119
9128
24252
2228
7241
7969
27280
9963
17517
19945
19947
11363
11365
11377
19562
7077
28869
29324
40101
19183
24861
27433
29702
4170
11377
32691
34830
5028
8738
17204
24193
2126
16135
19716
29629
17617
20174
27004
34972
2143
16716
26913
2130
24226
28227
7829
14731
15773
5084
7155
17620
27294
5971
9104
24655
10906
19569
36105
4287
6204
7383
32212
2160
14178
14179
31762
4413
7438
12453
5252
12454
22755
25697
2154
5028
17237
24193
3703
7184
11477
20118
2150
2153
3610
22386
2150
4486
31187
2143
3355
16717
19716
3654
11408
14019
22690
9614
13475
23110
35034
16720
29792
5864
7427
22669
29936
2240
11191
27317
29297
2147
14754
25819
5633
27870
4997
5109
6145
8817
13939
16171
19852
10877
3992
12483
14003
26747
2177
4876
4896
19871
2160
3603
6823
6837
19077
24644
14646
26232
32909
34260
24980
26198
32813
2173
13476
20583
22503
2227
2244
7613
15442
7374
16552
22709
27956
31187
33469
10287
10713
15371
21940
9638
24299
31275
31745
4961
5759
29318
35000
4482
7280
18090
29950
2166
2178
5046
39812
2188
19243
26734
14007
24299
26725
29288
5736
6826
26861
4873
7148
7875
34268
12486
21927
24138
29950
20413
21523
28479
29568
4319
4346
6739
25039
13465
15375
23763
19547
20583
21956
32143
8907
12544
25815
26563
8912
8927
14417
22912
4490
15719
35145
33961
40105
12084
27415
5269
15434
23137
34397
11607
23360
28347
32576
14794
28187
28193
12928
26100
33353
11204
23069
27304
27930
2533
9120
19229
24715
7095
9611
19927
28073
2657
9958
18890
23149
11411
12370
4600
7630
7897
24076
3492
4340
4637
32980
5870
7381
7550
29326
7491
23210
33209
5536
7118
23060
28176
16904
24218
24893
3518
5917
18898
26690
5784
15537
20072
9290
11654
14694
32791
4487
19686
26667
5672
26110
26720
32892
5766
12302
17487
20750
8367
28526
33292
33294
7496
12633
16575
33224
4115
24207
9023
23071
27931
2222
14295
32050
15896
22567
34456
2209
29564
32050
15846
21940
21956
32323
10891
26399
34420
11463
12207
25095
39534
5778
7439
12514
3763
4181
17024
34628
4659
4788
23852
39522
2242
5042
8503
15848
4329
7069
9588
32206
22701
27652
28890
32622
7276
12367
14401
34348
6258
10619
23702
2287
6239
11820
32968
21474
21542
28002
33021
2222
2233
45460
29576
3511
4135
9020
11202
10806
18110
24267
30793
3835
15007
18083
21073
20047
31330
34776
34778
12920
21073
31366
5913
7586
10871
2235
22514
3592
12557
29903
30753
4374
4459
23137
29995
4135
9046
27613
8255
45456
2265
5604
5636
7285
13669
22516
31050
6086
8020
36783
26017
26048
26771
34274
4076
9662
12583
25771
15972
24923
34961
14021
19032
6251
15520
31794
40182
3069
34005
34195
2774
12514
30668
4693
21073
3987
12600
27372
27384
13658
19950
25011
30515
5510
7889
13459
19975
2253
3870
9282
21269
4351
25109
30797
7539
14844
15203
26675
3466
18599
26493
34690
12398
12738
19998
33090
2257
6299
24779
24782
27230
34006
2598
20975
27930
8951
24382
26482
29337
2265
10529
4614
7579
5353
7285
7602
7796
4581
7703
17839
20534
18094
23221
7138
10510
18842
27993
9961
18114
20802
28385
18673
18733
25045
31482
7576
30320
13122
14953
25138
35143
10785
12939
20269
33261
23037
23096
24000
24698
4548
18030
33048
38871
21217
23952
28972
32538
9006
26869
26876
6125
6146
7412
7577
3734
5427
8433
24477
6351
13028
21933
25243
2278
6331
6341
14916
24602
33306
35165
7208
7730
20790
23023
2297
32847
36240
6703
16873
32247
7406
18085
25029
6852
31660
32847
7596
21838
25106
6122
7213
7434
11488
2584
4606
10487
23412
2288
27762
31657
9923
20826
26281
28411
7160
15649
16540
15595
17666
27713
6201
22169
23051
33200
10388
25516
26338
29655
3668
7905
12839
33164
15848
22514
34005
4578
6305
8533
25985
10558
20845
35013
11495
28454
28724
34737
14917
24373
24404
7222
35634
3131
20406
4522
14886
18255
30107
10058
12401
25946
3272
9916
15006
30843
2313
5955
14327
14336
11991
11992
14920
32311
2312
5955
29061
32585
3835
8039
31446
2312
5944
15998
11487
18847
23927
39691
13065
31955
4999
15021
22147
27146
7164
26418
26473
30188
7552
14929
18751
28901
8572
31295
5944
5958
7062
3719
8981
24704
34545
14050
22398
30704
40126
2793
8484
32890
33538
8627
12099
16177
16326
22310
28728
33305
33628
7933
20144
20274
30153
2333
3757
3770
11312
2323
2326
12680
30091
4852
9749
14711
35024
2338
3941
24700
2403
18947
24576
31379
6227
11344
27791
27793
2338
22147
27093
20790
25193
26833
35165
2333
6220
27793
18917
23198
25053
14859
22905
25546
33033
18828
24367
29401
34382
9818
9943
28336
33366
7007
7684
17980
25186
16057
19511
29354
29361
10919
30168
31495
34485
6104
11312
26780
14773
26354
11117
23006
31844
15011
20988
25757
2365
4857
34562
40886
18550
19596
28036
14939
18708
19607
23315
2754
7883
11586
15651
2384
3322
20191
29036
17938
17980
24643
34512
9945
24784
25865
28407
7022
12586
23374
27995
7746
10549
20932
6792
9043
14173
14207
2415
2419
3454
39722
2369
18949
30865
30867
7596
10518
16640
11541
31863
3822
9068
21066
21277
14085
15117
28302
34376
15062
29354
29381
33164
6406
11568
11616
23254
9970
13103
15535
19360
2893
10057
13314
20289
17986
18220
23248
25719
9314
11542
29663
2614
16737
28635
30889
6444
6582
19453
2369
5532
16084
6817
8687
10473
10699
23662
24414
13585
22508
33395
35048
5539
14221
6233
8169
30571
45624
2378
6124
6137
21334
4563
19280
33304
7813
19344
25919
30384
2378
2385
11207
22858
7650
7653
23201
33139
3337
11985
18979
30639
3231
4629
10834
21516
6120
18521
2385
6120
31901
41603
14908
14932
28907
34512
15028
15516
20223
20270
15063
20719
28239
34783
11223
18502
23503
33472
8714
25908
31128
6333
16064
9761
26429
28990
33207
18075
18125
19708
29735
2876
4889
8056
26624
2408
23873
28748
29242
12757
28897
32214
13771
17227
32279
34752
9953
20128
28420
30302
15057
18914
21069
23926
16371
19992
23200
24399
4124
7211
25614
30020
8509
10367
21036
26084
18248
30833
14766
22338
27923
39032
7668
12979
35108
7430
24689
26042
26068
2408
7742
22380
7794
9691
17851
18168
3902
13608
16867
7687
17763
23203
34413
2446
4520
24960
24969
17054
20547
30577
34805
5285
13363
20329
33540
4884
6108
4737
9955
21416
21970
5959
16714
25352
32025
12019
12038
23096
24698
5998
11441
12959
2420
4057
24785
29596
2416
22535
26006
38589
2439
23487
6404
9707
30738
41471
4476
15505
25065
33223
3359
16077
25652
9945
14144
14491
25814
4894
12810
25272
34679
18042
18094
24885
30833
4520
16298
25753
25760
16449
25753
30819
2428
28094
34406
9940
13621
20207
26735
4558
23243
28430
7580
14874
26848
28309
9924
14155
18113
32954
3285
6159
12853
15624
4305
11860
14678
20192
2595
16945
20031
28990
4354
14791
22975
31988
7501
8957
20136
3213
12320
15609
3573
7279
8981
21089
7981
12868
23303
5417
5455
17417
4035
30621
31229
2443
2460
5804
5813
4108
25057
25545
2467
5814
23153
18007
23189
24704
28151
10771
12854
17853
24389
3554
17981
33137
31758
31759
31761
39188
8644
11478
12635
31757
9808
14882
18160
3790
7879
19331
31870
3795
8950
31871
40663
17973
20175
23275
28165
3167
4683
23035
33241
6820
23883
2484
5987
7115
12793
22065
26803
39463
9004
22369
30831
33890
8485
17895
23981
32308
3479
7535
32757
2475
23180
39186
5693
5709
7307
39558
2471
27628
27715
32279
17916
21233
33100
16649
21850
24870
30201
8644
19593
23342
28199
7700
17915
25852
30824
2475
20748
23151
17226
25804
27715
32566
4596
6841
10044
18245
5652
23916
26845
10570
24106
27714
8175
18424
28058
32356
5735
5738
15732
2905
7556
22795
5347
29878
5356
7509
23086
24381
16626
31823
35178
39473
2486
27385
28460
29169
2849
7817
9079
24341
18219
18239
25298
9927
18243
23931
25757
20244
21115
30283
33343
2484
5987
12338
27423
12701
32356
8953
12262
20186
21493
8702
13794
34007
14337
15027
19355
25310
2489
2490
40946
19358
5302
7015
41187
2998
6795
25334
28346
5885
16340
27319
27914
4721
6386
21416
24446
7844
17873
25247
33146
2620
21898
21944
23393
13015
29125
31246
31254
8429
13526
14004
2585
6801
7710
9109
18403
30983
30990
5506
7690
23152
35162
5488
18314
26777
9928
11582
14304
14495
4573
10951
25248
29413
3504
8995
15120
18551
3293
11493
26817
34391
4534
7793
14903
23307
9976
26759
33048
10927
14946
18753
23086
3293
4565
11406
24615
10940
29460
31911
41781
2519
6495
18430
2537
10773
30678
40569
6125
24282
24342
24960
16609
17766
20007
24043
7904
9809
23150
30975
7238
14113
21450
38796
3321
23139
33075
33159
8942
14935
28079
28212
10572
10577
30678
14485
19251
22851
24771
14416
22815
23714
33052
14050
30015
31999
37851
22543
25746
32628
34788
30384
31721
31724
34643
2529
12099
26538
34219
6963
10449
27501
32382
7984
23228
25378
7957
22557
26619
16416
31140
7706
24403
25843
29645
6923
21186
30356
32765
4541
9062
18257
24465
2554
4041
8231
17302
23250
30530
8701
11197
27229
28890
7721
9968
12940
33123
6773
30990
42474
3752
9053
21489
33236
2562
6609
8083
8965
20137
20139
23111
2553
6610
34874
40582
6543
23373
23374
25075
25760
29765
29849
6336
23877
14950
23013
23275
9124
13098
18225
28446
2956
10637
15057
33345
6114
17965
28441
15030
15880
23364
24098
12758
17079
20172
24431
25801
30362
4042
14571
28134
32436
2555
2782
34936
4042
11047
28139
8083
8142
10028
15660
21113
21160
24781
11373
16715
23417
31095
5010
12208
21440
29619
21207
21211
30400
34557
6394
7736
24484
29486
11638
17971
21188
30236
4863
6610
6618
2565
2569
8131
34288
10941
29458
31350
2576
23634
2569
2580
6482
13330
10911
13085
18327
11255
14186
18222
26766
6487
11605
9946
13520
17850
24542
2952
11757
23434
23683
18388
19912
25870
31955
13802
18104
30327
30963
7859
15694
21992
30334
5444
10787
18208
20231
2580
20204
26426
26806
31721
8551
10288
23986
33266
8923
22539
28257
32734
4736
7123
24094
28359
30066
11074
19294
34461
41363
7802
18117
23924
24693
15906
20901
26893
18194
21490
5459
25414
30924
2600
30661
5727
5734
15630
4216
11117
23883
4794
13051
30027
14118
18481
31900
15142
21902
23343
41809
3271
18170
26888
33383
15502
15509
15510
22095
5243
29197
29343
5202
9705
18025
25089
13021
18170
31016
4127
27232
28006
3401
17711
21932
28420
2601
30653
4586
6937
30661
6363
13027
14132
28393
20749
21102
2933
30170
34406
18195
20236
29456
4921
8334
16073
31346
5839
19737
25403
2610
2625
11622
28375
6971
15661
25337
26888
2633
20744
36639
24005
28378
32718
41195
8139
9134
19423
33597
4766
40795
5267
21019
35179
9718
24773
24774
10288
13686
31049
5245
12801
20374
22485
5734
14885
26813
30813
4799
5541
18260
31062
13051
13526
15662
4641
8665
23373
19483
20793
24370
25727
2815
13339
18580
30513
2721
22890
33473
2627
6969
32517
4870
7927
18262
22056
2633
5172
6755
27090
31007
31010
33707
2766
2893
16733
13075
17788
18167
12975
21409
25121
30273
3794
5438
23866
25751
4196
5186
16764
18072
19709
31529
4568
20114
20235
20783
2640
2647
4919
4928
3014
11539
24470
24692
2690
10941
31339
31350
17914
19655
30116
32529
2641
21657
2644
5556
21594
4571
13984
18902
28094
2644
6021
6039
19145
6022
28207
4684
18073
20237
34405
4447
14881
23269
28279
4131
6022
37344
4799
5541
6699
7727
20644
23085
23259
3674
8950
23926
26912
15534
26498
34457
7782
9824
34215
34228
5486
6302
25989
34968
4598
25236
34704
28835
29168
32287
2670
2673
4363
16884
18176
33185
34285
10788
15053
23996
29053
14119
18162
24692
2664
5253
5262
22084
3795
18196
18730
20287
5471
27300
31290
40513
5565
26447
33897
2670
22072
2666
3844
31077
31628
9781
23429
25821
25823
5444
13031
23381
28341
2924
3674
4599
5744
4226
26292
24089
32893
35119
4752
18144
23483
28487
4088
22072
45393
4597
20642
23427
30733
7834
20469
24002
30845
10444
17218
17221
23321
11489
19263
24376
28154
4859
6532
27063
45395
15565
21231
21909
9791
9800
19290
28307
5448
23371
23372
23464
16877
27063
44433
2997
23869
23870
25859
3778
14159
28324
27998
28808
29263
33080
13401
13434
14246
17736
4850
18293
26636
6753
8338
10651
2691
10651
30900
2697
24467
31338
15553
25778
16881
22529
32676
44252
3911
13411
18606
32988
6411
10079
21211
9521
16087
30695
34582
11746
22057
25990
33648
31339
31911
41218
10363
20877
32966
33095
13406
13414
27078
2937
8581
20563
21445
2709
6114
6915
4978
8450
19506
29551
19197
19677
20482
28731
7921
9098
18441
29497
15702
15708
15710
34768
17687
20236
21932
28234
5559
19394
30329
30870
5547
16348
18953
42200
11761
18312
18783
4891
9397
22691
6451
8110
26898
28049
15003
20196
26779
8451
11742
11753
11768
6475
17993
21361
34531
2927
8192
22529
33733
6128
30727
31909
13910
13915
29492
5704
11575
31909
18332
23484
28290
29375
17901
20109
30454
2733
8172
33152
19284
21636
30519
30520
33920
5523
11367
20780
10353
13688
18925
32174
5502
26277
28332
18527
21145
21153
28625
20365
20869
24496
28627
2744
6453
22115
32001
7086
14481
20688
25776
3854
6035
20383
24511
4547
12749
23064
2979
13190
20573
20431
24200
26326
34193
18365
26475
28669
3936
14328
32310
3744
14362
20710
30254
17336
25591
28659
33506
6760
6989
32613
3206
10055
27204
34578
12952
5491
6064
21954
26928
8142
15667
30863
11782
18005
32035
45797
18384
23747
29559
43834
9205
20504
21689
30679
17430
18968
34060
34063
2751
3270
4539
5755
3270
4147
9850
26893
4145
4159
40674
7716
14372
30254
34783
10546
15072
24495
24508
5744
5747
5755
14231
19384
20337
21387
20719
20725
26021
28239
9867
20370
20541
20542
2774
4333
25832
30668
3078
4269
13712
18913
17464
22048
23510
25544
4251
18913
27588
29030
4130
6476
11702
2765
2771
12614
15976
2891
6542
30571
34236
6845
27703
29026
9507
10362
40369
2899
6765
21339
29529
8004
17020
18797
23356
22347
23641
29652
34614
18270
18405
27131
30394
2778
29064
29090
15909
18859
34625
5097
6069
34555
5225
38695
3827
13213
18312
21994
15059
28629
33473
8065
8069
15584
18436
6845
29031
30947
4333
12360
2783
12542
32959
16728
26583
32352
11280
25882
41252
15754
26814
4821
6321
15855
17208
7003
27040
3308
24100
27286
29120
3179
26132
29227
21510
30995
32125
45484
9966
12263
23355
30309
2801
2838
5933
24647
13429
17431
29123
11093
14156
25271
34439
8487
22576
28530
2889
6920
25872
3231
6897
8928
28529
2801
2816
17146
19558
4636
5259
20841
32158
2816
2838
4983
16120
7901
18543
44085
3877
18218
24571
27060
6571
10262
18981
24111
27126
31045
13198
13458
24590
29832
6546
15261
22964
33674
2806
8666
30564
24105
30556
34085
14237
16820
23987
30891
5599
20005
28122
4766
6165
6867
42215
8136
10573
21716
30477
8589
24181
27722
29135
13813
29034
34127
6104
11344
15893
15713
18784
18867
35150
10126
15613
25590
4995
5762
2819
9155
32403
8126
13062
19407
33540
19060
24195
5707
16074
27290
29472
10600
13406
23452
33644
2833
13591
16244
21344
6530
19671
28881
3057
3489
29103
34173
16695
20828
33039
34004
12922
19516
28521
33506
3201
13894
20587
29513
12025
17162
19082
32372
2964
31024
34817
13883
15181
30512
34618
18175
20828
25319
30279
7901
10775
20213
30456
3195
3931
17030
3202
15270
33189
45431
7359
16479
21595
35182
14996
28336
33339
33366
6491
6884
10597
16811
44050
13137
33563
34598
34608
8421
15721
21083
4148
9215
10173
34899
8201
18524
22376
27446
10391
30523
32884
45542
2846
3707
3729
9647
6575
13354
14325
16824
2861
8577
10398
12828
13387
18151
23713
23279
25382
26968
28560
10010
10043
29472
2861
2870
6653
10313
9981
15599
16073
19390
2992
4005
4137
7641
11590
14162
26910
28674
28680
33120
3741
8661
26172
28989
5296
6439
10749
16754
10103
13147
21287
33605
15135
22115
25880
31998
8149
20712
28475
28647
2921
13759
17352
31915
9788
21161
15127
25374
25399
30332
2870
8577
24196
9097
15655
19436
31371
7924
26979
41143
11946
13165
15584
30807
8043
9934
18812
33537
4730
15453
15705
19550
3489
15991
32416
6667
5844
10127
23489
40789
10375
16232
24486
28331
2894
11696
17308
31740
8005
14223
24809
30421
3854
6035
25724
40924
2946
13242
20834
9972
20529
34516
10754
27135
27630
6707
14125
14171
27468
6434
10872
13054
20771
2890
5841
9026
11160
15075
25455
4391
20923
30452
34803
3824
17500
17507
17712
4716
16503
25432
27034
2902
23997
24358
31817
4762
8271
33612
34616
5692
16774
17886
34558
11854
21426
30716
4899
6542
27031
44444
6459
10557
25401
9507
30837
3658
12003
16808
18408
20367
23576
6548
10640
32077
34080
17641
23517
23618
29525
20402
25476
30413
30681
15226
21342
8286
18514
6237
18879
30442
4605
25987
33377
4694
11857
32496
3929
8133
11617
18963
7535
11314
34894
13149
21310
26286
29939
7989
10716
23161
33551
3892
8154
20856
10692
15308
21749
25502
20714
21231
21277
33737
6892
10081
11169
25844
10936
18134
20714
23445
2915
4375
33632
45465
2921
10876
21305
31695
2916
22035
11727
30603
18780
23892
30713
44984
14501
20129
23998
25768
10667
10670
17293
22181
13378
15291
25362
27204
3509
15478
4169
5752
12521
32858
5846
18275
25491
28596
21928
4918
16095
19473
33728
9376
14242
27261
31462
8290
18142
28661
2932
15643
25407
25861
2932
20868
40679
5313
32055
33571
4153
4869
15313
20396
42036
6916
6938
14941
5493
8544
15332
3389
22296
22560
31626
2942
2961
32107
44993
10316
19539
30624
3417
11973
17004
31629
8483
21486
30503
30524
2974
8181
13599
22132
3851
9179
23580
35222
2958
32106
43463
2948
13768
15543
30182
8496
15515
16362
16976
4948
18264
21311
33491
4889
25564
25933
11626
14397
25924
28252
8733
22315
12403
25803
25808
37731
8451
16425
18540
2983
18787
29488
30611
6502
6893
13600
21691
22578
24603
26090
3409
12753
22291
34189
15542
22393
24170
4606
10681
13093
3416
6866
12767
17201
2961
33413
35184
9207
23450
32465
10119
15766
28638
33641
4499
6546
15328
25702
28745
11570
17549
30469
33719
23120
28738
33708
11155
32106
33413
3353
12881
19067
27427
15239
18473
20514
33638
6501
23332
34379
13442
21801
21804
33674
10611
25448
25460
27344
13391
13611
20954
8269
11744
12938
18542
32109
34109
3174
15914
32986
2982
8688
33782
2986
4643
4647
13437
10240
10246
11346
14226
11792
13256
22423
43508
3194
21509
7997
9706
22548
28159
2986
3006
20861
42937
5493
8465
26091
12981
13355
28698
4693
16072
26276
3272
15642
18226
30243
4630
43012
13060
18309
23526
3002
4630
8169
13438
4113
13557
13559
13560
3011
13336
18377
3013
7960
28735
28762
3017
10146
29589
13441
13467
20405
33624
2997
4577
14617
14638
7812
22952
28749
15215
27763
28651
30462
18254
20919
18183
28347
31016
3995
11809
16117
33689
4962
20345
21099
21108
3096
17203
23157
3006
6233
7655
8136
23864
28642
28734
6500
19261
25503
28675
28713
32076
6245
3021
3027
26812
26830
9837
23418
23701
28697
8467
10190
18797
15326
32751
34584
7945
30855
34915
5113
13414
15459
15675
8109
18280
34809
10643
14734
15585
3326
24736
27179
32161
6552
28584
28905
31293
19565
29588
6804
8772
32161
13574
17817
18587
26917
5619
10146
16047
21229
3026
7049
24127
14001
18827
24736
27884
10558
10818
4822
27024
28742
33868
8221
10091
30514
30517
3028
7847
24143
3028
20913
37598
6349
12922
27337
34567
34766
3039
3048
5080
10425
4933
20490
22495
35066
3050
3489
15991
4621
10319
20635
13780
23966
32459
34252
4161
6955
11566
17283
3037
7086
7090
21164
3039
10360
22454
6075
13174
25251
32853
14481
28871
10271
21910
23990
16442
33683
34026
9412
18655
24092
30952
15573
20163
24410
34704
23083
26007
30911
9344
10259
10323
30579
11999
12404
22499
4621
10596
21923
25631
10360
36528
11790
14566
15088
30215
11939
21147
22365
3423
5316
22593
34168
15220
17037
23989
3062
8730
29091
34070
3898
4120
33954
43431
10474
22495
22509
35058
4238
15966
17234
28054
22365
29007
32360
14099
17961
30791
31153
8327
25903
30948
31930
10149
15393
18862
10371
14107
16117
5053
9439
4620
18820
31324
34024
3068
3082
15479
30740
4033
15857
18648
10330
17064
31323
33831
3082
3087
6415
11729
3077
27340
36161
5482
9993
34010
5297
7556
17560
32756
10982
17337
25733
32312
3243
13667
17150
24623
12001
13646
23752
29681
6655
6879
8372
11347
12902
13772
27386
5625
15411
18707
33843
3087
3972
37339
10178
15473
28476
12809
14987
17495
25960
6828
6880
23813
24617
11657
17070
10397
5549
24899
28328
9435
14568
28853
31913
18205
20219
22141
22161
33796
6456
5787
6954
24062
29042
4077
23218
25346
14340
23988
24080
27269
13849
24053
29039
29764
5875
14570
29785
33811
4052
4223
17671
44424
16982
23808
23835
13857
20657
21007
13462
14537
16435
16436
32439
12885
23171
33132
34713
3112
3120
12990
17838
6708
13463
21914
23754
8569
9167
17329
33414
10149
17026
18862
23964
6903
19063
28361
34089
5071
5316
12164
6812
15727
16005
28350
18995
27327
27435
30438
15954
22266
28438
34276
13718
13806
20162
34034
16522
18699
27276
33835
14772
16979
29616
44846
24122
29194
31213
34088
3128
14110
16060
3963
8992
16193
16204
10735
16310
32379
33683
9415
24180
30043
14341
14569
22285
27276
22251
32211
34642
34836
3370
17356
26203
32173
3974
16141
19573
26642
3125
9001
3523
11260
27151
7913
8442
21905
34475
12168
12233
25897
28148
3446
22313
30287
32370
3128
3127
16474
18699
20595
10334
27407
33809
3131
3140
6597
6888
17262
19866
29848
3142
5145
22976
27958
4402
6156
19089
24849
19741
24174
9609
11415
29949
31962
17367
17629
17632
33855
10086
10516
18433
25930
7615
14426
28255
33149
13326
17210
27370
29845
3148
15809
9321
23915
33690
3157
19453
41072
18359
20323
28392
33369
14945
20644
25208
30707
28161
28610
28884
30378
30682
4791
10086
18439
26967
3157
16864
5493
8249
26091
29001
3218
4802
13303
20807
12657
14115
19941
22671
19582
22232
22384
29565
6953
15372
18153
6177
12649
25006
29960
6178
14697
17116
32971
19970
25263
28974
40592
3159
6705
6722
30953
3165
18140
4694
11957
15008
24077
3169
18140
30944
40651
6340
11530
26862
29445
3618
13350
17951
28068
9007
20502
25858
3186
23426
7579
15443
18935
12764
17937
18097
17938
21790
24635
33230
3186
5468
5470
31858
6752
22288
32210
19258
20111
35141
35144
6373
25236
31418
22117
30713
8248
13238
33700
11952
13285
22023
32210
26745
33994
33998
34227
8219
8232
21639
22550
3196
28295
28501
6921
15470
22595
25962
6449
23486
41029
7997
14213
20295
32194
15834
31956
32029
3192
13552
22456
31876
6143
7991
13588
28518
5471
5377
18563
22578
28692
20501
24766
28934
30293
3198
3909
7996
9217
30506
30508
33911
19402
20957
21261
28456
13496
13872
29094
4001
11139
11727
19430
25444
29467
8468
23499
3827
32823
4951
13174
16242
23501
9199
16346
34586
3208
11651
3208
6569
32009
5300
6451
17907
30370
33145
10206
18512
22044
33190
15831
15838
19863
27302
4752
7768
25390
27212
18297
20494
9986
11784
22305
9112
15074
17126
30349
11710
18799
21141
3214
22450
29196
32412
13405
31120
33428
3758
7121
9878
3224
3455
12968
4905
9381
18313
14980
16145
18173
18801
26334
28916
30689
34905
6036
11134
13915
9204
17122
24765
34773
15314
25581
33614
6566
15814
15817
3223
22829
23803
30440
26122
32000
35067
6743
22433
32412
3233
19171
30856
40841
3227
7944
18458
24294
30860
10525
13064
18432
6680
6774
32052
33135
17495
25960
28137
33078
6703
23289
3233
6607
28569
30440
6621
3294
5364
8057
27768
14049
16417
17941
21412
8161
12787
27642
7187
9543
3287
10787
13687
20245
3561
32421
34141
8500
23976
33778
20879
30067
45644
3249
6639
20572
5014
14460
30599
31288
17200
24135
4993
10981
20545
32310
12927
13706
22348
28472
3326
8199
22334
27185
3254
6806
16777
13987
19971
22939
29998
5702
13161
15078
18746
22270
31786
32796
15615
19324
28972
6065
41202
4098
12630
24577
25931
5436
22151
25921
3265
6960
34378
16373
18066
20220
20685
5041
15192
24180
6960
6982
6996
21524
10847
12091
13807
27279
7852
13021
26888
30243
7050
10449
28418
31175
3875
7000
13706
28948
15614
21541
3336
23061
29656
3280
5027
26156
34141
7599
10742
31083
33341
10583
20824
25334
4145
6384
24258
25337
25643
30285
3680
9667
9718
16258
3279
7645
20907
7617
10748
19400
23296
21967
26273
30272
30389
8618
32825
21554
23139
28136
33168
4324
8197
10433
22292
28864
17986
23248
25339
30848
4533
5490
17764
33310
8984
25328
25329
7684
8564
15903
18099
21893
25075
34336
14172
26133
30242
31068
5805
13056
20231
8390
21456
6335
9789
15144
16617
9010
18883
20128
33617
13022
18229
29075
31097
31593
32518
7209
26796
4242
17069
32647
13880
17257
26197
29081
3398
24074
27442
12225
13810
22590
28118
3313
3535
7225
31622
3307
6400
6410
26643
7037
8639
17041
31475
3974
17287
22042
24649
3373
25784
29189
30755
4458
22889
24772
34661
3727
4260
12674
17396
8587
24782
27235
28312
11957
17397
34419
3317
10396
17185
8702
20055
31250
27352
27480
27884
32059
13806
20105
27481
3317
3329
7104
22442
12296
12895
17088
32064
4180
6116
16430
5192
5417
5573
6043
4200
20302
20535
29092
15436
27623
32730
32779
10848
34131
8474
13997
14459
16192
13839
14821
29417
30583
8622
28948
29416
32404
8485
27638
5005
6780
29083
3332
22421
25782
32296
8626
12414
13711
13715
10881
18951
20576
10578
22212
3329
10396
36623
8522
13663
13858
30883
7105
10724
32274
35026
13721
24008
24027
26156
29428
32407
5478
14534
22027
34843
11267
21545
22379
29748
8649
15353
29078
29156
6590
6596
32467
3389
8693
6584
6596
9770
14406
11103
11126
15674
43986
7063
12215
16504
35967
6501
13447
23334
5162
5522
11292
17160
3383
28836
33746
18946
18994
31526
15008
21133
28794
5954
5958
10841
14336
27565
27566
32514
37046
6800
10770
28957
3360
30760
6653
11058
21161
3446
22313
24150
7216
22436
29250
37143
29181
30739
13755
26202
35326
16190
19574
34835
8640
31487
32587
19920
19944
25858
30828
10254
18523
27252
15625
22366
38324
15832
21167
27387
32442
32494
34034
5016
22357
31503
15997
24189
26742
29065
17376
19974
30354
3379
3397
9269
30360
10910
13101
34693
4217
22617
28050
32396
15014
22352
26295
26299
9047
9902
22480
33350
15976
34051
17161
19928
21613
37628
3397
25521
26313
29577
3378
3472
22446
8774
16386
20569
29583
8616
24198
26537
15978
31886
34184
10852
16002
34148
28827
29189
31905
18719
29577
44872
20218
21157
29012
32366
10669
30051
30987
6740
17428
22609
28055
3472
31905
5571
19958
27782
27903
10018
18588
34340
3391
13089
28836
33746
10063
23730
31392
17659
25996
27826
31661
31614
34752
21934
21958
30883
33795
5339
6757
20733
6860
18939
27989
29066
10438
12855
23300
11928
27572
27753
30612
3409
5880
12058
24169
6800
18805
31042
22105
29578
3420
12251
33523
8689
16154
19047
29419
22339
25651
29599
30576
4677
19330
12895
16366
27823
31238
22074
25521
32088
6647
32410
7507
14614
24857
32755
4002
4064
29112
18676
18678
23798
26027
3414
29284
30857
13653
30287
12253
24099
24104
3418
24046
24067
26162
5430
17417
17419
22533
15971
21182
36661
23334
30751
34379
11054
11939
26932
3432
3436
10441
22560
27507
11055
15968
22601
10698
13046
21012
3495
18940
19033
10752
22325
29575
12232
17229
24036
32583
11546
12226
3430
20694
34053
37699
13059
17251
29781
29118
31125
32778
19014
22402
27490
27545
6775
17385
33166
34075
20004
28041
30141
13742
25769
31606
3435
3437
12000
31197
3440
24166
34175
22363
29313
29322
5193
6963
31156
3441
12008
27479
3440
12760
26361
3439
24638
24650
12068
13407
19086
32427
3441
30718
35600
12753
27536
29810
8579
13897
19094
27226
5164
15869
5305
14543
32154
34639
9266
13404
13419
32387
24168
8302
18857
25603
30582
10350
12116
15689
20616
5445
8633
20055
27286
10713
13465
13476
33957
15538
19066
22417
33797
8556
24028
26742
31394
7006
13779
17234
27430
6202
29502
38292
8765
28986
29081
13868
30157
31303
31405
3460
5189
5610
29016
6617
9281
32134
20721
24086
34081
34083
7361
29003
9246
44822
3476
13289
21980
22070
11855
25918
31930
32180
3503
14433
29606
29607
21442
27019
28714
32228
12984
18619
35100
28665
22362
28968
34183
34184
7651
20003
28854
30026
12767
21372
22304
17318
32520
25777
3477
3479
7619
16432
3943
9317
32299
44314
5584
11295
22042
33371
25673
32343
3478
31601
36802
3481
3602
27742
3481
7204
6967
8662
25793
28764
4249
8066
6047
24136
24182
27285
21004
23798
24145
30737
13494
23817
28843
8354
13774
20006
29078
25805
27745
34129
20035
25052
33072
18964
34203
34794
5803
3492
7447
11532
39948
13500
22402
27331
32226
9632
26768
21451
22337
27350
31554
23192
23630
25046
29013
5081
20273
29106
12780
20330
21179
31382
13324
32099
32204
20809
25438
31568
3538
4109
5585
15951
3551
4022
12372
12984
11086
25743
29607
13539
33839
34654
3508
10322
34712
14071
14488
21227
3523
8111
25174
17099
20608
21439
26982
7045
8612
28122
32134
13759
26186
36477
3786
12027
22457
17828
22680
25795
8527
11555
17314
18108
5546
7200
7162
9654
26690
30012
5860
9372
9629
33009
10731
13055
25292
31386
7009
12429
34890
34913
34726
34781
8785
19244
19899
29264
26541
34295
34855
5550
7189
27746
4824
7353
22886
29987
26582
7592
7664
8994
28031
8144
14035
19252
24288
14720
34665
17596
24899
25197
7631
24250
29265
31212
3530
19920
20502
21861
23880
30830
16215
21419
34280
8383
19981
27313
14758
16257
19248
33934
15273
15547
16237
3644
3673
7255
9325
12267
12615
27899
13947
19098
19841
34930
3541
17144
24103
10888
22127
24230
29252
4803
8852
12060
12082
8653
28253
3549
6034
22577
10197
12643
19426
32195
5163
45572
13627
15026
26396
27990
8208
14748
17735
29316
13824
13959
14002
17573
13992
15508
15783
17925
19028
28120
28537
7353
25833
29987
9072
16266
28051
6759
26173
27291
27440
3558
3561
3948
22427
24677
25103
4554
25682
28846
7157
24860
32559
12583
13921
13983
34290
3567
20902
32520
5670
12370
33961
5163
21975
3567
31597
7686
24270
34750
35057
3565
30180
32129
44265
14154
14649
27773
31655
8370
14360
7516
11147
33937
40248
8641
22474
3571
3572
6143
12513
7271
7350
11271
26261
32698
32909
3580
28508
30325
3580
20930
30868
14909
20773
23032
7534
10563
27718
13919
16996
19160
35014
15447
15612
18040
30060
17365
19001
22632
27737
8918
24801
28009
7456
15757
18894
18898
22096
43461
4256
10893
29830
34870
3615
3988
14269
3584
5854
9661
19150
12580
26536
29930
12426
15876
27852
29826
9473
12292
14602
19720
5851
8816
19599
24277
23885
25909
25910
44135
3657
4464
17664
32831
5148
11010
18931
25822
4804
7144
9474
17075
6048
6197
30805
11149
17449
19696
32628
6153
32886
33856
34989
6149
19411
26237
4592
14033
17744
27959
3603
29322
29351
17744
25300
30697
32989
3609
12118
12958
20794
3612
31698
17672
19350
22769
32781
4188
6116
37702
3610
33467
8844
16129
22900
32839
5705
15524
22573
32883
4493
4517
7332
35145
12409
19868
22827
24324
13956
16212
19161
6286
20044
20265
3611
21628
22383
22383
26169
31150
12048
14023
16299
19085
6286
12958
25299
28103
7544
29323
7383
20907
32212
14806
18124
23653
25046
3640
19289
30098
14724
19961
27970
30000
5905
18054
19927
9648
13925
32073
32984
4471
32934
33787
34095
11154
22741
27241
32758
7577
18034
24972
33141
4096
8889
11796
19212
6226
19419
26752
28070
3640
7547
29379
33024
5674
5855
26694
31311
8547
9679
30048
7486
7487
10068
14812
18722
22754
32924
8590
23206
26269
31735
16031
26242
26415
4662
19089
26345
34309
9583
12412
17569
25926
7170
8813
15887
3641
9265
9269
44996
5856
21592
29281
13982
17485
27916
7125
32523
13026
16243
33653
4550
7441
14690
22716
4361
11011
16040
29641
16430
27120
5394
11448
22767
3653
27449
28956
31134
5385
12422
22917
3653
22467
31135
31765
14573
16977
27853
3681
15480
3670
23277
31186
21169
31185
31186
31810
11240
33129
18978
23005
5655
17750
17753
26168
9251
15888
15922
20938
6319
16043
16061
3676
27447
32449
8512
15752
21722
29972
14037
19168
26512
31514
16671
17105
23118
29397
19792
20120
23432
24414
6222
19998
23128
29197
6201
7521
15946
16327
4560
7822
10030
12812
6516
11897
28250
33075
7125
14759
17947
27315
11475
12783
15062
15114
19626
35142
35147
11852
21371
18030
21765
21830
28181
11559
16661
20167
33106
3694
17371
32597
18135
18157
9778
14584
14968
6922
18856
12983
24362
26253
28153
7992
14457
24727
24728
5330
7780
33392
33687
8566
16264
24773
11843
11850
7799
8987
14964
20092
3699
43279
10549
20920
25859
3746
14959
35204
7992
7994
7998
16254
4455
15337
20083
26005
16515
25373
30505
31843
8570
14727
15190
19591
19303
29377
30315
38147
5319
5336
34394
5366
17830
24003
32576
16922
16944
16965
20761
22794
27120
16725
16752
18760
28267
5832
19610
20160
3703
16163
26417
31236
7845
25753
30819
16922
21346
14937
34382
34400
6564
43974
3765
14922
15004
18231
11471
24374
16143
16161
28432
3751
5768
31658
28103
29024
33692
33777
3739
20476
31151
12946
15036
16633
24351
11468
16626
24811
38317
7552
14950
21489
15515
33769
34046
22558
29386
32914
32926
4583
19792
20200
21491
7520
20812
24282
24342
7498
12953
21511
28033
7785
9827
14880
3735
3741
19060
7230
13247
25840
23189
23581
33278
4283
4880
11370
23273
24900
26826
28221
12838
20359
21837
23282
23420
26249
26254
31092
11455
29348
35095
3735
9647
34163
5861
13107
18134
29732
32665
32926
9773
12733
22622
34688
3741
12172
26172
6034
34120
21851
24349
30651
3736
8323
28709
4593
25104
33111
34705
9005
19608
31863
9992
32504
5299
8436
31864
13068
17935
21944
31018
9647
21155
24196
7215
8948
10907
23106
7510
15818
24757
28413
7211
22990
30045
33144
4636
19339
30280
6917
6983
15684
30365
9063
14871
24385
10266
17031
29058
3751
16484
25683
6911
29198
32507
3754
10462
12224
12227
6091
27819
21508
23223
33877
3754
10462
10857
32511
29198
32507
5970
7697
20660
26879
7639
24579
30273
31369
3760
22836
10677
20046
28137
6167
9925
12821
20266
3761
6700
11313
3767
21642
4210
5387
22631
32633
13509
17252
22478
19372
30725
40589
9937
18101
24584
12259
16740
20671
20674
31633
31684
5953
12939
33262
33269
14992
16677
40680
7007
16505
3793
3796
31586
37725
9313
11062
21421
34705
11568
11976
20192
20211
23407
28322
29424
29439
11350
19359
21330
26043
4144
6692
11892
3796
3811
12472
29812
4721
20183
25244
6295
8426
9797
38012
4281
11545
21919
41214
4144
12096
6958
8537
27408
28708
9445
13230
28878
31916
11504
21198
26754
31853
11470
19532
38817
6857
25787
7874
13041
18216
21920
6694
9353
27242
31893
10908
11433
14102
26796
11558
28097
42079
4672
19360
20279
29450
12202
17999
29075
30299
3811
36098
9087
17976
20636
13102
30772
19117
19643
7563
18092
22010
31829
3808
3829
11362
11402
11539
11549
21887
33096
21309
24375
24851
6261
9894
31897
35229
10842
14735
18201
21248
5249
13573
18131
21935
24462
41777
6709
6722
6139
16615
30521
31840
14656
24427
27454
33155
8662
15356
21175
9004
19887
30709
33888
3818
3829
6812
8645
13680
6327
24368
34398
6306
13111
21605
25316
18194
23212
26054
28084
4536
18244
23895
28894
6407
15146
31235
3828
25501
25707
43339
12240
17041
17418
9315
26620
28504
28830
33692
34014
35186
35220
4595
6326
25392
31248
8959
12773
26487
13589
21114
24475
24699
8009
17477
20477
11229
14212
19442
11211
15100
17173
31012
8292
11754
13562
3832
15727
14471
16536
23511
24514
10221
11655
18440
41990
11362
27392
13188
13399
27183
31465
13313
18435
25402
28540
17971
30236
3846
30386
32351
41656
11631
21189
26347
30837
13760
15861
16731
28320
8033
13005
20509
28530
6802
11291
15898
27365
4712
14656
15025
10050
17166
19616
32350
10604
23082
29205
31012
27192
7681
16545
26695
8305
16727
25420
10128
11046
21455
30350
16241
21505
3855
27192
29136
11163
24318
28561
31255
9186
15089
9302
28540
34508
9163
11715
19476
34765
6926
29511
6646
11801
12183
11036
19674
20409
34566
6646
11943
29422
32458
8162
15215
23620
27775
7983
23331
23665
28490
21794
21811
26760
38468
8274
14214
18104
33196
5570
20297
33910
3888
11506
9362
31346
4268
16413
16653
8289
10241
13145
13251
18057
18132
21269
13541
23825
30405
33561
4702
9940
13628
30267
18057
10959
13191
24567
5300
6426
10130
34878
7915
9557
19465
19679
9787
17476
17493
34719
3879
11775
28443
4270
6488
32013
8399
18749
44701
16690
18770
21892
31423
13706
28472
33951
19736
20368
25452
28524
3889
11506
23875
12132
17361
24723
32058
10069
25441
26407
30408
28233
29829
32761
4035
6509
14736
28160
4625
19213
22295
30859
16098
24523
28251
3889
25853
17917
18055
16923
16927
21629
36940
3898
27096
32731
43011
10618
30476
34389
13080
13087
30448
4948
10202
15093
30340
9123
9557
13276
23449
5264
26294
27062
13302
19423
27101
27422
16905
32243
3914
7343
12186
28233
25920
30323
30326
5726
16089
31379
6056
17389
19110
32454
6549
10866
31108
33190
15330
18539
18556
33433
7178
7228
11091
13605
21079
21335
23546
5376
15691
15713
7691
15182
16759
13610
17756
21340
32973
23492
27183
27219
9217
10642
28388
34586
6581
26291
3919
31976
3921
9396
19112
27799
15833
26304
26406
26443
12374
12704
17383
15194
20538
25655
35089
30861
13448
16832
30859
14507
27534
29207
19491
19684
27088
44803
16815
10978
11762
11774
30443
13118
28766
34346
34443
16788
26972
27013
10076
13784
21061
25402
8400
18294
20477
24767
16815
19284
18855
21813
21841
24352
11187
28673
32197
3938
14776
21841
38625
20296
27581
33400
33436
8162
20313
21463
23987
8657
10210
25711
27279
25734
29596
31398
3939
12423
12585
27593
19276
23524
23537
16448
28191
36839
4182
12680
15351
19624
9267
30091
8833
31205
16967
17392
5014
6589
16186
28117
17304
19546
23763
33779
3955
26285
32324
10417
11137
15338
44463
28857
28874
28877
11809
18628
34026
7181
8963
11031
19274
12132
17001
22461
24723
10547
13754
17351
27581
11700
22475
27471
30356
8198
18498
21596
44704
9600
31075
3957
8833
37375
16295
36585
5950
24895
27005
34231
14359
17270
3961
10457
33689
26363
33693
3967
28666
33710
45489
8986
11911
24652
12014
29605
29623
6809
15417
24194
31784
8013
8359
13522
27137
3995
16117
26309
6619
14330
26607
4259
24853
26332
34231
17091
18946
24020
26457
21424
27005
27549
17215
9732
19710
22309
34836
5914
24641
6828
7843
19776
16183
25161
33812
34837
6577
18638
25906
30871
5000
19619
29621
16157
17256
17275
22580
10085
16273
26142
33865
4993
11935
29595
33659
5234
12237
30888
9516
13474
29860
29863
13713
26641
27516
8802
20722
26721
31632
6256
6337
17744
30710
12688
17821
30822
14258
14261
17548
4314
7395
17469
34937
4074
7303
9501
25028
7294
13824
15967
29889
11397
11428
22754
17207
17568
27851
34263
12196
13713
27611
10757
23667
13544
23091
27991
7095
19587
22235
28073
4470
17628
22842
29719
8759
24743
26975
26977
4003
4015
16250
4005
31278
10974
27161
28180
32535
32561
6327
33102
34359
20019
31277
12791
23624
28854
14762
14775
19532
39314
4102
14710
22815
28056
6122
14766
27923
7004
22398
23204
26336
10358
14056
14756
14940
4017
20716
23371
31609
15396
18557
22618
4537
6297
12838
25084
11286
23799
27593
4017
22441
37224
15570
36209
4358
9744
30817
35050
7760
7832
20813
20880
4034
29112
30749
9688
18835
25779
27318
28051
33218
7806
13165
21949
42182
6451
15227
17907
4028
4046
6043
20027
24547
29486
8100
15847
23161
4043
20037
29561
6816
28714
31428
12746
12752
32328
34035
15425
15842
23812
11087
26379
33662
15868
23978
21572
18863
24362
5023
10674
11764
14911
4045
4047
30319
30325
9345
22374
28038
30840
4045
4047
13369
31116
10101
10113
12963
33649
8568
11168
21537
9120
23133
4046
5579
12293
17465
19660
22707
23666
32029
17422
32269
15472
44835
11017
12138
23669
29723
4052
10093
19299
25501
8530
12971
21516
33296
8405
19467
19825
15255
43244
4054
11678
18740
30862
15432
16830
16903
16955
27127
28773
13654
13670
41788
12002
17073
28096
13816
17406
22589
12104
27366
32641
4066
4068
32315
32320
8617
8676
27390
34033
17312
33684
33769
4073
4337
15426
32614
9353
10974
9740
15615
25105
35047
4071
21203
29234
6244
19966
22207
27816
29239
32331
19583
26787
32967
6296
14738
25300
35053
14623
29239
9286
16570
18054
20059
19693
22683
9623
11206
15617
13718
28497
29034
29127
19125
26515
31212
4092
12552
15519
17453
29277
4858
9138
9806
17452
13353
26414
30528
34504
9465
17452
17466
34476
4759
10168
15182
23446
4093
27428
13754
31563
34150
34198
19687
22237
34226
14233
23377
25493
34514
8196
16892
22049
22361
4363
5265
8450
11711
21814
23708
14472
20342
24357
27044
7923
21276
28648
33419
25327
29632
16134
27429
5232
19667
32998
33000
5772
11118
19157
24239
11179
19080
24313
7391
17550
26411
29306
11422
22985
32921
6837
8747
11258
16134
11559
19288
21857
24613
7420
25129
30693
35062
4491
14101
19992
9755
10829
27182
16945
20089
26009
29197
7668
15322
20029
26497
9633
14700
15601
18147
4769
11171
13628
26806
9672
14485
24770
8605
27221
28899
12150
17008
25746
34021
13843
19044
22316
28258
4113
11698
13559
45272
4859
19474
4120
10737
13463
23754
17481
19783
29852
15720
32798
5326
11152
19790
10856
17504
25835
27952
15170
17778
25510
25583
22121
44368
7302
19711
29801
4130
10968
22020
31274
6212
12853
21769
40062
4996
7203
22990
10758
28188
34510
34520
9057
16644
26339
29352
8628
27613
13655
26480
34278
15461
22467
25925
34500
13457
4928
13763
24632
27242
31816
12222
12744
24113
29121
5005
8637
12524
19019
22680
27616
13889
13890
15397
23988
13192
31274
12181
28112
34153
12148
20614
20717
33083
4144
5159
21925
27198
17232
29057
6718
7217
12436
32639
9688
10810
22961
27595
25967
4154
41507
21793
21797
24904
26138
4160
13035
28349
19500
22350
28732
15218
33608
18546
21856
25554
34762
13176
18558
20492
27800
4962
8101
20964
23523
5298
10427
23463
4160
25869
42063
8807
9315
26610
12881
16195
17205
22304
16183
16791
16799
33812
4348
5332
12693
35126
4539
25338
13033
18236
5923
15750
11910
16357
16981
45578
21745
21966
20816
29765
33193
39001
24019
29048
31483
17326
25666
33421
33425
8351
16121
20700
24652
4173
9005
12991
18769
4263
13744
35182
9811
10607
34832
8087
17263
23835
33812
7038
10779
11566
27550
9830
19608
10256
10446
16453
24794
26055
30890
5078
6012
16453
16432
17373
34103
37681
13536
24133
24155
24158
6853
11309
12087
32372
4188
27743
32579
5178
27408
30645
25620
29563
33974
17158
28988
28992
32339
5081
13792
17424
29549
10746
19988
24023
27209
5066
6908
8345
18680
5581
8338
9713
28871
12432
36838
6859
32381
34646
21133
30618
34334
6857
15569
17255
22457
11927
31581
31588
25878
26819
28262
32893
8502
16962
17278
21858
5822
8761
17247
27418
6755
11667
20744
17161
21613
27292
15587
19130
23755
32873
4293
9283
14843
35079
4269
10341
31464
4223
27031
30439
45622
7070
21146
24069
29059
10404
13969
25828
14590
15897
22654
23947
9419
12351
16943
19925
11299
25797
27114
32763
7316
9550
11316
6718
12436
15804
7016
25688
5205
9835
29851
10466
22849
24805
13665
15038
15060
29603
4235
4244
17428
28106
5084
5157
29835
6886
8602
28533
31213
8964
9783
31584
12070
12176
17042
5474
20874
32045
4380
7443
14664
17618
9656
19182
24224
34294
8020
12440
12441
22778
5567
5569
24902
36409
18517
20974
5753
12421
16699
27765
13743
24285
26045
13128
13193
17518
27619
34710
6358
7016
8115
9963
17517
22695
4473
14588
19110
17376
19974
19985
22536
7342
9459
26961
31658
9461
11091
11158
12287
26872
28314
29374
4238
6740
18952
4237
11327
29812
16029
31586
4244
10369
12204
29829
34864
8805
11284
13622
19785
14966
28440
7251
10754
26946
5359
17175
19782
27241
6965
34100
4251
13737
16012
26204
4252
32305
32306
4361
29336
29641
31962
4273
25947
29711
32693
7204
27741
27742
4253
12446
17190
22644
4269
20549
11656
32304
35716
9454
13908
34891
7240
10469
12438
12462
4258
28478
7343
9467
26632
19154
22894
34855
26287
21192
26333
34891
7056
11967
31694
16377
19791
24892
26633
5612
7382
7394
9588
12521
21595
12405
15806
17539
15315
15889
16066
17483
6140
19143
29289
13940
16156
26033
27846
7595
9398
17006
15473
32010
12482
17791
32920
38205
23414
27697
29893
34962
8395
12283
32922
4285
9424
41229
15917
22831
29893
34981
5219
19850
21679
4280
9426
26882
5893
19157
24654
8812
25100
9425
20185
31263
4285
11088
7111
24760
32831
33913
5790
17083
32007
22871
26584
27961
11581
40529
7818
26426
26819
33251
6186
31700
8923
14132
25262
25879
7414
7523
17893
32950
6095
14659
22999
34944
7470
11425
17532
4296
4301
16656
7523
8423
32958
4350
14746
19222
24331
15913
17338
17539
27694
5162
6089
17563
24878
6521
19796
27751
30001
7259
7310
12356
13697
24279
25763
11526
8867
16336
28198
8030
20802
23370
24164
8867
11327
10869
25412
8423
32894
32950
32951
7309
12580
13979
27414
9787
17493
34710
4384
7014
30013
30014
16339
19162
19255
29807
6685
12575
24875
34876
24271
27624
27648
32558
6185
7332
15715
29258
24262
24955
12121
12123
22764
31311
5782
17350
24973
32706
4325
16977
27614
27653
5603
9536
15430
26704
6099
17731
26195
14973
19332
30228
9351
24310
24919
25216
14624
18966
24259
29249
10495
17860
18174
7064
12624
5205
27652
31424
10899
19136
23983
27733
5142
19406
5147
5508
31712
12354
15463
24945
5520
16490
19201
22668
4336
12128
21308
8881
8897
12631
26710
10653
15579
12415
16494
26344
10282
15919
17391
27525
11374
12123
16508
12700
32615
35044
6322
11447
20632
22852
22978
25992
32538
35025
9632
25097
4386
14038
27332
6195
11394
20939
22709
8756
17081
17134
13710
17118
25118
4352
4355
31684
31686
6099
6110
26446
8420
9639
22694
25022
14142
17654
12389
21588
29255
29271
8905
9660
30465
7299
19583
35049
19148
23599
31632
7149
15726
22960
26087
14769
31983
31985
31637
11820
12502
12691
9744
14750
30817
31780
14703
26899
30797
12522
31658
32752
6000
11153
12352
17446
39653
13652
14738
35008
35052
13458
26292
6479
27669
32828
7133
9971
17057
5975
5981
15665
25112
11149
13617
34530
19068
22980
26080
27969
8905
14461
17820
27984
7032
8030
22479
33161
6681
6990
21084
32652
11427
15940
25892
30697
7120
11636
15949
26652
14688
27986
34397
6079
16884
45619
14636
19719
22656
34877
4382
8374
11836
16949
12473
15524
27267
29825
16487
18096
22717
24138
6319
16070
26867
6338
22865
24143
8355
11864
4641
28404
14691
22993
33009
22178
24668
27891
35004
16941
27233
27237
7313
10912
6067
6195
26289
35037
12395
14751
26081
29018
6989
28316
32632
4395
25951
33130
10589
20923
27080
18356
18382
19176
26437
14698
19938
25095
38515
18518
25898
30452
6006
12613
12629
33824
4404
18518
43296
5281
9193
12539
22925
7464
11556
27877
34990
7772
12579
24656
29282
4431
9711
18748
35056
19102
19107
21712
10755
26770
34274
10589
44518
4406
19042
27536
37282
13972
21629
33786
18130
18147
19584
29967
8216
15188
16274
21551
4527
7592
28740
30146
15087
15108
15167
28057
4435
4438
14287
30274
7215
11382
23023
26833
4441
16551
16558
4576
23194
9278
16329
17885
25511
7690
21162
30156
33284
17795
25789
33985
35054
8789
9028
9072
14853
9695
17868
33216
4574
12659
14732
33016
21819
24399
29646
33934
7377
24645
25147
33244
7540
9753
24248
6203
12311
16372
20085
5858
7384
24904
32948
7254
22990
28454
33142
14761
19246
24343
33030
14761
16599
20081
29523
11457
13694
29387
29391
8644
17855
23185
29643
19059
26017
33963
7680
12311
24298
31696
9770
17877
20124
25094
8678
19249
21326
21329
4440
20552
43506
4438
4440
16310
18504
22047
22054
25527
16176
29723
16600
30049
32096
32768
10371
26309
12453
12539
27974
4451
4463
26265
26266
20031
20914
20991
4587
22725
27708
27987
13090
24144
26892
4451
4463
24478
26877
23150
30977
5245
25031
25055
33300
9234
10789
12454
34990
4492
8881
14184
14230
9780
20158
25243
28426
4715
7848
11170
15014
7643
7666
16702
9716
9756
23539
14879
14883
23298
33117
8991
11356
24402
30294
14932
33879
35187
12676
26095
30988
5500
7100
14751
22725
5386
29991
30932
31034
5217
8514
12689
17784
9577
29897
9489
10404
25828
27688
4804
6126
8611
32261
6997
17836
27902
5999
27842
27974
7159
22616
32862
16580
24998
29724
6004
9325
12516
26631
28276
32151
32183
27739
28328
32137
4475
9430
6831
8111
26138
30028
35077
4488
7029
9826
32135
4484
14178
32079
4540
12747
20827
28366
4484
36668
4637
12589
26713
26769
12486
18061
21780
4608
17723
32990
33969
29312
7669
25120
31055
32079
15469
18772
19310
27531
32146
32537
8796
12695
29846
32537
6118
15797
32806
4685
6206
12871
11372
19103
21733
5769
15719
22947
17772
20977
22960
30913
14925
21764
25384
28303
5766
7177
32803
17683
24921
24929
32802
4499
4500
34222
44148
11731
45052
9203
28935
35152
18864
24348
26253
34383
10824
14822
14831
28079
5229
5275
22923
7169
7174
13570
28167
17917
18051
21746
31533
31895
15045
16062
24351
28171
10922
15153
19258
25104
21500
25187
28221
34677
14764
23314
31806
39947
5110
5797
33880
18051
20661
22385
12496
17575
17683
19577
16277
21198
30105
9792
22419
26044
28893
25226
34432
34484
4521
10481
20766
14140
19389
20039
41257
17914
18126
24867
33238
24677
33136
15887
27874
35145
7335
18128
24903
20925
23872
30107
33204
16246
25752
37219
10523
17904
21148
22385
8801
21193
29224
11306
14414
18561
4535
19643
19645
36348
13694
18233
29985
35158
11436
20121
24378
31725
25984
34949
4567
19280
20138
32565
12722
23769
33270
6232
12887
14902
24638
26502
34050
17851
23886
31056
14918
23170
35164
11016
11022
45152
7883
26893
15061
20277
20736
14091
7866
8966
18246
23919
29290
29298
29303
30847
20798
20799
23370
34285
5887
6254
7435
9640
5507
7722
24964
33300
9948
12918
28115
12886
23286
7933
16673
18886
22170
7440
7811
32983
4552
15359
34797
7589
11043
4723
12757
18240
35224
17727
23777
23817
8319
13488
8532
10195
11016
11322
13488
15841
6381
6855
34406
12770
14190
28273
28435
26428
30387
23874
25150
30113
4570
26322
19375
19381
19794
14082
20986
23246
29290
6303
18758
30315
16444
23156
25985
14919
16633
31737
18636
20121
23024
14894
17853
20032
5819
9075
11210
17974
20854
4584
11073
35045
20354
23230
6175
26109
32578
9042
9147
5150
7982
23195
6787
23869
28313
18762
24903
8431
12916
28897
4593
29399
34358
35143
9829
14963
28413
17911
18773
26875
33895
20104
24385
33104
11075
11847
4738
5998
7181
11035
30653
30663
31506
22883
29854
18688
18745
18757
23312
6904
9064
13107
30175
6219
7048
30831
33889
11578
15069
26907
41009
12485
25300
29951
24989
25155
10922
21890
24989
34358
13120
20531
41767
12947
17977
23229
9122
21403
30708
12758
23439
35212
13113
23926
28412
6354
10965
12763
14815
14827
5145
9637
17823
39818
4609
4613
43803
11127
12953
14883
18839
5690
20278
24358
15057
28412
12260
14134
24461
34464
13650
19967
25982
4617
43565
20261
21810
29454
35206
15940
25896
27679
15043
20175
31807
33276
8326
43964
7909
25859
6843
7870
18224
23241
14988
15039
16676
25260
30885
7506
13067
33249
34507
13084
26369
31204
34439
13767
19700
32663
18631
35042
15052
25340
28020
34215
4625
16831
30859
7540
18014
18018
18034
15256
19224
11561
18472
28425
33232
5713
9907
14978
24448
11846
15241
20057
29686
21499
28131
31115
13437
22077
11071
18069
19335
30210
20354
30221
31965
35234
17994
24710
24713
14892
23065
30306
33081
12675
15939
19835
27394
9311
30254
6240
18143
19815
20048
12122
12812
26276
34496
4713
14151
14478
30255
7872
14996
20205
28249
4654
13344
44758
5097
5152
11646
15802
4941
10409
23724
33639
6430
15704
28271
8237
13344
22060
15561
21909
26900
26902
16877
18218
24588
7407
7955
23189
28277
9612
11816
12689
30554
9874
22192
31896
34447
9905
23341
25307
26230
18492
45668
5309
9921
22650
34670
4659
17543
27880
38901
7075
10822
12815
27453
8248
13170
18880
33700
26699
26709
4661
6644
23079
31612
31610
19205
29302
29945
4669
4687
19388
27980
13034
13074
24089
25305
7885
7894
15066
28344
7803
31951
42562
4669
4687
29211
38745
14055
14057
14144
19341
14835
11088
11592
18067
24461
21721
27511
27968
30666
10942
34388
35159
5032
9025
18161
18247
9310
12117
14892
19295
8718
10894
14536
14870
9961
21098
30281
32221
26135
26163
29006
4757
6375
14711
21543
9059
28099
29437
7017
12271
15305
29962
4703
14493
15368
15422
20132
20738
20820
28101
7501
17851
14494
18350
24449
11485
31233
31236
19360
26766
30188
7421
16589
6362
14243
15039
30814
13029
14131
16763
42531
14046
14887
20358
29413
26716
29212
40000
28085
31283
31302
33410
25253
33391
21054
28794
12919
20655
25281
4700
12455
23767
31116
4703
26561
27610
27654
12942
26070
31049
33266
15880
23364
26100
26103
12419
12517
43790
13423
28477
29550
32049
6391
14976
19344
15426
32614
4706
21735
26263
29257
16230
28329
30321
30327
12622
25832
38177
7483
7676
9709
23060
15119
22833
22837
33052
4793
7728
21171
25422
19339
20710
28370
32207
7522
7527
12335
16707
12812
13634
21436
6383
10940
18067
8355
11895
22085
14495
24456
29432
10559
10593
18459
20188
28040
29656
4734
4739
14256
35394
4732
14264
27515
31161
4729
11515
17836
27902
22602
26879
10944
13082
14177
18328
18750
23430
6302
16623
18058
6745
10545
11606
33252
9978
10907
12840
23169
11859
12102
27473
34363
14086
23151
23153
39260
17120
19979
27907
17990
23337
25358
11738
19495
21680
30699
12578
14275
5939
19269
20138
25162
14275
36709
5476
7860
20291
23587
13330
18475
41615
5811
6361
23236
11201
14067
25176
6645
14264
32562
14140
11658
17070
37211
4746
24652
26578
30180
4789
13309
13765
24063
4778
9379
18444
28463
10176
25389
28737
28987
6625
8742
45738
7931
8194
15276
30531
12834
12872
20493
30526
11647
11649
17021
22299
6503
6552
33844
33862
15209
18275
7860
7940
14840
20062
23014
25134
5295
9132
18386
34919
4775
13416
43705
4763
6540
19528
16368
25020
35087
10209
14319
18470
18791
9200
14292
19486
10977
21365
24537
5391
33145
33673
43677
12723
17479
22623
10891
16839
11660
13286
25404
8294
18011
27860
33324
5555
26311
5362
9775
23482
28470
8015
15607
18337
22944
23235
26223
30380
22627
25033
27687
29736
11753
18540
26139
30689
8015
15079
20317
33441
13416
15915
18352
26321
26341
6540
45166
13218
13290
34910
34924
4780
23675
25983
30857
10532
13284
28632
11230
18262
28455
33430
8153
20444
29465
12351
22634
27617
32684
28130
32247
32436
7817
13001
25375
33454
6398
19413
20706
9409
10504
14574
19718
13802
20286
26450
31267
10183
19437
21026
31984
4795
16525
38969
5965
10037
16734
4791
10086
15310
20323
10533
14207
14224
26885
7769
20682
25322
25305
31018
7286
32224
5485
7610
20830
27450
18369
18372
23525
23547
8103
10203
10392
24489
34786
5511
9515
12731
27365
5809
8792
14143
28046
8014
23588
28338
26342
29945
33582
4805
27617
5972
9474
9489
9187
9668
13445
13449
6375
30052
30913
9810
9956
25934
27325
9957
11080
15159
29527
5543
10627
14797
17884
4813
24477
34435
16208
29538
30441
30596
5427
24420
26877
9197
15613
21612
32560
12931
20817
20836
21029
25400
26349
6693
11034
13360
21031
18404
18475
31875
10215
15297
18482
34815
13341
18281
21213
21368
20390
21425
23025
15248
21463
21481
13413
16349
24755
30443
4838
19175
33004
4832
10191
14320
21634
15794
16797
17888
24536
8655
19438
20424
23595
4831
19957
29987
32874
17948
17949
24953
30350
6411
6473
30908
42646
4838
24836
32880
8012
14471
15195
11487
31231
31728
16349
16672
18615
25488
11225
24501
25446
33615
11686
21366
23476
25437
14253
16797
30917
24263
33006
20532
21818
23418
33189
10580
6423
23825
30914
33423
6559
23645
26306
33681
8106
16286
20396
23463
19426
21391
25453
26886
26248
39057
8129
28554
30341
34503
15125
15655
18078
22574
6998
13182
19457
20316
7071
10530
10576
27002
15136
25988
33372
13216
23561
41316
4888
9766
14840
11686
23686
28651
34526
5274
7320
25816
32841
13506
16826
21342
30413
9151
10112
17849
17985
18949
19453
40889
19506
27052
28697
24587
44426
4861
15485
19975
26519
5510
25185
29787
4981
10560
21791
25235
6608
4867
6260
31836
13541
20387
25206
33629
10493
13216
23561
33560
14943
20112
31728
7960
8157
9188
28735
5496
6510
33586
9208
18357
33430
7600
14711
31619
15306
21726
31030
33580
7920
17462
19818
4883
4884
11971
22682
23126
32660
35130
6293
19576
32850
11434
23773
26393
31231
4896
6293
19836
26464
5615
26647
26808
26854
5671
11372
16296
15801
23838
27262
30405
15253
18400
33515
33872
21664
16462
10807
12708
21823
29662
5671
12049
16299
17740
15874
18394
18447
22039
6375
20063
33054
13848
25806
18607
22179
34191
15306
21726
10073
15226
25268
34556
9397
18274
23462
4943
23183
16644
29352
31922
38305
6312
32806
15297
20416
30541
9183
21272
33448
34599
6514
10116
11693
4911
11894
23041
28579
13151
13440
19095
19380
8405
16208
30596
13950
22834
27776
30902
15240
15249
28656
30448
18574
18794
30525
17293
23004
33905
30649
32966
33661
34976
17525
23909
33719
45435
30670
34777
34873
15150
22612
27249
5920
33653
45799
11779
22112
28930
45262
5381
7084
23694
24540
5140
21581
30993
45397
8182
18783
26117
4917
14745
15519
19986
15572
24330
27838
11715
24563
33508
4936
36937
13406
16858
20923
9362
19432
24499
19525
28457
29507
29584
4991
12552
14644
10601
19683
32193
33505
4943
7525
20914
33207
19384
21387
31377
9150
14238
30569
33064
21657
29219
16287
24986
32179
39040
4934
4936
10924
21654
19507
25532
25601
33628
5377
8233
10780
33705
12137
21168
33418
21651
14318
24894
25397
28485
5900
36415
18919
25538
32167
32171
9202
20492
22206
13379
15089
30502
8079
12882
23637
26997
25206
26072
33629
4946
26258
42141
21078
25370
14292
21506
24601
29545
8451
9659
28692
4957
15507
41475
15126
20299
24493
28505
10022
22197
7460
12301
17633
26520
4954
8834
17453
24259
13226
30524
35003
4955
14118
16069
9040
29840
29851
17447
27978
29319
4957
11668
19036
42624
5847
16789
17667
19673
28655
7727
24154
25239
32473
5494
8157
23462
31296
12541
24324
35002
9997
23593
4968
4995
5732
17489
18514
18739
25454
9375
20389
23680
23686
13259
15229
22970
30552
8018
9151
20013
4982
27142
4988
8861
16197
19126
9498
14749
32179
38395
9146
18593
25585
34079
10105
16270
30951
6751
6773
10773
7858
11338
15208
30517
15722
19240
24986
32178
18468
34101
34124
9605
18778
22997
17609
34651
34660
28745
33586
34232
34568
20532
23572
25503
43944
10410
30559
34834
16130
17399
17489
4994
4995
43190
12805
14239
23734
25502
9201
21814
23701
34780
8282
19529
19531
20800
26008
33239
4991
5237
16475
4991
8834
16197
17453
15060
19535
27144
32311
34951
11416
29615
33832
33838
14328
16090
5816
27142
45418
5626
10511
12800
32917
5007
17753
21739
15743
23788
32469
35043
16385
17411
14342
20972
23791
5069
10350
14999
34209
7081
7232
25717
27526
6564
17610
32136
45095
11838
12368
22255
32393
13831
34240
10393
23989
30586
5252
5655
17752
9000
10586
26097
5877
8581
10315
32344
8634
29617
31143
5026
6658
11845
12507
11832
13166
23775
33831
21874
29357
29783
31234
16083
24608
11066
14329
21895
26303
17909
32312
32314
18631
23975
29718
32168
8316
13493
22015
22030
10667
27110
31009
33902
8184
15339
20578
10599
18629
23764
43519
15246
28340
32168
34041
12089
18854
45069
8699
13361
24163
29199
6417
10380
16150
29282
5521
23703
39272
22433
28857
32296
5166
30376
8379
14380
31409
32149
9456
17240
31933
32288
5160
8750
20730
23411
30265
32025
7622
9070
23409
33742
5039
8496
11987
5040
5384
15692
45502
22589
25901
27492
17087
19088
34251
5467
23941
23976
6933
21186
26153
5111
8247
23554
10283
10347
15856
32075
23285
23300
6156
12036
17757
24327
13853
23961
30588
31319
5064
7570
26734
17149
26492
27324
14466
16686
25649
34804
22252
22284
29771
30631
21868
29673
29793
31485
11362
17253
17258
22186
8624
12255
12366
33287
12505
20629
20653
19717
19783
24207
24889
11734
22393
23155
30182
6669
8376
11538
29784
10253
11833
19619
8373
10098
28621
34808
9490
22874
22914
5632
10263
21343
32631
32688
34831
15723
28840
29778
10139
10151
18675
33972
5127
22914
38792
6631
20878
26985
17280
30051
5075
9277
14287
16459
6029
17217
25777
32447
20617
10723
21149
32303
32513
20933
29905
33978
6656
8550
10283
20566
23775
31216
8185
8378
23807
23811
5104
42957
5880
26171
31185
5274
7320
17688
10289
27166
28833
8589
19819
24185
34118
14481
21635
19033
24097
5089
15832
30734
31670
17374
19717
27953
31086
5108
17563
5462
9031
22566
19793
29843
34888
34898
14577
17457
34229
7253
12394
19189
5092
10425
36924
15918
22575
32777
5093
15817
15832
21635
5097
11044
15802
11098
14281
19499
26400
5097
11646
23695
30532
33699
34105
5467
11193
32248
7696
24007
25855
5110
5560
15257
7966
18818
22181
22987
6996
27022
8117
26089
30925
9277
19651
7257
17481
32539
8003
18583
20382
34618
5110
5797
14110
19278
5826
5828
27294
5252
19196
22926
5384
8460
24540
5132
9170
16589
39233
5313
12711
33715
5307
21006
28819
33822
5662
6714
7320
25831
11861
15958
17267
17286
5405
12606
15938
25956
5129
8888
12631
23854
10361
26011
30962
7850
19579
26721
29870
22296
25965
27522
31626
6417
26495
34254
36763
7907
16509
18713
27004
5333
6266
9657
24653
33913
35065
9724
15292
32892
7573
5981
9639
15665
18746
31364
32940
6246
9736
19977
35047
6385
30792
31153
40997
26651
26776
28070
7567
10944
22344
31912
7896
21929
23881
33403
6708
6797
15829
21914
7131
17478
27683
32879
7779
18424
20187
29339
21389
23541
23542
5142
5647
19406
24686
11787
18780
25706
5743
18503
28779
29779
21203
5550
12437
27720
5147
10896
26679
32057
38709
11748
22397
25570
27067
5180
6188
21210
34326
34352
13940
16019
26462
34931
23158
23194
33300
8047
11300
16477
26612
21262
22329
10226
15211
31992
40933
7882
20321
20360
33369
9125
11662
21258
41266
10730
15748
30919
15807
27251
32728
5161
24130
32306
11863
17017
24176
19077
24644
31820
12423
24128
35402
6238
7190
12318
44631
15775
32381
7519
8089
17686
21620
13326
29201
6017
8382
10458
22031
16496
22284
22285
29771
14560
16566
5179
20174
27004
12651
29101
32223
5175
5186
25792
5269
7378
7461
9690
9555
22876
32805
34970
5193
9331
31156
6188
12123
26679
29017
12072
20897
20617
22415
28900
6121
14627
19916
10896
16489
5431
10035
27657
27897
16123
16196
26316
26579
11331
15359
5186
5533
36587
17189
19082
26200
29096
37357
26365
34086
34108
14677
15604
33583
34617
5227
5889
7839
10689
12239
32575
34107
5201
24181
27722
31094
5455
29561
6900
12072
7695
14876
21500
28140
5533
12086
15604
22830
27844
34987
26182
30763
31174
36208
13112
17335
24121
5894
17716
22799
31715
5546
7200
32613
34006
19787
29072
9686
15749
20991
7252
16477
27602
32753
17050
32387
35483
9665
15680
5207
22137
45548
6614
14344
24832
5210
5710
44793
7621
11301
24850
35602
26300
26343
43542
5214
7220
8907
25953
19717
28282
31086
32540
5273
13743
22902
27837
6319
16061
17699
5231
8308
12237
45068
14605
14740
17503
32727
26046
26050
5357
7521
12401
14846
9541
11324
24235
22630
28887
31003
34776
7210
7310
29904
19791
28228
30717
31630
14629
15813
24954
35172
7202
24562
25797
32763
5778
15579
39737
7173
12385
14385
26664
7382
22908
15742
18659
21962
30949
27380
27964
32685
6092
20937
31730
34048
16950
28828
25799
29903
30753
16194
18538
19860
29936
11785
21562
5246
15578
25997
26047
5237
12189
14641
15296
15409
15427
7398
21732
27918
32888
11963
22545
22546
6013
6027
7370
18897
20975
27304
27306
32657
8785
19128
24279
25763
12738
17865
19998
14792
16600
30038
30085
12825
34422
26038
28375
36406
7230
15405
23125
35126
20073
22171
25049
26009
21477
23223
25318
9068
12773
17929
31237
6915
7900
17965
30731
17814
5265
26292
9294
17737
27904
30656
5795
16670
21892
20164
28909
33047
34709
5261
5264
45138
27962
32033
32996
19339
32207
33611
5402
20134
29023
34019
5262
14326
14305
26290
10771
13694
18253
22084
45715
22084
27062
5268
5304
7112
31867
10097
13691
34849
5286
31865
27964
34856
8785
12608
25755
27361
5974
16023
24225
5278
7475
12430
16477
17678
19321
19865
12555
32868
12514
21748
13024
16710
24254
28378
14580
20652
23876
24451
5282
27149
31600
16683
16816
25419
35225
15614
23867
30447
32005
16551
21738
30667
7586
19808
27280
8057
11292
34875
18378
33548
10014
23225
28558
5299
31864
7800
10549
23435
30050
7818
15046
25314
33251
7630
7912
28442
8125
18197
23529
14962
23224
29023
33742
5360
7968
8710
30573
30675
30793
31950
34649
11338
20334
26898
33471
23556
25249
28571
6304
16074
19612
12397
17186
5496
8187
10426
5304
11507
20587
24503
7159
14590
32257
33008
34426
6524
16844
18353
30543
21411
28849
31913
20933
24142
28821
33978
10296
28994
28996
10916
13431
28747
30972
7130
14574
24956
11026
22649
25575
33758
13062
13129
28610
10071
12965
25597
25995
13414
31107
8273
18572
18880
34216
6210
26245
17031
6009
17063
28963
35036
11882
13511
21972
25647
31693
31808
5865
9343
11050
18081
11115
11130
11766
33952
5323
5325
24406
5336
38401
5326
5342
12462
27266
14079
14965
26245
7242
28245
11597
15839
18868
28922
12442
19790
27711
34911
10499
16122
22051
20862
24648
34018
18656
23991
31309
14848
17655
23124
11864
22085
13493
20948
15952
30881
31409
45357
40109
10460
12988
15910
29165
17204
17259
19771
24161
12096
14719
19064
8724
23941
23993
32259
8024
23349
32347
33454
17591
32759
7697
7854
19340
25416
5350
5369
12440
12623
21040
22917
27149
32747
16449
20748
23180
5385
7624
12422
26263
10294
10297
25464
27933
5364
22572
22778
15237
19395
20024
32896
8161
16159
28609
29340
6299
9282
10702
7270
7692
7701
7866
24173
26896
33252
7501
17937
20136
9912
12804
23070
9781
18045
24885
24890
7242
17690
27266
7555
15132
7530
10201
10515
23481
9995
10201
12960
8046
13623
22176
23271
5369
27602
5713
5812
9903
31352
9901
9916
23360
8711
10328
17964
24044
5527
12960
20349
24564
14615
27757
8812
8840
19081
10319
10722
27252
32626
7551
8394
9649
6974
17288
7692
7701
37994
7476
12094
14269
33853
15709
22093
23887
8545
21216
9185
11095
15979
18912
13548
14277
14378
10733
23667
33669
45085
10760
13391
21079
6480
10169
10171
22397
11404
14016
29325
32012
13255
25830
39490
19059
32982
6170
11076
32619
11371
14277
27317
29307
8058
9497
19188
35727
6995
17397
24012
34410
15270
44995
5394
7426
11448
19211
5398
17692
25368
32375
22874
39136
5748
18575
23499
30525
15715
22865
32849
32854
14629
14667
19862
29920
5645
21646
21672
17692
25479
26921
32556
5415
19108
24309
17387
22549
25785
11474
29022
34017
12111
17370
18691
27528
5414
5730
19897
27824
6094
9253
9480
9543
9560
8855
9522
16137
32878
19234
24674
25002
35038
16157
17275
27546
36550
19661
27972
33008
7587
14696
24242
25014
7089
18487
26701
7512
14922
20259
28149
5686
5720
16422
5904
11015
12128
6457
6461
7406
31047
5425
22533
7207
17686
27251
27609
10629
15715
15718
5863
5864
7575
9538
21597
23566
27792
29891
15389
27321
29599
34807
5425
10671
35746
5426
5433
5834
7036
6673
8695
11541
28082
6145
11556
27975
34990
5433
20960
27802
10671
28109
27608
27872
5436
32148
44876
5639
10503
13336
30855
34919
6717
10650
32139
6717
44462
13291
13335
15584
18449
6841
9842
25756
13027
14200
20787
9720
33132
33199
13684
18244
20862
23888
5714
11601
13797
14421
6793
9926
10821
31099
8563
23353
10910
11978
27164
5595
17267
22417
32290
12903
19775
22288
32427
6644
20753
5461
12498
22832
32820
7103
21709
26168
34994
11994
12300
21934
31325
16428
22461
31326
34024
8320
18663
31071
33854
11930
16981
20662
45083
22535
9065
9841
10941
20234
19595
23121
24083
14058
14065
14917
30159
5471
27300
5463
27499
7026
20762
9393
12446
22651
20453
31858
12868
17996
24661
33015
6879
8372
18695
10863
25793
28708
16906
20590
5470
5471
40692
14884
29130
34691
34731
30924
42082
17790
17823
31735
39201
5474
11698
20874
27036
13562
44339
9549
24971
26686
8049
10292
30572
5530
8927
35018
21870
23826
27496
30024
34012
17278
18678
29901
10615
22296
34123
34752
8306
13507
15867
6763
18445
25423
30963
23359
30006
30242
30256
7615
15033
33516
17913
21802
25158
11580
14947
15443
17912
5699
15511
26488
7739
20990
23030
23931
12729
19914
23607
5502
9085
25424
10422
10427
21428
28616
21091
6535
10185
21718
8980
10387
26356
35015
24752
34568
6443
6479
7095
27667
12585
24128
6152
7223
24922
29256
12395
17528
29014
8218
9363
35035
35052
40508
19828
26629
26634
30719
7684
12893
20813
26805
5523
7750
20780
14910
18903
30155
25043
25055
33265
5523
16489
27012
12861
20443
24528
15589
35034
22552
32534
32661
7140
17604
32750
7261
12618
23011
33004
11450
13567
20786
27814
5520
27003
27012
5696
5967
22697
35125
8980
17195
22178
25001
8514
17835
30554
31054
5807
17688
32868
34869
7750
9599
6258
11845
7190
22749
27861
12431
17175
17673
22743
5529
17884
18942
34528
8402
23480
23602
29861
10034
23520
10960
41549
9840
17872
30467
26416
10723
14860
34731
5539
5547
41125
11667
7097
8231
11047
21502
15621
25044
29392
33280
23057
25009
15403
23034
30053
35024
16591
16592
26508
33086
8486
18942
6389
9451
9729
27605
24153
28124
19809
21393
25276
30205
22005
26999
7345
17480
17690
19782
6696
15879
17836
26115
6989
24779
10960
40633
7446
24265
35057
22330
26062
32595
8007
17370
9853
11076
32633
5555
5557
31074
31722
6723
15486
29829
34275
11462
30802
31887
35111
5559
30870
16483
19589
28207
5559
19394
41385
15292
16569
29707
35123
5565
15204
26447
5567
5852
7318
32368
7286
19919
27881
8482
14687
24716
29680
6447
16150
36297
31867
5596
15625
31768
34106
32846
37735
10155
23292
23313
25398
8877
29906
36053
6662
8051
10492
24071
27882
8686
11958
18943
6673
7042
20016
12794
17334
29781
30307
6784
15965
22406
28764
12241
13779
21172
27506
6044
11021
31563
34198
11021
36456
15574
22600
27551
5603
17809
22908
10425
31670
36925
8612
8658
28517
31160
7390
8386
19922
5611
19560
30626
6034
8606
8653
8200
11120
26644
8519
11765
20666
29504
8342
18626
31492
11823
15533
17060
20695
9542
9556
28486
29931
11861
32290
15971
25792
32517
35482
6964
7312
24902
29906
7103
7390
32886
6859
29170
32446
23177
33193
38115
6330
15594
28574
10280
17031
10480
27445
17419
17422
35026
6977
11358
11387
28410
12654
13782
24038
24185
7839
30320
6106
22862
26647
7059
12030
24803
24819
12056
30895
30901
32399
10398
21161
31587
5662
25688
25847
7839
30904
9261
17104
33371
7076
7361
25819
5615
26854
29868
32818
19619
20558
29593
34711
8507
6736
18952
31160
6731
9552
19877
5652
26845
40192
8282
15874
19496
16085
25476
28651
30462
13197
16058
24571
33321
11403
11491
19557
22287
11461
16292
44848
15404
29473
30436
31111
11430
11829
14956
14347
27157
44553
5636
6318
9300
23916
6845
11058
12171
27686
12057
31873
34027
36909
8304
12332
12371
17090
13895
30042
34207
9250
9274
16965
25819
29003
11984
13726
24078
31480
6046
9291
17149
30241
7576
7796
7315
12400
19893
32777
7153
13965
34263
35190
5649
5831
31553
13930
14388
19541
27845
16024
23347
27648
29152
11272
16020
32741
37793
26455
32927
33194
7168
12565
24685
25875
19189
29837
34298
16021
21624
29240
15490
19513
24687
16413
16863
22652
5653
9520
19910
16030
29271
31384
12444
19635
29812
32558
6318
38429
15858
26127
5709
25157
31706
24981
33583
7464
15610
21809
6909
7790
27717
32781
5950
8596
8805
11369
24686
26237
34928
13947
13949
23488
31672
14483
21705
29314
7187
25816
30245
31289
9599
19046
19200
22668
21347
21394
30317
6727
8900
8922
19227
31771
34672
5669
17783
22972
27789
5672
11503
23016
21456
31218
21603
32007
14847
17770
6085
17813
33860
34313
30844
11099
23908
32086
45108
21258
23594
34542
42636
17116
39645
7687
8952
26759
40064
12743
15484
15491
31219
11131
18257
27684
16284
19933
24742
34351
16368
22673
23068
12646
12754
30090
31124
12203
12216
12221
13022
8797
8835
8870
24249
7201
22663
26905
8659
17510
27316
27945
14120
14888
25629
34485
16575
18003
23042
39442
20755
21374
29455
7201
7795
17704
32788
14253
16779
34559
6442
11443
21464
21465
21466
25354
5697
7144
8611
12743
7127
12694
21472
10813
12699
15484
5719
6395
12520
34999
6382
9055
9016
15022
19355
20211
10987
11014
18387
24436
14219
21387
6308
26563
26584
32845
16708
33815
7790
12475
32781
6848
6867
26989
40414
20348
20910
23583
5722
9411
16073
24499
6046
17438
44468
6414
31255
33566
11630
18297
18350
13027
21011
28393
9889
20292
23401
26951
5776
12388
32773
32843
11509
19291
19511
24458
5721
10036
16727
30222
7152
12285
24866
26509
32386
16747
19615
41681
14219
26940
23163
24052
24055
28218
8021
19487
20384
33615
13013
17171
18110
10161
13000
24575
5735
5738
8130
16787
18452
33607
20861
32062
10800
17672
27835
15533
17076
17401
31351
14347
17076
17611
5745
19871
29904
32850
5739
16630
15630
32744
15937
24931
26576
15269
15941
20478
23511
5740
39285
5740
12952
40124
39110
5742
21973
11586
15871
6818
26644
15651
25968
32854
12692
23973
32229
33771
11586
42890
20465
20506
33567
10265
11809
33689
12541
27829
35002
8958
23904
28905
29628
20767
22821
26591
12467
15717
26596
6520
16244
19503
30415
18157
41173
13593
18783
18930
33017
33094
21629
27546
29371
33786
6734
8398
19879
8398
17488
17583
34938
5773
6118
12496
10992
16120
17489
16944
16965
21343
9746
20939
22924
32686
5770
5773
6118
15719
5773
22947
11790
33924
34735
7271
7350
27819
10629
12523
22877
19876
29320
11355
19139
22763
28628
9529
12568
28870
12302
7348
22769
32781
32883
6777
7223
24922
34980
6679
19116
32879
5778
7439
26317
26739
38508
8441
14935
21750
21873
5797
16060
23006
5784
15537
35062
7171
16017
34956
12996
15121
24592
33892
29359
39244
6940
21526
34740
17335
18972
27586
17042
19093
29032
9543
21124
27850
33010
12119
24051
26648
32395
11370
31726
39033
5825
7759
23154
8980
17630
19806
27858
32843
7533
12094
23020
25100
21243
25227
31863
8504
15433
26690
34801
21236
16689
31343
34704
7014
18485
21123
26112
8349
16402
24816
28856
13986
17272
31790
31886
11890
13696
31796
34182
21305
34173
5814
25849
25850
7813
14164
20217
25324
28129
5815
34801
11257
15706
31950
34186
11534
25876
30291
14143
20206
20822
26819
14407
20697
9882
11582
14301
5820
25849
39258
7408
16640
22880
34781
34848
16120
16130
9930
21124
22883
27612
7975
18876
20491
9169
16573
26322
5825
38803
8715
28065
28120
33177
30359
5828
7348
12425
27163
13893
16001
29025
31429
23153
39012
17680
22779
29835
17642
17645
22810
27665
9569
12562
24861
15541
25472
26484
5834
16500
26127
14059
21806
24453
12475
15524
22819
27827
9527
13920
17599
17696
24288
8031
10170
10402
28331
8114
16780
23489
33599
14731
16499
26682
13677
25739
29684
14312
19469
32543
34580
11693
16098
10602
23527
32568
34957
21268
21271
26304
8064
10099
28629
11221
23087
29562
6020
6321
33034
14117
15507
9938
12764
31056
33241
9970
13103
18192
14079
24406
34418
38272
7319
24862
8877
29908
16023
16333
24287
29661
8816
12567
19182
19065
26191
30844
19601
24290
7319
8854
14129
19601
19247
20782
30671
15747
23656
28650
30694
5867
18341
29924
20714
30175
17184
19540
22360
30600
26680
26682
29881
5866
26680
15369
20581
5883
7427
20803
14724
30013
33009
10507
15545
17827
32983
14395
22178
24306
28783
10901
31284
12409
12536
22871
8735
9167
14376
29202
9239
11295
22042
13540
17329
25666
33414
11262
11886
33598
25678
27124
6611
12053
13512
8185
8403
13517
11905
11932
11990
14498
24170
34189
9613
30448
32003
34205
22281
22351
32300
26681
5921
34064
36822
12319
17950
23979
6992
8715
33177
29984
30674
32989
5919
34064
34077
6154
9561
22146
5996
8584
12704
14023
19085
29288
39609
14022
14285
24466
34337
5946
12533
19881
22156
14464
16502
19173
19219
7205
21600
27865
29273
14393
25000
13928
14746
24530
33003
21406
21654
29219
5921
5952
11264
6098
6964
8466
12359
19015
21458
9351
12103
25209
8927
17630
19113
26412
31331
10486
11533
12610
22907
11156
13969
15483
34812
10258
15610
27877
30670
9500
11339
13659
29218
16029
29224
23276
32898
7189
27543
16140
24649
30961
17074
24610
24623
29602
21278
24611
34624
7014
22993
34726
11464
14066
14879
20157
5964
10839
21563
28579
5954
36676
5957
19995
23205
31527
5924
23487
27573
6241
15750
9360
19662
25088
34751
7246
17699
24324
27920
7507
17371
24562
30775
24892
24950
30722
35818
27754
13914
24891
24897
29830
5981
7266
15672
31786
5935
24647
29613
44574
10262
11824
13859
20318
21034
27158
9367
14222
21362
21987
5967
24998
25112
35125
7869
14152
24456
28407
19362
23102
33051
8964
12995
34368
8773
34452
19175
24861
32605
34284
14642
22739
29044
5955
5948
19326
29254
8809
14744
23840
6984
22559
34022
34078
14640
14642
26045
12199
12374
16418
8597
16643
7837
12135
25602
31360
6058
14403
9760
14923
35196
16011
33463
7269
15682
15694
24490
15087
15133
6432
7827
17363
6366
7308
16201
24246
7928
14980
17891
21520
6015
22066
27096
27097
6015
17066
10881
12250
34077
8264
24063
9990
24547
25358
33290
12638
27783
9101
10387
26356
7917
13322
20517
6386
18071
27206
19585
22458
22679
12351
22696
27688
11326
13973
16370
17492
8798
14026
14093
7266
15305
29962
7144
17075
24663
35029
9407
22688
34782
13967
13968
13969
34816
7107
7262
12356
17583
11242
19430
27783
20291
23587
26335
31253
10160
26531
28682
5994
22906
22926
30667
12452
22498
23582
34495
25970
27601
31545
34785
17946
21527
16990
19725
24627
34046
20727
26547
31474
22066
5994
6003
12417
19196
18938
26175
32176
32476
12753
22312
32367
6004
12516
7102
27829
7099
9396
16646
12508
22554
24886
27593
9799
10926
6003
12600
27976
8471
8642
22637
8261
8263
8864
12343
14361
16138
16969
33443
6004
32934
9193
8252
11754
33650
44488
6010
7471
19982
9446
12116
18701
28895
12680
14342
16917
25620
8298
17751
21941
28866
32908
12112
17400
24896
10289
30939
27905
34291
34859
6865
12451
27160
44481
10720
17264
29763
32235
31827
33816
8520
12599
16100
15855
18275
23038
21653
24226
28157
6039
36692
8378
9273
11336
31713
6822
8359
10261
29784
9452
13499
29775
6041
24226
36430
12675
34859
20809
25638
33720
28814
28902
32444
10906
13974
28227
8053
25436
26673
13911
29223
35520
7002
17689
22659
34885
6678
20706
26991
19867
20288
20860
19121
22090
36102
7204
27543
32757
6041
9481
19151
29885
29887
31201
37732
23674
26496
27633
32876
8697
7060
11055
27948
6060
22324
27948
34198
26346
44427
19779
30118
34085
6337
12557
30710
12278
24721
34785
10873
15983
20669
20692
31141
36426
6062
6401
26981
10544
23491
34540
32475
32491
35867
7038
12218
21150
22535
23257
27540
28180
22706
24921
26544
27921
10839
13736
14336
8538
11893
29202
29790
24629
27785
37195
6066
6492
10953
40472
13168
21415
7452
7461
32912
6304
16074
6066
42365
7461
9690
35007
6072
8395
16513
22798
22329
32013
9040
27629
32620
7957
24130
27562
27611
7462
11393
32924
8610
12192
16335
27109
10880
22316
24042
9542
18627
21132
13734
18991
28371
10613
15437
11303
22469
25802
25964
30603
30607
45181
8387
26524
27840
32709
8720
24123
27515
27516
6532
21395
8819
24234
29242
6732
9585
16213
34923
13993
17897
29287
12441
31591
36020
8815
26661
28712
29888
7243
10470
12461
30784
7155
27149
27280
12403
30784
33375
37678
9459
16484
26505
6314
23846
26269
7135
9476
17137
29753
17623
21059
7862
15205
28865
6105
10940
26264
31911
16199
17571
19123
8262
14639
32834
6107
27896
8790
31611
34868
36874
14029
16840
22604
24315
11345
12515
15844
27797
12175
19270
24277
34298
6223
7026
9418
14157
42762
7284
26774
36289
26444
27843
34987
22380
26222
29242
6110
26446
26453
34333
32931
11330
12493
15890
19336
16026
17535
19218
24263
9578
12495
26596
27208
15113
20749
7185
7735
19166
19818
8066
11314
11364
16033
18713
31710
17597
13705
17674
28825
34662
21334
42735
9594
15005
17774
12876
33174
19456
21775
29252
32740
6128
18012
24972
8242
19668
27054
6133
14798
18014
6134
30725
7172
19846
29874
18975
27985
29327
38474
6155
6159
23306
24972
6134
11575
21334
41310
7538
7668
33301
40768
14017
14018
19050
6925
8886
9587
11385
11207
34421
6324
13991
32245
6151
30537
19040
31316
33458
13949
26207
29237
9537
12494
13943
19202
12478
32114
6270
18401
23092
12601
22926
6161
12885
25107
22711
22904
29270
39210
10258
10789
27877
32903
24295
19200
20780
27010
31642
15853
25619
12450
15783
24946
27870
29016
30907
12978
14422
18034
13550
32011
8887
12082
31520
17730
17733
18729
27910
12788
33173
12597
22761
32903
18002
25077
10918
19149
26412
12728
23178
26005
29011
19451
23626
29247
6768
31074
42554
14779
18737
31408
32946
11663
20267
6182
25074
32960
8808
12284
14666
18486
24927
31085
32632
6182
31166
31701
31763
19439
25135
30086
31166
9614
13987
15926
18351
11118
13935
31442
34320
25099
27596
32671
6179
10081
25369
19953
30070
6194
14725
25011
18460
20848
22723
16494
16555
19132
34921
17626
19178
33014
19439
35061
12539
12605
17821
27971
8478
10478
21144
28541
11593
14484
20747
6204
6257
38057
7480
22986
23104
25761
9544
16033
14779
25119
31166
31798
7468
12482
17825
32906
15399
18665
28223
30086
6196
6217
27604
31066
14023
17722
19100
40141
14697
26719
26722
7378
9690
14849
22961
28978
26232
32995
35037
9368
12686
13925
32028
6307
7049
27833
20797
30916
31132
11897
7598
26781
29494
9712
14800
34943
9057
10388
10923
12870
19992
6214
6257
27893
31727
9819
20775
25343
30958
33184
14079
31702
40098
6468
12719
21072
26070
15624
21830
39083
18026
20022
23251
25047
21703
30794
31700
9977
18233
20136
20752
19602
19990
26815
30017
19587
27946
22168
23192
29013
29338
12931
16647
6223
11312
27792
19449
26678
35138
10552
23068
35084
11344
9391
9866
10141
7307
16593
25157
16589
19429
38334
7063
14515
15893
11505
12502
30804
35110
9555
32818
11820
31340
32980
20075
22159
25050
28200
7793
11482
25064
6235
6245
6335
16051
31838
6237
18879
6516
6538
25177
27995
6247
11103
27280
32745
6240
20060
26769
13651
32980
28109
9702
18853
25275
34707
6321
21425
22691
29902
22196
25002
25004
6247
45530
17797
32553
32977
43374
7301
8510
25992
32790
6250
31281
31285
16181
24568
9722
20068
25120
29574
45306
11351
23317
26816
31801
15557
30008
30012
8886
9587
26728
14688
26289
31729
38174
23015
12838
20338
28190
34697
20112
26248
6365
6378
28437
7247
10907
23169
38956
7227
16163
24374
40086
8168
23875
26858
6270
10661
23092
32982
20996
30936
16495
25606
25999
30902
6282
27070
6276
19488
27070
6271
6272
17793
25642
32981
12666
19952
27986
6275
14691
30967
33009
14168
18019
23282
30154
25881
29984
29999
23908
24568
19295
25202
30133
33081
6302
8533
34968
14929
33236
17395
24881
27724
32700
7904
14881
23150
33267
9174
19490
29560
12997
14784
14809
34403
7005
30016
31753
6291
23219
31726
39687
9039
20224
9803
24616
31834
12759
19315
33882
9066
21377
24439
10846
18238
26772
29447
14249
14254
21569
11468
11470
12783
12839
15753
26854
6315
31211
31688
21768
26828
7088
9650
9681
21837
21880
8902
11379
12357
32901
7285
15830
18761
20094
24673
28309
13991
7609
8940
9019
29377
7803
19618
12766
12898
34948
11530
18146
26862
7840
12498
26808
17487
26861
12500
17618
21661
15114
23871
26856
33892
14958
15204
21411
31867
7259
17498
29069
19267
21235
21411
30183
6316
15927
27381
6317
9584
8395
22798
32901
6325
11380
7443
17573
24243
27845
29890
33579
8896
30654
30805
16825
21985
33408
26412
31688
13991
18135
19328
42234
7585
34364
6947
9006
11040
13099
14187
14742
6344
6338
11328
20362
23443
24471
25692
11207
23436
31901
10164
11894
11900
21530
19279
11526
17841
30823
7445
35037
17605
11552
13086
31283
41602
19650
30201
30203
6349
11328
35842
15010
25412
28240
7614
8036
22765
25076
6349
7847
28574
19328
20577
31871
42236
18645
19374
25756
15705
24055
24267
24300
9578
18702
24937
26549
36234
7445
11394
20937
35037
6904
28409
28427
12409
12536
12541
27690
14081
14831
23319
27680
11003
14966
14397
14424
35246
22248
22500
31036
33530
9845
16852
20932
28413
32703
32724
32863
38351
7298
12894
14407
16676
42248
19352
25260
27210
26923
41882
16745
20643
28098
41891
14767
20429
25224
16076
19905
34926
11590
23249
26976
6705
11572
14699
24416
24697
33869
6375
25020
26121
28991
17117
18892
23243
25303
8936
11574
11590
14992
20687
34706
35212
18391
22264
29403
29438
9854
18196
18681
18914
10827
17932
24415
34481
9076
31920
12773
42620
6390
11380
38810
6904
6938
18237
7569
19369
7567
14151
20643
26914
35063
42108
30675
35106
42113
9899
14424
14847
14849
17768
28991
19012
19015
24286
34952
6393
6408
33492
9300
15056
25919
30226
14198
24394
24482
31939
6428
27658
33485
6661
15453
7152
12495
14632
13014
16748
31367
9036
13016
20357
26988
26991
9142
13295
15606
19418
6418
10431
10848
6492
21415
13263
20445
28638
7911
17079
23444
25703
15051
20455
23265
11198
15025
24734
27454
15363
25788
28327
23240
31322
9729
26672
7804
9085
33798
41566
6415
12066
17221
27009
30896
14216
14220
24494
31375
6848
21408
31048
28266
28561
33546
6456
9130
15100
33445
6447
34265
20720
26643
6508
14850
18429
30562
6428
18841
20070
26667
6848
10062
10485
21408
19400
20349
23520
28526
20388
23724
6456
6674
26643
37630
8117
24666
33550
13186
29344
33613
6766
25887
26662
32530
7174
31819
37910
6439
6659
24266
7329
15047
24497
33313
17986
28424
30247
23450
30550
33926
13020
31114
12909
18052
25157
31706
10103
16737
22942
35179
14662
25833
32771
7874
9015
15468
20280
28271
31951
11871
15201
23611
34845
11664
30429
30914
7169
7688
13570
22235
24999
28010
24546
34562
12909
15047
28167
31906
21469
33556
35570
6941
12278
17456
29809
14222
19185
18621
19517
28521
20334
18901
24511
29511
41082
10497
15232
28634
9871
14522
17898
21996
17874
17886
31995
41369
37629
6458
23201
28150
6462
20088
24609
15653
19889
23528
13456
16772
16778
6462
18115
24667
33192
9144
40929
6469
14909
18065
24000
10108
13300
32019
32009
40850
8518
15233
26122
30827
9819
13685
20090
25163
34546
21472
25033
28891
34245
6481
14439
21282
44208
14168
25195
35162
35163
8132
26987
10147
15172
15216
17975
22041
30536
12701
17950
32308
33023
13265
20415
21238
27747
27668
32827
7999
9173
22089
16911
26343
28774
6487
6496
8178
12664
21238
27223
6491
16811
11000
11709
15221
30547
8162
21460
27024
33512
6491
10605
19292
26287
32015
9385
10133
11531
33604
23627
42174
8092
11653
23575
25854
26994
17651
22175
25183
6878
10734
16811
8409
10150
17667
27043
20389
21369
25480
33422
8547
22938
22956
30048
30701
13447
13390
16897
17047
21288
30492
44051
15261
22236
23455
23585
15426
18944
19693
21219
18582
20419
22271
33511
15471
18557
27759
34354
6693
15013
22970
6529
6531
22104
15313
18429
24666
6530
11248
18343
32042
30642
32021
12867
12940
28041
34702
6595
19902
16887
17972
23860
28752
23077
30249
9214
13208
16015
14281
15235
19493
11148
32107
13610
18789
22328
19002
24895
27752
15242
15864
29695
29717
25452
26983
29544
14274
15245
18397
20091
22168
25052
29011
8260
22621
29542
6531
6534
39182
9394
18273
25101
30488
6534
14736
18566
23968
13560
11694
11774
17765
29714
40087
12777
21781
18600
18614
19475
43387
6582
15808
18736
22169
23063
35105
11048
11095
21256
31155
26399
15271
26404
29573
34583
11751
20974
7022
22479
33151
8404
9414
17508
30485
19471
19496
23742
28522
21807
34232
6698
8261
12344
18285
18495
18515
12965
18512
23720
19491
19684
29573
8971
8974
32199
26368
33747
10162
11687
13609
30687
13592
21003
21296
6698
7117
17133
17631
11741
13253
17962
25538
11641
11647
11649
18574
10457
21288
26363
26368
11830
28549
30218
7030
22499
27172
27448
15737
18118
25535
32436
17356
18907
19048
13006
20232
33146
34335
21345
43158
8573
11337
22070
29474
6569
10107
20406
8327
11296
11882
33899
18118
21554
25535
28136
15814
10473
17000
31038
34323
6579
17146
31203
15678
22180
22205
34159
13006
17889
34356
6671
7163
35127
11109
13188
35148
6580
12190
14373
35016
10952
11635
11991
19535
28038
30839
8347
17289
31307
12109
30248
14305
18872
24546
6584
6596
7515
9697
16744
23062
8213
10982
21547
25733
6602
6628
27316
35128
10415
12537
17085
11186
13461
18646
21921
14920
17266
21293
14406
25188
27639
10415
17157
24623
30839
6594
8449
30713
44521
11597
26308
32165
35185
8459
10581
22117
18613
27022
29657
15814
9271
16915
25148
29626
8755
15378
25634
34995
16744
17942
23062
28609
11319
15841
21745
32142
6649
7484
26118
24786
25744
27936
27941
14446
15015
33924
34735
6702
21067
23917
8112
11136
24637
6609
6621
19172
15669
34874
7945
28634
8083
42576
11906
12120
11289
13643
22166
33796
11252
12901
13511
22137
28829
13499
16612
28852
29775
11251
12184
29479
34251
15394
29603
31397
6621
40878
9369
13376
24611
19458
22911
24016
42432
17048
24737
26527
34631
7268
21083
21087
22848
9732
19710
25662
29766
26316
26578
6632
7418
7488
33087
9767
12636
12750
33087
7163
7268
10687
9175
19572
19713
29421
9440
15970
23819
31908
11268
15383
23780
12636
23213
35080
21699
21710
24814
14345
24612
24739
34632
13476
32355
33956
33958
9299
9305
22275
43529
13864
18964
6667
6668
15476
9228
10274
22354
18522
21747
32115
33966
9524
28543
29919
30197
6651
6658
12751
35086
6653
6668
11277
26208
6753
29461
14256
31161
8717
11942
11945
32404
11286
24130
7268
27929
32655
9973
20684
25838
27235
20797
25839
25840
13527
26592
27196
30633
6667
13504
15454
26053
32429
6880
10338
33805
9248
33738
8355
12024
15698
15619
39119
19832
20048
24082
7393
11916
17966
24581
14197
25358
29486
10002
23818
34436
10669
11969
11993
20894
8325
13857
15358
21007
11491
11931
27099
30102
17013
23796
32705
31295
13492
22222
31434
12041
13162
22456
12323
13683
35128
9982
26535
28562
31048
37060
20720
28691
28702
11278
12037
31762
33469
12697
14728
25118
12543
13708
28317
19806
25846
26573
32496
11239
22680
27608
6690
7429
8912
12591
8481
18801
21053
28952
7036
27795
17494
27864
32736
6690
12591
33937
40205
7039
12167
13669
32155
13281
16526
32230
34072
12236
12489
12614
7413
26651
22383
11685
27198
34181
13842
18426
13433
30749
31816
11795
22438
26188
27383
11515
23945
29736
7721
24398
28288
33925
24801
20247
25718
34784
7043
16505
21642
12004
12545
12556
12619
11189
21215
26152
10834
25857
8204
15787
20928
6719
6772
9249
13315
26797
11800
27175
30581
12517
6712
41377
27259
33799
15638
20610
27502
33979
14971
30953
41673
27284
27665
7458
17688
16541
29233
35010
7304
9206
25956
32689
10685
43382
11343
25683
11554
14971
30953
8384
14692
22840
13990
14666
21058
32913
31892
19194
29808
32549
8599
18961
27007
31685
11587
31923
8594
22343
34065
34202
24314
26439
9537
15816
17567
24917
6744
23200
28261
29646
6735
15101
15137
34431
7296
7864
34932
7694
19422
24291
14637
27916
28866
29316
16102
22999
29318
6748
14185
26865
8612
13770
27582
10177
21004
12748
29063
29089
34047
6934
16114
32810
31160
32396
14103
21761
8636
27279
32090
33328
19845
22292
26181
21794
38200
15645
18220
20989
6761
6762
11640
13615
27233
32140
32877
14702
25227
29445
11811
13542
33808
6934
7743
26446
28867
28617
30983
8780
9255
22023
23464
32409
20716
30734
31670
37257
6969
11669
13204
26082
27383
34131
13089
21570
32287
8555
13816
25908
29036
14217
20559
27351
28316
34040
6766
42640
10644
33581
10292
13802
30572
20943
24082
42595
16876
26917
6773
40338
24553
31257
32347
33183
20039
31051
34492
7610
7615
25519
33149
6825
9049
23866
28084
13027
20872
24447
30246
9247
12223
17036
24722
34075
12296
12900
32052
8753
12011
22246
32343
15797
22876
27841
18916
20194
30892
34034
12209
13659
15525
24860
10268
10473
28811
6783
8742
20698
26423
27443
27514
29141
31411
20699
43359
6958
13534
15693
10315
14497
22402
24047
8779
18909
24030
27007
6801
9099
23090
10345
13856
28668
8723
8763
26924
31303
9457
29171
32289
11860
24783
25323
13083
20945
35235
8842
11601
21900
20184
28114
33215
10583
20823
21134
28961
31775
32058
10596
33140
10665
22502
31956
35099
17313
17404
27173
28959
33528
11540
28313
27191
27513
28285
6806
10060
30893
8559
14068
26574
16014
20696
22470
32152
23486
42847
13719
19874
26189
26366
6820
17838
23883
17436
27716
34028
6819
10920
28155
22228
29750
30220
32336
7037
28417
12102
17180
27472
34501
9507
15116
25360
26347
8724
21022
23993
20634
24029
28671
12153
24085
24117
8200
16446
18503
6824
16618
31642
13471
17247
30748
31902
10338
26736
27137
15481
22386
29322
6843
7593
8425
10796
12298
7342
9459
22770
32851
8879
33835
7199
26995
27713
33618
14511
25784
27379
29094
9430
11132
26320
13696
17272
22425
26189
6834
20930
44764
25909
31005
25678
26660
32335
6849
6862
7244
6838
19104
17201
19740
29178
13531
21165
32521
6868
21729
25781
30900
18240
23430
11834
23781
32248
32263
23442
25747
13561
20363
28687
34037
8603
13903
20312
20363
27335
13725
13730
28862
29052
42371
7647
32209
13725
24072
34096
26205
29061
29062
32586
7312
8041
27828
7531
9266
26190
19009
29119
31082
31094
17976
30147
30186
6862
7244
32212
21173
6905
9763
15564
22417
8613
27552
33400
8554
9441
18706
29901
16519
17045
22308
33750
7140
17666
27760
27165
28833
30608
13361
29178
29206
26311
15960
17217
32444
17238
17239
28923
28929
6871
6892
19908
10597
18456
9673
13422
36947
17268
19870
29762
12054
12744
25674
29121
17040
21182
21184
22597
11955
11956
15860
18875
9458
13338
16519
30632
18456
20637
31969
13501
31776
13501
33790
12074
15378
17280
33797
8374
16949
31559
8539
13504
31827
10594
34570
18674
24827
24832
28063
32391
34148
10843
15973
26159
27401
27368
29102
30277
10257
15531
17209
27157
11863
21570
24176
27421
13435
13543
16739
29201
10594
20503
23683
33729
6916
23907
30276
31861
9223
21044
31954
6910
33384
23289
23549
30230
8297
25631
10595
13497
21913
21917
20897
31973
31979
9435
20598
33834
11092
19536
20615
29780
13305
13590
28330
30186
9727
22293
8327
17727
21962
30948
28707
28877
29196
16837
17254
28994
9460
11271
27163
18236
42101
17040
28410
32466
12224
12227
21180
29153
6967
7050
21176
32120
11954
14481
15553
9779
30730
31817
9116
11216
20955
6925
11385
14254
38451
8534
21052
34362
17301
21426
31102
12478
30326
35098
14453
18060
34740
11700
26153
28938
8458
13250
23497
31011
14024
17543
21991
23490
25725
13732
20322
25409
31037
12846
25722
25729
10832
11494
21159
10691
18779
32115
33966
8181
10691
13349
15914
8042
13225
15085
30698
8496
11690
27731
33851
12602
15470
15784
10499
22182
28625
29925
6953
31895
23907
25295
8212
15077
23501
33521
13374
14453
22092
33943
6974
22260
29731
8600
13782
13899
34118
15030
18186
20258
24088
7790
7795
17600
27770
11943
13706
24039
33166
6953
26265
16990
26552
31502
10819
18300
12135
26144
29728
34729
19008
27217
27441
30602
8609
10878
17384
36710
13728
29057
34088
19031
27556
27573
12166
32550
32574
8593
12489
17232
17356
15961
15965
20417
20422
20439
34044
16828
13101
15634
17284
19049
28900
29782
34209
25791
31069
12421
16827
11610
27506
32301
19233
19840
26305
10863
22527
10668
10697
21037
22477
11622
15577
14817
25108
29707
24087
24109
33352
21817
28895
31522
33637
12120
20061
32400
33942
33943
20897
26177
31172
8632
12785
23386
30255
11925
13756
28760
9671
31536
31872
36946
10883
21608
28065
28107
11870
15895
24054
6982
9443
21517
31348
27022
28761
15607
20319
20957
8211
33945
34023
17290
25868
25871
8585
9395
11209
32627
6993
11681
11682
11947
26060
27516
27539
7273
18837
32612
32653
8028
12716
18501
31063
8416
22195
10971
29938
7134
10803
29851
7035
18821
27192
8145
20993
33965
27079
31393
12199
16297
17323
33195
11775
22348
29416
18934
26547
31480
31486
7073
25680
25705
12785
20189
23386
7005
30016
30704
22958
39249
17346
31562
22868
36370
7015
28215
17186
29865
32755
17471
24011
24057
27191
7628
29726
32798
15872
16989
19719
22656
11691
20413
24559
27029
33012
42517
14596
32724
18038
21697
22340
11975
17368
22556
32533
15895
19703
24054
25943
42697
10622
13217
18354
33543
7057
23347
27621
30723
34050
7042
12863
20015
29520
9518
10501
26602
14567
26780
11763
28948
32895
34078
27366
30059
31078
32058
11963
22545
27513
10286
22376
28955
7048
30830
33889
10013
10820
23370
18803
21053
28952
17297
28358
28529
30230
12899
19830
16498
25606
7396
31512
28104
31569
12020
18655
23790
24982
32819
8770
20198
27569
29038
10750
22599
8802
26721
26727
13870
19084
22381
8658
10248
29089
12239
17236
29082
34097
12170
17041
17418
21184
20817
21027
7840
7847
22527
31957
7057
10820
17889
22479
11387
27295
27505
10318
12746
34032
34035
12054
31473
34096
21607
22557
29150
18927
31645
32624
15886
31061
27989
29105
31144
33770
12857
12863
19984
29066
31148
37386
22537
24099
27220
30472
14327
15998
26654
35997
7069
7076
25714
26120
29060
37341
8038
12511
12918
25215
19008
27221
28763
29363
8038
12921
15019
26700
13900
29092
34147
7954
30557
30820
7077
9289
21695
39251
12295
16454
8228
12511
25080
25215
7087
28164
31117
9621
39965
15901
32532
32612
9283
26105
26114
27994
7595
16221
24791
27049
7094
14492
31086
14443
19636
25971
27555
7084
23694
28935
45016
8002
8247
8211
12678
20690
22559
7091
21163
24707
28133
25025
25892
31720
22885
26846
27307
7104
21163
31176
11862
20688
21164
7220
9573
12607
15888
19129
25896
30991
32913
8151
9514
11152
9119
21111
21502
21528
8568
17887
32018
7105
11862
21164
36666
12704
17005
17528
32862
10481
11591
20766
7264
21661
24935
17750
32899
7105
27357
37283
7158
8172
27639
32467
7210
17697
20767
16363
21623
21647
34298
17704
32785
32786
37529
12544
27960
27961
32933
17664
19957
33007
31865
33897
9725
14841
25836
28991
14408
14897
19605
8175
21111
21532
9517
14604
27535
32183
8752
16288
34678
20086
33346
7130
22656
29927
34670
20763
26654
27805
9890
12796
15736
20269
28173
33122
28256
34908
22451
28009
32826
34665
26452
33024
15637
18164
18235
21777
10810
22697
28889
8426
8991
21450
30214
12323
15942
26088
32659
8845
9409
17663
19891
25846
7256
16679
29397
10833
19636
34223
25114
31443
9606
13927
22849
9834
24779
27230
9283
19282
21220
26105
7484
27318
27659
7218
8566
16679
27014
27761
9736
22689
25105
10045
13651
25834
29547
11440
18127
26802
38656
27411
11440
21833
28305
31823
13459
15589
17459
22703
8719
10815
27229
32545
7892
15485
34341
17770
22841
26107
10471
12573
25684
7349
17622
24940
9578
24937
18393
19869
29259
15554
19068
28976
22823
32747
8849
17658
20770
27170
12209
12394
27756
24428
27643
33153
19732
20808
12502
13567
26899
7165
12749
23139
30046
15939
17558
19835
19943
34197
11124
25222
26500
21544
23064
30249
12487
12668
19230
31719
8903
16520
16878
19220
12304
13990
32645
31714
39551
19576
29258
35145
9546
15501
19842
7867
14977
24917
12383
14390
19839
30018
39715
7863
17537
26780
17661
27761
27826
32838
26094
32813
7868
22563
34893
7195
25015
25627
32873
17813
19140
33860
16645
22106
11351
23471
24376
12496
17683
12992
20114
31834
16290
27738
19101
21744
31745
38000
7458
33010
9472
24209
34453
12437
24868
27283
7338
17620
17739
32732
19790
32758
10511
22990
33142
9741
11791
28974
29964
7321
22822
10511
11439
18742
35085
7360
13917
21674
12480
26604
26921
27544
15595
30735
14826
27872
26509
32786
7507
12448
14614
27922
27926
32964
7619
16481
27772
32375
11294
12477
24509
37447
7241
10465
27631
7706
23024
28052
14986
23586
29355
7262
7213
12876
8385
13934
14648
27847
12879
25614
7382
22908
24976
16144
24391
12170
26179
36187
7250
22824
22825
7256
11200
19606
15875
31621
27960
30822
17191
19811
27754
27762
17575
19577
16835
19892
32637
11314
17371
30775
15325
18008
23178
29737
24616
30169
39193
9502
27133
15919
26097
27718
34453
16602
7816
9558
10900
18217
25713
27953
32182
19793
19814
27538
8151
18691
27120
27750
19914
23309
23769
8849
17658
30783
16328
34882
7247
8991
34393
12295
16875
22652
34277
8007
9471
22752
12437
32745
17059
32758
14594
27152
7647
20907
16035
19139
21206
34923
16061
17578
29897
23106
39462
17608
17668
32639
32747
7790
9460
10754
17600
15862
30781
17600
22572
34871
8047
22778
12209
13659
16419
22975
25594
30045
10357
29867
34916
16671
29466
9406
27619
27944
17680
27284
27665
27683
7395
26464
14660
24251
29279
32858
7306
32643
33006
7974
9189
17474
32779
25953
26563
32845
27749
27751
27798
28276
15668
24997
10466
29752
32680
34271
9615
13241
19383
30334
7559
21648
26669
26953
30054
30076
30090
31055
32184
7656
16290
17136
34268
7508
7653
7845
30957
19653
26240
9757
9853
27619
27672
8512
23955
31772
34672
7281
15627
33268
18064
22449
34351
15903
24704
33169
14816
15299
22174
29499
7290
14676
17809
29822
29870
36293
15628
14027
23852
14637
24321
25036
33360
22670
24921
27694
29256
16664
24944
27697
29893
15788
18004
22945
16153
32818
7650
18903
33169
33268
26003
26517
27807
14002
19147
29895
20682
30232
30236
31525
32258
14903
20144
28190
33308
15631
9633
12271
29962
14781
15403
15405
29431
15632
22584
23956
7305
10903
29806
15566
17058
22627
12606
12673
16478
12819
16704
33925
8873
22734
22861
31714
39643
17447
34942
7327
12158
14093
17637
20767
9506
16361
24869
29825
17603
31665
11192
12569
19118
17624
17625
22881
24940
17556
24879
15873
21057
27189
17640
22866
24255
34267
29248
37313
8816
23148
18272
31664
14611
30721
34867
12469
20026
21598
26496
19126
22108
24251
25557
7481
11422
12550
22985
12500
15935
17624
24541
17458
24283
28023
19848
19882
32769
18092
25150
30110
7340
7520
7665
28146
15788
18000
27734
33858
10629
11593
8356
8376
31409
31434
9597
12405
19862
26002
7702
31805
31825
25816
32868
33010
9485
17663
26511
32779
8115
14596
14599
7344
7351
31840
20812
23152
30155
7465
19665
31279
8041
9052
34884
7364
38366
17613
27768
32647
15554
32982
35006
8859
17700
24866
28615
27665
32773
14664
17618
24541
17608
32780
7364
16572
16615
19973
22721
22766
27987
19657
22726
22883
30417
32869
33066
7805
24866
26496
26504
16411
26018
30937
34995
14567
17538
32815
7621
7625
14582
30786
29908
31662
34940
8803
16421
27766
7382
12409
26192
32860
32925
22817
22818
31592
34883
18860
21813
9590
10626
17738
39992
7372
16686
20562
25651
11524
11532
30660
7935
24390
25139
35167
14788
31791
31797
38302
7452
34856
34857
7428
8588
9263
20562
14363
20548
34804
21103
27473
31052
9690
20649
27964
9021
14426
15735
11030
17552
23849
38922
7971
9691
11472
26289
34397
12616
12621
18466
27988
9234
30943
32887
17132
19208
31739
20788
26703
18531
20782
31750
11370
23219
23234
9693
17790
20647
38134
22711
29345
38967
21778
21779
24751
24994
9536
14674
15603
15771
12450
21709
12418
14259
34304
8344
15591
17677
29280
7400
11915
14754
17716
12424
27790
13747
13761
16005
13994
28780
28781
8388
19921
19922
8900
19079
31329
24579
28162
28270
10328
18149
25690
33332
12353
21711
27912
33256
24913
27700
27847
34331
20765
23581
33275
23170
25084
25741
33134
20148
23152
12956
14898
30149
10518
15731
15706
23323
23324
24380
12108
14074
25341
29131
7623
25184
26825
9308
18020
18021
11147
28074
33509
9764
9751
17893
17896
9303
14899
18124
24533
14843
26116
32951
33026
19451
26510
28581
17767
18881
26762
33224
15174
30089
35139
27980
28076
29211
7430
7449
14926
25736
7708
21378
23122
25511
14709
27655
34355
12592
30075
30079
32953
11011
26340
38437
17762
27010
14363
34805
21223
26776
21878
7482
9462
19391
26757
11450
27814
31779
17728
23958
28807
12869
12879
38592
15555
22982
35006
7783
12698
17792
26712
15608
22983
25941
25972
24980
34602
21748
30799
9637
31731
32082
8590
9637
17823
8860
24932
26589
27835
8924
9206
7449
21782
21878
28281
14033
20639
9488
24268
31523
7487
40150
15566
19965
19971
22616
16577
23308
26615
27712
32638
8264
15118
21125
17747
18897
22390
27421
32286
8913
10851
12658
31054
15433
34801
22993
27969
33989
7629
12584
16549
22907
34869
17659
17662
26618
27176
22879
32814
26289
11428
21755
23008
12869
23209
23210
26006
12623
20904
17801
18401
13546
14610
26028
29899
7489
8516
32897
37947
8885
27910
7502
14866
18009
25140
8384
9650
31720
8902
13952
29898
8388
12357
12620
32888
8296
19537
27015
34793
9737
12631
17552
23854
19808
32756
19203
29943
10661
14688
17744
35006
7522
7527
12113
16428
9279
20786
31778
35110
14626
32073
32082
21682
24331
27701
25129
32894
35139
9912
23059
33200
21470
27993
7486
9630
12656
26765
10045
16584
11524
14799
16746
29412
14712
17657
39297
15446
15616
20057
31079
7494
15449
22338
11845
23015
31132
35115
7520
12862
24591
25083
22346
39758
9631
14115
17767
18003
23765
8973
12783
15528
18758
11127
20123
10927
14928
17937
15448
16044
26939
34680
18234
12825
24533
25055
15973
26076
32376
36006
7764
18014
24058
24083
7719
9900
18208
26134
28241
28324
31259
36696
25708
28152
9842
18234
18245
9845
28414
28415
21815
23040
26761
33281
20032
20044
14073
31833
34372
7520
25083
33134
17123
23136
30137
20059
31222
38294
8337
14409
20223
34211
15396
18536
30141
7534
14597
19802
7545
33200
10836
32938
9764
12324
24843
26592
31380
12977
23183
33198
7553
9678
9720
28186
8121
24780
7548
7560
12885
25107
7565
11977
22193
10748
19400
23478
17162
36460
10154
11218
20497
23540
11396
12071
30774
27720
32759
8066
9695
14858
20075
25087
16032
25145
31292
12979
28203
11849
18649
25073
14422
30033
12804
14846
27787
33923
9749
19449
20062
25074
7669
20064
23049
30041
14269
25100
33322
15946
18895
28061
12365
29324
31747
38724
13350
29382
32337
7553
7634
9773
11437
29651
8383
29323
31284
9638
19981
22796
12706
17977
7560
25085
10929
13111
21886
30708
17844
18011
9491
32755
9792
25852
30463
14954
26876
31241
20963
21582
12312
33132
7568
8883
19101
24317
15137
19288
20096
21240
9786
14060
25217
7566
9737
10368
39901
19698
32663
32938
7568
11414
23854
8945
16678
8884
39550
8773
11544
7573
7578
33961
11557
21877
25695
35229
14768
18029
31759
34685
14047
7746
12833
16852
28416
7829
11388
20803
10529
23916
18018
18021
9503
12370
26734
14947
23090
11492
16636
25321
10736
15743
35045
14182
20362
25742
31237
8919
14402
15722
22335
18240
20534
23866
35224
14784
17842
34398
26609
27543
21358
32072
17373
26609
33643
34103
11016
34797
7597
21798
30029
34685
7612
7616
22261
25982
19829
21764
7703
18224
23891
7619
27543
34103
16863
24804
20748
30819
14768
24083
30033
14769
18033
39542
13043
23986
30296
12634
22491
35084
11029
12125
14343
34445
7609
11510
17913
15030
30260
30282
33355
11200
11244
14488
31528
9865
12973
18442
33245
16257
31753
10938
21430
26807
27512
7609
8533
16623
21106
8216
16148
24428
32467
7783
15728
29953
34496
9427
12970
23138
12975
7811
25014
29953
10519
10790
17966
12969
15795
16278
32704
31601
7624
16549
25825
27975
14594
16480
14906
31059
14086
31830
38435
10626
26611
32752
32780
7635
20940
23276
15611
18814
25362
28456
15877
27351
34157
21736
22910
26170
25234
26515
29264
29699
19917
21734
33256
12724
30818
33211
18084
28042
28194
24976
32206
15903
18099
24884
28152
7702
21561
24882
31821
7724
7729
24261
28263
13002
15442
31366
17650
18375
22642
34463
7914
7699
24500
26297
31825
7652
14404
16583
14795
24528
28178
33131
8197
30795
7648
15830
23026
30795
9838
10702
10949
11565
27996
30958
33184
19886
20087
23605
7666
7675
12364
12878
23261
15626
17854
23283
23301
18879
32062
7875
19652
27738
21770
23121
23357
23405
8940
24607
31833
34373
18116
19886
22938
30141
12862
14866
18021
33141
19300
22844
23664
23769
7935
14916
24690
30149
10672
25158
25989
31599
7791
17105
19272
14411
23152
25029
17945
29651
10368
14254
21569
26710
25182
22992
29420
19181
24247
26106
26799
29638
31877
32948
7781
9696
25067
8952
9978
23286
11385
14249
26730
7677
11437
28534
15749
18107
26067
12364
14852
34694
17859
22968
25546
27967
12312
12724
18917
20085
25127
8897
11409
26729
12979
25050
28200
28203
11483
15506
18028
19999
23304
7789
23187
24958
30818
14025
19214
31523
8948
39624
11443
21582
40240
7691
7704
16028
23043
18903
24392
34637
35188
14912
8830
16506
19844
32711
7698
24291
33999
7899
12771
26829
18051
28914
20207
28047
15490
24241
31672
12994
22012
22043
21461
22369
24009
14961
24500
24900
8987
23889
18697
34585
34590
7715
19133
21206
34929
8158
33115
21561
30018
30121
16313
19249
26339
18754
24402
31811
11540
12904
15729
8962
9003
30499
21332
26420
30185
12126
14381
32141
32185
14942
20849
26472
19139
24906
24916
7745
14149
33246
7881
15027
19355
30212
15061
20241
33357
35174
7813
10731
20231
9942
26281
26282
33377
15907
29805
14905
18086
23195
9807
12718
26855
8095
9035
14397
14407
14988
30224
15145
23339
23341
26230
20251
7769
16750
27155
18083
31366
12987
23074
24404
16213
19411
33999
12032
15138
20226
28402
28711
31317
31680
7753
13208
22040
19221
31523
19614
20835
31949
7802
14088
15046
26963
13011
15044
25328
11606
18243
25352
10635
23181
14924
18010
28286
33122
28748
7842
16486
32899
33131
33137
34713
34728
9311
30217
33044
7800
15652
12771
23273
26826
33228
9008
18254
23435
25233
10675
14668
23869
27012
13907
20145
20995
22878
15904
24790
28170
33242
9214
22172
33655
15923
25820
27010
7815
25636
31019
33825
20245
23144
25198
15061
20738
23058
25672
12829
24884
33169
33170
12912
40120
12772
17979
30144
12910
13571
26810
30978
20028
25202
13686
28022
30263
31083
12887
14904
18034
20266
21336
28303
34412
9696
14902
20274
25067
7771
7772
19592
21671
13589
18198
27892
14389
15034
20352
21131
23483
30371
9575
24220
31647
7777
37235
19688
21502
32024
8277
8287
8711
13295
16757
31065
13624
18144
30367
9575
26668
29282
7780
20134
23224
24429
27639
27643
12892
33390
14899
24533
25140
11474
18187
34017
14398
14621
20224
23994
32600
35174
16642
23714
8427
14984
16673
19271
8457
13190
24594
24597
9702
25272
33211
18002
24162
24967
8978
28740
7795
12475
12572
22663
33134
33308
10679
12092
34701
9470
16623
30516
8180
18046
26851
16816
24397
28311
35071
18207
18224
35230
8225
8244
18187
23039
34477
7807
14112
21954
41762
19615
33333
33549
8859
23674
37755
10087
21950
17991
31146
35114
7885
9941
20195
34176
17848
23362
33185
35197
10487
15651
23423
28412
19666
19967
22675
23120
28738
30383
10616
13033
12088
31380
31570
7892
7948
27887
8365
18349
20210
20776
9887
21493
24784
34450
8082
25086
8070
12844
33468
13631
21436
14112
19521
31942
34186
7874
14135
18216
34462
14665
18272
32841
29292
29298
33617
13091
18220
33252
15068
23431
24754
24756
26682
8244
9779
28311
35071
14150
16422
26915
12893
23039
7948
9558
9634
16838
23244
24024
33427
7909
12950
7840
15716
26647
28577
21112
26557
31354
21154
26145
33532
15430
26804
7984
25813
28842
33461
17750
26446
34987
19755
33835
25239
25917
25103
8925
14559
17314
21144
20751
20754
24456
9845
10681
16992
8507
29634
15908
30275
31659
15642
15661
15883
24693
24710
25314
26239
20658
25422
29430
13070
20776
22539
25314
19335
24457
24776
25248
15149
15600
21435
24775
8221
12639
12769
18044
21454
23078
29669
33494
9130
15076
31371
31391
22797
22999
27915
21597
29882
9552
26686
31682
23533
26756
26767
32820
9847
9854
11368
14296
15811
8703
9468
34892
18213
20819
24789
20158
25380
35230
13686
26069
29132
31049
8989
20250
25313
17443
23414
26687
34962
15465
7948
9634
9675
14358
20189
30257
7898
14191
18185
35206
9886
11074
20643
34461
31114
42739
20249
20987
23411
31092
9050
26000
28239
11620
23220
28391
10487
9650
13475
17532
8444
18182
17629
17636
24913
27917
26104
30244
16301
30167
30168
34485
9663
19659
23110
10788
12108
14892
25179
12203
20760
28019
33393
19964
19975
12203
12210
23420
31098
14996
19115
33339
10672
25984
16718
25380
25774
25858
30776
20261
21491
30311
23217
26036
33874
8244
20916
31243
28710
44077
16709
19358
28433
16018
25403
31546
15760
24643
24351
25154
30109
8490
11038
18123
19609
17617
27730
27919
20092
25380
33409
35230
23090
23869
15113
28314
28441
29663
35215
35227
12768
24076
35073
18529
33823
9042
18195
9123
17923
34516
11134
28338
29871
34724
13319
27150
30435
13177
13187
18062
8553
9558
25149
34748
15485
16851
26521
15650
17173
22878
15701
18279
22205
34139
26880
27262
31273
14218
16260
21258
14089
33286
35161
35166
22491
23081
25428
25430
9205
10000
22731
11858
13237
33941
18414
18418
33428
7936
10808
16379
20983
21669
26130
12840
24402
26833
31811
24745
25139
15411
27274
27278
20150
25195
9479
16381
31631
10032
18315
33435
10576
10660
15301
30557
7946
10783
25468
28306
13594
23483
27240
9168
22128
22649
32557
9126
14215
19384
24498
8134
16431
18284
18467
28570
34416
35067
30858
8060
28603
8090
28652
34570
29698
7957
12196
13838
21068
25411
28466
30838
8081
11660
21990
41714
10059
16785
23576
26024
10422
20390
33608
16737
21948
33605
7963
18007
23308
9168
16101
22636
33527
37080
7967
27738
34345
8153
10080
18460
13454
33652
15747
19448
30950
11679
15762
23476
35020
7971
15760
28281
12261
21430
25788
30216
20949
26620
28504
28967
13625
25962
31039
29709
34747
8691
20339
26677
12435
22823
27631
16710
28378
30758
40983
9776
28277
13182
16317
18317
10194
22501
30197
11326
24959
24961
10205
25397
25559
13177
19440
22736
24490
13172
18868
22094
22984
10452
15538
22417
21154
28528
29478
31300
12044
22475
23925
7987
26065
7987
17997
23303
16309
28486
34343
13845
27343
8631
31101
31138
31140
13190
23467
24597
34904
23158
34520
21931
22198
33501
10782
18355
28319
20470
20496
27800
33210
24712
31946
14351
19646
21931
21939
33921
7995
12047
17968
7998
27177
31640
10174
20470
23472
9721
13388
17003
32318
19007
22067
22110
13397
32225
33501
8012
12667
14471
29505
18306
18330
30692
24593
34822
10190
13384
21689
13176
20492
30335
21043
22221
26058
12438
27720
18142
20704
28679
33736
13425
17712
31419
12431
12468
14598
17175
23594
24517
26984
41079
13795
19408
11092
29674
33818
13211
33601
34734
15677
29831
10606
10638
41532
26630
27347
29496
30357
11668
22001
9434
17514
19803
24566
8047
11294
10304
13146
20498
12932
14472
19485
19682
9190
18339
23329
31257
11877
14440
16311
28357
9514
10563
32759
9991
15095
16230
18098
10013
18190
33161
14201
14554
23932
28555
23373
28385
9991
16232
28465
8037
10135
18669
12962
23544
24564
22513
24888
29468
9525
15103
20833
25405
11042
18395
23138
10048
21105
25252
15003
28110
8982
9036
15156
10569
11916
23295
25358
22784
26957
10186
23233
28953
8488
29477
29481
11494
20832
21159
31032
16993
18499
33684
18308
18505
8703
9461
11091
16355
23587
26471
13164
14205
23744
24498
12964
20294
28290
9164
9860
25433
29958
8055
19805
25288
9316
18143
18152
23287
8058
15526
36192
9341
20832
20950
17160
27602
8059
26673
9497
12574
21194
25468
26020
33589
17295
23297
23525
23526
18426
20484
22963
33587
8513
13292
20321
29496
15059
18271
18922
13313
18449
26390
32764
9302
11494
21070
23281
15118
25729
41238
13303
23588
31129
10382
10823
28527
16688
16718
16816
33403
9383
22199
24766
28732
10192
11641
18088
18575
8077
14457
19639
24731
9542
16242
16309
18502
11913
14985
21118
31547
19644
24727
29689
11792
13598
22391
34901
13312
15232
42016
11774
17765
25487
28480
23559
23613
31943
8097
26174
15667
18434
20425
23637
25465
8115
17620
27251
27631
9197
10718
11749
25590
8381
14550
33541
10644
15777
26092
22807
27283
27861
8135
10442
13124
15323
18548
25991
33674
10442
34564
18310
25399
30530
13062
16048
27376
33591
8118
17298
20196
10101
23903
26529
26532
8118
25522
8402
12962
25405
28292
9996
13670
27346
30677
13290
27156
33548
15127
18776
13631
21252
23542
31298
10375
10454
13183
9271
23833
33541
8807
8811
15090
27666
10214
22341
23692
13703
21047
28563
29068
20383
23490
31129
34669
8286
10915
12865
15200
32194
8112
26325
24338
24812
29508
30348
10001
18432
11668
13317
16774
41245
10416
28269
11887
21699
32694
11617
18971
20386
41291
8137
16741
20677
14479
16869
19512
44535
9385
16787
20387
20392
15711
16651
17511
27084
13065
16736
13129
13210
22056
9356
19393
30836
41547
10232
15855
20391
33564
12864
26398
33499
17856
18407
26072
10598
16503
34329
11617
13487
20386
15176
16788
27013
10216
28639
10226
18403
28652
11728
18476
16426
24780
31360
23769
29393
33270
9349
13302
27086
10783
16782
23193
23611
16703
20461
29113
31535
23779
31998
12150
27878
29113
32957
17599
24210
34967
11682
21524
12206
22540
28321
32130
8158
19302
23173
35176
10697
21149
26030
31557
14255
20510
23864
12707
27287
30923
12276
32456
12333
12334
16428
31337
25983
11706
23332
34389
10031
25431
31548
15762
20412
35020
35033
8159
18284
24407
25843
13454
18467
31029
10576
18408
23612
25873
11177
17942
22016
16473
18482
20260
20510
23748
24363
24383
8293
13438
20863
25461
18299
18545
22054
33719
10224
20421
26998
30435
8180
11506
20446
22077
10955
25507
25577
27028
33739
12749
22481
8176
10969
30486
32036
8228
22481
23055
32018
20187
28566
18384
32066
43009
22120
27308
31308
34306
13265
18893
30408
11995
15054
28797
9838
18053
18779
22620
10805
18308
18918
19543
19746
29071
16898
16902
18500
28838
34775
10578
22209
22336
27185
8188
34598
34613
22059
30724
30973
17943
28601
33163
8565
9064
12377
14122
10890
10891
29546
34420
22046
22511
33736
8236
10488
33114
33648
11666
13586
23002
10865
23418
29647
14278
22045
34780
10491
30670
8495
44873
22212
31649
31743
14566
16447
22051
8479
12273
32485
13625
18818
23652
31040
8214
17310
13464
16091
22276
34725
12449
19913
21688
27911
11066
12705
18833
30595
27323
27705
34333
11018
12703
24731
14624
19311
24908
27689
19005
28910
13226
30496
30502
17150
17155
30600
10254
18523
24714
16593
21806
25157
12820
30136
24285
26056
29321
8517
14516
15633
15586
21645
29554
8222
17967
32241
32956
33478
35239
21534
28618
29342
8403
19768
28838
10389
14297
18789
21256
8226
23435
28311
12833
13072
13242
23479
26620
26624
22765
32026
8241
10868
32855
10171
16895
18316
23706
8568
21111
10198
25568
32915
13170
25885
25886
9207
22200
32055
14330
16115
28777
34745
10708
15288
22236
13437
15776
20512
8270
8352
21191
25723
15496
19693
21219
32621
8638
10813
27610
32651
31007
33707
33709
8418
19658
19947
10835
15320
15683
32191
15636
10192
17049
17122
24598
10403
18541
32916
34974
30692
45503
8529
34216
25991
28607
33437
10721
10725
23455
28685
8400
9138
17451
20480
16841
25501
44045
22078
23076
29562
30522
14651
22903
27790
34267
29564
31286
11738
19495
30520
33732
8979
13228
25520
27777
11107
13894
18451
24521
8467
13223
25558
30530
15613
23508
30513
34678
8466
8877
12344
27417
26929
28095
18465
20967
25492
30395
8407
12811
13088
11732
13440
34305
9408
12776
14480
10659
13343
13426
8334
9094
10556
9178
28754
30816
10246
10424
34973
22578
28693
33699
9094
18103
21191
18326
23451
23910
33116
16861
28758
45162
21965
21964
24044
33332
8795
8810
21595
27834
24517
34540
40988
12332
18937
29744
31480
16047
18795
10140
10142
15298
21481
8288
13141
13280
33282
13519
13574
15213
23617
18734
30970
24031
24044
11028
16781
18977
14310
15994
18872
10639
13398
22532
8384
14621
24312
26712
17934
25707
32045
23748
32062
11105
20320
26715
16832
16833
20888
17061
24188
8534
10411
32102
11635
25062
25906
10596
15828
35042
8810
14630
16146
10278
17304
21044
27470
17154
20583
23763
17084
21957
22277
29743
19016
19091
29744
8350
16081
26949
11909
13801
23991
14459
15364
16192
21137
27138
45575
10892
16918
30885
35043
12161
12998
22512
27164
14512
16096
27169
11934
30598
32250
33783
18648
23814
28805
30617
12317
12378
34039
11994
12291
23780
33828
21855
32251
9371
16749
21967
30385
8523
11907
20959
32232
15385
31228
43785
23962
23992
11996
21901
25615
31948
8324
8330
20371
27436
32504
8328
10115
28519
15742
15850
11075
23777
8330
13421
16794
21020
23942
30614
32175
18037
31461
12147
19016
29033
29073
21077
27252
32598
10412
18854
32266
33785
10562
14209
9433
10786
29357
33982
12369
14248
15408
16155
10903
20270
29734
23413
31670
12059
22186
22448
28858
9121
10903
19711
28111
10386
13995
24654
24657
8769
26750
12303
12593
22148
24192
16146
24908
27689
13514
17244
27298
8525
17026
18678
32087
16138
16140
16810
8357
26743
31489
32198
13525
23804
33507
16727
21185
30205
8999
27159
44383
13936
13964
28684
15530
22163
33838
27753
28500
34114
15952
21854
22165
26533
26751
27461
8363
8461
8490
21737
33745
15753
22804
26464
34267
13490
17267
32446
21566
22249
28829
8455
14778
24421
13976
19866
27368
31796
10010
24570
31178
17870
20341
24573
33466
13159
20591
24564
13884
17329
19699
33810
27375
32210
10979
24827
20894
21165
30982
31604
10666
28860
11879
15201
22942
20809
20616
22308
27407
28898
33730
34895
10447
10997
14361
21349
13485
13486
16753
9732
22309
28831
34838
8743
11381
19764
17027
24822
26323
12365
29324
22579
22729
12450
13545
16518
9932
21063
21064
9365
25034
8402
11629
12845
16032
31217
8402
21465
28291
28387
23983
26458
29232
34246
8889
12568
15769
23840
14465
18974
32693
16038
16553
18975
21743
25030
11178
11180
13196
23738
27060
9806
13425
15239
20416
30542
11716
23740
29715
21312
19052
21482
21497
20856
25517
12262
18282
23402
31896
15253
28655
28742
15215
21375
22016
25481
20839
23758
25294
34409
11708
15251
18112
22068
15512
18072
24438
13097
24254
28347
32576
8416
8417
32410
32914
26454
33208
15422
19945
27654
8444
13097
24003
25712
12638
24998
35046
10489
22848
8428
13935
14018
14843
35133
13122
20099
21467
33104
9049
17924
23889
31671
39711
11407
19831
33357
8448
24249
8858
15662
33303
14128
15443
18935
25773
24757
28415
28906
9060
15114
16660
28083
19267
26865
33603
18131
23222
30966
9833
11530
16660
25223
19608
24477
8442
15349
26637
28216
9314
16696
23439
13108
14600
14608
28913
21985
24432
33408
28212
34423
35223
9066
33823
8448
19137
31469
28344
30845
8480
20263
23363
20898
27111
28921
11647
15295
18794
23270
8835
31470
10581
13587
15692
9201
19493
10862
15260
28511
32797
33628
22210
34144
34151
15941
17546
17681
19492
8490
14771
24431
18306
18330
22358
34901
10168
23457
10390
13256
17525
17694
21351
45261
13432
15714
18148
26871
9707
23363
33376
13598
23894
32093
18125
21494
23113
15330
18555
32509
27774
29906
21244
28501
9986
15931
23676
18263
30340
30529
30683
10718
23585
30561
30563
12352
26211
31537
11228
16034
22182
29925
10678
13698
20119
20287
10984
13823
27270
16275
16613
16627
35070
18577
20464
27112
30509
16037
19725
26479
26554
8925
8928
25857
12404
17301
25872
20119
21924
41820
14981
17112
28495
16321
21128
21520
16306
23933
30498
11630
21170
33389
21537
29339
30873
41106
16314
21252
28528
28550
28949
32708
12564
13923
18061
27345
34706
25745
29111
31542
31548
18819
21177
22126
32760
11119
14331
22367
24739
10135
21143
33936
23902
30495
33744
32034
16928
21396
26645
17404
27181
28959
10252
13639
17179
18830
10305
13638
28789
28790
13513
18678
32778
12673
26112
33012
21359
27362
27887
29698
14029
15540
15546
22789
17537
23598
11791
11797
25032
32987
20049
22671
14516
15633
8538
8549
8735
29202
8922
31981
20310
28391
28563
26718
33983
12341
29972
35039
35112
15293
16569
16585
9363
22939
10092
18277
23563
13690
29535
11917
16094
27121
13503
14694
27890
28799
12593
17332
24700
11275
18700
23784
12813
22405
33295
12073
29901
32084
22019
23759
30598
30864
9086
12813
33295
14730
25088
29787
34610
25886
34105
14202
15294
21518
9323
13634
14531
23542
13488
13494
15631
15787
24714
11360
28834
30608
18415
23589
28483
34505
17024
17033
22227
10631
10641
18686
12930
23611
28611
8546
23348
28041
28288
8544
15275
15332
31119
10013
15464
18501
20798
18555
11768
13170
28692
16679
24681
28304
14900
30134
15514
20264
34447
24156
25664
26924
9436
16397
16434
23303
33158
12956
14873
16577
24602
16840
17587
29705
13861
17278
22525
17226
17406
26155
28063
28077
8558
9602
19219
14378
21457
8772
31554
16417
18077
30216
9415
27258
31549
8893
14030
16510
18956
17960
18208
20262
24704
25945
26805
9091
20142
21810
26493
28304
15012
15061
19605
25640
20187
8735
24147
20235
25171
26417
15504
26268
34950
35169
15998
29061
31141
13873
15408
21350
17164
22388
31751
15410
25679
32426
24196
31151
36104
9647
17230
24149
24642
31180
30305
19026
27445
27558
32596
13523
14497
17358
22193
34020
12351
18382
22696
22702
11234
22191
32770
17467
22191
32770
12665
14666
18483
19001
27600
34040
15419
25744
26773
27815
15927
32696
8598
8610
29207
34799
8622
8689
29993
31077
19048
20343
29095
8616
24198
29191
8608
12744
18968
28533
8786
11284
16643
16659
27005
11084
16353
16643
20065
27335
34792
8676
18962
29037
10279
18905
32330
33749
10874
24122
28517
11057
29030
29031
11264
14403
18997
26175
19030
24103
28559
8681
12543
28899
11002
29028
31483
25674
31213
13739
27903
29140
9399
22648
10813
19668
28060
13787
20673
31145
12245
26205
31141
35264
18618
24680
26954
21446
32267
19090
28497
12280
17656
22847
8694
16154
29407
29419
11222
11826
18553
18630
11244
31527
31528
29422
30568
11005
11264
37537
12460
12685
33005
12460
19030
27220
27221
12255
12408
12434
18799
29111
9046
25783
28006
12443
17176
31477
18803
28957
12101
26143
27937
8665
9029
8636
14857
24183
21440
24200
31142
12697
18944
19664
21471
13807
17229
15856
28469
32008
17510
22698
31515
12170
13761
36328
27591
11950
15869
32464
22637
28284
29828
15420
17345
20363
8651
12240
13383
13756
13870
21370
27398
29209
8771
17307
28502
15981
17227
34123
13772
13774
27386
16984
22134
24724
29779
16575
23042
8678
14707
14839
10882
21398
9340
28441
30004
8669
34519
12173
12176
13383
27438
32302
34107
34145
15986
28055
10687
21039
32609
13867
17251
22531
32103
21305
24033
31152
11358
32120
26204
29028
31483
32589
12780
17099
29039
31848
26102
28385
22591
24036
29080
10446
10448
18874
21094
8677
12244
19022
22281
17939
19409
15376
18694
19751
33507
20852
21135
28790
17043
20430
20589
29072
13642
22212
31748
32484
13794
27385
34129
8676
24091
30636
34119
30637
22588
27385
28450
11432
26339
12142
24663
25033
31515
11797
15243
26108
29911
12197
20557
27440
8685
13862
26932
31358
10613
11960
32305
10615
15437
22296
27066
30628
32335
29528
34154
10273
12012
23687
23698
33926
30583
32389
26659
32401
34177
17174
18149
33290
10875
32268
13818
18979
24057
27530
28285
10671
22533
10040
20339
26931
28218
10750
20027
29575
8699
17259
29199
31356
19061
30270
19874
21298
30187
32367
17450
21039
32609
32581
22564
29844
8707
19985
22536
29528
8708
10172
10351
10383
17143
20273
24071
12857
12877
24803
8710
10016
22221
27519
34916
8711
17174
10351
22880
29018
30010
11656
22322
24803
29514
13803
20190
20191
17108
15789
15875
22549
24124
24012
27192
31628
9881
14063
28403
17248
14264
21315
36816
11858
12331
33942
17226
22294
22585
27715
17094
33348
30617
9423
13678
20672
31814
19097
25653
31112
17209
22216
24641
30961
12119
32365
32395
34072
22228
25679
30227
13862
27066
34067
10811
24777
33907
33908
11891
13886
24193
31167
20668
30182
32367
13869
18986
25667
16133
19979
34301
34370
19859
25634
30633
31634
19771
31162
8771
20472
31492
8758
9907
24448
28399
10867
17258
20700
45789
14548
17263
34832
14969
17330
19094
20610
12004
21093
29601
29912
16776
19563
29608
11865
22304
27429
11938
12080
28988
34177
13361
19858
29183
30270
17247
31820
31902
10460
23127
28908
29166
8756
8759
8862
20606
24050
29500
13230
22187
22289
31907
24845
30633
33803
34678
10452
24672
8909
9881
19334
24675
34268
13243
26188
29459
32423
10451
28847
32291
10440
24163
24168
30287
31405
8767
13768
29088
31785
12968
12972
32418
33606
33848
13872
24160
31879
17484
27382
32933
26744
26751
33667
11982
24118
14430
16993
9339
24796
26264
10275
17078
9975
15504
19368
29438
13489
13781
27675
34030
12056
20479
24033
26172
11903
13869
19073
29161
10333
13846
22401
18985
22026
30374
8827
21883
22011
34638
11278
11938
13682
22313
11981
27520
27656
33940
14177
15509
23998
24450
17584
16338
19721
8789
21230
24442
10864
15521
26333
29650
34688
19191
34865
24638
27412
31197
34050
24094
25311
26134
8806
16228
21085
33493
8797
12415
24249
12385
34265
9804
16014
32151
12525
24283
25755
25894
19897
32719
32870
32871
8873
17577
22859
22901
16246
29221
21643
37035
16953
22777
26945
24223
24281
25807
29930
24853
13359
13727
27625
8824
10928
12563
13990
24685
15769
29317
12493
34250
21108
27788
28552
14007
27313
27796
27803
35146
9856
19630
24721
34785
12383
12535
26430
11305
16162
17542
19142
24834
26003
32805
11335
16020
34243
9967
18883
20818
28383
23475
28672
29886
29888
19144
26460
29278
34253
9538
11388
15768
30909
20965
27788
33910
13724
20306
20329
21101
22920
26445
8879
23813
32205
14675
15430
19201
9534
14627
16489
16179
23522
10888
12525
20474
31208
17568
19552
26463
34259
14517
37519
27832
29249
8876
16220
19163
19481
26314
21196
22662
34233
19522
19552
34256
12471
26432
21695
28869
39604
8846
16038
18728
23020
8853
8866
28373
16027
19141
29216
34280
8861
16457
16863
17703
29659
8852
26439
16654
17746
19719
12400
14662
22750
27852
33781
8872
14578
12551
17563
27630
12076
18728
12935
15006
30843
13979
26430
34282
8857
17577
24836
10381
21654
32406
22660
22900
29228
8866
23400
13962
31667
17607
32634
32883
15427
22859
17631
26977
17590
32579
27057
34272
16360
10769
28121
19641
26595
10792
22792
23591
24891
15498
19174
24289
8876
21660
27727
9180
24538
8894
12326
12328
9577
16209
14655
15920
29917
32939
8888
11414
12036
21603
13945
19855
19121
15463
21739
22801
34777
14974
27281
8901
8929
8930
8888
19103
16528
16548
19919
26525
26746
29286
18721
23854
24317
18729
23847
39133
27880
13998
25070
17757
24322
29297
14277
26348
8894
11197
32609
32653
14434
24466
29301
34337
10902
34345
34747
32615
23007
29332
29333
33001
19129
32913
14024
21616
11404
17547
21656
8954
9726
27812
13996
33582
13056
19334
28399
25037
33824
13928
24206
24530
11395
14044
27985
37949
14746
22715
19982
25944
29898
29900
8924
27960
10901
21321
9943
28249
28383
21556
21780
22158
29954
12670
31788
34998
11009
19927
26017
33988
8916
10921
18829
15279
15612
27950
25169
31717
9943
13056
13687
19334
14705
16534
22158
32178
8921
18756
25618
33387
18829
33382
15752
31977
20776
23354
9253
21059
14202
23294
8988
12645
22960
27306
8941
18172
26149
20209
28399
28402
9922
10869
14678
13859
20308
23465
23589
15092
19333
21915
29436
19999
22619
34354
35069
9059
14975
19294
34462
22493
28048
30038
35083
19333
29436
29437
9699
22681
28061
35082
12032
14678
26032
26035
12770
16303
17800
18241
11406
11420
14417
26416
35015
14735
16261
21922
28017
30168
12997
14837
24367
34380
29460
31912
42501
11513
18848
9313
19269
20095
21421
16606
34413
11002
20731
29029
18730
35063
31242
33897
10907
38845
23402
24435
34470
13683
21033
22842
18753
33304
15516
18113
25348
25349
9977
34772
9148
35226
35228
26900
31927
41434
14121
16279
31390
33329
8966
30191
32443
10522
32338
11035
29353
30621
28155
31838
23586
29373
29963
18158
26896
20272
20338
24391
28030
16662
16665
18708
23914
14168
14910
14918
30154
8971
9148
28386
20630
35228
23968
30605
31702
39373
24354
26251
39939
20463
28583
11062
19286
20099
30122
18269
33044
34450
12919
14990
16082
25866
9698
19596
28036
13017
20463
24575
35004
20176
20768
26950
28268
31446
21516
21518
28529
13620
30229
9030
21098
30239
32221
8992
9044
33443
13072
14963
27809
28980
10534
18167
23253
24730
28114
33165
21843
16969
34837
9206
9579
16043
32689
11224
11407
19606
24682
24774
9875
19354
20266
21492
14930
16629
23215
17513
30659
32659
16204
24652
30179
10282
15919
11453
34357
9009
12756
14628
17924
21852
26754
14967
21438
25227
26865
26266
13581
30776
9009
12778
13072
26870
30702
9069
12263
28400
9013
9866
28064
9022
23328
26441
34494
12319
17950
19630
23384
24139
25265
25270
15600
24775
25310
11274
16724
20212
28267
14907
23275
29378
14113
15528
24607
9046
12510
27914
23323
23324
30271
19389
20039
21555
25786
27992
33373
9038
22256
27342
31576
16713
30191
32443
9027
23328
26271
15081
26441
16692
29650
33124
18114
28385
14083
30279
30308
12446
16307
23288
27808
28066
9868
11544
19369
31262
15343
19293
20429
28208
12933
24261
27990
21405
27465
12973
22684
29426
33476
24637
24826
17853
20032
24744
33046
18240
20460
23906
28273
25237
14243
16691
34507
14379
16196
24826
12786
31724
9714
18106
27995
35105
10024
18119
24179
33263
26054
35224
20675
30207
30212
12211
12989
19708
21551
9077
9083
27107
23223
25152
30195
18155
21627
21750
28210
15511
29424
29439
9071
14081
14121
17842
30016
15431
31528
12264
19281
23108
35142
14193
21935
30727
42622
14186
26766
35205
12997
14783
25138
20142
29450
26777
30185
31910
26637
20648
33235
25728
25742
17082
33617
15068
31058
33274
23319
34399
33099
34692
10740
10768
25309
30176
14187
24472
25241
19571
21912
31914
9127
24858
24859
9944
13079
20728
31861
11163
26928
10170
13905
23485
28987
13978
14220
18068
18102
14232
26999
31266
12186
27114
32762
10003
18039
18336
23606
21954
41711
12790
19690
33157
21933
25167
30186
9333
18444
30071
34734
11152
11158
12287
28245
21000
21047
22867
28737
9093
9096
25167
9609
10387
29959
34676
18472
21875
29454
14214
15076
9505
10027
20341
28504
11543
12377
26906
9135
10609
15125
15074
23603
29871
14617
18935
30312
16040
17627
19926
24306
28783
9169
25346
10132
14250
23832
34516
19569
31646
9118
12413
26218
15648
20337
20385
9429
17512
19510
25592
9509
14615
27039
27757
20108
28315
30312
24066
33464
12845
17130
24570
28593
13675
23603
27326
9478
18568
19498
30696
9982
13775
28320
9374
10026
10037
31133
10012
13248
15686
12967
20943
26931
27346
26164
32392
18425
22740
23338
12809
14139
16685
19296
21336
13111
21402
33318
9972
14469
9147
25137
9140
10634
10539
11665
24813
12429
34912
34914
10906
19562
16798
18320
21261
29507
15656
28627
10094
13220
21952
22802
10088
34841
9877
11107
16253
24515
27245
27326
33601
22813
24491
30334
15180
15181
24759
30512
15185
19435
24759
34517
19506
34581
10180
15084
30705
33726
14770
24536
26280
20757
21486
30497
31489
21191
29498
33196
19233
20860
23753
26307
10606
9898
17824
25456
29527
9408
21749
23459
16711
28431
18525
26743
15772
17850
19972
34554
21392
23839
26150
10107
9154
23243
28896
30143
24582
30479
30891
33459
13028
23735
28409
9156
21300
29351
32403
20848
22723
24167
30642
10967
15838
21090
24548
16778
17985
33451
34553
11253
12866
20298
26414
13149
13265
17861
26407
9222
18027
24606
27044
15985
17336
24572
25486
26860
29722
10130
13439
20395
23557
9184
12914
15941
17477
13884
30361
25575
34606
29421
26776
28076
16243
21546
33653
44207
13191
24567
26401
34573
10171
33861
45432
19515
34575
11891
14564
34652
13304
24522
28244
28482
10090
14229
20394
9816
23701
34795
17018
28457
19909
24535
24544
10100
10409
25470
31035
20295
20301
28455
10114
17781
21437
12917
12922
34580
15264
31155
10972
33573
23621
26917
29529
25579
33652
17067
17673
27635
14235
15196
20418
20523
23564
25235
30560
9224
9230
22042
24149
12600
20942
25531
25554
28706
12745
14362
9218
16151
19715
31161
21606
23732
14283
14425
22050
34591
16256
16758
16759
23446
34589
19506
20480
25543
33731
34539
13611
18535
34222
10642
13224
29553
9220
18311
24653
20956
28936
10238
18311
33433
9622
14303
15933
27073
20686
26287
28478
9220
18311
26132
9429
10134
11077
17336
10158
18338
18617
30513
16939
20082
18544
22350
28933
9414
12723
16251
27068
33570
35188
11063
9384
20478
21619
34615
10190
18414
17609
24595
32051
34660
17918
24338
30348
18856
32449
9225
17287
24642
16638
24147
34641
17073
24610
24785
25651
13376
16911
21283
24611
17150
21547
27349
12014
12346
13289
30096
30157
30626
34641
9237
11992
15021
12047
13666
14455
27177
12445
15799
23750
34992
12780
21439
31381
31845
22520
27576
29195
31127
14346
26527
27147
12642
13249
14342
34627
19777
24149
30103
17060
17104
22216
33819
20582
22098
27106
30579
17968
23938
32359
34740
9245
9274
21345
32136
13176
15093
21311
21317
9281
16979
17421
13528
16561
44287
10310
24051
32283
14380
29777
33735
12013
15000
32282
14743
19567
19568
12675
27394
27400
11086
19537
25743
34793
25956
27400
9256
17022
18583
34618
13535
13878
31924
13883
16022
20947
11810
18712
21879
32424
9272
11931
20600
31980
11444
12090
16809
32441
9261
10320
10395
25737
25676
29622
12588
13853
23961
24785
30577
15365
16357
20565
30590
13026
30352
20239
14773
29591
32309
12236
12466
12505
28093
18759
45547
14366
16121
16138
33443
14550
16812
21383
30619
11349
33826
9281
14743
9277
29746
30274
14108
22162
29625
31878
25704
9762
20072
12662
26790
38784
11415
19581
31774
37860
30095
30516
31602
17867
15305
21697
27671
9291
16093
17438
22275
17630
29642
31222
23530
29343
33923
34683
11463
19239
25095
32970
21693
14689
27341
27890
9305
24605
12726
12938
23734
28744
11061
21776
29642
31774
20649
27963
34291
11643
23957
25000
35032
10993
10994
17433
22128
11849
16755
24334
24396
9299
9344
11842
16092
24737
44784
16623
15382
18733
25058
25128
10046
15310
12825
14806
19951
18511
19251
20074
25065
17149
16880
27073
11904
27915
28865
29277
12862
14795
24282
14924
23063
25177
28286
18101
20265
35174
15065
25296
21248
21377
24439
31389
25143
25155
11572
33406
10861
25376
11600
17171
40814
9322
17392
34744
27211
30886
34831
22356
26326
30114
34193
12101
27937
31139
32993
21053
23921
17388
21449
24709
10078
14652
31306
17299
22051
27446
33395
20942
27900
9328
27147
31401
12345
17506
34040
34444
17362
17392
24702
14460
16083
17362
21284
9335
15394
17413
17421
12159
25792
31973
16967
17413
45785
18436
26967
28886
9393
29829
29843
32761
16966
17427
20544
21292
30597
19823
29791
29859
14328
16080
31398
31400
12045
29747
14589
14966
28440
13217
20360
25806
18790
23894
43290
11844
20556
24738
17039
24737
12609
13249
23791
10163
23646
23898
30490
14107
14332
19648
10695
13596
21747
23893
22882
27326
30349
9358
9369
22353
29696
16511
19065
16026
19165
19183
22738
30749
13543
14377
19078
27238
11400
13548
14365
19156
13286
13335
21990
9358
22367
32100
16093
24605
14825
22630
29988
32563
17077
19966
27816
12307
16849
24854
27856
13294
30782
12361
13475
11134
20860
20869
34499
21754
27977
32906
20322
26971
30835
33325
9984
10539
15072
26747
32984
39328
14330
17426
15136
26474
28564
11274
20182
31365
20976
29992
29997
15147
23352
25420
26949
13732
15111
15115
15223
25477
28651
9898
11109
14325
11747
23470
23737
27036
22036
24590
26315
13212
23588
34669
9387
9389
23029
29902
10205
12858
25560
13661
14293
19502
30699
12974
20503
28924
9388
18546
21786
22890
9929
9997
21108
28552
9394
10429
25101
19349
30347
35124
9394
13264
30488
19692
27451
31115
25957
27641
9518
12329
14558
9483
22644
28636
12192
22695
34668
22191
34799
10075
31296
16214
24804
16669
17002
34668
25060
28025
28027
16440
22031
26918
29763
10793
14294
14525
23350
14165
20245
30242
30256
20074
24347
25128
25545
18930
19715
24896
33175
17374
17455
17519
31534
10692
19460
15872
19786
13864
24797
11111
30893
12518
18642
28985
15078
23740
19092
34207
16558
26444
34602
34617
17749
19255
29262
34295
11581
23797
42764
10400
22702
31090
22891
23011
24996
29708
32153
32699
34911
11210
14359
34647
22388
31403
9426
26881
9426
11623
11198
24730
26374
16783
17273
34840
15985
24753
16139
11083
28853
30854
13878
22026
32294
34843
20610
21835
29782
18292
27337
34535
15532
33820
24840
34654
9438
16039
19798
25550
9447
9448
17529
11054
13902
29091
31837
21010
29357
32547
11618
21866
30643
30644
9463
13260
34384
11273
14546
16959
10291
22289
27296
12368
15388
15990
11694
13408
30443
13418
17486
18339
11086
19554
20601
27330
24013
31808
9453
26757
28075
11811
23809
9462
12648
16563
11084
24895
27752
10458
27419
27420
30609
22306
27419
21166
28823
31929
17096
19757
29174
22806
27135
29844
32544
15671
27980
15252
28761
33872
17700
22775
26590
31667
24595
29555
34581
28075
31690
33492
19811
29830
17228
22564
17135
27857
32783
12572
27767
34871
12463
14597
15919
17554
17493
19814
32539
25166
27417
28232
28233
34898
15429
24872
32637
12289
14507
16674
27706
17468
24595
32051
19193
19816
28220
26516
32724
13763
19145
12494
15816
15956
34317
27603
29817
34907
14575
16849
19892
27813
15436
26514
31543
9509
16954
24859
34865
9490
22820
24305
29159
11145
13985
27685
27054
29187
17560
24857
19211
22874
24304
40024
9523
17466
22048
28726
12448
14609
29213
36873
9521
13400
23472
24597
15807
22807
27719
32726
24963
35468
24304
29167
38141
15902
27972
31439
28202
29217
34292
9748
10765
14721
11299
14616
34893
12363
14047
34349
12266
22885
27709
27987
9525
24558
26926
17978
27857
34876
10366
16328
17646
32736
34882
26945
10799
17256
28195
29820
19797
20759
22541
33022
10793
12259
14530
15022
14028
23005
24206
24315
10574
27750
24011
27191
27508
26641
28182
32571
22567
27739
32593
12742
13827
17144
24097
28253
27802
29869
15182
24594
17665
24760
10197
19482
30779
9531
9533
28545
23480
28504
27802
29869
29891
32815
16498
16500
22871
26094
26198
27971
11953
15769
12382
20474
21275
24230
9539
13380
32794
13941
19379
24909
31674
9539
21480
33533
11367
17759
24951
13180
14218
20435
30458
17785
17799
17344
17576
19857
27698
23551
32795
9989
23377
29484
12529
21667
26661
13174
9548
19916
22764
19149
19205
31332
34309
15826
15920
17636
11788
14022
14285
25041
9560
9931
23522
31682
10471
17693
32833
15929
21677
24260
29873
24924
34962
13748
14386
29232
34266
13174
16306
26531
30524
17538
27803
21127
23649
26531
14521
15770
16840
9565
9568
14449
31419
27615
32863
11376
27876
10541
11225
20333
33615
11636
17647
26657
12496
15892
26192
9567
29572
30570
12304
19894
25875
30000
17695
25496
31419
19477
29548
30569
17461
29661
9626
18602
23514
24572
13968
16675
16948
34814
19116
22575
27854
14646
26214
30810
19218
22776
22900
32839
19179
31655
18043
24863
18448
32643
27758
9657
12284
12563
12626
19575
19903
22129
13373
20305
28612
34371
22482
24040
34254
34266
13932
13943
27727
29942
31211
19422
20723
11012
26521
32680
34751
21616
17716
24976
11390
11419
16547
22904
38731
12549
13545
24946
33470
14176
14483
19138
34313
9622
16847
18602
34576
24916
29880
34929
12381
14300
15166
19882
12612
33363
34331
13937
29915
9731
10515
23478
17759
20780
9610
12829
23301
25106
25766
14020
14365
16218
9659
11756
18573
30342
16553
19243
21723
39508
21488
26117
33698
19949
32257
32637
12669
22979
27959
34629
9637
23104
32696
39683
24668
35004
31076
11009
16565
27668
10204
29547
32678
20712
28646
28647
13961
25026
10687
21083
32653
23702
26125
39349
15665
20058
22694
35050
14038
16943
16988
32684
16224
19923
24307
28807
9622
18602
24552
12624
25819
19515
15602
22627
9625
9787
16989
14506
14573
34710
10959
16272
26983
13927
19176
22811
25088
17450
27618
28007
26081
27710
29992
12663
40093
12690
22671
19938
32969
15281
19583
17462
29709
19467
21229
30441
19466
19496
19901
21229
21730
19343
25115
20632
30654
10860
13389
22305
17516
24674
24984
35031
9651
16234
20019
12270
19973
27612
27862
19124
19131
26350
11650
15751
24670
26360
12487
21358
39202
24299
26746
35052
18268
20131
28588
9738
13441
22772
25126
15163
17794
23633
25474
17558
18894
18898
18702
20331
22435
27825
9661
23112
27636
19120
33007
17463
34296
18017
14005
18412
33001
22896
25848
19124
19131
25763
14713
9668
10079
20001
26917
19661
31424
31440
11478
23042
26759
39460
28201
28304
33082
16766
19837
20826
25238
32601
18843
20801
34664
13747
21302
31512
12734
14790
33033
15974
32387
37374
12864
18335
28456
33496
9939
12785
23140
25063
31791
31822
39043
9684
9685
23500
25560
9705
12977
25089
15337
15354
15360
14803
25054
25500
11473
14918
23283
15234
16599
19245
30693
17946
21527
32240
33156
9704
12858
35012
9704
25355
33210
20031
25090
26067
14786
14858
20075
25051
27659
32660
15318
25182
26497
33138
18764
33244
9701
26167
26367
31708
9746
22977
32695
15467
17868
30022
30048
25050
30025
23202
23408
16148
23136
25569
14414
20125
28302
12750
27808
33079
31357
31370
31791
31797
22363
31814
12798
20034
20007
26764
34682
39179
23580
25561
20030
33198
21946
32187
33917
13029
41255
12738
15812
28990
30912
17894
25024
29338
14108
30032
9741
12281
33963
20085
23068
35084
9730
15563
37008
17499
17829
20772
12725
16046
20029
20815
14900
15477
28854
9768
15547
23040
33218
17113
33082
23184
25054
25061
28516
20030
20036
11140
22024
32187
15520
16597
16598
12879
31841
31988
38819
14847
27946
35134
25020
26116
9750
19942
28978
9730
9763
37659
15641
15672
24984
27783
11037
33503
31519
35790
9754
15640
23482
14565
20057
28981
29686
31002
17531
28972
29975
35038
15286
22024
30519
33491
15575
27265
11030
26710
13487
19284
18844
19169
29816
25022
29739
35046
29741
32584
11497
26061
31330
32578
9752
19676
20528
32192
25019
32674
25019
30802
34776
22928
29236
12657
18747
19939
20052
22949
24659
25088
23034
31619
17770
26720
27812
9762
21783
14320
19520
33917
14780
33173
23523
28842
17951
19282
27811
20035
28614
29247
16674
17051
15668
18054
24997
30060
14755
20074
32479
35097
12942
33266
33269
16945
18036
16329
30089
22441
23413
19458
27592
14418
26662
27664
30057
14848
35024
35086
20084
28068
30098
19706
21815
29644
14931
18757
24443
33382
17651
25059
17778
20041
20077
35059
9782
24526
25934
12779
24445
12732
27655
33219
9929
18345
33495
14895
18764
26040
11634
18766
31493
33411
14970
24397
29664
11412
24478
26266
14933
24839
9815
24543
11560
24346
24348
14822
14959
18185
34482
15148
18743
18808
29383
11492
20094
25321
32681
9801
10313
31151
10922
14867
25214
10840
13571
26814
13100
21507
23868
12759
25986
14282
15333
21625
22664
14196
15258
16661
21859
14946
18227
19794
35157
9798
28014
28016
35183
14087
30214
12913
25189
11035
19265
14114
20106
35155
21348
24015
24017
11320
11458
20157
23173
20114
20783
34392
17561
26631
27799
10921
19304
28035
18546
30347
21782
33050
18233
20136
24689
30120
30997
9822
17824
21247
14548
18694
26580
12859
21830
21864
28181
14727
15119
15190
24403
20028
25055
35248
9822
16769
20078
9837
33612
34771
9827
14861
24513
13687
20828
30278
23302
19302
29394
20051
20053
21095
33298
9828
25934
12830
26839
31821
38612
18065
20090
23302
24440
28150
31081
33139
17471
27510
27737
33197
10961
20376
34554
15818
19010
20460
11507
12991
15871
23423
28416
21875
23241
25747
33232
27272
28083
35203
14578
34791
10803
22701
31085
9840
10070
22004
30467
16108
23573
10522
15904
29380
33240
9857
15794
15037
16293
18900
17976
24381
11547
14501
15509
25826
9888
20373
25595
34548
10548
15457
18373
31919
34468
15906
30200
33345
14549
27418
29858
13751
36344
18681
23366
26914
19697
25971
31545
32650
11549
23444
28433
29663
17375
32186
12937
13091
14064
14122
15535
21961
10826
12814
19697
19935
21361
21996
18773
21863
23438
11634
35210
9861
14235
23723
15194
16236
17714
11523
11634
31493
33416
23426
31859
33404
33408
18251
21431
30767
33029
11627
29411
14987
19630
9893
15228
34548
14167
26882
31258
9870
13050
21968
41030
14995
28323
29415
10611
14246
17908
9877
9909
10443
11672
14358
23140
30248
21496
11736
29443
30303
12815
13233
27452
28677
9906
23382
9890
10008
9906
10374
24518
34758
12259
12261
14530
23134
14526
20818
9903
17650
31353
20258
24088
28365
29303
11068
26469
26488
29403
18744
24615
29355
29385
21915
23258
34464
30217
30316
33044
16803
20935
21081
15139
20771
26885
9902
23293
15500
18364
25864
34470
11547
13082
15509
29409
21081
29524
29720
19358
34489
41594
9901
10729
12935
17830
10729
21926
26889
26895
11626
14389
23174
30390
9904
34527
18071
20701
21836
20262
27406
30382
15006
21898
14410
15031
18179
14474
20078
29517
17169
26958
28045
9909
9910
14510
14526
13021
13069
23360
31016
10133
33613
16621
23844
24518
15018
19338
12124
18107
18315
28451
11637
15046
17961
20779
24783
29413
30316
34469
30243
33356
9930
9935
27612
19348
21435
28039
11568
11860
14284
14562
10769
13074
30285
30291
16658
17493
29839
20208
25198
18884
26259
26298
31896
33043
34448
11736
18562
14200
25922
24004
25758
26256
14054
14544
17687
25809
30366
27850
29854
9935
27850
30790
30905
30907
12786
15035
20208
23143
10159
28550
33534
27615
27629
12714
13057
30281
33894
14993
20667
30133
18764
20795
33226
24430
28115
33147
20229
25245
17100
19096
29292
25294
28406
29455
20205
12929
20233
23095
14057
14489
13126
13318
21247
22643
28327
31935
31936
24426
30257
33152
10212
16804
23856
25493
12509
17496
23980
33023
10583
11373
31095
40964
15663
21945
32398
40893
9967
13032
14304
10020
16801
18037
20342
12923
23236
31320
15159
15173
24526
12897
15173
15193
9959
26103
33186
9965
26100
17899
23679
25494
34550
12714
26102
9972
13276
23595
34756
19948
25828
12928
18204
24109
25337
18890
30264
14307
25179
30301
20128
29008
20117
34695
34702
14853
15222
25562
33124
10942
14064
13618
26560
27657
9989
20864
32628
32877
10208
25897
29118
15510
20846
29403
14901
28028
12854
12954
12948
20359
15650
15655
29482
27492
29133
34727
31346
33036
10019
20347
17284
22522
32504
10546
13333
20883
10609
14220
15076
18102
11614
18778
23466
23603
27434
28464
10219
22153
32510
14233
19409
17174
23295
13791
16229
14503
15639
9999
13507
14426
17989
28255
30271
24573
33466
11659
17170
20340
10207
18345
10061
10624
20831
26935
10151
13672
17129
18414
20500
10127
13064
18423
16316
25366
28488
21454
22839
23465
22489
24326
25561
10292
19937
26450
26456
10011
13244
15815
26676
11233
15291
25687
34578
10677
23336
10019
15116
26821
30850
17130
10832
21114
21160
27077
30533
31454
10017
20328
23199
27248
12849
15134
34924
34978
10172
26930
33466
34340
34356
24154
32473
26535
28389
14472
15186
23507
13209
20829
28532
33537
10239
22038
30340
10212
14208
15186
34537
10759
23197
18427
20301
33502
33596
13160
31960
34493
23483
25391
26926
15669
26026
34936
10584
11742
11767
13389
16072
24483
26276
17313
29678
32799
15102
28295
28501
10423
13160
40761
18332
23525
28484
23072
25969
27231
10053
17168
23287
34493
10045
10204
29547
13789
26341
28468
20320
24079
26677
10049
10076
21061
12067
17974
23264
33777
13007
27290
17010
23895
28273
10068
13291
18435
30375
14745
15205
17540
28865
31300
33292
19316
25409
31037
20350
28531
33391
12019
12243
12774
29022
12658
26059
26061
32563
18152
19615
33333
19389
26274
26277
13139
16317
21464
10064
26278
28332
10062
10485
30328
10774
27650
10526
20367
40912
11111
30899
42555
24619
31032
10366
42653
15075
27322
11642
21469
26925
13538
21202
22768
23617
10297
22681
25786
27650
13341
23516
30715
34572
10143
13651
15223
15344
25476
10072
19935
13356
18512
28686
16773
17995
29517
20375
20404
29531
14246
16795
23368
25457
10216
28639
30488
10832
24699
18407
23610
24516
25466
10135
31300
18601
34557
10535
13156
27023
25689
13760
19421
26568
31960
11644
21989
23129
23613
10183
19386
21032
29871
15492
16387
29372
15659
16733
31945
42376
11873
15201
18386
10101
22501
26529
28544
15197
19446
29720
20777
29513
30424
18595
25581
33578
16841
18471
25710
11644
30808
40380
26468
29492
29495
30344
12951
13679
13691
15198
10532
15317
28463
10230
11871
34922
23616
30429
42018
17409
30464
33639
28491
10554
22850
30827
34416
10479
23555
10677
17892
20046
13262
27223
27239
17861
21225
27778
29534
11651
17847
22014
32021
32023
23636
25517
34789
17491
17507
22050
25447
18473
21222
21366
24582
11044
19909
20381
10137
18363
28544
11110
17745
34569
20368
25452
10970
11702
22041
13125
13352
10142
13277
18584
24522
15782
23635
28636
15791
16805
22724
34644
13566
18406
20398
25483
10945
22772
33627
17886
18286
33451
11230
15286
24600
30337
22927
23556
30559
34861
10988
20519
33547
28630
41056
13187
21367
30809
10166
28511
33025
18420
24503
11684
15319
18457
13245
24810
10957
21265
16265
19736
28520
22392
10734
18430
19447
13269
28949
33520
10430
15319
18459
23628
10663
13478
16919
22708
27775
30453
17829
20772
10144
13268
11816
12689
17784
15298
28244
28879
14716
26844
31330
34776
10973
18447
17808
30681
11027
16206
16408
18495
12073
13478
17803
33457
23970
10853
21113
31158
15308
18622
25507
34286
10155
23018
22453
23503
18399
18615
21413
31345
18603
20131
22173
18580
20604
29541
18421
33520
33649
12100
18527
21178
13227
16089
30352
13042
17364
23899
23651
33568
35228
16088
29624
33862
11717
15795
30198
33520
12926
19676
20528
14322
17639
27817
28388
21505
24594
15979
18926
23699
10298
29861
10179
10521
33464
23700
23713
28700
16346
33210
35222
10807
14302
23452
28676
15150
19414
21000
17028
23798
27299
10182
29031
34062
16895
27067
43436
18209
31436
23690
27051
28713
44777
10838
11057
27589
34509
34724
13259
15208
15283
20420
18510
20522
23462
12976
28495
31644
15162
15206
30424
30517
15272
16582
22203
29647
14312
20526
21634
30513
13223
19520
20478
20530
28927
28931
21168
23316
23582
35040
15820
16311
28954
12883
13494
10284
10298
13791
23602
34582
12965
25597
29554
10642
13215
18291
27848
25912
29133
32550
18344
20349
12834
15276
18321
10463
16231
12689
14318
33489
16856
18329
29329
12964
23593
23596
25912
28438
13394
19507
28674
12091
28106
33336
14281
17439
19493
29551
19462
23369
10233
10714
23199
23225
13358
22742
27143
20510
28645
26074
28637
25912
28438
29155
32502
13066
13202
19095
21522
31126
32502
32690
15766
28638
33642
23101
33577
40366
20513
22341
23463
28616
10229
10235
26080
33984
13319
15312
23692
13272
15233
20390
30401
19111
34787
20373
20408
20935
29541
13052
26078
33641
10401
10408
14828
13293
27247
34808
17269
18597
24565
25592
15781
17208
25888
15202
34910
34924
13365
27957
32190
32193
10401
15757
27969
21085
22658
28483
33441
10866
10868
32472
33191
13405
15275
18539
30337
30679
18361
23225
33540
13127
18904
19518
18552
22079
23660
17845
20452
23863
45114
22544
33734
35118
44431
10246
15202
23226
34973
11872
11100
16865
19489
29063
31144
32596
16238
17304
23763
30582
15375
16238
27168
27175
10933
17065
29682
31511
15375
27168
32599
12596
20558
26878
21077
34387
11289
12152
32252
33883
10266
18875
24142
16980
44791
30796
11842
17760
43926
16929
16946
19647
29693
33735
33740
33805
11460
19558
12014
11083
11416
34645
11052
18626
10649
33978
18610
25979
30548
30751
14340
34112
17425
19543
32264
34810
18074
18109
28755
28759
12136
29676
11516
11546
28746
34168
10299
10473
20191
17086
21957
21959
18918
21957
29071
11340
12078
17441
27559
10739
17180
30618
34501
18856
18857
30582
12748
24070
31464
11516
28418
14331
16112
17184
27526
32182
22149
33977
24480
25389
30572
10326
17845
18074
23747
15054
21051
32357
12005
13476
21956
13043
21938
30237
16913
25148
29626
12083
16445
31916
11162
17262
27403
30359
32231
10540
27932
11204
27305
21006
30645
34628
10551
23071
28465
28987
13803
17000
17071
12752
20302
28243
15455
24093
32008
32499
10309
14553
22242
30103
13464
22372
43669
11665
20529
34756
20852
12527
28813
30952
30954
10312
25645
28888
31230
13536
24053
29764
32365
19070
25670
31188
26982
32394
32395
11365
16397
21562
34654
15388
24622
32547
11277
11893
28377
29790
12120
20355
14497
15418
32174
13234
16278
26145
28358
19804
19819
31769
17181
30931
17098
16271
30471
33658
19554
29605
29607
16957
27145
43535
22302
27288
30438
34098
13528
14529
24840
33850
10336
23859
25508
16385
16823
30139
42975
17174
20351
11416
16920
30101
22149
34251
14549
18715
26911
30748
10345
12277
19073
26934
20593
21983
34093
12368
16474
28895
16435
16450
16452
26911
16101
18074
22636
12077
21183
22416
32101
11831
33790
17012
23829
28860
25636
31566
33821
13811
24070
34063
13780
19620
22149
34169
17045
29364
31908
16989
22702
27806
29161
31456
11410
19773
27227
27260
34195
17078
20547
24614
20611
27226
19049
22418
13158
18660
23786
23790
15418
29190
15697
16621
20537
23844
10406
11421
11610
11924
10363
10364
11648
23682
12110
16248
22221
16052
16305
10363
11648
18785
34905
21164
36664
13751
26012
26165
30252
30849
40463
28916
13391
22422
33697
15951
17144
22317
34125
25360
42738
19242
19306
20049
17722
38536
10384
27271
28054
18861
22032
28791
30585
18504
20552
26971
28466
30252
30849
18360
23528
24901
28576
16620
20304
24510
13978
29483
18823
27480
32044
33948
12705
23938
24728
34740
10484
13143
16229
29483
13808
13951
26389
15712
25557
35041
19634
21589
10513
10790
10809
13158
33468
11421
11610
21180
16455
27412
32522
29254
31471
34667
21380
22955
10399
15267
21296
28698
30691
32861
15267
21274
32844
10402
16383
28331
12545
18642
12274
12561
25895
30646
10992
33361
26643
36195
12035
32388
12172
10403
13592
32916
10464
16948
19925
12395
16231
25354
13610
18789
27057
34816
21664
21792
24231
29238
17281
31571
32516
27128
34897
17890
33964
26072
33636
11023
11034
21031
11287
22502
25631
12089
23762
33996
21014
22528
29133
34691
10755
25941
25972
33984
21295
10419
23719
33578
27117
34015
45566
10933
11114
11766
34031
10420
23789
22850
28619
15350
25616
32196
43930
13137
33563
12846
16731
11346
28161
33539
36931
10427
28641
33563
13153
17208
25482
33450
33579
10439
20845
10439
15780
12039
17221
20720
23327
29099
31183
22440
28861
29085
17217
26180
29459
18508
22532
10848
11789
27383
10439
23628
26365
28636
13583
13653
12767
12855
34172
11569
23631
24515
29344
22303
26187
34187
12137
26533
27462
32198
18870
16761
33810
34657
10450
20896
10450
25791
28418
26897
27369
30359
35193
15341
15539
22252
34838
10463
10484
31374
12137
20757
30686
35040
11438
15379
16396
30606
11052
15345
15851
11052
18626
33667
34543
27415
14503
29913
31072
12163
20745
16380
24805
27688
34814
27609
34458
16675
34814
24480
28299
28487
33494
11299
12407
27114
22794
27120
12403
12430
31600
17625
17662
10475
18549
23638
33114
10743
10751
34543
10600
20485
10477
18276
28620
33594
10483
27101
27246
14983
21121
33938
10483
18276
21287
18981
27557
31561
12594
15798
22876
24922
20393
35179
19840
21741
38530
10502
23638
34200
17786
19943
18187
23039
29021
12624
30796
10928
16316
33910
23614
23779
33555
15610
30670
30795
23373
24164
24190
10498
18422
22942
10498
22115
30855
10503
31989
12050
21186
10871
20770
26609
33643
11291
14558
27513
21807
22964
34171
23592
12191
19786
21028
10832
25402
26676
10708
25954
33648
34126
14010
14626
22932
10519
10790
20830
10512
16784
23559
25404
11202
12510
12806
18433
21986
33560
10748
23481
20144
20272
28190
30129
10524
23482
21986
23162
26967
10537
13284
21986
21110
23130
16641
23227
26824
39708
12847
21100
30363
30112
18050
25852
33238
10809
12847
10531
18419
33473
18437
26024
27002
15642
20252
31015
18049
20661
22369
28914
21269
18419
23578
26024
15109
26022
26024
10537
30889
12934
15139
33176
12160
12258
20250
10575
10590
20444
10537
30875
23162
10544
30801
20385
21362
20002
27787
33923
15187
23595
34756
15861
28320
28389
40820
11250
12999
30676
21415
24171
24173
30996
16738
33622
27558
32582
34130
20932
33402
23870
21928
25861
31248
27650
27787
17652
22673
30078
10776
26092
28617
10693
15233
23038
15306
15681
20517
34206
10562
23753
31391
25400
26098
34863
11684
15319
27035
20523
23196
25315
11620
18359
23220
34910
19432
21299
10574
17391
10573
18476
20444
27026
18431
25267
26920
33624
24219
26937
28095
25359
27129
30423
30431
13054
18189
21926
25273
12844
17990
24581
13794
24060
32017
32019
32023
10773
18430
10575
17669
27526
21716
27023
23578
31969
10694
10825
23619
23728
25435
13445
18537
23554
15333
25532
33025
34595
40947
13213
29205
32807
23697
33108
35216
17669
27526
27528
22107
23717
31027
34824
18623
19669
21447
33656
32056
21707
22719
23448
22732
23358
23448
24167
21042
25717
27528
10594
10598
25844
10597
15231
32349
21917
10605
10605
12419
23767
28784
22200
15327
25596
25600
17416
17417
17419
21800
30558
34232
23168
25885
29004
10634
11810
26580
17014
19743
28856
14216
31371
10622
11875
15658
14833
34521
15717
26564
26576
31661
20931
25802
10882
27514
28809
31412
10623
22323
20989
29800
10638
17872
17888
30409
10662
11728
11840
12690
23016
10782
18355
24915
11598
12106
15875
10624
33370
11958
24115
32272
15658
26968
19959
22536
24803
23141
38883
17866
21997
11344
27791
27795
30288
30295
33147
33161
10633
21753
15445
15621
23901
10641
34760
14218
26280
24958
30818
15621
25604
26781
16743
18241
19010
41696
30974
32642
34080
22107
25553
32642
16406
21795
29410
10652
21627
21762
23629
28617
12931
23879
30826
24114
27524
34113
11516
12238
31175
31970
13809
14884
22522
11645
17033
29058
11819
15340
43150
25778
31612
24470
28210
35232
25827
40198
10658
15198
27245
34734
14734
19293
21627
24697
17798
24137
24242
39792
12677
23944
26770
26771
13292
20310
26023
22952
28749
22888
24516
25466
27959
27986
18476
25979
27026
23966
32437
10690
11808
15800
15800
23666
30882
10791
11831
14545
12478
22595
17283
26047
32515
30986
34621
10673
13585
22508
18093
28143
12478
13588
31947
23750
28786
33775
12757
28090
28897
20254
21076
30286
18118
11602
15646
23366
15023
35220
10696
16743
33274
35189
13092
28414
14301
28247
28382
31353
16860
17010
23419
12118
12221
12958
25341
32139
32148
43616
23549
26149
28952
23950
16593
16610
24453
38925
22600
27551
13466
35098
21708
33905
14239
18464
13272
15218
22850
24796
31509
32161
21013
21071
21596
18241
20881
31058
10701
12165
20037
29566
10740
28436
35160
25671
26934
26982
32394
22477
32303
14938
18046
10710
32263
10710
10712
10952
11779
18301
21586
21601
10708
10721
13402
28750
10736
12692
32188
33771
23455
12131
13689
17179
27168
18834
30884
29662
29866
32191
10720
23940
27256
12661
12727
16048
10828
22373
32191
15659
15847
20323
10718
10721
23571
23732
10725
13224
15084
18209
22387
10736
32188
23716
18826
33778
20631
13825
17422
32270
20873
23585
20993
26086
30019
33964
10733
15374
33669
33935
20042
24454
35064
35175
14438
18189
20988
24258
21692
30382
23050
27808
10757
28670
15764
10757
28670
30310
34042
12018
17310
25628
15366
17072
28790
10744
34388
17153
34363
25199
30263
34002
13375
18628
22509
23111
25309
35158
12961
19197
22551
32797
13786
29549
34158
19692
28044
28131
24266
25406
27290
10752
16427
15374
32105
35131
22322
22599
11688
31632
31686
32821
22573
33962
20809
28815
30768
31568
34026
14802
23158
28187
18119
25003
34502
10763
30690
20575
22379
28429
29747
14443
27444
32650
33998
11648
13391
27527
32611
32623
17075
19176
26437
16582
22201
33623
11105
12846
15707
25722
14078
24433
35160
15662
23393
22467
31101
34500
14882
18233
10775
10777
11740
28710
13674
25786
32452
19508
33670
19447
34588
15122
19508
12098
13803
20190
19031
30770
31557
13357
15268
30532
10802
30532
20837
23388
18378
28525
28527
34648
30306
35191
29901
32202
32435
14165
30278
30301
30306
25697
10823
11389
16853
29798
18929
19816
28197
20679
30212
15330
28703
33453
33576
12688
25035
27382
32687
11321
15936
26576
32771
32840
32841
17618
17622
21059
17192
19122
28220
12475
22663
29929
11298
12435
20770
22823
22202
25599
32465
15786
23861
27103
28585
34509
21244
28499
33933
11639
19799
33644
35091
28195
28220
30719
23481
11898
27871
27897
34790
14826
27885
12280
12338
22676
27432
33993
15786
25114
28890
20520
22678
27074
17521
22647
28316
32882
13264
28640
25920
28797
20230
34356
12160
21900
30959
27452
28133
35103
20344
24581
10827
28212
30177
17086
21979
34810
11981
27656
29809
10842
15421
22368
22678
28679
23022
25810
27811
16356
23548
24716
12272
17001
19625
21112
28004
29799
32621
12971
28130
10995
22373
23573
26151
29731
31337
20282
22318
28000
34164
12245
26202
10841
21401
15754
30977
34064
28212
34486
26082
32376
34128
10857
12174
29198
31970
10846
14182
21971
21998
29448
30193
21180
27271
22442
25791
31154
31156
31175
26194
29146
32176
32491
29741
32563
33016
15986
22410
30955
17844
20325
24781
14732
17890
30019
32584
12181
13762
34188
17835
26718
17235
27564
15514
32963
32965
34950
12181
13764
31569
34150
10862
11742
33698
10928
23480
23923
11756
33035
17318
26029
17192
26640
28197
15272
25524
28706
22586
23685
12077
17253
32419
25530
33709
14536
23144
10909
14177
20240
34459
12435
12258
15139
30959
13750
20673
22609
17042
22617
13786
24747
29566
17352
28992
34173
21632
32079
37134
12030
29140
13422
17050
37606
11966
17377
19044
31193
22577
27186
27291
28120
34058
13839
19043
22577
24126
11269
19918
19940
24125
12196
13838
22582
24123
11269
20554
21610
34054
15489
19463
13503
13630
21356
24669
28725
32047
32049
23788
33883
33975
14611
26633
23385
25319
30258
15489
19463
19854
19855
28628
10898
16211
16865
19494
10914
29550
32049
24243
29241
31201
14713
23601
27364
21319
31217
16510
33057
16685
11203
16344
20678
34221
16170
29405
31922
40037
14986
31703
31741
18314
24450
24183
10932
15549
18239
32635
34963
16514
18924
31363
34349
16865
34420
10930
28762
28765
10917
22274
32743
15326
22058
32751
19205
21212
31688
11131
23639
31579
31838
34357
17857
18839
35144
14105
31809
15498
32405
36660
14070
34390
14067
18793
19794
33304
20294
20108
28913
29398
20155
28736
33761
11546
27437
27553
19357
20240
18652
31494
16691
26884
28323
30815
14163
26711
33480
19351
29456
33737
14244
18228
31410
12261
23134
23351
12260
14167
20202
33995
23797
34452
12889
14946
24381
35157
14151
34459
19284
15438
26428
31368
19784
25136
30273
31369
13296
16754
19612
41505
15042
16751
30226
16750
20229
27155
30380
14049
14887
16417
18638
18834
23491
41753
14252
18896
24524
40832
20980
22274
30474
16634
19435
24357
34818
15197
18455
25490
23099
30856
42642
18602
22005
17850
21247
21338
14245
15711
17223
17736
15634
20746
27505
26886
26891
29556
30420
19944
25858
16101
18620
25575
19470
25489
10973
30536
33766
23726
23727
25899
15825
15831
15833
27239
27243
31348
16127
23670
11689
31274
20588
11730
15251
23727
32675
19466
19753
19863
33762
20435
26980
34519
15989
25459
18711
30179
44326
10983
11730
25553
32675
24608
32314
34620
22339
34622
13427
22077
43412
13889
22370
32264
10988
22128
33741
34606
20524
30406
33914
43017
10999
15457
31919
25587
31297
27447
27466
33682
11604
11614
20464
20876
13597
15969
33514
33724
11912
19558
12726
23716
33535
10995
23732
32560
14311
33612
11007
28656
16761
17320
29608
13066
15221
15746
18755
11014
24788
25291
18755
21460
34384
13374
21526
28779
29689
29048
24076
35073
12028
26362
18997
34055
26205
32476
32586
36777
11008
25514
27041
28656
30547
32536
21223
22912
14019
21720
34327
11013
38924
12343
17081
34271
19211
21774
40243
21495
29426
16511
24309
11790
16931
18625
11050
12705
11024
32954
33246
35243
11828
16628
31148
11322
45110
21316
23207
33552
14133
15063
25257
12187
16235
19270
13443
23421
28459
18285
25577
34609
20414
25589
31280
11042
22765
23165
17732
38279
28154
30621
12986
14701
23342
34682
16609
20007
31750
39958
25235
33587
28156
18977
25589
28741
16563
26451
21891
31418
33107
18622
22490
25589
31299
15590
25204
33234
15128
21240
23107
30473
15499
19688
14547
17847
34555
15852
16240
19530
29568
26128
31450
31454
19688
23165
11687
14297
35245
29043
30495
32095
35131
11066
20556
20434
23470
23736
23863
30491
14850
21785
33550
11276
18983
18976
29066
11094
26246
27378
26208
27583
26208
11066
14448
11079
19353
20708
35244
15840
29946
28012
33104
16219
20676
27547
19923
19926
24306
14669
14683
26698
32935
12820
12989
29649
16294
22264
21430
26811
27483
30208
14505
14509
20220
23146
20199
27483
35233
14925
28238
30313
32601
11075
35027
11589
28098
27674
32186
19510
34567
34766
25713
27965
31087
33247
14486
21916
22598
16824
27334
35148
16848
19675
23855
24557
11161
32323
33785
34041
15532
18709
24852
34858
16458
19651
26597
26353
17138
21347
24702
11581
26882
20123
26419
26422
26484
12959
14936
17843
33118
29841
29797
31460
11096
18387
33995
12622
30668
19501
33214
11579
12260
25325
24567
26330
34575
19494
24764
29572
24568
11104
16211
17698
26731
30569
34579
17963
17972
18723
23860
22215
44599
26330
26401
20361
24059
14286
22674
30219
31936
24510
27310
14263
20415
21272
34605
31462
34604
14324
16008
28882
19390
11707
19798
23857
27071
16109
17486
17706
19680
27117
27253
34015
11137
13444
34015
11133
11135
24474
31388
17838
31335
12412
12568
24612
32100
16176
23669
29746
14349
27169
27468
31673
13588
13977
23645
11129
11130
11766
33953
20847
24441
26418
19213
22295
24350
15674
24371
24443
33382
21421
26836
31737
13470
22122
34038
18638
23770
14823
23609
16530
21578
34839
24416
20365
14960
19268
31387
11260
26579
22066
27095
16312
16318
21466
16239
18232
20019
13883
14213
33488
14872
18765
24476
17129
28293
28551
30332
12329
31131
32137
15191
24807
29506
34818
24265
26526
29751
11148
33378
33413
13553
22253
11155
15459
20864
34497
21107
21140
24780
26144
12742
15877
26602
27737
32540
13616
27233
22774
34886
15675
15482
13154
18772
19664
19687
12276
27133
11161
15307
16905
23770
21234
27322
30321
32266
34042
18445
19937
20291
11642
15152
11167
11207
24695
31898
11185
29601
31498
33784
11215
26569
30663
33859
23436
26569
13239
21554
28139
11175
25369
13032
30302
33255
25421
30267
34643
18571
18926
23699
33514
13586
23002
23498
11185
11996
12005
34038
11190
14227
26129
27077
14404
16159
12424
15591
34937
17566
34300
34331
15591
27978
29319
14464
16501
24988
33057
13983
19135
24621
26123
22750
27820
27852
32735
16628
26582
29981
11186
31948
29912
33958
18577
28664
11972
26550
26574
13619
27449
31104
15950
18477
13548
14744
16333
17642
34963
15371
23940
27255
11289
15384
22144
31325
12566
14462
17587
23878
15134
33548
34924
34973
32612
22488
28801
31309
32459
34252
14890
34411
19597
31232
31738
12337
27929
13342
21533
27423
27931
27933
11209
12352
19945
14721
19234
35031
19707
34650
34823
17517
31537
16579
17270
25379
30344
11290
12152
21943
31257
33180
33452
25601
28674
28680
28706
24695
31249
33484
14227
27077
31393
11884
15835
22513
33536
20494
23018
33517
23271
27111
32169
32390
11222
11826
29435
29733
15894
20457
23268
29466
34411
13225
25398
33585
19711
28111
29805
14231
13532
18657
20906
20908
29919
29922
30197
16126
27464
33685
24501
25446
18416
22929
13378
18335
28553
33496
18630
18635
19297
30128
13175
18324
34717
11951
28284
29828
11244
17093
18553
16746
28557
28756
33072
12510
28006
32181
12150
19656
22542
26212
17828
32653
16358
26538
24734
25256
31256
34496
23457
28457
18813
22576
33180
14071
13480
17758
31071
31496
11755
19711
28031
29801
17306
32811
33678
13105
23745
27029
31319
31539
11257
24400
20912
28801
31323
18659
20906
20908
16775
29093
30528
14216
19442
23744
24485
26772
29448
15378
17280
34993
30675
35106
14355
24646
16190
19713
19716
34652
16123
11265
13663
15365
22287
14541
16437
21911
18716
21575
29300
37539
13858
13896
20619
18955
18997
26194
17198
29038
29367
11910
16981
14217
21190
13704
15740
19047
32533
26615
27717
21624
29240
37468
11910
15530
20878
11307
16748
12300
20911
33981
11927
30927
31585
29346
31403
11280
11288
34903
20437
42521
31168
31605
12000
14052
17457
34229
11285
11966
21060
28537
16221
16353
12578
22582
27515
27611
18528
21923
34362
20437
20836
26349
19623
11907
20951
28803
15943
19703
12463
13480
15688
11300
36078
27274
29774
14334
25918
31930
15587
20026
26496
26506
17658
22825
24883
17560
26614
14594
30784
11665
13146
19443
24498
15437
25965
25966
18679
21753
32201
22666
26462
18258
29390
29449
28267
30225
11310
18693
28848
45598
13875
20239
32402
20664
32148
13946
17542
21679
21597
15822
31633
32821
37661
16500
35168
15804
23693
26606
22152
32142
12571
22777
27767
34883
11538
32201
34895
11333
20033
28274
22854
32838
28822
16451
17709
17719
32871
19839
19850
36767
11329
11331
33730
34895
26511
32783
12444
11332
26052
32201
14385
29887
31070
11332
13485
11336
21753
11457
18774
20157
11348
11351
12915
21826
21665
37208
18686
26052
21350
22075
31455
15162
18463
15525
16024
27651
11981
13232
17456
15773
30909
15889
19900
22827
24930
15862
17606
25684
15843
32817
34969
25937
28610
11349
32424
33805
15148
19287
24376
26052
33735
19308
20267
28303
18851
11354
17322
18821
29136
21677
28672
31317
31637
11357
24916
26689
11382
11420
34393
18821
34417
15356
32122
17925
21714
32937
33857
11361
11699
31663
11861
18667
21570
15562
28859
32691
17796
19140
31711
11366
18672
16397
28859
16489
12547
17644
29291
19406
24910
14021
33852
34339
23234
26697
13095
20824
16031
21308
31311
12046
19206
26746
30774
15771
22146
27844
13539
33847
19921
22828
22950
26170
12620
13952
27704
14961
40188
20584
34828
34392
34395
13547
19206
24327
29306
26522
17717
19102
27735
31334
22531
32103
15773
24965
26019
28802
32203
17721
16829
16850
17278
28802
12686
16553
18975
38781
21755
23214
32920
16554
31730
11469
21730
31745
12094
19203
34330
11469
14044
38075
19100
21577
31726
32007
22692
25005
25021
32553
14423
24795
28875
17252
28715
29782
32202
17253
21175
28395
13896
16802
27227
13551
14257
12668
12686
19230
26733
11493
14877
28024
29440
11988
27736
34327
13926
27912
31364
12248
14555
29793
19243
21743
31747
23425
25407
25414
15700
26041
31279
17722
26525
26775
29642
16807
16149
16807
27099
34645
12669
22979
33969
24977
33858
24373
31833
12227
32573
14012
25913
22160
24801
28005
28009
14104
16281
33118
34404
15540
22791
25098
13503
26977
34673
34675
12557
22989
32697
14003
38460
21010
24622
25644
31220
11435
13498
13537
23028
28165
30119
30124
14050
29352
31755
18752
25170
31741
23404
31723
17242
21354
24831
11464
25172
33374
12779
26491
16405
25637
33711
25049
30036
33062
31819
38124
18777
33118
34390
15732
23156
26810
30812
30391
39789
28818
30935
31021
16584
26713
31781
38638
11451
14532
30938
32705
12282
27394
19209
27886
15623
16581
29961
13568
38831
15379
17013
30768
12755
27943
32118
35061
12990
24349
31851
21758
25012
29233
32126
28183
31757
31761
14066
23298
23312
34377
14066
30159
11464
14058
23074
19587
28073
31530
33510
16810
19559
26638
11467
24636
34659
18844
19178
35122
26790
14065
29757
29758
29760
32154
14367
17380
29757
31169
14367
16204
16292
15528
38454
21744
22754
21846
38178
11477
11479
23927
28277
33278
34701
14926
21832
23284
15052
23172
14919
24615
30109
14812
21218
22633
22754
14102
25170
33048
39174
11484
14944
19263
23458
29360
16728
16748
26586
31365
25083
28174
33302
22618
27925
23927
24406
38186
16163
37815
18743
18808
28154
31233
31236
20040
31878
40290
19287
24362
26250
11508
18662
21845
25162
16807
27139
18092
28309
24373
24631
34508
22497
27926
32905
21868
24132
30644
31488
11529
25099
31340
13867
15725
28768
32122
11882
21008
21936
25647
11501
11505
19239
30804
19226
35122
17769
23946
29637
35113
11840
22841
35115
21851
35141
35202
32970
20146
18744
19275
20138
18129
23315
24356
18128
14814
20111
25214
30651
11522
11588
25213
35198
16665
18708
21812
12916
12950
18056
25762
26108
34301
27437
12691
33018
35122
13598
13604
32975
34945
14756
15529
18863
16626
21829
24811
25154
11528
39275
11562
19627
21857
14584
33417
11528
17784
18139
18765
21242
28211
16656
11531
11771
11798
18465
26046
12268
33018
14670
18455
20387
26768
20645
31729
34943
13074
20822
24089
17973
24838
25187
18278
20186
25864
34450
11540
24885
25762
28278
17009
27064
18162
29463
21139
26877
11549
16696
21872
18472
25665
34425
26260
16721
25271
12231
20237
23616
24524
30917
42398
16063
11602
13035
18236
33396
13633
14424
15143
24446
21877
26868
33410
15039
16676
21968
21970
30944
31468
12790
25377
28945
12490
25825
11578
31897
42288
14131
33364
42536
13569
20096
16059
20103
31335
12890
16663
31882
11577
16056
19640
11564
23431
24769
34338
20806
21894
23429
20774
25923
12218
32515
23396
30791
32789
42589
14979
18403
23627
41782
18543
22054
33293
16779
16792
18601
19062
14055
18383
20202
24436
26909
26976
42831
22855
22895
24696
26575
12990
31850
34361
19377
25692
16694
25265
25271
19887
21438
26881
18350
22642
11584
29016
30903
30787
30907
12890
18472
21873
29454
21872
16056
16059
31335
14147
34462
34464
16719
19142
27807
32814
14134
16745
21919
12594
11603
16262
17125
23040
26413
26421
33243
15839
18868
20905
11599
20890
20931
25802
29149
15839
28917
32397
13612
21185
30205
23400
30745
42400
18871
18882
19248
11621
21080
21337
13330
34288
34564
20990
30919
20450
31095
13633
14452
22602
28047
11612
14400
24315
34350
34145
17994
41446
18931
18956
34347
21488
28918
30641
33698
18781
33101
11625
15836
21325
28917
14267
14284
22674
26987
11902
13877
31192
20322
20843
28390
31031
25467
33369
21340
28716
33101
20744
21015
23232
18190
24154
26199
30457
18784
30680
33095
21836
27155
22803
25867
33245
17168
24318
28561
33333
15095
23602
28593
32890
26358
28272
30838
30836
42882
20913
27794
17751
26830
14088
14099
28045
14998
16726
23322
30793
42638
23103
33581
41317
11784
30231
25424
26928
16225
19586
22298
11946
42627
18875
26029
21978
30538
20493
23534
11654
15744
17728
15819
20013
11666
23495
30293
30672
20518
30908
42258
26360
28807
20367
30780
41654
11658
29514
37363
12848
30677
13221
23559
12875
20542
27065
34537
14252
14770
34541
11826
19308
13004
13144
42656
33621
22299
23534
11669
31154
31156
15744
19586
22184
27891
20516
24516
27143
30398
15197
25449
11677
19447
28652
34588
11748
33088
44088
15287
22963
32190
33595
18787
21256
30523
34570
35022
27041
32536
34385
22014
23358
34264
20703
30551
30687
44210
16822
27243
18477
23474
28600
24920
25844
11699
30233
35194
22013
30446
20524
20703
12529
17635
23475
18447
28591
14447
30324
16003
22040
29568
20844
23709
25551
30402
21268
16008
17745
20578
30202
43117
14447
27447
32482
16613
18075
29658
29734
31023
45274
17286
12288
17311
17803
34471
21268
21271
12309
12590
13896
15386
16848
18585
29586
15654
30989
32039
32481
15240
20855
30862
15987
15989
26823
16271
18620
34609
13258
14237
23473
21128
22359
23574
29573
15099
25555
32812
33305
12207
14115
23017
26125
12726
13443
22128
25587
15282
16847
14306
16939
32060
18816
23930
28954
15957
18980
22528
30740
24425
25951
33734
44943
11743
16858
28678
13403
23654
32056
15957
22520
25794
31127
13208
29570
31247
34599
22347
23424
25527
25556
25527
28515
28699
43299
13198
18232
18474
32725
15550
17221
20446
25588
33401
35184
45586
13117
29510
30999
14278
16861
28757
45778
22303
23326
29099
23327
27373
30741
21333
29735
11739
11770
17545
22690
30421
33920
14323
18978
23007
21828
22109
27051
12908
15975
33277
11760
23718
31812
18593
25585
30549
20155
21468
25498
25579
25702
34200
11750
13142
18932
15264
44027
21626
30553
30563
18340
19861
23470
20865
23727
45288
22068
28663
32035
32675
11758
11760
32071
33863
21336
28032
29435
18781
22305
30342
33696
20507
23168
26139
13608
30406
33768
11761
30652
13213
20507
25487
28586
15002
29732
32404
13676
45570
16936
16958
22097
18652
11768
21216
29205
23168
15348
28792
30874
14258
17548
22796
11817
19446
30395
23936
26571
33950
11776
12132
12294
32041
29713
20198
26539
12272
17001
32900
19681
20350
24482
25330
14305
16880
26294
18790
43713
15931
16897
17047
23676
23683
28925
33729
34761
15948
16881
28663
32108
34222
23676
30100
28839
23936
26571
27485
28443
18779
23892
30998
11796
11802
24313
11795
15556
16900
26086
30019
17694
18330
14309
15987
15989
13382
23000
28921
25775
11807
24322
11815
20997
18270
18405
20387
14349
19540
27349
32318
16901
32359
22641
29422
29993
11807
22119
31308
11837
14448
33924
11837
16902
20578
45401
13432
23536
23546
23552
20369
23898
24576
30451
11959
34952
28508
30319
33475
18683
19768
26588
33646
16912
20555
43804
16896
24651
17758
28803
31313
31496
30994
32987
13651
32978
11839
16803
25595
14732
27649
30019
33959
11895
43599
32972
13643
22099
25616
44321
17801
21721
29547
35005
15531
16980
44333
19559
29613
11843
26362
31926
19307
12207
14115
19939
29981
19773
27275
16898
18500
20665
32203
20627
23971
30588
15192
29163
29179
23757
32229
33800
16837
17028
33816
11864
28815
16908
16931
12362
24831
29673
18405
27131
30459
23015
28982
17769
22841
28980
29665
17359
43624
20581
28773
29696
20797
13563
25116
31004
17066
21104
22466
25628
32999
14844
20020
21371
16622
17502
21033
31004
21304
15217
16599
20077
20081
20898
20903
25903
35027
35030
18776
23250
28492
21054
34375
34408
12051
18803
20852
20859
21135
20663
32287
31663
32702
14374
16195
24646
13530
31596
31608
17288
27353
28960
29731
17198
26550
29748
11874
11889
27199
15730
15789
27348
34978
18877
33544
23196
34834
34845
11889
11892
13157
18354
13292
20321
15820
16124
11987
26479
27173
32040
28621
18803
18805
28957
34220
11975
22470
27529
27530
12901
16326
29418
31078
34729
23929
27140
18712
24617
33740
33805
18684
22226
28831
22249
28829
24814
28839
29767
25967
13316
17210
19072
24172
29633
34181
24835
21546
31294
12024
19056
19724
29629
31165
22169
33320
12694
27316
35128
16595
17107
20461
27355
23041
33862
43835
22229
22239
30622
15690
27226
30644
15424
22240
25670
11959
14648
22119
20431
26748
28168
20061
27579
34212
22144
33981
13980
22797
29636
11914
15352
34010
14546
16196
25148
26578
16120
13636
31964
13692
18858
23787
24579
26427
32468
13159
14197
13645
18859
29604
12318
32253
44373
12001
21921
25615
28806
19557
25895
30578
31996
23410
27705
28867
32886
12537
16099
26377
30876
11936
11959
13934
19212
12241
16429
17281
22411
22531
28050
13132
15963
27363
32276
18983
29101
29126
34033
34114
13726
13730
13866
32173
28844
43046
16110
20599
22374
29164
30574
22267
25621
27333
30024
21093
30864
17138
21284
27913
11961
18966
24718
11949
15455
29654
21300
24150
13862
29091
19561
22219
25667
26924
11949
22515
29154
29386
32410
34120
17385
15981
27209
29536
34158
27441
29416
13298
23613
21315
29371
31618
18429
22748
25266
12157
13672
13531
20895
12380
22543
34021
13328
19780
29175
11965
19158
28870
25776
26180
11969
26015
11970
17024
12185
32457
34123
11961
22327
29138
29150
29277
17376
21611
30392
34142
31131
32137
11965
24718
29283
19015
29308
22603
27250
12376
16297
28308
16300
17324
19656
32624
11970
30982
11993
28701
21624
26222
36741
32910
33948
12185
31636
27366
29679
30059
30083
16154
27190
15600
23254
26035
14634
24778
32663
13003
18650
20055
12020
17089
12322
13782
13822
21399
12078
22213
33316
17132
22713
25851
20543
24797
17193
22294
18069
20354
31935
35234
21519
28939
17132
31739
33056
14383
22163
29768
44898
16388
17054
20431
20580
16075
21844
12006
34628
21958
33928
18534
20756
21051
17062
22122
14774
15834
16898
13375
16126
16442
30213
18530
20928
12008
24650
21023
31508
24625
29596
32310
14137
30581
31740
19729
32162
17062
33958
13530
17261
21006
14178
29312
29313
31814
16399
29810
16359
20466
20684
16823
20600
30138
31978
22000
25673
26952
17071
20170
20177
15425
17036
24064
12554
15909
18642
30593
21215
27449
32485
17403
27469
31139
31767
14123
16280
32483
20784
34017
27260
34279
12022
21210
24339
22820
34326
34349
18959
21049
21104
22466
28828
13759
26167
35794
12065
12093
33275
33692
22455
17219
12035
26200
26367
37275
19959
37159
12092
14893
18168
23264
19340
34769
12484
16485
27362
34344
16122
17299
22610
27448
15479
37272
12046
12049
12058
22313
12065
25141
29024
17218
12856
17201
17205
19740
22437
27301
31890
12972
19775
32385
32418
28903
28915
33746
22507
27471
30716
14339
24796
28429
12048
26525
19646
27184
12049
30774
12071
12325
21214
30356
18365
34219
34220
19757
29173
30638
32233
21445
26684
27228
12781
34032
12161
13484
15165
25621
18965
31855
13893
16001
27740
27338
31185
17258
20902
28877
16296
17740
29945
13285
13316
27375
31796
12760
22315
27369
17016
31931
32286
34192
19866
27375
29848
23037
23096
17185
32378
34187
12092
33692
35220
12903
32434
15995
17159
20218
32416
17101
27578
32340
17718
17740
32435
32455
17250
21002
33803
13879
22381
28926
28929
12082
32163
21175
25793
21120
29827
19086
32295
13719
17158
31707
17101
22409
28417
31512
25070
12936
28819
32430
18899
29461
15905
24177
31890
32286
21173
25787
26186
26190
32416
24843
33507
33825
20551
30189
12447
27196
28818
18952
27582
12093
17982
34700
19000
14230
25111
26697
20733
26209
26212
31354
32932
15008
32457
29418
29679
23551
29914
32865
34500
17153
21103
12105
12121
29104
27469
31140
31765
12107
12123
12128
22549
25964
29017
29107
12117
29053
14372
20188
20719
17593
21043
20900
27746
12228
16415
29857
20677
32663
34024
12115
12117
14923
33262
12118
15580
24856
19778
28898
12118
15425
20611
19065
19882
15450
15452
25254
20009
23059
18624
25081
25540
14997
30301
32220
12797
14405
14924
25614
29598
29625
31878
20710
25648
32141
35016
15364
27467
31459
26542
22004
29526
31273
14090
21559
22375
31448
22214
24780
12184
13644
32048
20490
16118
16459
16908
14123
19726
21049
12145
12156
25848
27636
13718
19008
27387
32083
17075
27620
12434
12443
28899
33285
17198
23936
27389
14126
19589
21588
12180
12683
28497
29127
26540
29388
13716
20546
29051
13850
18984
33980
34149
26625
13480
20912
28801
32488
22144
31497
27270
34323
14466
25649
25837
13901
15392
29220
34037
14111
25625
13483
27224
32061
24280
26409
27414
12174
15971
31971
15884
30289
17200
27495
13850
17046
32099
32204
12227
21037
32516
22593
22596
17283
27556
22596
32508
32683
31038
34235
12524
29118
34240
13754
13815
28108
32575
36412
21161
31581
31792
20511
32399
22403
28405
29035
31957
32466
12187
16364
19599
22411
29032
18798
24012
32497
20951
21910
28984
33987
13481
22265
31072
31127
19090
24107
21150
16596
20462
26209
28928
15016
17357
29136
13671
17004
24077
12399
14572
35017
14612
19828
31617
35745
12193
12306
24245
20268
28404
15482
16937
34812
17467
27115
15409
29321
12208
12274
29617
30620
14578
14603
27653
24042
12543
14818
31603
13788
19029
33019
19827
12375
19796
22541
27533
13844
22582
25800
27443
18169
26254
31097
19980
13914
15486
29830
16996
26595
28198
29216
20683
22632
29846
38518
12257
15402
12220
23948
28177
18075
19712
29658
19695
21055
32217
32864
26599
27107
30720
31631
12223
13852
26797
31093
16504
27791
25341
29131
33393
22557
26619
32306
25975
12248
15402
19553
15052
28020
29022
12243
12774
28060
28122
30564
13846
20563
20746
32572
22607
27563
34947
32508
32570
32574
12375
17400
22562
12234
13828
21014
34693
12244
14927
19022
22590
13809
32513
32570
13770
13807
27582
13816
13826
25901
19017
27431
32567
15991
30895
31855
34092
29101
31585
28828
15567
17235
27437
13815
25711
15984
28760
12242
21172
27554
37594
23097
28021
16424
12246
25715
26205
27589
26208
27583
31295
26866
32282
22608
24075
28067
29146
18954
20576
24103
28204
30472
18996
21146
22608
33706
12982
22300
27481
18846
20052
27374
12443
34039
17941
20180
21412
24438
12274
13502
20628
28376
33176
30216
28248
15363
34448
35243
14299
28419
15031
15456
17650
16714
25675
30247
14590
22766
26846
22712
27904
18846
25099
27374
21088
21107
26144
13648
14605
29833
22340
16323
27354
12404
27172
14338
12277
12290
29552
30227
16013
12286
25671
27601
15085
23535
29931
31106
18944
32651
25263
26080
28974
19835
20632
30012
25931
32901
32921
12665
30002
32831
12290
13856
32363
29847
34898
12336
27449
31134
16658
17002
27707
17231
34071
12300
23961
33960
17476
22809
34879
14586
22808
32681
18824
32492
33166
16347
22650
26570
27884
13656
25815
26563
22751
26671
27268
34896
18700
21063
30909
12536
17333
18700
30930
21058
35051
12603
12607
14646
34739
12682
14641
24285
16247
16332
21074
23125
35126
29780
29794
31485
12314
17230
31575
34836
18649
20020
20810
20811
12741
12789
26508
28581
14376
19699
24642
17056
27810
27811
28068
13342
14443
33991
34221
12321
31474
33069
17499
25818
17501
20009
12371
19091
34039
12332
29052
30115
27595
26451
27571
33503
22498
23550
28625
13681
32616
14559
14983
21144
27656
27234
27872
19795
34456
12339
17204
17259
24633
21088
26151
31486
16416
34729
20451
31326
32641
21107
26151
31544
15845
27471
32485
27232
27616
32655
19691
32341
19104
29178
29206
14730
22700
22939
12653
15598
22349
14396
17187
34342
35032
17077
34678
13710
28005
32664
32864
34157
21980
21981
19687
26562
32824
34225
22062
22070
25673
30157
16147
19538
29474
30108
18530
15422
16518
19922
31347
22801
24978
32898
15466
15805
29900
20767
34938
23001
27977
17401
19566
21981
30130
24286
34322
22923
26317
32686
23890
25789
29998
12368
31485
32022
18924
21320
16590
25578
21743
29327
12371
12684
18915
26434
18705
27277
21320
14853
34684
35100
12695
19109
22470
31645
16297
16267
16398
26455
32665
33195
16722
30174
12408
33077
16352
19002
27005
29968
12704
16300
19701
19065
29289
21686
16174
15458
17156
18830
32162
12534
19850
19136
24232
26037
26458
12390
14641
15296
26666
26505
26669
27819
13733
33264
12582
26357
29281
13707
19128
19895
26350
12441
21617
22818
36716
18599
18612
24505
17475
29837
13649
12408
12433
26457
14615
17390
34914
14142
30915
28232
34889
34890
15876
17501
23070
17474
22786
24959
17373
18530
32809
32929
22879
24980
32813
19193
27754
28206
12414
13956
15489
21660
12412
13932
22728
31442
19907
13948
19468
21687
17091
33077
24911
31437
15816
16539
34317
34318
22922
32934
34095
17819
24320
34986
13463
44510
15572
19015
34952
12467
27828
27894
27562
37066
29280
34938
17608
17668
32843
13973
15863
32737
12795
15909
25617
16263
25796
34916
34918
14614
32762
25803
26612
17067
22749
27748
32579
12434
13788
17142
31567
27273
32732
34458
27750
32759
27419
30609
30610
12477
21617
31592
17391
33005
19641
31417
12459
20579
32112
22565
28834
31634
36865
17819
19575
34983
15796
18716
27161
20473
35074
26198
27971
22926
30667
12517
15829
18199
22776
29228
32719
32881
18288
18559
19144
25926
15923
16491
25820
18629
23767
31113
27216
28310
26612
32746
35436
21621
29865
19802
21621
22572
22746
22778
31592
12512
18961
20653
31845
12489
12499
29095
25968
29904
17591
27861
21670
26948
27633
12551
17067
22749
24868
17707
26227
34234
16024
27621
27651
12474
22819
26942
12576
24869
26922
19986
24256
24323
12479
24519
21617
21674
36697
16441
27769
37072
16502
16520
17139
19220
19210
22633
24974
16042
21210
21322
17723
25013
25978
21322
21556
16287
39784
17211
19319
29251
29883
26203
21739
27877
34777
14643
17665
18259
35249
12494
17566
17569
27847
12534
15964
15827
12520
29243
31638
36784
27796
35146
20614
31678
33089
15936
26564
15237
20068
30076
32896
14703
14612
25796
26629
29860
15623
25018
26004
30455
12512
13902
16572
16614
21812
15619
17783
27789
14354
27662
37558
14490
23982
28003
14343
23055
29095
29193
28508
30868
35098
13950
24834
32817
22934
34095
32175
13565
19977
27265
29988
17697
31664
14660
16216
27000
33618
15718
22921
19006
32038
31441
13997
17182
25617
17182
24092
24095
12644
13645
29710
30580
21679
29888
12538
13900
17398
24069
15972
27781
32819
13975
18393
19311
22729
13935
34320
14385
15993
19839
26661
37492
12560
13645
21400
12600
12808
12897
25489
27804
15731
25849
33285
26584
30586
30593
27801
32815
32859
34933
17774
27919
34979
16017
24244
29894
34956
32717
33363
34986
24323
25939
27701
27635
15572
19906
24262
24923
27732
17156
19729
16478
18494
35065
13461
18644
20639
17665
12578
31444
26377
34635
13502
20625
29593
16026
17458
34282
17612
33007
14689
16289
29952
17586
22886
33004
13928
29265
29700
19898
21593
24277
19212
22704
24210
24876
16441
22818
27766
34883
22572
34871
21646
22819
17662
27761
32750
19801
29814
16370
17978
27632
21647
22819
27755
14129
22776
32722
32870
13844
13740
13752
21591
26430
34293
12588
12593
21865
12682
21462
25549
15441
22910
16448
23799
15886
18106
24179
20058
23746
25112
35132
12590
13858
12662
25097
38469
13882
29948
19395
31899
29593
32808
17552
17742
27909
32936
20566
23775
23820
15463
17752
24981
12605
22925
26255
16099
30584
30876
22951
27975
32033
21038
35098
22996
27372
27983
15718
24931
27382
15433
17557
12688
13924
25907
12644
12891
30594
31729
39071
13546
24319
27984
29899
17367
29299
33855
24930
27384
27983
12651
26203
22916
22940
26234
15466
32997
22015
27254
30864
14034
17614
32645
15347
22167
34743
17735
27973
17614
18448
22715
21735
21809
22761
18718
19919
32898
17819
22116
22120
27697
29917
34955
34958
12795
16096
20550
29604
27976
32908
32934
18402
19667
32998
31364
15517
33027
34694
22815
27928
34414
14711
17652
28028
28183
33048
30092
35082
20063
22972
25134
28991
25115
28891
18569
27957
33478
15469
15491
17656
18841
15898
22552
27365
15346
29504
21391
24594
34582
13249
33772
15726
27809
32659
12647
16597
16598
12754
12755
23841
28075
28076
22233
22583
29961
15622
25007
30072
27703
33083
12655
20666
25624
27145
22583
31972
34998
12684
22321
34036
15021
20555
13660
16584
40097
19226
20049
30554
32678
12660
32671
27954
31054
33016
20300
22962
23577
32970
35110
25974
26765
32133
20407
31271
12673
32689
16523
16541
34629
12932
19435
30567
13925
21357
14033
16554
17720
31772
38359
15632
15637
17459
22840
15676
17789
24749
18488
18927
29407
34022
12677
19952
26737
15558
17793
17454
19005
29407
12795
13667
20553
20572
17332
14150
23148
24224
24290
24245
12685
22321
28310
12685
17090
34117
38521
19962
20639
27381
29903
27372
23019
28982
14716
35111
15743
33871
15403
35024
13683
27945
16014
19701
16459
21281
28775
19658
19668
18156
22447
23956
24663
27644
31515
20875
22683
15947
24715
19979
25824
27924
28981
18060
34735
18060
15067
18645
21490
13287
30151
12711
23688
33668
20927
20961
21148
13100
21477
21507
23223
28676
32855
15052
18180
24004
28342
18010
20028
25042
33122
12730
25301
21612
22623
32560
33612
18089
30256
24440
24664
25342
26039
12994
16062
21831
20051
24664
26039
12884
25594
33280
17775
23664
28036
17764
19300
23118
22636
33527
25071
34721
14899
18024
19951
33529
12849
20335
22962
20091
25054
35102
26494
34699
18174
23362
35192
15720
17196
17322
17131
19999
27193
14852
24529
25578
14859
35094
13725
13822
22297
29052
12938
20525
20873
33547
14987
17440
24721
28113
28243
29059
29092
13364
21618
21626
32192
15475
33085
35072
22647
32564
17118
25118
13723
14368
19355
28240
24038
24185
14149
18269
20225
13785
28196
33168
22686
28717
15451
25840
37829
24034
24113
20668
19347
35135
25129
35137
14595
19364
23442
18750
21887
34704
28893
12856
27404
19626
19640
35141
35202
14239
19460
20519
33547
30099
14913
33240
18214
20066
28085
33409
18255
24903
28221
17277
14181
25859
23454
23456
23731
13684
20881
22771
14893
25147
40763
19980
29024
12937
13077
18246
30275
15312
18469
25582
30706
31291
17924
18254
23889
14852
17880
31839
20726
25674
31473
12794
19093
20061
24121
14997
18174
26102
30295
12933
34643
23073
25196
18012
25075
14790
30040
19737
14801
23624
33201
18464
18489
22490
30483
21111
24715
34440
13898
29032
33075
17651
23066
29502
12875
13851
19682
34537
22159
28200
30020
12888
18020
25430
26397
26438
31130
12824
15991
15995
34092
25587
28459
31297
25093
33060
28474
30483
31299
33511
21249
21397
17892
28547
18810
34721
13087
25517
28733
25256
14201
33160
14679
15870
15947
17360
28044
12818
13087
16473
22189
15048
19614
23131
25330
28733
28736
30544
16613
24398
29734
16148
16681
18562
29733
12828
21691
28693
33695
12825
12888
14866
19951
21147
29049
31396
25428
28335
28730
30094
21784
25061
33239
28705
33709
30958
16641
30813
39063
12860
15626
21834
23160
16536
19485
24514
13113
21928
15093
18560
12841
21147
22365
34059
12978
18016
23306
28181
16577
18754
35164
16626
18720
20359
24391
12842
29049
12850
29759
32363
17906
18761
24658
24821
20351
23295
12962
13005
15704
23390
25813
12999
21964
13271
27348
13564
17231
14675
25820
23154
25184
26071
20010
31764
14098
28406
15542
13673
27369
20045
30410
22489
15624
16576
23306
16576
24676
29849
22485
23158
33300
18009
22076
24819
12866
30341
25691
28736
34811
14203
19402
20004
23605
35081
14865
14766
39883
14105
19993
23200
21760
23765
25560
25563
33489
14901
14904
18016
23307
14701
21759
23325
29643
14313
16529
18015
33144
22322
29528
34166
17981
25103
33299
14791
12881
29181
22396
30820
32002
28846
23661
26397
34730
18020
18016
21880
28181
20815
28174
15318
18021
21810
25219
35159
19322
21750
29180
30580
34625
20134
23995
34018
33038
15732
30812
12900
12927
21681
23498
26130
32772
19479
27334
16444
18091
28140
18821
34441
13805
13833
14334
17193
30754
13012
32518
21489
28224
33877
13527
22306
30633
32432
17905
18255
24838
25187
15904
28171
29380
35180
22394
24598
34539
33313
23273
26813
33227
20501
24598
28927
28934
16630
39488
14873
30150
34372
19469
20477
34615
16668
19276
19607
21894
28278
15941
16536
28521
28110
33168
25417
26283
17298
24748
25201
25261
28269
28595
28659
18760
30228
30778
15748
17986
25719
33394
13041
14160
14207
35235
12945
19495
28721
32494
30300
20734
28105
28398
13278
23164
24357
24514
15026
25421
14173
25914
25940
15884
21900
31596
13698
18196
28685
25202
20012
28288
14892
23058
25179
25672
14855
30127
13077
17570
18196
19371
14932
17979
24754
34467
12955
21680
28511
25218
28171
35183
14914
14915
18245
21837
25191
31675
16444
23217
26829
30978
33279
13452
18376
27247
30813
38345
19304
33117
20752
30170
34406
21638
21675
22550
14916
23308
14952
20139
25626
34404
29024
16645
20833
33495
13415
25531
28731
20833
23502
25622
26534
28552
25532
21106
25519
27453
28044
15704
25730
13407
32434
15724
22677
30198
28542
33154
33165
21515
23294
13012
17260
18070
13390
28934
33929
15033
25523
13060
18372
23330
14807
25085
14904
28026
35088
22421
32295
32296
18299
28933
30611
13429
34127
16051
19287
16258
16264
16897
17049
17962
32171
26764
33225
34396
20154
24373
34392
15854
25781
29462
16304
21494
16056
21233
14102
26796
18291
25536
34774
15045
28226
16618
19266
33100
35203
13003
13010
27723
24361
25700
13017
13026
16867
17166
24364
24484
16369
21409
28133
13015
31250
13332
30896
40471
24553
33183
33150
19832
24266
16876
19972
34553
34558
20509
31298
31558
31624
13015
19013
27495
13013
18082
32434
34174
13612
25110
24422
26275
28166
14509
28268
21286
28583
13038
20369
21546
33768
28579
28583
31294
32199
20499
21926
40719
15883
23097
31098
23378
25712
28365
33356
13097
30845
30848
13468
22433
32296
32434
21563
18207
20640
15051
33376
21874
23963
33979
34169
20205
25292
31386
14495
20818
25869
28349
17935
31018
18220
23366
20244
25351
30281
25319
27040
28370
30258
13039
20524
30451
13042
17321
21530
15886
18106
22480
20978
20524
44017
31083
13046
13812
20050
24022
18169
20986
30266
33385
28108
30480
13055
14976
15056
28363
15245
16789
21497
28573
13074
15662
33303
21970
31191
31259
15462
21944
26077
13066
17803
22008
28606
20872
30959
25904
28399
25292
23149
34001
17342
17415
34137
13109
23297
26147
19198
21252
22576
18361
13105
13116
23749
29660
20425
26022
23532
30372
33457
21970
24446
35250
13123
15883
13123
16715
20824
17957
23383
33254
32421
32438
31260
19888
22282
32505
24002
24236
28344
20042
20122
24725
25194
18892
31659
24084
26887
30772
31871
13096
21932
13081
22017
22189
22008
25505
28606
21906
23258
22598
33248
34507
23252
25265
25271
18266
29447
33723
23100
26868
28426
34205
13448
22179
28654
28835
34192
14906
14962
13698
23366
13093
31059
13106
24141
24772
26036
30906
33874
16762
22125
41800
18195
20236
31861
28337
29453
42761
18146
25223
35221
21655
25210
13828
24183
21924
23247
42821
20346
34473
16303
18246
32063
33392
18366
25499
14906
24144
33345
25295
25298
24412
25765
33235
13184
17342
13112
18969
19890
25317
22408
29781
14963
16852
30256
30295
13410
18877
27028
31252
33739
16843
21521
33759
16206
28458
34609
15195
16536
34535
34580
18214
25392
35225
19609
20713
35217
35219
15096
19281
18203
21944
15211
23631
26992
15250
21867
25576
15344
21225
26407
13138
13145
22037
13138
27060
18357
25937
16855
32500
33453
33702
27523
30565
32442
34034
22317
29368
13185
13729
23965
13138
18232
18268
29832
16408
22274
25469
28765
16025
21475
21726
28602
18510
18591
18230
25354
25356
18814
21261
28456
30336
18578
18579
25509
18735
25497
34094
18100
30327
16792
27009
42648
18268
23862
14205
24818
13169
22897
34861
16651
16796
18037
31461
13304
13308
16436
29858
21522
21525
28660
13320
18971
31875
20427
33630
15496
22237
28002
20260
20510
28644
30542
18460
22719
28598
20837
27696
28319
17964
20349
28526
15861
42163
14204
16777
13552
24815
29858
14212
18333
31375
19384
19442
24501
13298
13335
17064
24192
13184
13770
17342
34132
21365
31266
13842
21031
21313
23168
22888
22897
30557
33605
28919
28922
13238
18542
34138
34996
16317
34578
20496
26124
30533
13363
19407
20966
28612
19405
25444
25976
31454
13276
20424
24512
15324
19241
19404
19678
14260
13978
19383
31375
17038
17251
22594
32110
18420
18465
33604
25446
26128
13413
35120
24574
25496
29555
29572
32195
16272
26150
16884
44663
13195
23965
24134
24135
17284
26290
45648
18815
29717
33319
22035
22036
13230
23819
28958
15059
21273
29518
13308
21310
29527
34601
15248
15746
13564
17231
29754
30220
15559
29124
29441
13268
19074
32979
16760
19817
21447
28782
18296
21341
24560
28879
33764
18369
23313
23644
14352
18417
25396
13279
19424
20807
21947
25359
29485
31012
20494
28291
28488
33517
33479
33568
33575
25882
26968
15847
34922
34978
13229
20596
24133
27228
20397
23129
28632
41789
18368
21145
24729
29916
18310
18876
15265
33570
18421
33534
26974
30503
14298
24575
23898
29410
33568
24158
26707
34210
31908
23331
23649
33671
22260
28352
31544
15737
17873
28044
13632
20829
23644
20612
21381
25845
25884
13382
31102
34056
14980
26149
28952
22177
23682
23055
32018
34445
19397
21105
30230
31118
13978
24486
29489
28967
30368
22446
25784
32420
20832
20834
21160
14234
14250
34515
18378
23611
34978
17655
25839
13424
14527
15179
34635
22358
22423
31008
18904
25552
28587
13412
13597
28510
28729
18544
19500
22350
16856
18329
18549
33188
15709
23887
16871
45303
15745
16620
23861
31451
16820
30478
13442
20981
13262
21460
33515
19310
22234
22847
34224
22018
31348
18273
28639
30541
26074
28244
13281
13315
15000
23568
24726
33058
34577
13277
20440
14440
16311
28544
17308
21067
23917
32357
20335
28306
28608
28619
33608
19676
21767
21786
35124
13329
19775
22187
21070
21152
23532
30825
13333
13282
31247
23161
13910
27434
30357
33656
34609
13311
22229
19674
32979
13310
16757
28562
30894
23129
28662
26201
32233
13291
30836
30923
32010
20360
23216
23220
13873
30647
15847
18359
25404
27347
13452
18439
30364
19233
19432
21987
19387
29498
28320
40597
21376
33513
21990
40541
13964
13970
34491
15336
23673
30950
15094
21947
24495
28585
27092
34371
21953
26390
17092
29939
13324
13577
21183
19441
21030
27086
34509
15168
20370
34548
35156
14273
15193
13769
16734
20325
18352
19955
26347
13315
30622
32394
22487
23145
23637
28683
28886
19867
20293
30837
32342
17249
29845
17886
18286
41956
24542
25456
26286
14480
22341
20386
27016
34374
22714
23567
31035
33450
14480
15681
32710
15791
27035
34644
24157
31837
18431
22790
22800
26904
13337
29776
20399
23684
25854
26210
13329
13338
29176
28362
31907
27017
14245
20542
21279
24531
16808
26996
20385
24512
18434
23145
42012
21949
23794
30925
17015
30277
30376
22023
31924
20982
30514
35239
13431
31022
31024
33708
22003
23518
21142
27432
15328
22057
34126
15673
13595
13977
15374
32428
13348
19445
23567
33580
13604
32093
32113
32916
13351
17553
28356
22620
23004
14490
28003
13352
26847
15865
33580
13359
13717
15334
29533
31465
13420
30589
30691
13393
23657
25125
22202
32225
32500
20516
22756
23608
13373
20966
14850
21791
25235
24166
21625
23731
28681
30563
20306
20328
21615
21634
35239
19683
22548
33500
13590
13606
21157
34089
15948
28688
33182
33673
15324
18658
20530
25544
15472
18199
23666
14171
16468
31743
32451
26366
31425
32334
32370
25905
30238
33681
22864
29208
16938
18503
15374
34026
26598
27127
16244
20471
21484
30508
20497
28506
21479
23579
33521
29914
29919
33688
16984
18503
22092
33424
13625
17101
28417
17021
22299
30531
17706
23492
32988
34755
17020
18594
20952
23493
28700
32080
34761
22548
22929
28455
23494
33930
17962
20503
13401
19464
31463
34532
28686
33188
33434
14319
23720
30061
13402
25994
28679
33535
15934
22629
32543
34764
29328
31108
33704
18508
23718
33647
23492
27059
31463
14223
16087
34904
21414
25448
23716
25954
15675
27078
13879
22381
31760
26132
29005
22429
29196
13418
24554
24755
23571
23657
28750
32191
14352
18418
31120
15989
17529
30443
25534
25556
34852
17515
27183
13661
14470
35124
23268
43706
14137
17292
17304
32448
16109
34600
15974
22432
29025
13600
28925
33729
13430
16801
19517
19084
32387
29545
30766
34579
19405
25363
31454
17451
25496
25954
28685
34126
25553
32644
32676
13430
16529
23507
27065
22300
32280
26969
34603
32743
15713
30690
17276
22445
16795
19514
34532
17237
22028
27238
16950
32139
43633
32644
15776
32062
15227
20109
34878
21521
33654
13460
23633
15208
23454
22649
33529
16905
27095
32316
15212
15214
24582
28644
30542
18740
18479
13455
13487
13805
16366
20170
20177
18440
23101
32000
33564
15198
26023
15303
15701
17952
32450
18280
32751
21205
22758
23621
34528
18398
22020
33632
19964
15342
20405
26904
32162
32175
13549
26188
28784
27104
43338
32598
32604
22587
25920
30326
13491
28650
32017
13496
22456
25782
21847
27117
28791
43860
21941
23770
32323
22390
28912
31934
24187
29137
29583
32319
22121
24991
32243
21614
27540
32571
23890
15040
26377
28792
32435
33973
17064
20921
29163
31309
22515
29155
32502
18063
22158
22194
22335
20564
23966
22520
24093
27333
31842
33738
16961
23815
33849
25126
13847
24081
25621
15958
28908
23633
24527
15383
21731
26985
18861
21855
22152
13523
21444
22400
29620
28969
29451
15246
32349
33776
14341
15411
20560
16753
33743
13510
30042
18698
23813
20558
23820
24741
17244
25661
19760
26014
30936
13519
13520
17846
23970
17262
19856
27397
27403
27299
34621
13688
25623
32226
20908
33970
27579
31382
32344
23830
32087
17250
17280
26053
15359
21753
21773
34760
15376
21911
26580
25637
28840
33711
23795
28840
30768
13529
18587
13529
15344
16407
17014
19739
26593
21737
31460
31849
13554
20563
15569
17255
20895
32382
19739
19751
28856
15663
21896
21583
30610
16666
24545
25458
20894
33822
15869
15358
32087
14382
33817
18703
33980
16445
22288
22289
24159
32346
14364
15400
29615
13566
17409
20432
24640
34832
19573
25663
14251
21195
19776
22254
24617
18684
29791
14725
21778
23089
27979
34983
17818
32994
16524
32941
27317
17203
25784
30755
17550
23842
26410
14016
16524
21688
27379
27403
15279
33509
39615
13846
34082
34792
19474
23737
31023
45626
13559
18581
20874
18581
29586
31190
22025
27088
30412
34591
29585
19761
20721
31766
32071
45500
17628
23800
29816
13606
29759
17526
32548
21197
23680
16540
35110
16540
31782
14192
21859
24592
24375
25190
17969
21790
16793
18405
20515
33629
15729
28315
30463
21202
23621
17840
18720
24463
28305
16774
16779
34525
41322
15970
17239
22416
13601
26822
26840
27892
14930
21768
26803
26855
19527
22967
24458
31803
19887
33888
17910
22434
28893
24163
34175
13798
26063
26840
31253
13977
33906
15276
18560
15691
22132
23885
28503
13594
13601
17239
28944
16942
30508
33663
18322
32113
18304
23496
30641
20352
25988
16116
32105
33906
30507
32095
18926
33314
21351
15691
28920
33713
17756
23434
24699
26063
18790
21003
28930
32093
15734
22335
22349
23896
32985
18306
23536
34945
17165
30204
13795
13851
24515
30567
22105
22111
14297
21296
33911
21344
23694
21393
30223
22586
31108
33921
13615
22543
28284
32628
13616
16291
19705
28284
13681
17446
27236
27897
34790
13863
33119
33129
15044
20789
28045
25245
25416
13657
34862
15091
32431
17130
24558
28487
34056
19733
34277
34278
14415
28039
29430
25980
30226
22414
23434
32973
33696
17187
24222
34673
19198
24483
19401
21105
20207
26793
14652
23932
13637
16751
18191
25940
25377
27132
14236
27210
27996
20594
23976
28789
18661
28966
32599
14173
14236
25940
26726
21093
22503
32244
32250
24736
31445
31466
32252
43490
18655
23790
30876
21910
33833
33876
15366
20592
28965
32155
19973
27724
32867
15924
29015
17789
19665
22519
22584
22981
24169
34175
17170
18141
19733
24847
19733
26267
19788
24214
34900
29960
30832
32971
26927
21757
26041
40266
15285
22551
13801
18858
23978
14539
15689
15842
23812
32393
27146
31401
16465
16469
17157
20550
13847
19781
20430
27675
20592
23786
18385
41827
17037
17087
23782
34010
29184
30359
32369
25946
25958
28066
17126
18200
23466
23750
43658
19737
27517
32237
31403
31762
19423
27245
27422
13695
27651
32552
29811
13719
19105
31403
35127
20854
28435
26070
31049
34218
23376
16391
29190
14125
14512
27175
16936
21860
22102
13830
28463
23959
30030
32048
13727
17126
21085
28169
13911
29217
27368
31184
13707
22661
26395
23093
20734
23913
26282
28401
14493
15368
29799
32621
13767
20690
28910
21141
31542
31548
18200
27625
30343
15789
22546
13722
26394
34289
13709
24279
13721
24008
34120
13733
26409
26558
32216
18994
31567
20613
24018
34063
14354
24123
19024
20285
29147
32491
27591
33287
18921
20621
20311
20966
32714
29363
22388
13835
13848
15090
25408
31477
33285
13733
26395
13811
18968
34096
13820
29068
18934
29051
18200
22864
21179
27395
31361
19884
20711
32504
24021
20612
22399
24030
27007
13765
20324
26394
14810
28348
29048
33074
21401
32588
32589
27584
29062
34213
18080
21927
26724
35023
21604
29141
34161
17095
28294
29020
21653
25539
26389
31384
14217
21190
31407
13746
17309
21662
21666
24284
16479
31662
19865
28175
29020
31429
36701
22482
22679
29020
13758
24045
26161
33749
16010
20692
31869
24045
36611
19589
25539
28157
17412
24045
37139
32582
15417
15992
31860
15356
27438
13758
25715
28100
32325
32330
32372
19420
27859
29250
37618
27561
35557
16030
31571
19316
31037
20045
27484
29543
18820
18957
14511
19054
17167
24475
26567
22591
31614
32278
22294
22585
13822
31265
34032
20159
27663
19420
20347
20936
16267
17285
26060
22315
27404
30163
32367
13784
13789
13798
30838
15416
34100
20564
32032
22512
25621
32506
17090
14857
20055
27431
18293
26063
29105
33722
33749
34154
34166
18939
26012
36618
28556
31526
18293
28272
16071
20929
30894
31065
13802
28465
17407
24097
30381
22531
27295
28050
24101
14528
34534
13869
21443
29552
34071
14004
23400
25879
15110
19955
15348
29710
30874
16901
20571
23761
32244
15867
28804
29566
34129
26573
28493
29362
30565
34132
13974
21653
28227
34104
14927
28135
32089
20302
24113
20014
27371
28589
29074
13821
24069
24096
29059
20307
32297
31254
24085
27269
30625
34112
19053
25804
34752
22471
25943
21109
28563
33912
19038
24073
28113
24038
13837
31466
13930
27845
16424
27493
25908
31128
22317
28264
34167
14857
32097
19017
22589
28142
32300
19423
25359
30431
15856
28811
29501
24114
27524
29186
34112
17385
28493
16228
22867
29068
13845
21108
25809
20329
20345
25364
25396
18827
22370
31238
25800
37366
29368
20694
21190
34054
37679
26398
28999
34503
34504
15013
21303
15765
22472
37698
20345
23391
32283
13895
19014
23391
33912
17099
18933
26982
22406
28768
24762
19097
20606
22401
13882
15126
15664
21030
23465
15930
25897
25911
27492
18986
34069
13865
14527
27330
31121
31142
15699
16962
23774
29304
27478
30083
31104
21446
15124
15179
28453
14467
28862
29220
17334
22411
24147
34641
22219
22450
28986
26016
26131
27733
29259
29081
31876
24050
30436
22238
22244
27393
34212
15978
22382
29103
16128
16160
21578
33421
17102
31216
34087
16445
31921
20257
20488
15559
31879
34179
14364
19755
25644
30587
20303
14376
19738
19771
22224
29200
29790
22033
34652
22029
34652
34825
13913
13947
17676
34249
27269
30625
20441
31550
13905
25371
25383
29831
19748
20417
24204
32177
21302
32345
14528
24515
20430
24140
20615
14969
20596
26707
22244
30307
34212
20422
20439
21399
18936
22345
18921
20539
31773
31585
31846
31732
31733
34037
20727
28997
29744
15112
33442
14457
16115
19639
20581
15107
17126
20992
22644
24214
34907
15126
28483
29093
20807
28468
15526
19805
16339
16653
13954
19841
34860
13971
20288
17369
21683
29874
31668
16421
26605
37231
16248
21614
29738
29867
19162
28198
29671
14043
19168
26526
19215
22739
24746
24864
29702
34750
16289
17580
34348
24279
26558
17826
14673
16521
21711
17522
34610
14461
19444
19456
26154
29884
19098
23531
16472
22458
26458
26459
31472
13994
22941
24292
28780
17569
18289
19157
23753
26307
34491
14674
15254
34959
18559
19147
26465
34975
16697
23441
26462
19311
29889
13956
21660
16475
19126
26666
35041
17576
26465
26237
31314
34008
19144
24239
25926
24255
34940
13955
19431
19481
22127
23509
34249
19142
25504
25537
25565
28971
18726
14706
18911
34348
19541
29890
32742
13959
17676
24241
31208
14647
14651
27732
34960
16308
16780
23513
34663
13963
19098
17601
23531
24924
29893
14606
19956
29978
28615
35116
36525
14006
19146
19161
19417
25381
17585
22857
29278
14520
16868
19114
24802
16285
34273
15483
13971
29492
30344
20365
34491
16914
19042
33865
27626
19147
29889
17188
18988
22413
30213
17458
22899
14648
27915
14045
18902
23912
33777
14637
33360
14020
14032
25303
33388
31521
31523
22413
22424
28979
20808
22700
14518
14575
16835
26846
17696
24288
29933
35057
30991
34313
34991
18000
32935
33857
29944
34312
14000
19158
17718
24817
34330
29743
31504
31689
32236
14000
29317
34324
29309
31471
20575
32161
14006
34975
22986
25761
25874
31100
23007
30003
30465
17341
34238
19085
19023
19035
24303
34321
16517
21457
22713
17588
18987
24974
14045
14098
18902
30806
21630
23848
24311
17348
21884
21897
30598
17083
23021
27153
39405
16038
23047
33326
28873
29943
26344
26693
31437
26459
31442
14747
29331
24621
34324
14463
31333
28868
31308
26525
17732
26710
14043
24270
19654
25755
25907
17730
21700
14029
14461
17820
29705
16516
24337
26434
15722
24242
24986
32072
14889
23095
23912
25013
23009
27677
27984
16654
31524
34967
14053
14247
15296
26357
14040
19654
19945
32262
31084
32548
33988
35005
14043
17462
24332
24746
34748
18722
21744
24317
27895
31521
26747
38051
23913
28103
25257
28240
34469
26351
23760
30169
39491
14170
25248
14785
22488
22699
24212
25372
19165
22899
18390
28234
29432
14542
26714
18860
18364
25344
24404
28274
16635
18725
18727
26146
31807
33167
15088
30215
30218
33682
14684
18148
21886
26871
20804
20818
23385
19314
21810
14066
18732
25618
25632
19723
21129
27179
14070
34366
34402
24387
34400
17093
23205
15053
30301
30309
32221
18754
30294
25179
28419
31925
14100
15117
18689
23810
14339
22336
34806
19540
20550
15534
30172
26243
18169
33358
34002
34003
16261
28213
18166
18204
29204
32207
32220
18851
23537
26251
18598
23027
23810
23301
25184
21829
30199
39034
19480
26958
15004
28149
33284
22334
29253
31743
24465
29448
30173
17977
23229
24890
33398
17705
34293
19731
22370
32159
34119
14112
30271
35104
35114
16711
25137
28409
30261
14421
14438
31100
42683
34014
34772
19521
25331
15097
15171
19297
15108
19591
19594
14944
21379
24395
14936
19275
28261
40244
25807
25811
29930
34293
33475
20040
24048
14111
25549
28013
28294
31850
14126
22860
19480
29377
39509
20094
24673
35154
15032
20210
20774
26215
18481
30665
33841
17930
21882
16302
23662
34482
18256
20353
30174
21067
22466
16052
16305
31840
27169
31459
25539
29255
14514
16188
32448
32483
30312
33032
34708
19170
24862
18251
18773
23438
20143
24191
20787
32837
14170
14887
30209
14147
16694
14147
25270
42296
24290
27773
32716
16188
16238
15095
16312
33452
14657
23133
26424
41716
15440
23545
28667
15618
21074
20778
26820
16205
18383
24441
26420
14809
20103
34367
34403
28098
18298
26691
29433
32945
18076
25348
27866
32716
23258
14495
14526
18350
18625
23668
32379
44834
16476
28615
31666
15516
19301
23403
18070
18442
20185
26260
26264
14176
14183
19138
29299
25867
26371
28326
14180
15031
14164
30242
30383
31716
17684
33379
23407
26714
31261
20245
25198
14172
30282
19354
20267
21330
19342
24461
35164
15787
16280
21052
32357
21412
30211
31740
31744
32470
33355
15349
18202
21905
14501
16693
25826
26262
24846
34460
15481
21169
31187
14224
18179
31410
18935
20919
28442
17933
34472
15166
19204
16543
21616
15137
19266
35203
25165
19378
34490
14832
19317
20147
16282
18461
21248
24697
17800
20460
28896
14935
14959
35204
19266
20096
30183
24467
31338
41790
14195
15123
20458
33103
15064
25207
34433
16277
33109
20591
32468
17169
19556
23341
16382
29470
29477
33389
16751
30246
18108
28947
17314
28355
16775
21260
28507
14219
24499
19436
20384
15081
15597
34498
20133
14472
16804
19682
29475
34538
15599
15605
30870
15793
15801
17898
24536
14216
22813
28505
29093
29491
21299
31377
26173
31377
29491
16084
19454
30865
26984
24768
19331
33365
21509
25444
25976
14352
18877
25396
16798
18320
15196
20409
20419
34571
15197
17936
25490
14683
16543
15187
16097
31264
17939
23379
15666
18334
30422
15168
34571
14243
15143
28646
28657
17546
19477
20536
31173
14521
15697
19465
25494
14265
14272
16104
18340
16795
19464
34532
35250
20978
31904
42223
15702
19514
25448
19895
21462
24245
16972
20597
29473
21733
23219
23843
27310
18455
20394
25490
16800
42463
16770
17874
39921
28657
28734
30891
31168
14465
14812
22856
14314
32012
25041
28873
29943
16383
19457
24489
29307
33056
34337
21307
25487
25488
28586
19670
21341
28522
14275
16883
33321
33867
18607
30475
30999
33763
14280
15009
25290
21716
26077
28643
33641
33852
15172
21245
26287
18230
18232
24551
14479
18261
19512
17092
21253
34601
18353
21441
26288
36309
17574
19007
19580
26403
25851
16892
28753
22054
23700
28700
32080
14458
19340
20226
24574
32915
33025
33504
14315
22025
34596
14286
35244
28875
29307
21916
31965
16118
43478
14294
24775
26372
26753
18919
29553
30415
33214
16256
26857
34590
23706
23710
27056
30484
24599
34585
20533
34476
34770
14505
14530
15915
15925
29576
14300
15161
19847
19503
17598
27817
20193
28101
30302
15811
34318
14304
33258
22044
25566
28936
15282
16007
16886
17711
20082
22262
28876
14381
23355
25672
15278
17355
17822
29526
18606
35173
16007
19518
23738
17433
22368
28688
15195
18338
20541
24762
34535
14323
29325
34337
15925
19494
26400
19525
21264
23472
24597
17468
29555
30765
30779
22489
34820
23685
25738
21615
28141
18325
20336
32195
16256
20454
34586
29301
29332
15999
16015
29569
14474
29533
19475
26290
44332
14335
29061
29595
27122
34725
17427
16888
22360
33431
33475
16956
17023
26303
27122
18663
31496
16011
32586
17940
30257
14431
25656
25895
16667
24202
14949
17242
30091
25080
25081
28851
44107
21297
25733
30600
14456
20555
34631
15531
44868
27555
32219
34782
16916
19554
24146
29605
31157
16115
17003
34745
25937
20666
22097
27145
45507
28179
36878
17276
22029
24644
18954
19034
24020
32589
20710
23386
25178
20725
25178
29627
21565
31556
32129
16140
29770
14368
25178
14429
17078
19536
21354
14378
14412
16119
16136
31574
16969
29612
28239
34783
18705
32342
16920
20599
30093
32150
16655
16765
17300
33602
14373
20222
25640
25648
27428
27429
15406
17249
22252
28364
18684
33598
17320
31574
33443
33730
33738
20271
32158
22254
33745
33837
16896
44697
16968
20695
30074
24253
19337
26665
35078
15219
15911
24924
31682
19151
19629
23441
20181
30385
21665
26664
36806
14392
14395
27966
34673
24237
34675
14720
23957
31786
18150
21902
30272
16226
24222
17133
22160
22207
21836
14733
22447
23733
16331
16501
16520
34350
16331
16838
16840
19653
21355
27345
16534
26724
32072
16000
18938
28534
24928
33127
24429
25059
23343
15907
25181
33123
15907
28040
34332
23051
25009
35105
28977
35162
35166
14423
14523
34322
15041
21853
26960
28740
20685
20693
27990
18001
24372
29948
14759
26672
33503
15157
16337
21796
14788
16605
29631
30034
18189
25273
14768
33173
24286
24377
27206
17621
22049
17109
29396
32100
34626
16186
20602
21293
21297
17061
29071
34804
31491
31492
33685
26326
26359
29617
14466
30575
34807
31402
14454
14513
24983
19646
21396
24727
34736
14782
22504
28280
30595
21889
23768
26303
27356
23417
14450
28776
23929
28353
31544
31547
22258
28351
28353
33940
34223
16320
24717
27597
16446
28502
33431
18060
28280
30595
16362
30202
30595
17562
29548
34592
19651
21282
26597
21281
28773
29687
29691
14458
14486
19353
21485
19222
24530
19728
34746
26378
31301
22685
28047
17182
24095
24618
14462
23009
29705
24301
34339
34283
22796
32012
25650
14499
15392
24078
18358
28241
28323
34507
17923
23379
25494
15285
17452
27052
20530
18961
29054
31678
34043
24583
33756
15106
18621
24701
29506
16104
16939
22172
33867
14504
14513
19220
24530
19342
23258
24461
17963
18809
20513
27911
31347
34982
17813
32769
25812
26657
17882
20074
24437
33249
14910
15755
30155
19606
29648
25826
25864
25865
22686
29263
14494
18383
20237
32528
32593
17446
29811
25814
34468
21548
22211
29073
32159
21444
15192
24090
29164
18937
30115
34065
20006
28500
29077
18390
16693
20751
24456
25865
22265
29907
19135
24405
33003
14524
23134
16947
19718
31090
16657
17002
15564
15571
23464
32421
14524
25324
19329
20663
25323
17203
29088
29712
14523
17139
21077
23974
34360
22868
27793
35812
25005
25021
19134
24881
32737
16868
24269
24802
24804
29659
31518
23449
29521
14833
17866
21361
24377
24405
20217
33215
20217
24789
20315
20318
19408
29513
16666
18685
28852
24775
23541
24798
25438
31568
26324
31580
34826
30058
32432
33803
16440
19765
21583
29763
19334
23376
27383
23827
24651
34659
22287
29966
31996
15351
16963
32254
16440
19765
26918
18364
21969
26691
16488
25662
29760
17343
18389
22642
16862
21869
28860
22223
43659
22151
20732
33811
16450
19823
21587
24829
14561
16531
19238
29954
21005
21870
16986
19777
31189
14656
33160
27275
29673
32282
23824
24833
31457
34639
21862
28787
33616
33772
25785
31131
14657
26424
29761
14583
16289
19228
23230
24783
31965
14579
20919
25233
30703
25327
29421
29632
30631
34638
34838
16900
16938
20960
23821
23828
33837
20560
25669
33834
15415
28831
29766
21515
24481
28130
15444
16333
24287
16988
17518
16669
22648
22760
24881
14634
16601
24778
26559
16409
26332
32622
14580
28442
25234
16960
24213
31611
34867
22824
27170
32639
14689
26360
29954
26872
33416
19130
20026
26669
26948
17465
17481
14589
29664
30050
35073
17327
17386
32145
14970
15636
19732
16622
20056
29637
30659
16330
17463
16365
22722
22887
34876
27170
14600
23437
28091
22779
27189
27720
32745
22786
27719
15873
32732
14628
23212
22887
24875
29823
29826
19783
29853
27237
19714
31086
32593
19976
32153
15551
23110
29980
17692
21646
26944
27767
14617
14628
30703
24488
24858
34912
18287
22789
25098
16377
31631
29863
34918
17220
22564
27751
34912
24519
29738
32629
20919
14619
15551
22791
23009
15540
25149
29705
17316
24883
26629
29860
14692
15545
16376
16378
17220
34866
21208
29234
22729
24257
16035
19846
19849
29293
29974
32983
24916
14638
16041
17432
21595
22903
34940
15798
19142
30902
24935
27829
27920
21732
22922
32888
20715
17540
22129
23848
24321
21459
24274
24880
22129
17924
26054
22821
22822
27830
22739
27214
31471
16475
17674
22435
24760
32875
15409
29321
17585
19313
27836
29283
19836
24262
27790
19223
16150
21662
19628
26625
29683
16162
22666
18664
25254
27693
27917
14655
15254
17617
29915
26352
29311
23932
32238
33295
24323
25939
34917
34944
15519
17447
16217
34939
29228
32715
32719
34261
32729
32840
27301
28823
28827
28902
20331
24653
26603
27825
32911
22730
26002
34971
20932
23870
28090
14673
19107
33857
16660
19649
25316
15813
17432
32816
34969
15910
28814
28835
32447
32937
32940
17780
16491
30904
18004
22143
33860
14754
24981
28402
19632
27656
32238
14681
21402
26862
30201
20713
21848
31423
16697
32713
34934
34961
19102
19107
18146
21605
35221
20004
20008
24506
16124
23538
24716
15724
18173
33531
22982
21780
17827
19962
20792
30008
33989
23733
22160
27411
27816
35029
16226
24669
15387
32254
44479
21358
32074
39732
31782
38271
27303
32969
15098
15590
21627
16570
17121
32793
26761
30021
20101
21243
31887
35111
18225
20161
25243
28427
17194
17725
26741
21323
26351
14785
19996
16528
21703
17881
18531
24904
15273
16371
27928
17783
23703
25841
18217
22787
18225
20242
25694
29453
14717
19364
20173
35211
25019
32972
16680
18249
21722
29946
29973
35112
28903
35207
15672
35028
24659
35029
18163
24691
25243
26906
14742
15064
25223
33103
18341
29999
25010
15629
25010
27457
30515
24372
33052
15491
21471
17311
26475
32795
33533
16470
22949
15728
18080
22443
15381
24469
18461
28213
14756
26085
27649
30994
33959
22459
30932
14752
16812
30578
30619
27612
27615
19970
23945
26113
28970
31884
34490
17401
31351
19156
24328
27701
33002
17805
22690
25030
19575
22130
27973
16531
16532
29310
22154
32968
32972
27708
27710
26359
27098
30114
15940
21058
30674
32913
27876
17879
18509
18511
14858
15360
24770
25057
16169
24393
33092
27571
16257
22955
24393
31753
25512
14764
14776
39946
22138
27913
34620
14939
24356
16600
22497
26785
32768
23210
15343
24692
28437
28026
29494
38352
21417
29521
16663
20172
33405
16110
20600
30138
22147
30087
14782
15799
19291
24353
31804
18855
19276
16155
27099
30102
34715
16663
25240
30196
32096
34681
20010
22279
27923
15451
25069
30053
30601
14784
14953
14934
18533
19590
25093
28516
33060
17863
26566
19247
30671
18649
26678
28223
35096
23209
30045
19253
20018
30044
14809
16059
21890
25213
18025
20023
33349
20088
33192
28185
33199
34728
18953
29522
18035
18843
25182
18895
23213
33072
16368
33020
35087
14924
29013
29341
17869
18917
20089
22171
20230
22484
23370
28125
23077
23293
33075
34422
33143
33207
35107
15942
23069
26121
27304
25146
14818
31603
22174
26790
31778
17547
14934
14953
15123
35143
16617
21849
30650
17841
20147
30106
25108
26791
31778
15300
26789
35123
27291
28317
15238
29701
31122
15616
19242
28993
31079
19028
29386
16302
18171
14831
16302
34485
15293
16585
23017
26125
25032
28887
32580
27608
32652
14834
19655
20147
26113
28970
33964
17792
18156
29977
31179
16580
17834
23800
28892
27681
20107
21477
25164
17871
34531
14836
32354
16164
27980
29211
14851
30194
14888
25635
30167
25124
26705
32953
35134
21326
26566
34355
20063
22838
22492
22965
19546
21077
32448
15178
17497
22681
25786
27808
28015
27650
28061
22972
25839
35129
22965
27946
30560
30203
32354
33100
15517
35068
23871
26754
30117
35147
14923
15580
29132
18673
20073
22171
25127
32090
15354
22968
35075
28118
28126
29130
14862
19914
28192
23121
23367
33197
24351
26146
28011
33167
18059
25984
33875
24660
34549
18024
14868
19279
24365
16056
25214
31851
14873
14895
14896
14898
15065
28403
14888
20120
34482
18153
24416
31387
16057
16515
25373
17903
24007
18041
18042
33311
28014
30109
34373
16645
18662
33374
34376
16642
28030
17980
18099
18121
18688
20156
27498
32570
16641
23227
33227
17913
18128
20925
25287
33051
16713
20760
33390
16624
27014
27018
28939
28943
32856
32866
17982
34013
23415
35186
23035
35180
18160
23035
14984
30133
33357
28277
30152
15337
18105
24513
28192
24513
34697
25749
23036
33265
33742
14913
14951
33240
30906
30979
20176
34546
33170
20551
30601
18762
31821
14914
14915
23086
28901
14921
31056
18019
16639
24631
15755
15082
18744
19548
14933
23229
25821
20044
24584
29055
19359
25278
21799
30154
21017
18047
18097
23600
14950
29378
28230
24359
25639
28904
14951
24890
25213
34359
33098
16645
18662
14955
19262
17913
18048
22124
18855
31806
30521
30623
34368
20755
24358
25295
20240
21332
28029
31835
23928
34418
18138
34706
25312
19315
19620
20627
31323
33831
16471
16986
31171
33236
20805
23275
24433
25629
31495
25207
14960
20433
33327
18806
34382
16802
19773
27277
16279
33329
34364
15258
19320
28079
25220
25229
20963
40189
31091
32189
23098
23098
24084
26912
31232
31683
31693
30829
30831
23876
25234
14999
22418
35071
15141
23147
23239
24422
14990
25244
26370
16493
34638
18216
40772
20209
26735
17572
17644
19329
20945
20358
23230
28951
23549
26148
30230
23822
31717
31741
33387
17440
29809
14993
28027
16321
17891
14991
18677
27641
14989
35246
15140
20364
26960
20183
20655
25176
25632
29437
42651
30131
31080
21495
28326
33245
20280
41481
25308
30306
32185
21187
21255
25276
18703
18984
27275
32230
15884
20248
23381
30843
32895
33208
17940
23266
33286
20174
29892
34979
23393
17971
33391
17071
22674
22685
22816
15065
34469
25754
33037
19604
20222
28366
15229
28384
29432
16898
30218
18957
22641
28983
15055
15155
24355
29381
23066
25177
30249
20243
23135
28110
18154
20227
24732
25727
21844
18077
30212
30152
34701
35186
20098
20106
24355
25256
15035
20658
23350
24426
19712
20188
25347
16999
17313
18532
25431
26104
29414
26223
26426
26806
23290
28270
20181
23339
30235
19356
26032
20098
31737
33171
18221
30185
34459
22356
30087
30114
35250
25624
29504
34627
20290
28252
30224
20774
20787
26213
15045
15904
24790
23344
25331
26146
24693
21429
30110
18143
23340
31949
20925
24873
31805
35181
20179
20357
25417
24191
24201
23984
29192
22499
32092
26836
29384
16751
21692
15906
15503
20468
23398
28374
16308
25652
28127
23317
31801
23403
30207
30162
31884
30280
20195
29008
33041
18194
23430
25756
20871
24648
20242
25692
25694
20871
23033
30144
34019
15523
19368
20842
26499
20821
33621
15450
25253
26276
31624
21032
22878
15081
34498
33445
23903
26532
30496
30801
15107
20145
25383
19514
19534
21279
33419
23317
23471
26836
18682
28302
33115
33283
15975
22394
18816
23930
16382
21117
21514
27140
19600
23205
34735
23580
26970
20949
26610
18348
15561
25353
33379
25563
23861
24508
27001
23335
21467
25223
30162
18635
18689
28057
18139
21762
25204
19197
28704
29640
15656
18078
20101
21241
33103
18315
30530
29375
30366
33495
15105
17087
22286
29163
29179
29185
34196
21364
21504
24807
21085
23773
24679
16785
28629
28630
25411
26347
30838
26843
30850
31960
22612
24486
25393
21102
15121
20322
20332
31133
25411
30849
18641
18682
30682
15120
22844
15130
15189
24586
28083
21823
27074
29866
15128
33893
20299
20947
23589
29489
30334
23589
23593
23604
19288
34359
15658
24901
25928
15167
21227
22833
21114
21131
24781
31961
20339
20340
21955
15158
24399
24679
18378
28306
20401
30358
27272
20209
26735
18191
25250
27996
16748
20212
26587
21254
30272
35246
35250
15148
15153
25211
20181
26947
31939
20366
26370
31318
16728
21188
32352
26372
26396
28039
25379
25393
21410
33162
33163
18349
21469
28334
15155
29384
16081
21185
26273
30223
15169
35151
15428
26425
27465
18509
24343
26556
21819
24395
17824
28481
19062
30918
33423
17774
22762
29880
21420
24503
15212
25268
17781
21272
28592
34605
19019
28469
34133
27728
15189
19591
17714
24808
25211
25373
29361
15174
15178
15183
15177
15189
22034
32015
21249
29534
19256
30693
20041
25065
25130
26126
16766
26987
41025
15190
18682
33283
16755
25079
16252
17019
18267
27312
28325
18295
20303
30695
15203
27942
32118
15185
18295
25365
34513
34515
21390
27065
19438
20337
23061
26021
30251
15190
18668
23512
30420
26878
17861
31270
25433
25551
34534
15230
22243
30071
17907
18451
20304
25385
20305
27092
33594
23211
23225
25135
27943
15257
20167
24321
25939
18586
21420
25492
21211
23724
26993
26996
18463
19087
20428
28596
20448
26998
27131
30435
22773
41324
29529
16826
23621
26916
20313
21222
34572
21366
22150
32014
15234
23918
35059
26079
19844
23522
30971
21862
22286
29185
28646
33317
27967
34690
35100
24545
25441
18655
23782
30952
16165
23918
23985
35140
21318
21339
20393
23557
21279
33426
15283
22756
19427
30485
18633
18852
21913
27244
32002
15855
23985
31828
17451
17621
20480
18977
19674
22250
32979
16598
30090
20047
29979
32670
24582
34544
18738
32536
23800
29701
29979
18795
28587
33672
26111
32677
16507
21663
30971
34930
27048
33870
18852
21913
25575
28459
28474
31299
15304
21522
16833
20855
20449
31291
23726
28458
25514
34384
23865
33868
27726
27730
19299
32039
19392
34159
15258
16661
15912
31433
34583
44656
25531
25601
15311
15328
16894
23705
33088
45182
15292
21221
32897
21386
22397
15969
29553
33514
15333
15683
18554
21606
18786
30523
22578
32222
33699
17464
19492
27311
23660
44942
23574
32069
43703
28674
33120
19994
29644
28293
30685
34503
34504
18357
25936
22197
17466
25496
28726
30347
20398
25458
29530
15447
19582
23910
33116
33293
22384
29499
29565
16095
27072
18463
23608
18264
21681
22197
23498
19155
34476
22929
25541
26898
33471
33592
21827
33114
33188
18416
22198
24600
28718
18262
22731
30337
33486
18814
28506
21697
22174
39847
18108
21143
28947
18876
25558
25559
18410
21468
18893
33868
16569
22384
29707
23739
35121
18632
23563
25873
18633
27474
30980
32112
18279
34111
34346
19074
21481
23516
30068
33634
24991
25906
32243
25582
34506
15325
25089
25090
29737
16736
18197
23454
30736
30759
18462
20421
20427
22748
22897
25266
34861
17485
25039
28863
18277
25580
27141
33630
23162
30364
34808
18035
18084
15780
18554
28680
32848
19445
21363
23619
30445
24952
35108
18428
22964
28607
19520
23510
23192
33349
28747
34101
18428
18548
28681
30549
15354
19011
28516
35108
29000
23696
25599
32242
25571
25995
29208
30528
17020
20495
23495
23715
21375
22014
23476
19011
18640
44687
34076
43360
22085
18985
22226
29791
25474
26916
34526
15381
22855
30413
22390
27420
31573
15348
23785
33772
23772
29601
17932
28217
21847
27108
45051
27093
23991
34252
24114
27494
27568
30025
21881
29793
30643
33802
15725
17345
20363
27331
30135
17026
23776
20083
35092
15467
22618
22909
30022
16187
20569
30574
30851
21435
28242
17179
31052
15530
22100
21096
32490
15857
15868
21023
32229
21219
32824
16888
18081
22367
17751
20590
28963
17062
32292
21239
24694
31895
16356
32794
22503
19765
24843
15382
25051
25057
15538
30938
33720
27160
30608
30609
32702
24692
18673
25545
20626
22157
21934
33789
33974
15841
22165
31225
20625
27227
29793
16412
22141
44309
15401
18701
16189
22209
30576
15909
30592
30954
16391
18925
20431
24200
29056
32177
33972
31399
31401
29600
30575
32313
15467
20017
17084
22521
32322
19539
21445
24064
24152
27938
28335
31619
20598
33832
24622
29794
31485
26866
29619
22493
21385
29487
31157
15407
16602
15412
17291
32284
19058
25068
39547
30108
30436
17533
30638
31188
32285
16986
22311
31575
15460
30034
31408
33220
15536
25175
25668
34657
19744
29789
33602
20669
27580
37260
28476
34062
17102
24047
19537
20574
19048
27335
31251
18201
24415
27681
19694
19564
24156
28367
32284
17094
19758
22006
32230
32651
15495
15435
17971
32352
17586
19956
22891
15603
16237
16266
29648
15938
22923
22924
30798
15438
21501
25415
26516
32727
26425
23067
30900
31612
15724
29680
32712
21702
27910
32031
24720
33884
25811
29266
18033
30811
40088
28981
31006
22232
22253
20081
23918
29557
24276
24970
31768
19180
31558
16602
39101
24720
28164
19614
19681
15723
25661
26049
29154
32075
18073
25304
34466
16205
18383
28965
28985
32175
33378
30047
32917
28937
31136
15663
22125
30027
18265
23384
34340
15468
16729
34466
17578
26214
22938
18358
25325
21471
22847
23884
25961
16258
19706
33218
30319
27584
31193
34077
15493
22957
23190
35858
15493
20003
22956
21158
31698
37774
26184
37345
17219
26362
21632
29313
21028
27118
16951
24802
17656
27644
19662
17602
21591
25528
28157
35311
19463
24233
26463
31441
31067
19509
33999
16564
16398
21424
22562
15497
33085
24223
26433
33257
16209
17533
22734
28004
34227
17877
23190
25091
35376
16341
18611
33155
15502
21937
21969
15920
19851
34955
15504
25829
24191
24201
28396
22204
15506
19251
25087
24934
30028
18519
24946
33363
33855
15511
24450
29403
19301
22192
31896
21496
21937
32963
34470
17864
19837
16998
29443
17779
32479
25905
28546
32094
43968
28865
23837
24010
16455
26327
28197
16364
17530
35017
15544
16294
26481
17607
19801
32552
35509
17679
17710
24221
32384
39170
28153
34368
20619
17060
20598
33832
27100
30630
23609
23639
18222
25165
16488
24639
16164
30089
25634
18671
34840
22787
15548
20276
28237
26361
29181
17203
23132
30739
15548
20276
26486
18287
22561
18331
22604
22788
16262
28051
20126
26483
18221
29446
29447
17053
17215
24333
29708
15560
15565
29456
33737
21635
15555
15928
15557
15608
21163
22442
18894
33989
25941
26095
26770
17163
26187
15561
17922
29429
15565
21176
27574
32120
22454
28861
28871
20994
35009
15577
31154
22076
27785
37482
31069
23371
32408
15775
23372
30897
15583
21762
28211
17429
23527
34957
19929
32538
28375
32517
35422
17235
32512
28379
26317
39726
28021
33272
21104
24630
25932
27476
25524
28680
28706
32848
15585
17926
31343
16784
24419
24694
21939
32842
33921
32720
32876
17526
25263
30545
16470
24409
29666
17534
31963
31971
31973
36670
15594
16827
29909
32850
24902
32846
27762
25606
26792
27780
15599
29475
21724
29970
30329
26031
17121
29565
39309
15615
21752
32977
15758
22146
20651
27876
21433
26311
33036
18445
31057
31065
15611
30365
17524
18894
30969
18317
33497
30062
33510
33741
32006
34385
25113
21036
21752
29975
29982
23081
26388
33090
22838
34851
26783
31985
31990
37991
18033
18165
24335
23952
30403
21766
22346
38321
21838
24676
20773
25759
33172
21309
18958
24994
25006
26810
26814
25985
15633
22579
17459
17038
22594
15647
19216
20424
30004
30050
23956
29971
19094
19915
23963
27502
32505
18345
23523
23526
24999
27627
27667
17935
20918
21044
27470
27474
34362
25719
29800
30919
20287
26914
42094
15648
19438
30801
26899
30832
15656
24496
15871
28416
31243
24278
33524
23749
15656
18374
23117
26026
34903
23279
25930
34922
20834
21119
24068
31015
16762
15666
19441
24493
35049
21034
21046
28634
41259
27671
34915
26311
31376
33036
16563
21324
32961
30069
15685
22061
15700
22976
39292
15682
15695
30365
19412
20891
28767
31240
31252
33754
34111
27598
27614
32633
20522
31030
19457
33444
23571
23732
15686
15695
17127
23721
33647
20315
26124
17715
25641
25903
20911
31310
33931
15990
22418
19051
19094
31488
23552
23885
44752
17033
27504
28709
15695
26124
20317
16049
33562
34529
21266
27314
16949
31551
21740
22525
32200
21758
24750
20542
27061
15734
19969
22261
24751
24059
19614
24052
24300
24400
20361
26568
27859
26969
34603
34755
15714
17706
19514
19680
21390
27061
17211
26665
35078
15714
15803
26767
26804
36014
15937
26555
32854
19876
27187
27188
18837
23949
25891
16145
27438
32119
26088
26107
27359
28395
22319
26724
18095
18131
15765
15778
29425
15754
21353
24394
30229
31939
22319
29970
24037
28525
33516
25181
20215
15744
16225
34671
18659
20906
23776
15765
15778
29417
15879
17787
31439
31443
23776
18647
32791
24508
31986
33474
21463
28473
30934
32020
25735
30247
20086
30771
15752
22139
22194
24670
19878
29909
17854
23170
15758
15767
26002
30790
25972
19201
24806
30997
33242
35177
24645
25945
15770
16420
19679
23513
27038
34264
16049
20428
28596
20637
25567
15789
15782
21717
19857
26702
30905
21063
30905
19012
29521
33622
22156
27692
15774
29526
34552
20380
24542
29530
18899
22060
25425
23038
33565
34434
19047
30583
22830
26001
27844
32709
20412
35033
20391
25482
22720
35033
17852
21714
16588
23884
26111
29724
34301
22701
32545
32092
24977
18029
27923
39111
32023
34264
15796
17811
19917
24949
15794
21996
23231
28550
16512
21714
19577
27874
15887
32808
28786
32112
35099
27314
33420
15808
19909
22865
25812
27858
24577
32698
32998
24973
26352
32929
24868
27283
21978
24535
18736
20025
22841
22960
28980
15816
27728
21078
26421
25619
27781
20352
30368
33372
17847
16743
23906
17847
20375
30197
21245
22034
25485
29534
22836
15824
15838
21388
31269
15825
15831
21384
26443
15827
15955
24913
19842
27847
25062
28798
35036
25630
21309
19753
25778
21271
27302
31954
32112
27132
31964
15837
15839
18867
28920
26405
21776
31786
32796
21854
22241
22255
15859
22872
25938
15853
25619
25657
25868
30716
31042
23975
32168
34041
29501
32778
18703
20610
29782
18653
21960
24177
26911
16003
19675
24834
26003
29171
32407
32444
34279
23814
33800
19910
24926
24926
34969
24142
26015
28821
31960
32754
16370
24875
18795
19531
22037
21867
25440
33446
22063
28770
31226
34073
23973
31941
31590
19697
20678
21973
16930
31090
19530
29149
19657
17358
19702
17022
19199
23712
34904
25114
30073
33353
20220
20685
23146
28039
25754
30300
31096
23253
15894
15912
19499
31433
20230
22852
27402
16068
25036
15964
26033
29887
18538
19860
29881
17575
26544
20763
21678
15953
22549
25964
25716
33247
21820
26846
24054
28289
22086
24872
29933
16977
22634
27618
32684
32652
17058
18356
22616
25759
17240
22437
18914
34211
18161
28423
29006
29168
29171
15929
17319
32260
15915
15916
17350
19906
22875
33909
43185
15925
19491
26400
17369
29876
24932
26589
32715
17644
18188
20254
35236
27400
27960
32933
17762
29018
33097
18731
18341
23890
29998
19962
32693
25941
28976
32981
19853
32275
28148
32503
32567
21340
33101
19476
19533
27071
27072
26827
26838
16251
17726
30566
17660
27825
22854
25968
15939
35051
25779
32657
17196
27365
34446
15945
17439
19499
23710
15962
19504
32051
29412
33079
17950
32065
33733
26792
27780
25567
35022
28763
28848
44459
15962
19499
28725
29154
29155
32499
15956
17367
29291
19204
27728
17200
29157
19064
32287
18980
27498
32683
34691
26180
32422
17245
20617
27408
17490
23087
27522
28300
34122
15993
25793
32101
28050
28053
32396
16664
24944
29894
26166
27906
29144
15975
16859
28362
31837
27564
24954
32713
31177
36645
16005
31429
28509
27588
29064
15979
19501
29579
33314
17354
32333
22397
16004
29636
34956
17405
34121
16034
16362
16998
24733
18945
31447
31572
18945
28053
23514
23857
17430
34061
23514
24552
17356
31473
34051
25645
32393
22613
21679
24253
16007
25552
26827
29079
24018
26247
28088
29090
24014
24028
35415
16039
19533
25550
17437
21400
26119
35266
24197
27578
22140
34094
17534
19875
24244
19974
19978
29140
16045
16039
29714
16015
16939
28523
29715
26011
31862
36281
20731
20737
29028
29738
29844
32462
17005
33764
16954
16960
34867
17350
34955
19737
25377
28351
22666
24943
27689
26222
37591
37093
16909
20567
33488
29266
19635
21363
33446
33580
24861
21589
26627
29261
17468
24599
34637
21193
19145
21594
26231
31284
29017
31712
27464
19416
22763
17306
27171
27461
29916
21519
33769
27071
16224
26340
24954
34958
16485
24138
34352
17612
19129
28071
30015
31999
18815
25552
27072
23046
24957
29589
18361
16180
25491
16054
18604
19531
31190
23318
34368
38889
16058
16389
18932
31190
16058
18230
22037
16172
18864
23109
16632
24458
24588
24365
17838
26214
25154
33050
18162
22853
26258
40530
17023
24708
16068
17485
24939
17921
22855
24695
24696
16102
33360
20331
24937
32831
18445
23558
32617
26428
31368
29475
20910
17039
19548
26527
29897
34999
16078
24703
31398
16080
25652
29603
16102
19879
24939
24948
16090
31397
16749
21967
26283
26370
31318
20545
28117
16348
34562
20402
23656
34526
27777
28388
29410
31379
20533
24580
28905
30490
16255
29578
20545
21284
17348
22372
26663
17359
24624
17426
34626
16096
16100
29712
18614
32067
26981
31266
24523
16107
17761
16105
20571
32707
22797
18792
25505
33755
21557
32060
16107
32246
19524
20333
30809
16112
25554
32848
34762
16236
19603
16813
30093
16286
20521
33438
34079
23768
27356
16979
17414
17421
43802
16497
17485
33851
22353
20702
21510
32428
28666
29723
43278
16121
20698
17331
27172
26423
31574
16325
21558
18367
22126
32856
33688
22509
33522
21576
26530
16732
26582
16457
22114
17536
27142
24189
25658
29012
32345
21443
25679
29173
30638
24147
24642
25664
16191
16716
31167
16732
31305
22901
32640
31307
26322
34650
16141
16810
25663
16899
21192
23591
29076
16374
16571
27592
28030
29645
17297
28951
22666
22903
16149
33819
33842
21535
16155
27277
26668
16414
33175
19045
22603
27514
30354
16162
16171
34960
17396
30108
19151
24243
27845
17265
22653
16313
16345
17883
26556
16571
16530
29608
34636
17900
26491
17640
30169
32961
31797
31831
39879
17947
27999
32956
33024
16168
27658
30039
31552
35133
35136
33934
34779
19254
21378
24982
34934
19262
31229
22083
26477
32451
32482
24253
29885
29888
16179
16198
24912
32711
18504
30274
16997
32799
32801
22181
22987
23004
23897
24971
16806
20399
25443
19489
31287
16771
24826
31576
34837
16203
29755
18617
25429
30466
35156
18039
19487
23606
29515
17337
34622
20570
27168
27467
21547
21549
16579
17271
17213
19104
21568
31466
32484
21564
25161
27162
19200
29934
21574
29749
24251
34942
16200
34981
17551
25230
31331
18887
19133
24968
22901
29279
34942
19379
19382
24291
34928
22218
24825
29760
18711
18373
30221
25515
28766
21335
28716
32985
34902
19470
24548
22859
24256
19492
23512
31422
33063
26402
34592
24241
24687
34237
24295
16653
24223
26431
16217
29280
34938
17488
17677
19156
34324
17400
29996
19137
26463
31441
16338
17006
19183
22734
23878
29265
26391
28825
19926
19932
24335
19923
24237
24668
29956
31962
30259
16230
30327
18098
21466
29483
31267
26449
31314
34927
24550
26315
31277
16996
25811
29269
18399
21413
16245
19995
30581
24551
29587
18396
19671
21523
21509
25453
21478
33768
17044
19994
21227
29648
32406
17645
22657
24854
27540
32462
16371
18881
18882
21228
22332
24899
28180
17479
22080
18704
19405
20382
23832
27310
30567
16907
23938
24728
17574
17594
17598
18871
27759
16699
27670
27765
32872
23594
24512
34540
28079
34484
19248
23044
30775
31622
36038
16266
26493
19516
26969
34567
16354
22541
16398
16443
19796
34866
17477
28659
34763
34767
18609
18623
33656
19396
21392
22562
29996
19709
20356
30136
16304
29658
30137
16616
16701
17114
27030
21859
35200
17297
23231
17842
34432
21067
18777
23105
25626
19376
24468
31389
19714
27721
28276
32183
19934
21777
25004
17080
29751
20981
30552
29697
32072
19966
22207
24675
31777
17134
17561
19112
32140
27159
29612
18347
29447
30193
26469
34455
26164
31075
17119
31697
32662
16449
20816
29765
23021
27153
17383
22542
23319
34401
34386
18892
33388
23113
29649
30521
32853
33584
17592
27751
27752
16420
20969
18313
23274
23668
30198
18098
16315
23122
21389
29470
33389
16345
23923
29667
18813
21465
16465
23937
27180
16707
27559
31544
21118
29680
17556
22887
27820
29826
27485
32281
34074
16330
26480
29680
30268
33536
18532
29728
17501
16351
34881
16337
29803
16878
24988
22082
24975
29266
17135
22743
27267
29825
17467
19721
34799
24215
29813
17878
17883
27049
29813
17496
27594
35242
19688
22405
16347
17954
25705
34881
19696
27570
32667
32668
21533
25739
32237
17863
24411
33573
16870
34670
19454
17515
28586
17420
17443
29920
29937
17689
24275
25705
16415
16418
29857
24791
34906
20676
26060
33022
25389
26474
23538
28545
16412
43654
17311
26478
31134
24778
29113
34788
17689
22774
34885
19782
24273
32482
16364
16365
16375
16367
21623
27725
24117
29040
17708
27725
29823
30097
17298
21075
28269
17691
32949
33020
35080
18178
24719
26372
26452
34876
17228
19807
22563
30721
31630
17190
22565
30009
26634
30720
35797
18098
28228
31630
23543
33444
23502
23505
23506
25687
16964
27093
16390
17054
34805
16399
16390
16391
24090
19474
23737
24588
16393
29583
16393
26346
28774
30241
24187
17359
27360
27676
27849
16786
24828
34658
43662
26051
31019
31380
27136
29372
26142
34229
21879
21883
33808
18672
27211
31598
28832
32630
24794
25438
30887
17283
26047
30771
31380
23811
28841
33827
18716
19749
25577
30540
24216
24853
19751
29773
32235
33606
23802
24845
26051
20565
22161
21631
28065
27549
21088
25287
29968
19189
25368
34292
20540
24518
16441
27544
22898
26905
17241
32430
23527
34946
18596
22177
33661
19004
22639
29683
24747
29520
34166
22214
27565
31562
17595
32764
20850
22283
25808
36512
17240
22437
31593
31929
16439
27136
31857
17241
16450
16452
22027
31336
16442
16447
26306
33683
16561
16730
24840
16452
35655
28689
24895
34231
34891
32430
28689
33424
28689
30215
29864
24862
32870
32432
19766
22659
29817
34277
27479
31197
17710
19187
26670
37174
19126
26666
25704
29692
29693
29690
19870
26593
27160
16479
21666
22090
21664
23873
31200
16464
16900
19638
29687
16946
23669
29690
21451
27184
19739
19750
26593
32235
21451
22337
26552
29253
17968
27468
31649
19730
27350
22703
29787
16526
22229
32426
31205
32739
34244
20712
20970
31522
32022
26376
17700
27773
32716
32756
24653
26611
27202
35555
26905
31648
32786
21598
26504
32788
35903
19622
37742
26618
27176
16487
21751
27692
27731
27844
16535
23601
25668
34639
27003
34972
19883
30788
16526
17242
20620
33809
16496
22284
30631
24911
26449
16498
22834
25669
32211
17806
22875
27921
24926
26127
22863
16502
16517
21457
23648
26920
22835
17634
35613
21676
23488
23509
23521
26231
26679
17780
17796
27003
29335
34325
19123
30844
16518
21711
32937
17804
21754
32924
19208
21720
34328
23874
18915
24339
29335
33057
34325
34982
27407
25863
17721
26698
26729
27281
33836
22979
35010
22856
27911
16542
16542
16548
26708
19485
34535
19563
24304
19227
31977
40023
17730
21700
21702
39565
21942
29697
18090
27362
27364
16579
19563
34647
34835
19751
29785
33606
33848
16546
16555
17567
26769
17802
19952
26699
26698
29785
33848
17732
23849
26709
19075
26693
31472
16548
21306
21580
17738
22828
16555
26344
26693
32766
22755
22712
34048
26733
20939
32695
34303
22799
22945
17015
19823
17814
22755
21459
31414
34964
16561
27136
27138
45210
16566
19571
32827
32828
31552
31690
33485
26653
27950
30056
26757
32894
35133
35136
32897
21776
24997
16592
28432
16619
16579
19713
34650
18018
25107
28189
28194
19593
21766
21834
21782
23453
28607
31110
33712
17628
35132
18746
19343
30072
28675
33626
17942
27025
28397
26717
22915
25841
19239
19941
33013
16590
17859
28397
33086
22093
25935
38938
16591
25546
33027
34694
28298
28609
38822
25345
25357
29761
16707
17055
27559
16601
19656
27878
35061
23080
19256
28048
16608
17324
38308
18692
22494
25045
27939
21793
21797
26137
26939
31791
31822
33220
23106
33049
38465
17878
17883
24445
28910
31650
31877
32948
19555
26802
16615
16619
16662
30537
24828
28855
16700
21813
31806
39383
30623
16698
33110
35070
23914
28155
16665
23843
33474
20540
21265
31002
18605
34411
20698
27158
44533
27030
28287
30137
16732
16637
26824
39714
23227
40119
16775
22038
30683
33486
16636
17840
31803
29376
30109
17956
34513
34821
18052
21806
24492
28011
16641
26839
28230
17287
17329
19573
28147
28169
30148
20748
25850
17763
24787
21378
16659
24787
18049
30831
19155
20482
33727
34757
17911
30194
16721
22581
42520
21390
34514
17919
21027
33885
29807
16675
24272
16783
19744
22309
30823
17051
19112
31089
16669
34710
29968
19281
19278
23318
33234
16697
23531
28851
43578
18920
28429
29070
19285
19287
23524
19718
20709
25227
35218
24682
29802
21253
28592
31345
24454
30131
17455
27619
31524
42395
16719
16763
20643
20656
41660
33925
16688
26870
30702
16685
21336
29806
20164
28439
33417
23425
28311
20659
26010
27136
24786
30575
24203
25649
27936
18249
24397
21887
29463
21418
21891
20133
30814
24680
25289
28384
29432
21919
25270
18883
28336
29298
21887
34931
17115
23113
27208
16704
18125
35070
23116
26938
33110
26938
27025
17107
20466
22638
18605
27014
18669
22392
25478
33296
24479
31506
33859
16741
31350
21876
40420
33384
19371
25237
30744
30745
30758
33396
18247
28019
18243
23242
21898
23360
16720
29788
16720
16723
26870
31260
17670
33253
16735
24444
42631
19363
20161
30175
16739
22028
25336
20182
20705
30388
23236
25279
42582
19346
24264
28265
41522
31367
25304
33248
35235
32149
43883
16754
27859
17317
29862
40786
25426
27860
16739
16783
17273
23281
23388
18422
18901
20883
24511
23134
26807
33215
29683
32957
16752
18760
23240
31322
28414
28397
33086
18067
40693
25094
33320
30222
33546
21187
21255
23235
28037
26275
40460
29777
23123
25583
16758
23446
23457
21408
25388
33573
23446
34590
33654
33765
16771
21896
42042
33253
42527
20180
20675
30207
16799
19710
25175
19018
19259
17822
19972
29526
34561
20381
22150
25934
16773
29517
34554
16779
27008
41312
17300
25175
16773
17975
24543
16778
30338
17326
26577
26908
30893
30467
18446
18922
18579
23518
32979
28611
34841
29792
23613
28662
30425
41775
31880
33849
45583
25206
30427
30861
41948
26288
28479
16791
17263
33807
33811
24825
29766
27008
30918
25495
30396
30464
27084
29503
34603
25842
18027
34514
16800
34551
20955
29584
29766
33602
21417
24524
23507
16807
29615
26998
30395
23832
27042
30642
32023
23725
26210
30773
30780
16817
31021
31681
31305
18456
26354
30087
27100
30088
30630
27521
42407
27013
23440
16818
19763
33825
19750
21575
22138
24709
34720
22016
33459
26381
33701
21376
34716
43977
28481
26873
27499
31858
25474
17637
29904
28761
17252
27299
20886
30862
18741
30330
28654
30330
20886
22018
30928
30941
21820
24975
18471
19299
19428
30989
16850
27299
18956
34747
19528
30428
34587
32036
33650
23010
24746
24996
34748
20438
20889
31000
33870
33872
33873
16850
16862
21858
33816
16869
18218
24571
24588
17729
24572
19672
27855
34880
16853
17137
24746
26519
16992
16862
17254
20485
23658
28678
28703
29315
18413
22044
19772
20213
30456
33703
27080
18919
25538
33314
16940
17052
35189
18552
43742
23829
24956
18736
32050
22310
25543
33305
34536
20369
33768
24962
23737
44782
16875
29927
31414
22391
32861
43716
20944
21263
25561
21121
25857
28547
20406
30866
19733
24587
44886
24247
29700
26381
29597
32317
19490
26293
33733
43931
18838
18872
24589
26291
18340
18932
22136
45628
16889
26798
26800
18614
19475
23738
18484
28757
45414
16907
23768
16904
28205
16891
16892
22064
43402
23858
30412
34591
45001
20434
20452
33650
33864
18299
22131
22333
27053
30101
45659
17756
24214
27646
34860
23669
16910
30262
16931
18625
21281
28776
29692
26600
32293
23940
23976
16916
32318
45469
17022
21251
23712
16916
23938
32359
21280
26300
17411
31301
43212
26578
32129
16927
19826
21565
24829
27162
32246
17333
30930
33789
32255
33883
44610
18675
33973
22100
27139
23785
25611
31497
33616
21291
16924
29371
32562
16927
27547
17378
17382
18564
18817
18322
23896
32113
16929
19644
29693
28779
29689
16934
16948
24272
33924
17154
18857
27470
30980
18854
23764
44713
16951
19114
19786
16936
27105
32196
44672
44243
19948
22695
29921
19638
17029
23431
24756
17051
27332
27672
28673
30509
30511
16947
19948
29590
33061
25704
29746
16988
29921
16951
20659
26010
34812
17381
22138
26380
29597
22785
26944
31643
31643
19727
26598
29692
24708
27356
27676
20555
32098
44614
19549
27105
27106
22163
31880
44893
24874
31880
23830
27064
27093
29966
30139
23792
45131
26384
26302
44041
30088
30101
44044
17380
16971
22812
26798
24898
29803
35149
19553
17619
19567
19568
20583
25603
29592
32250
19553
29473
29619
31093
26477
32034
34046
18381
20597
26359
29617
31143
21383
30074
44567
21930
17263
33646
33839
23827
29768
34658
43635
18804
24733
27137
28800
33767
33818
30304
18499
24724
34049
27332
31090
31501
17068
20216
27477
34323
23423
28412
31043
21137
24095
32155
34235
20018
21808
22843
29431
29928
17313
18532
28940
31490
19625
25605
33946
17068
34334
26557
29207
24739
30240
17397
24012
19824
27799
19785
17025
17749
19164
31510
19704
22190
22640
21731
21745
23830
17029
31060
23795
28816
17279
18695
21005
29778
19749
34846
29848
29859
21570
27421
34180
20588
21573
18319
23579
29507
18704
20947
20955
21669
18876
30526
23467
17035
27324
22478
19255
29671
18676
22445
29762
31573
26027
23433
28894
17044
23499
33567
34168
17097
19770
31576
33812
22290
29172
18081
24738
21445
24051
22286
34132
17418
32362
32391
24140
27524
18564
24765
31921
31924
27396
28768
32119
30342
33929
17388
22275
24620
18088
24765
22307
36610
32140
23431
28906
33274
23321
23327
30574
17107
17441
32217
23050
25810
22683
27657
33997
26437
27687
21649
28232
17076
19754
34794
27255
21940
23975
27256
23784
18640
21847
27117
23751
27719
17071
21133
17160
22749
27630
20592
22516
17074
22339
27144
34622
26382
27417
34751
34805
33096
35232
26513
26526
24268
27685
28419
29009
40136
18918
32264
17157
20550
29604
22371
29743
21988
18827
31238
32164
24202
28469
34279
18962
18994
33465
31345
34597
18630
19298
20609
29161
28013
29282
35041
22228
22444
29630
29789
33602
17619
21982
25737
32361
18888
23411
25693
18945
20566
21866
20827
25333
26057
34412
19538
26382
29395
18006
21668
23500
27800
26454
28317
30599
31288
34720
17388
17434
22275
43994
18992
28793
17297
18801
28953
19706
21763
33213
17123
27025
27032
27032
29649
19953
38689
18242
30276
31659
17183
28005
26697
29302
29942
27647
20059
22232
18006
22387
27030
28397
19251
24934
25056
27218
19996
26763
27193
18415
20308
20317
18338
20777
29524
34534
18417
18418
28299
26761
30021
33219
34328
24801
26741
19818
34268
17673
27634
19652
26975
24864
26379
24983
22852
27905
32912
35007
21480
22475
23535
33533
33019
33285
18948
21604
29139
28204
19236
24675
24742
24743
17209
27157
24074
27292
28565
29148
24034
28222
28243
29098
44792
19540
21020
21022
23786
30617
17761
21884
30584
21104
27472
19547
33779
20602
24623
34622
28985
29471
20553
17164
31705
26119
26190
29025
24878
18955
21610
29096
36863
26064
31406
34187
19055
29100
20488
21157
29027
24336
33455
19316
24699
26822
28266
33334
20789
24031
31952
42179
18198
20361
26715
27212
18441
20995
22744
24118
34039
17833
27122
27324
17631
26741
27966
34673
29471
21135
21050
29716
29471
28009
31219
21295
26064
36267
34875
34913
26741
32792
22230
22362
32385
29097
30752
31754
17191
26640
18929
34864
17214
25361
19020
30639
27966
28783
17725
26356
28783
34441
27388
27523
30568
31077
33950
24105
29129
32328
34102
22520
22304
17207
17678
34263
34954
29896
27427
31818
23535
23915
30165
19545
24232
28422
17289
31184
27834
17273
29788
29632
29633
19807
26490
34866
19738
26908
26913
29792
21729
23167
30742
17228
19796
21012
24111
27557
23369
24531
33619
19991
24407
25139
35176
19013
24114
29186
34113
18979
17405
27745
27286
33181
17291
22251
34185
20343
20372
18970
20527
24182
32400
27575
28053
20745
21012
24101
22033
24644
22416
28958
32419
17353
31931
22306
32432
20595
21803
22415
30645
18680
31827
23819
32101
25782
28902
29428
32420
31938
17836
25114
30640
32233
17279
33804
17334
28900
34136
27298
28996
20934
32464
25361
27426
19845
27401
29441
28434
31800
31876
34174
27296
28691
28878
29102
19750
19763
30609
17274
28195
35586
19548
31288
35193
22395
26593
34846
17508
25550
19571
25345
19574
25345
25357
19874
22314
29201
19828
22653
30719
27500
33786
31815
31820
27424
27425
34086
27298
28995
27554
27566
17364
30506
33744
23965
22580
29372
33794
35193
35194
19699
26143
30961
31136
33528
18710
31181
21044
21052
33902
33906
17970
25252
28163
33292
19400
19401
23520
17316
19807
28206
28220
31366
21560
32487
29630
34656
17305
21209
18505
23272
23278
18524
21051
30333
18300
31102
28682
33680
24733
27464
33424
19726
30324
17347
26376
34941
34387
28938
21177
22258
20683
20684
27235
34020
26623
30719
29614
31305
22476
30984
29873
30971
24826
34636
17364
29624
30714
19700
32534
18930
19827
32976
19701
31645
28960
29116
29729
29731
21349
29608
17379
17389
27749
26209
32928
33945
21835
22418
25645
31209
31307
32131
30883
30930
20972
32232
30339
27285
32506
24561
17339
21297
24923
24954
29256
24608
29396
32314
21175
21183
28330
32119
17344
19146
29876
18972
17684
33379
34463
17572
24917
18970
20726
21184
27430
37045
29020
35041
35078
22019
17616
17632
27730
34991
17539
27558
31560
32297
19055
22382
28362
28923
30204
20488
31760
34184
20398
22705
26880
22468
32460
19001
34157
26492
24481
28131
31117
22510
31775
32041
24618
27147
23093
28424
30265
33911
17521
22540
27600
19027
19028
21060
24913
17379
17386
19146
22831
17669
27750
34894
17389
20759
23257
33375
22645
27535
27599
27944
32607
19027
21060
28184
18291
20758
33479
19797
20759
24639
32317
34633
28578
32197
33567
28308
25801
29141
37101
27529
24124
25740
31131
34744
27798
17560
24509
31627
27718
17399
19568
21289
17690
27768
34875
17492
29833
27190
32926
19830
18950
18994
19038
17536
17619
20676
34715
20465
27203
30525
35003
18959
22506
24630
26479
26554
32280
22351
32566
30392
34167
18775
29628
33667
34543
21201
23689
17411
21290
27146
34718
34716
22601
35960
17414
21290
34718
45079
22408
24135
27573
32568
23487
19578
29910
29918
29672
23527
21613
29145
34165
36001
19025
24061
29543
22370
28462
32159
20544
34624
29406
20673
29108
22600
32111
28533
34148
24060
27729
34116
19838
19904
32557
33535
17438
45437
30245
32317
34624
22614
31860
34027
18938
28067
34213
17609
26404
21121
28547
17442
21055
24777
29838
34407
18538
19904
22688
25739
34221
34782
17455
27535
32132
19696
17453
23949
27229
32532
32612
22638
27570
31535
17837
27940
24574
30347
24057
27482
31650
27706
21055
19190
26329
19165
18235
23650
30403
33986
35025
27867
34284
19166
17494
34882
19349
28726
27598
27853
29555
17490
17559
27804
29069
17726
18597
32551
22632
32537
19807
22580
26623
17507
22080
23640
30789
27719
32730
19812
32681
17681
22575
22750
32840
22629
30789
27268
34897
28246
32758
34886
34888
22827
27691
32860
20938
25035
30664
17512
24938
32800
24246
29319
25737
23054
28725
23640
23858
33508
19813
32700
34296
19229
28064
23982
22911
25079
32951
19871
29320
27914
20477
24767
30789
33076
25116
27812
29637
17554
27615
17835
25099
32669
28087
28446
30769
41679
27871
32613
33908
34763
19533
24565
25818
25970
27640
34785
31516
35044
17736
21414
34522
17529
32988
22848
32656
20370
20541
30466
17523
19822
19324
25113
25115
27672
27853
26211
32667
24804
31518
34798
28301
32564
18356
20808
32257
25434
28586
20650
22983
29995
17549
45471
29991
33963
17549
33721
35201
43515
17787
26113
19798
22810
34296
34963
18164
21217
25007
23110
29980
24384
24257
27689
19170
22776
27868
27154
22832
27801
34958
22120
27308
19852
23441
24260
32275
17635
29246
17732
38876
22633
23007
29333
29711
17805
21218
22633
28521
33063
17804
29333
29323
31739
23497
24327
34985
19149
30877
22953
21201
26847
30464
17564
33260
29015
29856
33097
22892
27637
17623
20650
17597
29846
32130
17724
22050
34596
19821
27525
32156
21126
22628
32257
33008
19907
31315
19132
22727
24688
34253
19907
21069
23735
30143
19113
24309
19851
29876
26016
29884
31379
34593
24921
22727
34977
22861
22900
24933
34925
17806
22875
24948
24955
19238
21322
25440
26847
26860
33422
18998
19079
24303
33460
19864
35000
19184
24283
29267
27837
34941
22654
29978
29700
34748
18982
22932
24316
17598
17643
29639
20900
21043
19802
27266
22566
24887
28276
18691
21042
32456
25521
29578
29639
20900
27744
32579
26058
29864
29069
32806
17639
19168
24225
22746
19098
19844
22831
22793
34275
34870
26957
36779
26995
32754
22665
22865
31660
25683
32750
32754
22722
27827
27163
29551
17611
31351
44874
17664
30991
22751
26942
27268
25900
32643
26509
32371
32786
36108
17629
27726
34989
34979
22823
17712
34800
17623
22881
17661
22854
32833
25109
33968
35121
34676
22971
33856
35015
19885
25504
27797
17649
26727
37585
19852
24973
26352
22804
32834
21732
22946
32885
26857
34593
29246
18406
20844
30482
17675
26857
34594
32939
17675
22082
29268
34964
19873
26792
29246
29634
23533
26756
28099
20124
17654
21543
23124
24844
23124
30915
35126
32825
17783
21221
30064
22824
17660
17661
26616
32835
17662
17680
27683
32643
27822
25282
19052
21497
27273
27294
17734
26910
33344
20865
25710
45649
24932
26506
24961
29044
22704
27867
19456
29884
27832
29319
26674
34241
26670
29274
34294
27863
19477
31419
30786
32546
37359
17687
26150
26401
26732
27283
32745
17711
21649
27855
29824
32700
26919
26606
26618
30692
45709
19482
19492
28726
24270
19864
26591
24758
33064
24935
25953
32721
22918
27178
27633
37523
21599
27774
37242
24848
29927
22817
32787
24280
25807
25907
27059
19898
29272
17719
18079
22569
21623
29929
34297
19174
37496
28247
22050
17715
25682
19534
19680
24945
21712
24292
29287
29945
32011
22892
27725
29947
29973
19911
33858
21577
22460
29951
19685
24563
25447
25001
19427
34764
28843
24670
29956
24563
34573
34576
23851
22706
27843
32810
22753
33368
28396
31355
22935
17908
27380
27963
32031
22779
27273
27294
18728
24327
32940
34984
18729
23849
26765
31279
17748
24554
19252
24274
27856
20650
29995
34857
17765
17781
25488
26512
29668
22946
30869
21739
32903
21715
19129
26214
30805
19910
29869
34932
34933
22328
19107
32940
32488
19046
22098
27360
43771
27356
30192
19883
23704
23042
26759
34696
34699
17771
33309
34682
21760
38162
17770
26087
28978
28982
17777
24549
20025
30052
20025
31132
33054
35115
29875
19300
23118
24682
17875
21535
24428
17781
19471
23742
25132
27942
17880
35097
17785
27730
20070
27668
33485
30660
17796
22145
25102
27647
22625
26115
17807
17830
23253
23091
29294
32695
23214
37855
22460
25982
19952
35021
17812
18796
24527
29989
30932
35008
18832
20994
22692
21779
24751
17809
22143
22156
19010
30143
31084
32991
22924
26737
29244
19052
27702
32922
19210
22606
24939
26544
19115
24003
28344
17812
18670
19881
22994
38402
17815
18000
21714
20402
30694
29296
26444
27896
17832
18004
19214
24332
29264
34750
21207
34557
34560
17820
22789
30535
23850
30527
27382
27961
18587
34560
27958
20078
23847
32907
32918
18250
18982
21357
22547
30634
20875
27929
25783
26889
27355
27570
32219
17852
22143
29941
26492
27849
45196
26111
29724
29739
32671
27687
29736
30073
23889
28090
35224
29354
33164
17903
23877
34484
18662
18828
30573
33324
18261
18484
17850
21342
28125
32471
33263
20376
34553
33241
34989
34991
34014
17998
23325
33197
18408
25888
18641
23845
28035
18697
23054
32047
34594
23190
27831
28173
33261
33289
27747
17909
24625
32312
24442
25516
20225
20827
32603
20002
29343
17871
34547
20084
30098
35079
20017
25003
33202
17959
21130
26930
34518
18942
25519
28622
34551
41311
17943
19689
23374
25177
33288
33085
35072
17880
17896
21327
25056
26566
17900
24345
28071
33028
22905
32479
33033
17885
21361
29522
23122
22431
28590
33153
33760
28138
34335
33962
28353
28354
32247
32436
21324
26451
18908
28557
33200
28001
28064
33078
17900
21712
24238
33857
30393
34550
17920
23379
33619
20969
34758
34909
20102
20149
30505
24009
30106
18050
23875
25855
18248
30116
32529
35153
34878
33619
34521
32310
17912
17915
21438
18251
19317
30824
20147
21477
22369
22434
30099
30104
30105
25853
25856
18027
31453
21092
30830
17939
29509
34524
21905
28208
34475
18328
20129
25353
19465
23856
24238
33381
21239
28211
25665
25681
25699
28425
19359
21512
26043
28237
24413
26907
40639
33841
18751
18753
25151
25312
19373
21971
19325
21694
21971
19428
32043
34057
30285
20537
23597
25449
23086
30979
30981
17944
23142
25310
27541
30208
27642
21434
24428
34514
34523
22622
25578
33124
21533
34442
21473
19403
21503
24987
25363
25365
30351
19289
27320
28458
30712
34346
19689
22431
32239
19812
24880
34719
25515
25588
28458
34134
21503
24338
27044
25314
30286
17959
18144
26696
30367
21131
26683
18186
25643
30269
18136
23396
24598
19472
44530
20916
28163
28526
19691
21527
21531
33927
26809
30978
18370
25254
28164
18261
23740
26034
33276
18902
34772
17995
31372
28430
23430
24273
32783
20880
24761
28279
33133
34574
24678
33691
17996
33015
33131
34728
23261
24440
33271
33299
22002
24544
17988
25720
34784
17991
21076
25878
25726
35114
19327
25690
25720
26963
26235
26244
41492
17995
19935
33752
18188
33756
24528
18119
33158
24676
25741
18212
29009
31092
18004
23760
30125
34413
18012
24969
23203
40135
18109
33673
45408
20506
28931
23188
25945
32478
33138
24591
25043
25046
33297
21955
26929
24960
18810
22991
33237
34721
30033
21798
31795
33174
25084
18563
18573
28924
18035
25195
35165
28178
22913
28070
31687
31691
23123
24016
25548
35096
25140
28174
20086
33315
18028
21759
27925
23377
30021
32942
20010
21769
31758
39187
25749
28028
28183
20022
22159
22412
35076
31983
28194
25061
35102
35107
24606
22232
30060
32793
18044
20866
18054
22253
28074
30833
33229
33273
21500
24839
18079
27868
29932
18062
24491
23429
28278
33398
18048
25218
33304
35183
25158
28145
30826
24009
24867
25855
26850
18126
26858
32338
23875
25855
21894
33273
31620
18132
25989
21322
27362
23078
29515
18064
22449
21780
27341
20784
23031
25201
25324
31446
23797
18100
20286
29483
24776
27560
23260
31263
21171
27155
20180
18375
28248
29559
20270
18113
25258
32954
20358
25287
24487
29489
24879
19963
29950
26303
25328
42602
24264
28265
33138
21045
33286
24660
24662
33298
18184
25758
28342
23499
23676
18114
25297
33343
18096
19231
33229
34949
24492
25989
31046
18248
25187
19315
21139
33882
19963
29950
23035
29380
33267
18104
29491
19295
30133
29489
33445
20286
29490
33445
20286
20087
30134
23197
29468
29559
44049
23131
31952
20509
20641
24553
31178
23642
23726
30486
33043
21115
24667
31047
33298
20003
22943
24505
24710
24713
31146
23336
26501
28101
28419
31925
28034
28147
20116
23458
29356
38155
25241
33107
33405
23515
25042
26965
26851
32529
28167
31714
31805
19598
18137
25008
33877
30516
31607
23881
25451
33410
35227
19351
25295
42905
24693
26244
18147
21776
29947
18766
20687
33411
19378
35209
30953
41879
24175
24219
20979
25994
31952
27212
19393
21949
30252
41269
24472
39667
19609
35217
23163
23337
26273
42154
21082
25586
32080
42878
21602
34479
24370
31718
19293
20379
34423
19969
23650
35063
41677
23224
32189
28398
29009
29117
33393
23600
30150
30265
30275
31881
20158
23241
25681
32790
19934
21777
25007
24098
29010
29303
28376
28421
18244
30299
18183
18192
20346
30177
28355
28529
28951
21520
23920
23385
30308
33039
20799
23149
25301
23398
28376
31870
33365
20196
26396
27990
18889
20468
23172
31091
19669
22250
28782
33655
19096
25712
30847
28337
30922
25350
28022
34674
18192
18206
18226
34228
35238
21900
26178
20292
30246
19314
30264
33341
33385
33386
23445
18433
25404
24475
26567
30882
30345
21377
31344
19373
28208
20824
22125
30300
33338
28359
28372
30244
26104
30244
30269
24084
32470
20470
33570
19473
30412
33728
44245
20378
21694
34423
34425
20249
30299
24452
28407
30316
31276
41120
25221
29666
33098
41596
19659
25149
44785
18238
20353
26772
20240
21332
19360
20353
18235
19968
22703
25004
20640
28087
20252
24087
19381
19792
20200
29408
41091
29055
29132
30263
23266
24865
28172
20853
23886
40382
18242
23243
28409
18266
34472
24001
29446
32063
23907
30261
20915
23886
32443
28423
29117
25418
33416
22932
29974
35023
33040
18260
24131
24139
24389
25194
29387
23870
21802
28209
28213
34429
22245
23609
18774
24408
30146
18702
27758
32872
18588
23859
18371
25563
33489
28514
30519
18588
20221
24139
19408
24521
24759
24589
18278
20735
20448
23610
23616
24524
29518
24940
32833
25473
28638
18591
28637
20391
21316
23207
18595
30401
26259
32965
18616
22180
20851
20893
21222
30453
34572
24438
30211
32947
25498
25507
31280
33282
18410
21725
23421
33758
22002
30873
22547
24312
18289
18393
29278
18966
22729
20403
21262
31272
34773
19803
26969
34567
25402
18546
34615
34771
20382
28453
18400
23865
26288
23504
27205
21331
26711
23909
22610
18788
18790
21360
32105
33906
35058
18505
23272
28490
33933
30648
32165
20892
21488
23496
32433
21079
22118
26308
28917
33095
22176
33435
28452
28492
18414
33432
18794
25559
30185
34459
18362
18926
28510
20316
34717
18319
18324
21479
18320
18323
30526
30531
30673
22088
33660
18324
31393
34717
19199
34904
23688
25530
32855
19351
19357
28445
29429
34460
28686
31110
22423
22787
23601
18342
33495
19383
22736
22813
19441
23843
31451
25362
33499
19436
24818
20319
22658
33441
30466
20418
25550
21557
18351
18345
23525
23596
25499
32043
23295
33468
23818
28553
28554
33499
18900
31239
28492
31692
23329
33449
19732
23947
21189
25388
18400
22021
27696
33542
21029
22628
25571
26369
33248
28560
33526
28610
18513
18571
19504
23543
26534
24435
21128
21520
23745
27028
27458
29677
30142
21427
27171
31043
23292
28484
21499
25478
31117
20944
28507
34820
23297
23644
31965
34465
20836
28535
33558
21915
34405
23577
27246
27422
22826
30858
20425
28632
30889
19172
23114
30440
32002
18382
22628
27806
22634
25709
30486
21125
25730
27346
22927
23592
26369
34439
28885
33524
42098
18390
25353
20129
29424
30318
19345
20201
20655
20660
18559
18396
18397
19530
25255
27454
33155
18443
18450
18443
30546
21271
22022
19603
35089
18516
29965
31084
18412
24319
32994
30985
19264
41117
23618
33422
20426
30394
33607
23982
25810
27197
35242
20850
28735
28695
33359
34146
22985
27988
18549
23450
28936
20319
33441
33429
33922
22056
28551
25374
21948
21422
18816
33472
30820
30875
21952
42575
27998
28808
21502
22523
32024
21801
21804
28604
33590
33591
23453
33434
33550
30983
20405
26990
24507
34663
33559
20397
42596
18449
31025
18444
28662
25465
26997
40398
23186
23207
28620
35011
34922
23612
28464
30344
31207
27048
23588
18901
33622
34541
19565
18466
24256
19415
22039
24557
24510
33620
20392
23578
25466
20109
21019
28635
30423
20427
23719
24666
19446
22720
22737
35033
23629
30853
34570
25369
28209
34478
27873
30761
21303
20449
21423
24323
34925
22283
33640
25584
25955
30973
18489
20410
19507
23685
28728
21552
34057
25437
28649
23636
23864
30476
27020
41045
18610
23628
29463
31881
34430
22179
22295
18507
18739
19207
20178
18519
30658
22272
28736
30012
30014
33012
28759
43815
18487
26461
30013
18487
27970
30002
18494
26112
30002
20408
33631
18492
22532
32644
32676
31249
31900
33841
34487
45674
22655
28661
32065
33535
18506
22884
22107
31022
20416
20514
21475
30541
21907
21071
22103
30495
30238
33681
20221
25297
18627
21478
23271
19120
26701
30002
20863
31027
32592
22061
31813
21796
30031
20447
21728
25056
30031
30419
18567
19523
32051
25506
30970
32682
33708
34143
19753
21341
27293
30439
32039
32486
25951
45439
23436
26258
18566
18581
18735
34094
22858
42431
18802
21013
21581
30931
27466
28549
24578
32198
35226
22498
22500
22507
32865
33482
18633
22502
27474
31898
34483
18533
31999
31078
18891
21560
22376
27448
20954
33105
33312
18557
26494
28201
23536
23552
32975
26687
18555
29005
22177
33700
32889
32973
32985
23682
33697
20213
30469
22113
34899
25527
45492
22377
32076
33626
23731
32193
30550
18551
24682
29802
18630
22045
44220
34411
30518
34595
30539
32453
33453
24942
18560
21652
29259
21658
18592
21764
23115
26965
29735
21232
24603
33567
34773
18612
18619
27927
35100
18585
19675
25526
28510
34666
20533
31436
34637
23731
32193
18598
19297
23810
30128
19580
31435
22055
22355
33717
23678
33929
18575
21659
28931
18878
19683
22548
33490
20473
28673
20097
25573
34314
19074
23516
23565
27873
18585
20409
22263
28741
18704
20573
18589
22708
29958
20420
23608
23692
28124
21368
25486
25486
28461
34566
23462
31029
19997
20125
25277
20525
33438
18797
29230
29305
23719
25580
33717
34976
34996
19510
30566
20125
25277
18619
32943
27069
43943
27009
34525
28480
29540
29713
19529
24551
29586
26965
29733
27219
28524
22017
20438
21529
27028
33759
21226
27239
23361
28734
18624
18643
22973
27967
28761
33873
29537
24554
24755
20857
30468
34139
29541
29542
27018
31528
27759
22068
33758
24726
33063
25582
31280
23642
28812
18637
24481
22505
18628
25251
28491
31492
23750
44682
21050
21923
20426
24516
27141
18638
27097
33952
19298
29369
18682
20235
23422
18643
24707
31117
20118
23422
23845
25170
21977
27108
23422
30314
30592
25478
33155
21921
22167
31499
18751
26628
23942
23972
28806
31313
32180
27259
18665
27431
28166
32567
18677
18840
31741
33387
21901
29688
22152
28843
18658
24593
29505
34819
23962
28804
31071
22101
32084
19404
20336
23992
33635
33799
34195
20858
21096
31052
23992
31930
22392
23932
25478
27939
31696
21817
22188
26019
33750
34180
19526
20336
24593
21499
21516
19292
20404
29201
29776
29791
21562
30888
18692
21584
22135
45617
22153
23816
23964
18745
18756
20657
34742
18730
18914
26588
33839
21584
23808
29775
31713
18698
33750
33791
23298
24443
19305
28035
19743
28856
33557
33848
24297
31696
30881
45606
20732
23831
21825
21870
18708
23315
23043
26857
32205
32294
21805
24192
32200
33806
34209
29467
21350
24151
23774
23823
32084
24151
30304
27278
30854
33845
22251
29771
31189
21564
24636
26588
19848
19916
18717
24353
24463
37935
19078
22031
26323
22967
26802
28305
20940
22757
29675
30360
21846
31823
22953
27895
39612
22856
27682
19472
32067
34611
25508
28812
28883
33866
19527
30111
22130
23848
27704
30111
23851
26914
22025
27088
32086
19312
25172
34391
18737
30047
20893
32743
20874
32042
21978
24340
25045
30548
32003
34389
23743
24363
34385
27045
27047
18767
30047
32917
21845
24376
23471
19312
33042
29957
19226
25096
27303
32584
33962
34274
19472
29537
45118
28313
32214
18840
24378
31725
28901
24602
27024
33457
18757
25632
25639
24354
24615
22105
45398
24502
35153
24900
24355
25321
28011
33167
33241
31438
35209
30707
30036
31482
32905
21789
32768
32964
33220
20709
21243
21418
21871
26972
34563
21471
26874
25194
29387
22495
27460
27462
28451
28452
18793
28017
20464
27110
43320
33035
22176
27111
30652
18785
30690
33095
21296
28930
30687
23569
33088
25706
33909
30589
22203
32812
33347
27047
23105
23665
23862
20404
25268
32807
24722
32496
34410
31548
32799
27173
28961
32037
32044
30165
21510
30995
33902
22083
22092
32482
23915
26478
18808
20169
34383
23256
28664
30525
26253
19472
24571
33321
18850
25274
22463
22498
23649
21170
25622
29480
32890
34717
18904
19518
21484
23651
33483
22508
29914
32811
33688
28983
29041
27469
27947
30080
32641
22375
27179
27352
26572
28983
32900
26152
28937
32999
20635
28963
28462
24360
25162
18839
33387
28966
32355
22991
24248
33212
26704
27012
31711
21895
23766
30262
30869
33953
23069
26101
32181
18849
19169
23019
26110
21083
21084
26956
29540
18845
18845
33042
28010
32827
23022
25817
27935
18873
25264
19306
23801
20156
30314
19242
28993
31728
21812
26801
19941
22915
26789
18873
28042
32477
19276
24459
30976
32349
23655
25274
33237
33775
19607
28280
22504
23959
33635
30580
30593
24352
30623
20948
21847
23776
28153
31229
24346
28153
20800
23661
25594
19995
24399
33934
28922
20885
19046
20174
24907
29918
18874
18875
26337
33903
26827
22991
28194
26029
30984
20964
21641
22929
33922
28692
21811
26760
19990
33281
33039
20735
20820
26299
18891
20007
33219
33222
19271
23311
29394
19046
24951
29934
28424
30265
34176
23398
33362
33365
30296
33341
31750
30143
27775
33512
18908
33071
18922
34541
41168
19835
32912
20753
31338
31912
34542
28151
29717
22410
22613
30962
20629
26387
28093
28671
20539
29220
32173
25017
33072
18961
20593
24029
24091
29745
30635
34044
18915
24339
26351
18947
23677
23699
29031
29064
20159
20171
29126
23626
32319
19501
26537
31476
19759
25845
23489
20216
27477
31466
31478
21319
31362
21440
26748
19005
34023
19374
21650
26355
30190
19811
24891
33203
21751
34344
30055
21352
25671
32363
24021
21400
26204
34213
22343
24078
32586
26165
20284
27327
28589
20535
24072
28089
24115
29138
29528
22847
32340
19034
28556
19007
22111
19946
30866
22345
27590
18991
20568
28371
27271
22005
21401
37639
24337
32534
32661
19969
21724
23650
33113
33119
22298
29946
32796
35112
19016
34117
18971
31976
19756
29056
22615
24015
24017
19313
25671
29769
30227
34072
24120
20069
20611
20355
19264
22591
34137
28088
29090
30947
34066
19206
26746
32941
22606
24046
27581
27989
33658
19222
30465
26155
27489
31041
19210
29331
20603
26849
26707
32204
31336
22389
34071
25947
29711
30003
19856
19866
31800
18990
18993
18998
34307
18999
21204
26410
19029
20559
18997
29109
19079
24817
34310
22300
24104
29123
24069
24075
29148
18999
19040
24302
24308
28872
34330
34020
19824
30001
20517
23025
27148
28422
25608
31360
31650
27495
28148
29157
23699
27723
29128
21069
26005
24322
24795
29083
29125
24184
30042
34202
27492
34727
20001
22001
41929
27495
29083
30754
30892
31636
20194
22301
27663
32278
28450
32300
19032
19080
29297
26166
29145
36350
27371
29106
29516
22302
29063
34130
29417
32533
22558
20557
31603
30472
32327
22607
26030
19035
31333
28204
20576
22001
34563
42007
19050
19075
26693
33458
27590
25246
26193
26229
24325
25192
19058
23125
23911
30911
29358
28260
28264
29368
24126
29417
27250
27443
30362
27336
19778
21835
19076
34315
23963
31192
31234
28624
22323
25798
22315
26897
27397
27339
28992
24835
25660
20603
26849
30628
23083
23900
28976
32981
22225
31356
29532
34559
22238
24157
27396
35195
35207
19859
32290
19834
30967
33989
19929
25018
26004
27968
22220
22240
31180
22240
24156
25664
31180
19564
21443
30640
29552
28660
22728
32767
22728
31442
34316
19740
26901
19823
20730
31332
19217
24302
19085
26749
39783
31708
34178
23650
27457
31179
33986
21370
27359
27296
28707
28652
35013
32011
34310
20140
27815
26565
28997
24090
27257
34011
34088
28580
28606
19119
29290
31093
31111
23782
23989
29582
30592
23021
39922
29286
39321
25111
21569
21603
24633
22291
26366
32370
20891
31240
32481
24925
24057
27530
32537
28180
28328
33581
19705
31210
29659
29804
20248
23253
26603
27821
29812
29815
31586
24210
25613
26541
23246
25693
25735
25833
35065
36366
19816
28197
25230
26229
22661
34290
19135
19173
19225
24310
24919
19131
19184
22781
22806
31212
24909
29879
24906
24912
29240
37616
22733
19444
26131
34259
31710
19150
29269
29930
19204
31316
34317
24688
21653
31668
19202
21643
31684
36733
31331
19898
26227
26033
20974
32450
32486
24215
31198
31417
26267
35060
30696
34689
29317
31470
29308
31383
20391
23101
33577
19164
25811
29668
19484
24241
22894
29813
19431
21684
32315
26431
29671
28023
19181
29709
19169
25116
26720
29816
31513
26084
29932
34282
30860
27244
42895
19220
34281
35427
24263
24863
25166
21672
26905
31654
32375
30804
31887
24290
31647
24720
25253
32468
19221
24332
21593
23148
24250
24250
28023
26991
41863
24220
31653
32358
36383
25471
31652
21200
26604
35562
19270
26327
26528
31197
24488
24532
35325
26633
19811
26632
34275
25752
29223
32425
37388
32885
34757
28259
19241
19404
29936
26702
19842
19851
19206
29306
29299
26342
20863
23748
33753
25030
29326
24307
26340
32028
19907
34144
19221
19244
31471
34324
21365
21415
26411
28872
34304
22738
22861
19232
29301
19903
22116
27700
27045
30475
34159
24325
29295
34308
19239
21774
39858
24344
27886
21537
32308
29159
38641
19663
30007
34351
19235
26106
22196
29975
19244
19899
19933
21356
24741
19652
21355
26434
29698
21556
29187
24990
31974
39168
19323
33732
19250
40104
27361
21788
32004
35062
19249
21329
25512
21797
26939
20079
19306
33018
34778
22704
29933
25063
31357
31793
20072
25511
29405
25510
23836
30077
37919
20100
23905
21871
27013
19299
19428
25707
23675
30751
30857
19265
30621
19274
30605
31976
41611
26859
29337
20165
24474
28080
19362
32565
29215
34695
19596
28031
29802
19365
26637
33813
19283
31702
29355
29373
23349
29670
31368
31850
33106
24348
31838
29376
29963
23084
19289
19637
22106
23458
26243
19607
23318
24352
19290
20106
34705
33893
27315
23084
33111
24356
21904
29437
42454
33262
25349
26057
34412
19600
24774
30303
31529
22170
28740
23310
39195
19305
28033
23810
29369
35122
19308
28032
29365
25993
20176
25163
34545
34546
19686
28002
27846
23312
23586
24718
29278
35206
35208
20324
21431
23877
20165
22998
28080
28082
19337
27834
34250
20146
21411
19326
19522
26391
24409
30190
33234
19502
23510
34770
19343
29969
21961
30174
34425
22902
34255
19550
24037
33178
25387
26912
20214
20708
20246
28420
31410
20212
20705
25259
33379
34463
21331
27541
27846
29229
34250
29251
35190
20718
23064
25285
30258
25290
24776
27560
30221
19369
29409
25413
20183
22718
26879
20181
21255
31939
19398
22959
30065
20281
25290
29430
20478
25547
20026
26669
27717
24358
23401
30814
40825
20226
26793
33045
34447
26031
26396
26779
24460
34460
42733
20126
23729
25222
25472
26500
20120
23432
25742
34472
26870
24415
24465
27684
23444
25224
25701
35229
21961
25165
30177
34481
20846
35169
29439
20173
33235
23735
30772
21839
31914
21694
34486
21476
25160
19769
23111
29963
21602
33484
34479
20362
24413
31920
25204
25241
19484
29879
19673
21521
28624
23432
19416
19849
34920
20314
20950
26626
26630
29496
19437
24496
25381
25388
28684
19391
19429
30077
30329
30899
19398
23841
22210
34144
26971
41985
31722
19419
22959
24572
25591
34573
19401
23296
26148
19419
31687
23544
28532
29478
23297
20505
21260
24504
29484
34819
30351
21275
20311
27376
28141
20333
23595
21273
29518
30405
33420
24686
27046
34159
19840
26988
30328
26468
26474
29495
19425
26358
28466
34923
19418
21191
29490
19937
25381
19429
20348
31959
26567
26822
27892
21676
21683
27347
28886
34734
21949
30252
19526
30420
20419
27068
25200
20024
26129
29584
22407
25445
25450
34619
34822
24758
26886
30418
29505
20866
19443
24818
19449
27943
27079
30533
33620
20869
31984
21775
29241
21201
22714
20394
30983
25481
30951
28223
20347
20909
26840
31959
24293
35080
20403
21314
25485
34528
25552
26823
27071
34612
34237
24490
32527
35079
19909
21262
24538
20525
20537
21265
25490
30405
24531
25449
34537
24227
25457
29533
23844
22021
33766
24550
30596
19481
26037
32392
20526
22629
28219
19670
19901
23858
32068
24587
23857
24565
34767
20204
25919
26213
31163
21307
25434
31270
19521
23166
21539
30570
31422
25307
26958
26963
24291
31668
23507
21505
21506
24504
23908
27069
31286
32050
27073
34583
29573
34592
19502
21441
20532
21818
34565
43390
19523
31436
33727
33277
34899
32167
34741
20471
35245
23076
23706
23713
28732
32812
33846
23720
23688
33668
29237
31672
32551
26816
31852
23470
23863
29237
31206
34248
27073
19517
28520
28519
27060
25452
28519
28520
29544
25547
25949
26466
34241
31435
33725
21455
31453
21257
23467
32195
19555
33313
29923
19672
29587
21441
22140
24459
31804
29715
25551
33426
28127
29602
19774
33818
27330
19560
19566
21866
26866
19629
19841
23792
29535
45563
34201
34623
29406
30597
31503
34632
19552
31385
34241
29716
32598
28340
32168
20582
28792
19784
20791
21292
22357
34620
34239
26797
31121
22967
24453
20793
28263
20561
30646
33361
31305
22073
29474
22227
25677
31359
24655
26216
34839
22219
22039
21982
26382
21981
26384
36728
20608
21983
26386
31458
19724
34823
26639
25336
27979
26808
27833
26837
19862
29311
29915
26025
29822
23076
25525
23955
29336
31962
35117
39402
19584
22233
30070
19588
22482
25528
22185
25000
27671
22458
24040
36262
19592
22398
26336
28056
19622
27636
34396
39458
23773
26417
31236
21770
30029
20125
23822
25618
20168
22569
22570
28057
22899
32722
31953
33221
38670
24755
35120
19605
28024
34211
33357
24773
24472
20113
24453
39900
21242
21418
31438
19618
20910
20922
20929
23558
41976
24336
33334
19626
19627
24613
29399
42006
22148
32459
34170
19623
21936
21951
33928
21671
24221
29694
33886
30883
33795
22510
24723
24586
19640
34358
29725
34025
24260
29886
25818
20884
25790
31545
32650
20678
27520
32237
22639
31546
31547
26433
29261
27648
28205
26560
32219
21220
22234
27664
24731
29689
19727
28773
35144
24215
28205
19728
21396
28777
27621
35829
19727
21396
26502
29815
19728
26644
29746
26644
19650
21655
26856
24870
32354
24740
24671
28696
26512
31510
24966
26209
24871
24975
19694
19975
24333
27813
32681
27678
32636
29787
34269
27364
27889
21219
32824
32991
25014
31731
32081
25931
25950
25118
20021
28812
33762
34605
19675
24557
23855
29588
21525
28428
22247
34741
21816
29640
29652
30512
32187
33917
24518
33474
24808
26427
30567
28719
22049
22361
29548
34573
34767
21474
27664
25196
21528
23338
34442
22676
32956
21106
34227
26562
32824
29116
29726
29729
22637
21120
27187
27188
29729
34657
27187
24006
26602
27508
32798
25770
25785
21086
27570
31535
22191
32627
24942
26577
33447
34839
21494
31532
21536
25668
29656
30251
34823
32544
20676
33094
29921
24272
19814
25680
28246
24787
22439
25336
25357
31416
26574
27181
33948
24172
33769
31742
32489
28777
34745
27121
30593
21549
27177
22211
31238
34115
29924
24962
29804
34967
24962
29262
34295
24753
34755
24634
21575
29184
27428
31802
27285
27545
32400
20586
31578
28831
19890
20069
23967
30024
19747
19754
32319
19748
29745
34201
19754
34203
27160
27342
29627
34826
22021
24188
29674
33818
19759
34110
30632
32285
22069
22240
31303
20621
29056
20996
28816
28841
19810
30135
34083
26594
32688
21583
30610
21585
24640
34829
29773
29300
30890
31681
21803
31921
32294
33750
33826
19794
29985
35158
22256
33541
33721
35171
44491
28800
29780
32022
19780
28849
30081
22251
21840
33806
19781
27285
27675
32210
32385
27545
22743
32539
26427
29659
20589
27391
30161
19925
19948
25828
34812
24889
22792
30723
30311
28246
29847
22567
32135
32564
30011
33017
25592
19872
24082
41632
24216
29076
34862
24950
27861
32551
34768
19810
30118
34032
21590
29222
23693
26606
32757
23287
23340
33331
30160
31766
34879
34880
24959
32701
19832
24341
31949
28228
21452
21487
24559
24268
24181
30161
26522
38846
32620
32623
33260
21253
25434
35148
20696
21312
22020
33766
27547
29996
33865
24896
29857
37087
25384
29440
35175
27507
20241
24454
29440
20835
20839
24408
32601
35175
20742
29189
32291
22873
27841
20814
28238
34962
36764
26989
21663
20869
23753
28627
31391
34930
28969
29081
19847
29877
29293
29880
27919
29875
29879
34921
29895
31452
31525
31679
32258
24232
26131
27851
24688
26463
24160
31876
22669
22730
24165
32369
32288
26680
20434
31226
34073
21312
24548
24246
34926
25537
26674
20691
21953
25953
30822
27733
27846
29229
27195
19876
20048
31952
40462
27796
31789
24948
24955
34937
31452
31525
32275
22866
26854
27804
34937
22291
30287
32334
32370
22908
31715
22762
26702
33980
27919
29291
20004
30134
33884
19915
27502
30023
31955
33524
22267
21122
31543
32840
19949
27856
32874
32880
25025
29980
26409
28023
22902
26083
27837
31383
32721
29215
25771
26515
24324
24933
29318
30441
33762
22041
24556
27695
29920
29318
34917
34944
24244
24955
20637
26646
26698
27734
28575
30378
30821
25034
27702
27973
33213
23967
29875
21711
33858
19924
31342
31411
21306
28911
20618
32906
33307
24240
19936
29141
37020
27688
29959
28074
19936
19940
19946
22978
28973
22703
25004
26518
34269
19932
19933
21356
34671
19934
22257
27341
25002
23368
37018
32414
25097
38507
27303
21610
23017
22842
25117
31066
22848
25860
29134
27054
21126
25011
27511
30666
26497
31779
32971
21611
27186
29139
34161
26341
31253
29708
29753
24760
24836
19984
29140
30373
26619
21406
31048
41737
23947
25875
30634
22717
23733
26518
27889
19970
29992
32862
34269
22716
22196
22949
34753
29970
20994
29997
35009
29855
29833
32727
29964
19985
30373
30426
27647
23995
28177
29323
24930
25036
20926
30322
30331
31065
30410
30392
27701
33002
22712
26219
27900
34260
20014
29549
24936
27956
33896
26760
33903
20122
24390
30297
24679
21760
21811
40277
22833
26337
26338
21764
28031
28032
30078
24934
21815
27928
29644
34414
34525
33915
25091
27329
34098
34102
24110
34135
23607
35081
23070
33173
20801
21798
30033
23605
24928
33128
34556
27327
20016
21016
22076
24596
35869
24506
27213
30038
30041
29589
24334
32949
22250
30471
33658
30032
32942
23192
24979
30077
40247
24747
32268
25031
23046
33301
33315
23048
20038
20122
23267
25194
25269
33211
33237
23539
28756
20377
28188
33206
24747
30480
20259
24390
24744
31074
31874
33174
24340
32946
22170
30146
26786
27922
27926
31988
24865
29520
34166
25960
30969
29983
32569
31951
20052
22324
24041
32582
21072
23032
21045
23036
25142
20058
22694
28892
35132
23946
31002
20924
33968
22253
25834
26719
30666
20527
31123
35138
27789
25120
31799
32960
31251
31845
34082
20203
31283
42356
30054
30076
32891
39289
27490
34087
32827
23049
30038
31798
35083
21787
30094
33223
21787
22491
23128
35084
25130
25510
24583
21326
24343
26556
28085
31276
34680
22247
22250
25500
30040
27994
30092
23198
23060
23653
28854
33133
34574
20091
25053
23031
26069
33061
25387
31260
21242
21418
25241
33107
24658
25162
26818
29401
21235
20155
33282
33761
30123
33167
23084
25326
28307
33111
35147
25231
34490
23874
26852
24368
28158
20141
21491
35204
28300
34121
33187
20605
25317
25318
25318
20130
21648
24882
39031
21851
30604
23404
31231
20135
38624
20154
20153
21511
24379
33117
24354
30315
40085
29397
29805
20235
26417
20263
30745
24385
20154
23074
35176
20127
33126
20264
28238
21511
26484
28237
20246
29452
20395
21948
23862
23058
23994
31925
20978
26955
28177
20168
23314
24356
23102
29373
34404
29373
22133
23312
28500
21467
30190
33112
30186
35159
28097
28396
30132
22574
24487
31866
21045
21095
24392
21852
30604
28149
33284
20153
23298
26419
34377
20153
25286
25472
30313
26484
26817
22272
33042
33374
29390
25451
20194
34114
20168
23443
26906
20194
22301
29034
25236
33107
30746
20166
20433
20456
22998
30473
21235
26440
26801
25212
29383
29401
20216
24117
27386
29040
30754
24410
35232
23437
33415
30124
24000
24108
30754
25515
30468
33753
23146
23351
20670
25322
30385
26371
20671
21407
23232
32965
34470
28590
20223
25178
22517
30639
25412
26035
20738
23355
33255
20246
26135
24719
23351
25417
25889
27512
28444
21430
27455
31935
25151
25312
20281
28043
20237
29409
20577
25302
33409
26820
26962
33366
20776
33254
27206
26032
35251
25413
20779
23354
20358
28240
33116
24449
29434
34468
25228
33146
28114
29027
29079
24089
28359
26372
30035
31063
20223
25348
20265
35199
25258
32965
35244
20247
31718
33351
30292
25980
27206
25292
23075
26178
28398
28423
30173
30193
23997
23994
26281
28411
32600
31760
20277
32600
23100
41353
23075
28136
28595
21098
33342
33617
24153
24119
33356
20986
29292
25320
31386
25232
33179
30244
33352
20256
24195
32339
35119
20256
26660
28018
31358
25659
32401
21157
22432
28944
23353
30284
32298
35167
20970
27027
20275
25219
23380
23381
23416
21330
26486
24584
20267
23065
25640
25202
33081
23065
25640
25672
25173
25193
20282
23311
30132
21476
21491
34455
25238
28411
21374
24460
28235
20680
20769
30188
21920
28323
22816
24026
29106
22318
29144
29145
33525
22605
30438
33523
22601
26162
21924
20293
26307
26943
29862
30328
21902
32617
24447
27210
21189
27666
29375
20305
29208
28106
29108
31560
23806
28296
34503
22658
28483
34505
20303
28453
23590
27376
28612
23590
27376
24072
28505
25386
34758
23590
20966
27625
21012
22534
28108
20315
21454
24102
28222
28343
32328
27248
30343
22056
22400
31733
32226
23620
32078
22736
24489
24490
23078
30365
31393
21992
25363
29515
34505
24059
26931
20950
23388
25409
26843
31961
33324
20752
30171
34388
35158
23199
25467
26023
27248
22870
30343
21109
29039
31395
32346
33913
26971
30842
41967
23557
24503
20958
25544
24813
20359
23163
21964
24031
28967
30371
24606
24701
27395
29193
20830
28525
33516
20964
25165
34386
30894
25390
25427
25690
21114
29450
24776
29158
32400
20675
21410
26000
23146
26284
28392
25406
21690
25250
25260
42266
29497
25867
31235
23612
23615
29503
21286
34768
21364
21504
29087
29721
35156
20377
28186
28193
34555
20381
21318
22485
28187
20379
21690
24471
20429
25168
25456
25655
34527
31449
23756
24495
20866
24501
24813
20518
23825
25206
30427
21197
30445
21428
30432
33477
21019
27087
31994
33605
22742
30552
20425
21952
30482
20428
25432
23576
30425
30427
22115
30878
25474
21267
22034
30414
25476
30408
30462
20410
33633
22243
20421
22404
22063
23469
23642
30712
27038
33562
21487
21529
22003
23518
28461
21341
28244
30711
20721
24086
25654
29569
25429
30517
30764
20935
29037
34065
25385
27086
27089
27129
20435
25888
28422
25580
31268
21207
22705
30460
30181
33863
21365
21497
27043
33870
27521
21513
30160
31766
28820
28879
29570
24199
29745
32322
20445
25977
28643
28645
22485
28178
33206
23361
33642
25513
30571
20513
20522
28616
21423
30398
22490
25582
25335
28345
32474
20459
27353
30080
23747
43950
21102
21579
27817
23365
24211
42090
20458
21241
24474
29562
30487
45164
30473
34433
31324
20534
21086
32957
20677
31354
32666
25520
32364
20467
28578
32664
25536
34774
35012
28396
31353
23265
28378
30738
24768
30714
33911
28502
33431
22248
27459
20740
24033
25714
31855
20479
21155
26172
31312
35789
34800
22342
23641
27055
44875
21816
34689
20516
21422
30398
30433
21800
23564
33437
25952
33114
20495
21931
24603
21645
22198
28720
33922
28968
22595
23884
23897
27110
20646
27462
30526
30529
33489
33731
21658
21659
27204
21232
23493
21317
24768
28553
20529
21018
24211
28293
33487
34539
23880
33888
22350
21669
28718
20947
20957
34505
34773
34774
29004
23636
25977
28645
34815
20591
26373
23721
32642
34824
23459
25473
28602
25470
26072
30394
22888
28360
34374
42617
23565
31173
21828
22518
23690
28745
30549
31033
34206
33589
30729
23508
23659
31361
34088
21946
33504
31986
23511
25862
30834
42830
34614
23891
20549
31484
21392
25591
33506
23838
21310
29939
34597
20546
27336
21266
21273
29524
20621
29051
34626
34634
28096
20614
32173
24705
30852
22354
25651
24019
27585
30206
32249
30274
30841
20559
31541
29691
31507
31565
20628
31565
20598
27278
20597
30102
30578
24785
24786
29618
32061
34169
32254
21251
21260
30338
20576
20570
29635
30960
27119
32246
22269
24614
23467
29467
24200
31142
34796
28462
31509
26887
42370
44063
31113
32029
33900
21842
28038
34635
22353
26688
33545
33557
34829
20589
30160
34044
34083
31415
34846
29344
30424
21925
30635
31558
21022
20634
20653
28964
32604
33957
21354
27276
23812
27225
30620
27139
31980
21383
21442
24146
25653
21295
30600
26387
20777
20935
27873
21431
33029
34708
26385
28653
22225
25677
34070
34093
22006
26952
31456
34087
27015
31732
22410
28476
31784
26203
29615
29797
22241
34209
22753
26170
33307
20878
29797
22255
24831
32230
24005
26889
26895
32474
22374
28168
32309
24093
27496
29654
33802
20882
33793
31319
25656
26748
20634
21571
25520
33568
21149
27563
28118
32912
22952
23460
25954
25994
31428
35042
20640
23891
28896
30662
30799
20792
21933
25375
31624
32347
33029
33040
33318
20648
35219
20973
34872
34873
27463
32197
33483
22928
29345
40271
25765
35217
22712
34230
21064
21065
27840
25780
33047
33055
34093
25884
26853
27011
25259
26900
26903
41933
25416
28037
27138
44807
21171
25422
22434
21930
21951
28402
35244
27134
31842
21740
26736
27064
23792
31080
33286
22393
26361
36446
20671
20674
20679
29099
31183
26811
30208
20679
27878
32832
21407
20764
30176
34388
23427
25765
33055
20693
30235
20689
26559
34788
35213
20715
22632
34020
27482
32661
21995
23756
26943
31536
36780
28043
37687
30630
34645
32625
32662
20701
21836
30388
20700
26423
27151
43727
20705
21416
21071
27130
33904
31155
33914
25952
28678
21174
23756
26943
20709
26875
33895
20945
22598
32110
32123
34205
21403
31421
25137
22193
24011
22441
23413
31404
33089
30248
25347
24204
21667
24235
35673
21206
21683
24912
21678
26756
26788
35672
25998
30248
24182
30118
24797
31480
20734
31991
20731
20737
27583
26323
27238
29030
29785
24176
32445
26501
20736
20738
20820
32585
33463
22421
31593
31929
21275
24910
31208
24170
26171
27373
29177
27409
31944
24454
32600
35064
35199
22477
27553
34104
29258
22871
24938
26094
28384
30147
23372
20819
33255
20764
20769
22587
28626
30333
20785
32198
20785
25536
28578
32649
23912
23995
32629
32962
26792
27796
26788
29455
30170
20768
23037
24865
32803
32804
21162
23581
25298
26473
23399
31114
25818
27640
20775
25343
32837
33038
21081
28046
31163
32784
20787
25262
31163
31999
39017
25171
28052
24698
24578
30504
26791
38320
23262
34873
23344
24394
24401
24407
23324
24300
33323
22989
25013
25136
24856
24865
25141
21024
34661
35187
20798
20799
25297
33340
20802
26436
33142
33144
25301
23704
20841
25296
33255
26034
28170
28231
24772
25823
33311
28683
22616
25071
23305
33132
23201
33184
24683
25186
20825
20826
34950
24058
24957
30956
25296
33044
28411
23191
24495
34499
32893
33254
28346
30846
42089
26499
26503
35169
20839
25238
30283
21154
29478
20946
26966
31894
23389
24558
30368
24056
23279
25382
23117
23164
28535
25293
28400
30239
33039
33342
23355
33611
20846
20847
26469
21152
30821
30825
25433
26860
28596
33034
30164
20849
21373
25983
30164
34809
34815
22283
34809
20858
28430
28435
20862
33388
20856
20886
23743
24350
23974
27473
34363
23191
22060
23264
25513
25838
34530
20974
25899
24491
22061
31813
30834
42524
20875
25795
25817
33994
23409
24761
21011
23399
25590
30747
27993
28917
28918
32364
22118
28916
33661
23778
30074
28907
23888
35189
28845
31225
33916
23594
26984
23072
27657
33997
20890
20905
31039
22017
25505
27047
33763
30330
21482
25505
28624
23003
32397
33751
26117
28631
31036
32751
30987
20896
30984
32382
35881
32390
23335
25423
30321
23412
30200
32463
23925
30716
22759
22917
22987
32397
23969
21972
30894
31253
32617
20936
33960
33967
25609
33967
26830
21078
28990
24756
28894
34467
30004
23435
24397
25233
29664
21928
21973
28416
30050
35073
20953
20959
25610
20926
26274
27078
21036
23946
35113
22124
20929
25856
28143
32092
20936
32124
44694
22331
21004
26177
32463
27381
32995
27402
34859
34607
32206
32898
27894
27975
30942
34992
22916
24065
30684
21259
25355
24066
33370
27105
32196
25408
30366
23389
25609
33876
28718
30539
22286
23783
28984
32109
33697
20957
25566
25599
32055
33554
33590
35011
23784
25609
32815
22385
26044
23880
30829
33889
30470
39158
27343
21101
28999
20985
29344
30424
21977
32256
35043
33473
34663
28473
25616
32252
32256
33992
22148
25610
22757
27893
32654
22980
30967
35054
27306
26884
23460
23718
28678
30972
34140
30736
30764
25590
30553
30747
21681
22197
25021
30964
32554
35035
21081
29720
30395
28380
24208
26249
28380
25754
24171
28349
30996
33198
20995
20998
27249
20999
33959
27263
32138
20999
26086
26108
21000
23466
28464
27902
30994
27249
23371
30760
28819
28995
30058
32113
32429
33804
31917
23816
31310
33828
33928
22223
33793
44548
29783
31539
25273
41233
33901
33904
29130
34727
26038
32512
27785
29519
34156
22588
27488
28450
21026
24818
30422
30431
28805
23942
23972
30613
33801
30614
33774
33833
25821
28894
31056
26085
31006
31122
32670
31451
31986
33890
27113
31518
28535
21032
30349
30559
22839
29719
35127
23465
23606
21084
21087
27616
27550
31557
30868
23950
34365
22293
22448
31519
34141
22330
32595
22553
23266
24493
34515
21048
23466
28564
30358
34511
21103
31467
29718
34362
22376
32448
23915
28771
34419
24777
24931
25968
26658
32854
25688
25831
22931
25815
33091
21068
31025
25696
34617
27875
34602
34617
21231
31927
31928
25409
33325
23098
30375
32095
23031
30127
31446
26388
25082
25261
28133
31146
22422
21325
22088
34902
23910
25530
33709
22190
27355
32655
32656
34219
24392
31081
33268
21388
25462
25489
33437
33782
21861
30728
27121
22530
28418
31047
31081
23943
28790
23977
25615
27255
32248
21115
25364
27784
27788
25564
28470
33466
25364
32714
28795
28358
27450
31328
23391
28558
27450
27451
28163
31540
34074
24619
31894
30279
23056
23075
28059
34335
23541
29470
33532
30268
21130
24781
26930
25971
32832
25846
25847
32841
22880
33066
25729
26929
27806
27813
21178
21480
22463
22337
23935
31502
21131
30371
22501
28491
27475
29115
32059
33135
22378
31445
31478
32059
27477
32490
25853
25948
31620
23090
33279
22639
31328
31542
27123
21531
21542
22676
21518
24888
33940
29925
32748
28196
34047
31847
31623
22526
23468
21152
31031
31958
28575
21168
28682
29916
29481
34163
36072
28989
31704
34163
35843
21160
24619
23266
24392
25775
31590
34646
24820
31931
25778
31610
34495
21304
26534
29477
21174
35463
31069
25259
25322
22476
27501
21427
29935
23551
33482
27393
27579
32302
28746
31966
31967
34168
31971
37605
32099
36920
42123
32738
21188
26949
31365
31342
24214
34862
24950
32552
36131
25495
26864
30399
21588
21594
29271
21201
33422
30104
35200
32405
32425
34234
26622
26673
26921
21205
21207
31206
23842
24846
21211
23691
29877
21684
31076
22183
22610
34344
25070
26342
25480
28649
33446
22507
27471
21224
21232
30403
35025
21730
22796
28069
30057
30079
35134
23620
31690
23493
29305
33705
30437
32016
21376
28478
23205
27928
33224
33281
33766
29655
33099
33930
26859
31866
26271
34437
26442
33106
33891
24500
24800
26297
26826
27289
27293
34431
34437
22998
28081
31432
21994
32807
21270
27778
23027
24379
25284
29449
30437
21904
21314
25485
31388
31390
34432
34478
21257
21311
21389
31270
25279
30389
42592
21353
29488
21259
21317
41465
21260
21263
21263
29507
23457
28457
35222
21273
29521
33420
22329
32013
30516
28880
30151
28482
21285
28930
44004
24687
21279
23597
33723
26300
30245
21282
21283
29690
26601
24702
32093
32844
23898
31294
21313
23557
21291
27154
31401
26384
34634
21295
26379
29595
31400
24612
31789
31885
32377
31378
32116
29346
22307
26096
31406
22409
31872
21804
33471
31186
27881
23447
25489
25456
30335
22022
21316
33471
31272
32562
36378
33592
25355
21338
21320
29326
31218
22713
31362
22767
29334
21783
35139
28920
30688
33031
27218
34687
27942
31166
31828
35059
31755
33030
32947
34451
34454
30303
31532
34421
30680
32966
21344
22088
33663
21342
32014
34556
21344
26383
29672
29590
33664
26302
26202
35574
25666
33810
29500
22117
23894
24053
29759
29769
21393
30223
32022
21359
26975
34342
24129
34352
32073
24743
27345
23893
33909
28602
28649
24606
30348
21375
24504
29515
30350
22708
25480
22708
25477
30444
32413
26365
27429
34086
24441
26420
26469
26473
26503
33459
29938
34428
21822
26393
24393
29655
24049
34110
34793
28127
30577
34193
34718
27293
28880
33513
26093
30096
22089
44282
21397
28880
23369
21505
21506
29544
27456
29597
30158
24551
29585
27287
30151
24125
27440
30115
31265
32589
21403
21850
30733
25877
29033
29073
32267
26284
26581
34492
40614
21410
28562
28132
35103
28601
30209
23723
34600
25460
27058
30228
24536
33420
28198
29671
21422
23608
31918
21423
25492
26332
34231
22183
32748
33684
23622
33630
21833
22012
24497
21461
25569
27033
27642
26312
29498
22431
33153
33154
23254
23542
23742
28882
34599
32283
34093
29476
24555
26353
30627
34182
32174
32226
22343
23469
21452
29510
31252
33759
29597
32299
30298
39339
27180
21453
23469
22063
28770
29660
21992
24953
31450
27215
29309
24876
34877
30478
23877
33890
26357
26392
27024
29469
26355
22272
30711
27316
35044
27945
31515
21474
27315
33021
21742
31282
29454
30190
23501
25633
33519
29931
32078
21513
33755
21486
23316
30524
35040
23646
28941
22092
27447
33682
33680
33759
33765
32364
21490
30195
25349
32603
34412
23406
35243
22684
24788
23402
29433
30123
30124
25252
31368
32350
33391
24810
34513
23568
24726
30418
30116
35155
23013
23028
33236
34619
33904
21512
25283
29366
28567
23929
28949
32708
23133
21524
28471
30447
28355
32866
33765
28742
28539
28573
21541
28655
28820
24727
34736
21534
33295
34440
23745
28539
21546
44523
32240
21534
22740
28566
32240
21538
25569
21551
31529
31532
27638
22740
33156
21775
24229
26037
25455
26312
33196
34498
30447
22237
22673
23077
33151
22213
25877
30576
22379
28462
32164
27185
31640
21552
29660
30989
33754
30251
22063
32480
22486
29656
29657
29658
27638
26441
31722
21942
22172
28883
27123
30268
22462
32034
32037
27446
28626
24500
28229
29767
28583
21719
24827
21566
29626
31556
21571
21579
25520
27424
21577
28386
33575
24178
30749
27416
31937
22396
24632
23804
21579
27848
33575
21603
26320
33440
26695
26708
25706
33901
21648
39389
24843
24832
28851
21587
32694
21596
33901
44765
22249
31641
25750
26227
26226
29217
29272
22482
24656
22899
25625
26357
31654
21657
21601
22836
21670
27712
23674
31667
32876
31648
31651
36774
23893
24469
24697
27882
21886
26310
21626
33676
22316
26617
30369
21631
31605
24711
29512
34155
28837
30426
23508
25574
29134
29860
34892
32192
33478
26729
27766
21619
21786
33676
21634
23659
22807
27718
34453
27266
34875
27670
27821
32872
35249
27827
35265
21626
22386
26169
37218
37141
21633
21682
27308
31161
31168
22386
36332
21656
34306
21638
21640
22320
21677
31637
31679
31686
21639
28721
21641
33490
21641
23477
25541
21645
21643
36025
35364
22817
31595
32788
35912
22280
27755
29837
25190
34897
25240
33234
35221
21654
34233
21658
21668
28927
25164
25316
21688
27702
34233
23534
21668
25560
34977
26549
26867
22108
25557
23521
29873
26176
34247
37176
27830
35182
29245
31632
28931
21689
32638
36066
32384
35844
22663
34297
22206
22320
33918
33920
24532
37592
22320
32842
33918
31672
23475
22868
25542
33918
28513
24328
27309
32711
26314
29235
29241
31201
31676
22407
24230
32315
24227
24232
31385
23850
30531
21694
21696
28705
25919
25922
25145
26238
39814
22199
24603
28924
30062
22310
25598
29276
33921
30886
32692
32224
21704
38737
31727
24814
28839
24918
25209
29104
21707
23448
28734
30479
21717
28642
21747
33909
33966
24949
32218
28829
24849
21719
29756
29758
34659
22801
26170
27879
28642
28643
33642
21742
31030
31291
24636
30084
25030
34326
25834
32991
23955
29956
22820
24305
26734
22583
28639
30541
31296
21742
21731
23774
23823
32144
22059
23459
28915
27985
22157
22950
23234
26730
24949
32218
23175
22801
34872
22222
29784
22925
32887
32203
33637
25825
31296
29326
38944
21974
21888
24694
34487
33905
22923
30662
29850
34488
24409
25822
29330
28972
32553
25034
32919
21756
39411
23206
32696
39866
26717
26722
35010
21770
23357
38467
21819
29646
24410
23309
29644
28026
31758
31759
21893
39907
21856
25531
23215
39335
31759
39086
25047
26795
29348
31761
34685
23046
23405
33301
34797
31771
21792
35019
39826
24992
38529
23741
34506
30089
32961
33138
33143
35107
21791
23556
25249
21856
25127
28335
23837
23985
25048
26785
27922
31822
30975
30977
30559
24229
29235
24345
26126
38199
25661
33827
25510
35097
26141
23282
23284
22969
30560
22969
22970
34948
26019
29798
22963
31522
33767
33791
30558
34200
25069
30041
38045
22624
23200
31806
39749
22045
22079
23325
25526
34666
32203
33791
22079
23660
22654
22726
22518
43388
26248
31231
33668
34803
21827
23657
33188
35091
28995
34843
23315
25211
26816
25952
28750
27074
35101
21831
35178
39190
22065
26855
31824
31830
22043
31819
26832
39888
28888
23284
23151
23301
21905
24696
28802
28900
28998
24369
40246
21844
29591
34627
23169
24402
31671
25624
23471
26818
24463
39727
24472
26862
30651
31854
33040
33318
31853
31853
29404
42684
28822
34895
31511
30518
33106
35198
21869
34742
25616
32196
28911
30709
23783
30594
23259
31430
21880
26832
38270
23961
24192
30588
21881
21918
28461
30643
31224
27064
32201
31776
22001
31932
35206
35223
33982
34170
25160
25167
21877
28433
42237
30997
25191
23820
26866
28214
31881
34427
23826
21889
33783
24420
26482
28082
30181
29398
24419
34430
21895
27119
24365
25146
25208
35219
31430
29849
38765
24769
21897
23417
31100
32249
34725
23417
21901
21903
23781
30884
33953
41378
29688
32188
33871
28208
34486
21915
25353
22869
26575
40733
24439
30416
31244
26909
31927
23752
23826
24462
31920
42280
21923
21917
30219
31919
28798
22003
31282
33446
41934
26884
41511
31948
24359
25626
31495
42072
25967
27167
42680
21942
24129
31505
35211
21958
22161
31991
24691
30930
26272
31239
28845
33899
22204
30318
30233
34181
22280
32772
21941
32292
31719
23788
28803
29681
35238
28721
33490
21993
34669
28635
21995
30807
31945
28844
29694
42573
21995
25721
33335
26931
27346
34009
22269
23780
21979
22354
32265
21962
21966
28843
35208
21972
21965
24219
24366
26936
31894
21972
21974
30225
30815
41890
22095
28322
34481
31225
33916
28845
31228
42978
25689
34644
29682
22209
32321
30629
21982
30629
21984
28653
21999
22246
31428
28662
23782
34196
31943
42140
41528
33599
41708
22574
24507
27001
30423
28501
31129
23368
24537
26999
34547
28217
30193
31239
26386
26952
27124
22006
22007
22062
30867
34561
31264
22009
22009
22075
29500
33317
22239
24148
22012
24492
26146
22026
22027
31336
31829
23686
25435
31975
23395
22019
30478
28654
30478
30951
22030
30534
27302
30063
32952
33488
32085
32205
23826
22033
31416
22033
31420
22032
26911
22123
22372
22150
33632
31278
29717
30337
33491
23855
28785
30005
30534
22065
35091
22359
22052
22544
33651
23424
23700
33623
34770
34591
22182
33733
45477
22081
43108
28693
31010
33695
25702
28749
22274
23741
33652
34101
34598
22069
22075
23858
24569
28752
35178
33952
26403
29580
32046
25709
22220
30157
22073
26293
29560
22084
44885
30626
30629
29577
29609
35473
45618
23053
26403
32046
23701
25463
30885
35043
22086
24871
22134
27867
34284
27464
28689
33424
33682
30407
45243
24941
35116
22735
22893
24284
26467
28919
25961
31039
29409
29439
28508
30868
27106
43364
23771
26663
22102
22142
44299
30590
23969
32455
29535
45561
27130
32104
43521
23968
26250
30555
26313
25176
32592
22114
24284
25898
35101
43929
22111
29580
30407
30450
23899
30687
43546
25534
25538
29581
26467
27773
22119
24320
32975
26334
28918
22120
23754
32292
33953
27253
28791
22164
24821
32866
22407
24227
22130
29316
25570
30611
33088
23892
30713
24433
25309
34377
23934
33686
30084
31615
45550
22172
33867
31556
34634
22158
29310
29954
30055
22142
44861
29563
33796
22145
25611
33860
34991
30790
29591
33831
27325
26014
32690
27264
27968
31780
29780
31460
32147
33829
29941
22217
33916
22451
33795
31877
39456
23828
24502
24873
33793
44328
29694
44863
23772
29706
25024
25090
28557
35176
24549
28587
34612
38828
22486
28287
29657
28916
22184
30481
23519
30475
22595
33522
22507
23652
24222
32792
27891
29946
22426
32373
22429
32427
22308
28898
28998
28580
26625
34025
33045
27508
29972
32914
33195
33203
24659
22280
25598
33846
23452
28936
23570
28710
29315
32234
29653
33623
29438
32963
22210
28769
23498
28514
34342
22639
25608
31542
34806
24371
29388
32164
22371
29038
22461
34729
22231
24386
44381
33371
33845
25647
33828
33970
25161
29758
24156
24149
30103
22332
23778
43447
31359
31426
24168
31336
34838
26924
29174
30304
29175
34183
24371
25518
25008
29957
27604
32955
22964
33434
33991
24158
24159
22242
25670
22444
29750
29609
30304
22247
22262
27396
29035
26498
28653
28714
27112
24829
30374
23809
30081
33809
23833
26324
25002
34342
35032
25377
28354
23551
32765
32865
33482
26151
33942
27991
29977
22263
30485
22271
32707
26481
27489
34424
29118
32038
22282
22408
22838
23014
28062
22277
22298
23957
30072
27068
33527
27027
23942
28806
33774
33801
27360
27849
44209
25617
30960
30544
33761
34314
34353
22338
24970
31764
23477
27493
34754
27576
29195
29796
31171
33836
27139
32427
29170
32289
32290
22312
22433
28969
30762
27628
24072
24335
23356
34127
22605
34047
27358
32377
23678
32288
22430
36362
29364
34840
32842
27370
28364
28367
26366
32334
22413
27368
30187
34162
29110
34165
22335
22443
32772
28343
32326
22325
32273
34155
24116
22333
22342
25556
32070
22472
25802
30589
32171
22553
32305
24886
27540
27055
28510
22337
23935
24626
24796
39410
24625
22384
29707
27150
22347
45755
29744
26487
26900
29429
24019
31484
31768
40066
28699
26539
29045
29972
34997
22589
28234
31991
22367
30576
28694
34138
34996
28127
32309
30597
32314
22414
22361
43424
24739
32318
44338
22424
27413
27339
31915
22377
23418
23573
25524
29304
34106
22373
33182
31504
31673
25612
22377
29621
23935
32037
30370
29115
31467
32489
25877
31638
37580
22420
29100
32402
22419
22394
27800
31749
26655
28018
32332
24177
32836
28947
34189
33731
24822
32235
40127
22400
27015
31147
34792
28653
32228
29158
27396
28361
32119
31028
23133
32123
33980
32506
27577
32345
34061
27438
24048
29625
30020
28962
31011
32889
28998
29364
23819
22434
25852
27413
28986
31756
29464
32966
35237
31756
34184
31705
31886
31888
22450
27398
32412
28874
31604
34640
22443
22447
25023
29970
28958
30752
31754
22523
28350
29012
25686
33913
27359
27392
32413
32439
25775
29084
32423
34844
34847
26156
32422
37286
22449
27407
33809
31902
31934
25777
28902
29971
30762
30763
25023
34136
22452
35028
24984
27627
27645
23018
25622
29480
26076
36157
32408
34174
30757
31646
22519
29951
31034
22519
26712
26557
27478
32489
22475
23550
23562
23614
28633
41868
23541
27140
26152
28956
28983
31324
32492
25965
31694
25772
27507
22473
28260
29143
29423
32463
32464
32512
28821
23056
31061
32026
33153
31899
37933
32471
34285
28040
34332
28633
32001
23138
27454
25633
25576
28335
25124
25836
26758
26007
29431
24396
25073
25132
22496
24729
27460
33418
26786
30037
23652
25630
32355
23766
26306
32379
33681
27947
30126
34375
32487
33685
27354
33947
22524
22544
33734
24186
34030
27132
28667
28810
31072
32690
30618
25908
26155
33651
35118
26723
28813
29635
30960
27436
27498
28542
32239
22529
27082
44944
28802
33806
29153
32091
32572
22530
31967
32503
34693
22532
26029
29058
27557
27558
32297
23468
29151
24104
28222
30434
27883
34164
34165
35701
26239
28254
29730
34021
24006
43455
27531
28285
24124
32535
22989
26028
32842
33233
30700
34757
27486
26058
27519
28191
37082
27485
28443
29986
32895
27190
33017
24130
33203
27439
29407
22788
22932
27549
28206
30009
27798
22651
27603
27721
27786
23252
29415
31204
31214
24862
29932
24287
26430
22581
24444
31214
42774
27267
29482
32879
33183
28809
22584
35052
26490
33780
40727
27250
25006
26712
29036
29156
29276
32472
28797
35099
34097
27491
34947
32577
26950
31256
33569
27436
32508
23965
32510
31562
32507
29434
29514
34097
26166
24446
33249
24126
28809
23601
29330
33706
34099
27985
32028
28135
32568
33610
34052
32340
31040
27582
31561
33336
24487
25383
28476
32330
31862
31868
31873
29060
34028
36944
31160
34354
27218
27927
34684
23897
28920
22623
33205
33741
29650
29651
29014
31443
22707
22766
27678
33008
27263
27972
26059
28975
27599
29840
32611
22646
32186
32607
34616
32667
34497
26621
31534
32667
26572
27439
34405
22684
25890
27455
34864
27944
27953
27965
31087
32619
27351
24791
27109
33574
29839
34802
29841
34802
26623
29818
32637
23461
33529
33574
34719
22810
24875
27864
33493
32549
34278
26467
32878
34261
26350
29044
26433
31641
25600
25995
28681
31657
22670
26002
32709
32809
29918
29937
26702
29937
24929
34971
23019
27999
29340
33024
27932
28327
27081
33021
28357
32704
32712
33651
33736
26674
34954
27231
25464
25122
26105
28069
33994
33245
22718
24437
23050
28068
23979
27444
32650
34226
23954
28975
31780
31739
22693
23029
32554
35009
33579
34529
32674
27118
24805
25166
24999
27604
27610
28007
23291
24427
32024
25026
34610
32606
24805
24274
30397
34560
27981
32802
22760
27813
31730
25035
32687
34319
34381
31736
39132
23619
23689
27984
27988
27958
33969
35023
22816
26371
22720
22732
28598
27678
29855
32636
27857
32634
22724
22732
22737
24920
32636
33053
22886
24909
31472
31315
27698
29920
30679
33487
22737
31212
22738
22775
22822
27830
34264
34290
32239
27818
32701
22748
22756
32647
24961
27241
27818
24218
24897
29152
22814
22793
34870
25580
32777
22780
27771
32757
22910
27910
25696
23262
30794
22790
25126
26904
27894
34992
22766
27724
30796
22764
29875
26692
26689
25080
22800
23691
23725
24932
32773
25996
27765
27828
22889
33773
35177
27016
33624
26992
28594
34302
24273
24275
26467
27766
25685
26945
27757
22918
26961
27178
27152
32852
26953
32638
30920
24874
27544
32556
27818
34911
22789
24316
23691
25267
22805
29980
23280
24897
29214
32559
29865
34894
27542
36596
33360
23846
27977
26160
34994
30461
31975
23490
31982
25890
35241
29908
29909
25025
25098
27677
26505
27670
22809
27724
29852
29853
32608
29823
22849
25166
34751
24847
26480
29803
31591
31592
31595
23765
29427
36063
36961
26733
32834
35182
30785
32732
23794
23803
33609
27384
22937
32033
31989
33614
27840
27843
32711
23533
26780
28056
22863
24842
27779
27795
23566
22844
23309
35086
29482
30007
35125
25068
26784
38001
24774
28619
33439
33608
30858
32680
22905
27218
35075
30810
22858
26575
42701
22881
32941
27837
34253
34263
24696
34942
25549
26392
26394
33006
28577
32846
37734
27776
35168
22882
29868
25376
30259
35496
22895
28215
40647
23577
25883
28612
27698
27797
22876
32818
34960
39390
32706
22947
32800
29482
26520
27807
34726
30345
34371
27862
30417
32868
26461
32869
24685
27725
30433
24635
33874
30432
33604
32605
33004
24879
32646
24464
32640
26798
35014
28437
31914
26227
26432
27866
31648
32386
26045
29280
22919
26270
34687
22930
22934
22951
25825
34872
22973
27927
35075
27908
32949
33026
28072
22966
30056
31552
24305
40026
26110
35123
22925
26255
26948
26964
23141
29257
29270
23107
24382
26489
26861
32800
22936
32885
34607
23555
34834
26331
32686
22940
27899
30655
29984
30000
32911
23005
24316
29330
29331
27899
32996
22936
27323
32888
26185
32908
27962
32906
22943
24665
30943
32887
24918
29314
23592
22956
22973
25367
29831
33497
23276
31715
26453
27918
32803
27829
25028
32033
30655
32996
28743
27909
38274
24292
24877
34308
26337
30016
22957
22968
23204
39247
30075
30090
27604
33059
30353
33554
25991
26705
27661
30065
31687
35136
22973
30562
34232
30562
23739
25117
29816
35134
23052
23209
23655
30045
28454
39581
25012
39583
32555
33986
32990
25263
29992
25992
30964
32555
29995
26095
23884
28919
33001
23008
24974
27112
27905
34230
34291
34381
25978
28189
22995
25069
28062
26081
38800
40191
27900
34739
23256
28932
33932
34431
27978
23003
31039
26257
33787
26130
30293
23496
32165
30509
30527
33891
32693
32696
23011
24333
26519
29708
23878
25473
34529
23221
28165
30054
30968
25841
26110
23502
26084
23047
24314
32007
23126
28052
34392
23074
33115
23622
34206
24851
28144
33117
34376
35155
25101
30488
26892
26896
32189
26039
31081
23409
29023
34477
23176
35083
33298
25141
26079
30144
27193
33844
45488
23054
25525
26763
28051
33092
34682
34698
35095
37968
24506
24301
33330
29343
34683
23176
32960
23982
23059
23210
33212
29562
44404
23087
33168
33147
33151
23197
28176
35105
35174
25009
24979
32467
24429
25180
29341
33202
24430
32185
25188
23079
23094
25781
23182
32526
27933
25790
25795
28618
29340
29342
23135
23087
26124
23088
29462
23836
23841
30077
26007
29305
32823
34068
25068
29402
25210
30707
30746
23127
27415
23091
26722
39835
24749
31034
32501
23416
30275
23127
29166
28423
30276
33691
28020
30145
23926
23114
30440
32000
28087
41221
23103
28436
29444
42442
32082
39235
25632
25639
34395
25203
29399
35143
24346
28158
28436
24221
26432
34294
35070
42480
25278
25284
29449
25289
26954
34690
23159
29395
23159
33553
30974
32682
27659
25430
26009
23296
27451
24267
25110
23155
23157
26364
30288
33147
27032
29649
30988
34854
25285
30255
26263
38696
26031
26779
25086
25198
23376
27040
28633
40548
26283
26587
26915
24689
23160
23154
23326
30978
23167
25880
28572
29878
39690
28319
28621
24366
28572
33551
32018
34445
33323
23321
31677
28146
23305
25077
33137
29023
34477
33115
26947
28252
24936
26246
34738
25074
29420
30956
31770
23630
26364
29181
25850
24958
24969
33136
23198
23263
23345
25093
25131
26008
28028
33197
27348
28608
34845
24276
25269
34106
25736
26042
33170
30156
35072
23756
23196
25468
34845
25031
34841
26066
23577
34574
23607
28025
33310
23760
38994
33221
37944
23214
38068
34834
24043
24914
32948
29494
23216
23220
28558
28091
29398
23255
26066
26224
31824
38016
23226
25378
26809
28224
33877
25986
33881
33399
23228
33367
26507
33544
31060
29413
23233
28953
31207
23644
33534
23339
25421
42585
25047
30029
30032
23250
23278
23330
23547
26370
31322
35240
40446
24691
24208
26256
32025
23397
26157
28408
28368
29298
29303
34004
33037
33338
28448
42613
33250
33396
33253
42530
23604
25050
29347
33216
24444
25290
23345
33071
35082
23665
32571
32649
30726
31421
31258
31261
33995
33139
33172
26700
26703
23530
25053
29197
34018
23365
24002
28274
30297
28152
23665
28932
32431
25558
34343
26829
25559
33585
34343
24977
23285
29182
26140
32208
24901
23347
24035
29152
23532
28560
31811
26832
31830
28225
23320
24169
25191
38307
30205
23980
28001
33079
31115
27450
27453
28162
33157
33160
23540
23632
25529
33350
25857
26424
28485
30341
33496
34820
23320
34228
25759
33038
25741
25084
34697
25736
23714
31834
33898
33270
33310
33534
33537
26801
39756
26531
28682
29381
30623
24170
29177
23326
30675
30676
41268
35104
24037
23367
23327
26274
30322
28334
33454
28492
31644
23647
28486
30862
23584
25423
28299
33494
32006
28593
33556
25228
25529
24052
33290
33156
33157
24261
25330
28263
29643
35095
30224
41721
25110
23346
23530
33071
33923
29162
24505
30141
32943
28259
26753
28242
25415
30184
32353
28341
30278
32830
32837
23494
23495
23367
23395
30479
31716
33351
23448
23675
24164
25301
41296
23375
29010
24005
24942
27006
25493
30898
24190
30260
25319
27042
24087
26888
30243
25493
25643
28373
30843
30289
23844
23856
25449
33303
35236
33340
33611
28370
27347
28540
28886
25382
26635
34508
30363
33461
25378
26507
33543
30285
28035
28057
31723
23960
33459
26959
32784
24002
24201
24236
28421
26951
40357
25262
26955
41640
32945
25347
31529
25169
27213
29347
24434
24784
25344
31262
23607
28192
27917
33470
33856
24208
24141
23464
29910
34981
30149
30152
33380
23906
28273
35189
28019
29114
34143
24378
29653
34852
25861
25862
24432
25764
33032
28415
28906
33397
23433
28436
25821
31060
28925
33235
30726
30728
31500
24424
33404
23531
25748
25694
25742
33096
23907
30261
25462
28592
31270
25494
30458
34029
32855
33707
33715
31107
25596
28686
33674
34126
30553
30563
30759
29385
30724
23658
28661
28743
34080
30724
34153
37073
34287
24768
23867
30548
23635
26078
24260
30446
28513
32772
23526
26626
30358
33372
25405
33468
25813
28447
28484
23923
25371
25376
41851
28109
23509
34930
40630
30808
26979
34533
30538
32807
33930
28631
33108
34723
33210
34774
25251
23504
24894
25398
23505
26534
27205
23903
33519
25547
27311
27311
29506
24508
33622
35173
23605
25060
35081
25573
26286
29940
30444
28767
30999
34111
33294
31680
28452
24369
26250
25401
30372
25400
28318
25017
33526
23598
30231
33690
23554
29360
38748
27125
28543
23624
29011
25394
28949
29477
28530
33538
28354
28355
28951
30680
30690
23623
23632
28545
28669
30178
30356
33482
33713
28390
30682
30821
42515
30692
23592
34861
26089
23560
23583
23561
23584
25423
26925
23562
31943
41854
26122
33614
33587
33588
33631
32822
28356
33634
26891
23705
28698
32884
28515
28675
28713
25125
28675
28699
34614
32848
23708
43332
30756
31993
42647
33607
33607
23580
25561
30156
23649
27459
23584
29669
29472
30759
34391
27240
33593
24035
26327
27784
23623
28290
23838
24531
26774
29870
29243
29245
35269
28016
24480
33601
23623
25399
30422
35205
30398
33477
27002
30863
32001
27219
34533
30914
23680
30461
25483
30444
30453
27148
28616
34449
28756
23626
25500
30040
24296
35022
25887
34434
23653
33201
34564
42619
28946
34449
33627
34329
28600
33641
32725
30875
30550
30166
34457
28752
34565
34653
33866
24565
25463
34765
28548
30213
24580
30714
28950
32169
33671
23684
25432
26992
33479
35226
25275
25594
23673
30950
30419
25990
33648
25574
34615
44421
23663
26429
34473
35160
25370
33207
24403
30319
33710
29723
44358
26530
26970
26973
27461
31489
33680
26750
27201
27461
28650
30414
36247
24167
24576
29553
33214
30100
33930
26980
30393
30458
24545
29329
31109
33576
33704
33716
25267
28594
23720
30461
30550
31110
34171
25533
23725
31035
32076
26210
30764
25685
27858
23696
28695
31007
33699
28694
31010
32054
29329
31110
33712
25586
23703
25841
39250
24965
23909
45186
30522
23711
23739
25117
32892
34565
34651
25442
28648
30482
26404
31433
30068
31066
30421
33732
25586
34414
26130
30293
28685
25454
31022
31024
27081
24793
30974
34817
26863
29721
30459
24539
25654
30400
23728
30712
32591
25443
31975
23758
25286
30176
24494
29491
30007
25587
33547
24084
27036
32071
45676
26290
23746
23859
30474
33672
25506
30468
31371
31378
28881
30068
35121
33864
25200
30989
31499
32215
30872
27178
27774
32876
32263
33771
26503
29455
33784
33996
23765
27119
30262
32250
31199
32316
34016
30310
33775
25603
32249
32246
25906
25612
27106
43362
31498
32251
31723
23830
33971
25641
26985
31460
25882
30863
25615
31508
25610
33616
33967
28810
34010
34195
31313
30827
33578
33609
27260
29621
30594
44375
23822
31683
31717
28815
26018
30935
34850
41630
23801
30802
34778
30606
30937
26831
28569
28832
33825
23806
25397
28297
34449
23818
28554
28841
31842
32138
29758
31713
34208
32259
33774
31409
44866
26027
28846
25394
33802
29674
33820
33838
31232
31539
24649
31169
29518
29756
44632
29768
33817
27298
31827
24816
33507
34830
23856
24830
23835
24829
27162
25161
23837
35062
40029
27314
29544
33058
29297
34320
25129
24905
33381
24510
25169
31723
26224
30657
27909
38734
25913
23853
28873
34306
23853
39594
23853
26709
39834
25592
32060
24569
45284
25386
28587
45264
28645
28655
28879
23891
30547
32536
24966
30116
30117
24966
25153
24823
25217
35181
24234
26241
30111
28439
33417
24996
25380
28085
24421
24473
33415
35211
28155
23887
23895
25910
24648
24756
34749
30506
43770
28435
32986
34902
44283
23911
30811
39046
23911
29392
30492
33862
45047
26744
28584
33667
25144
30604
35151
32085
28698
33707
28105
25299
28105
31854
28955
30324
23922
32063
33345
33399
28669
30165
33531
27200
28496
26939
31797
31940
29861
26233
31942
28950
33690
29356
33898
28357
28953
30165
23953
33584
33678
23937
34045
34049
27179
33686
26176
26207
31200
33957
28788
28965
28966
30616
32974
26108
27263
29978
24004
29114
34197
26254
28022
31097
31098
24004
31091
32189
25022
31003
32674
29973
32790
24985
24344
24670
31771
29676
32493
32021
31215
24145
31215
34012
39710
27222
23991
33972
30587
31220
33971
23977
33955
32599
35036
28806
33801
28804
31941
25790
27319
23981
29263
27998
33023
29229
31070
29260
30299
34003
24010
35196
35197
28473
28644
28813
31549
29180
31499
30949
28789
30613
28401
33777
25199
33894
35191
29452
29456
28236
34460
29353
31734
25163
26472
26473
33356
41424
26559
29846
24009
28914
26454
32410
31763
31831
27482
31227
27716
27740
29065
24194
31792
24293
26510
31312
35283
29064
34060
26204
29050
28089
29019
27484
29519
34155
27729
29566
25339
30845
34176
24099
27220
29127
29363
24071
29516
27567
28536
31787
27011
27019
27019
32228
24076
30776
37355
27329
32328
26528
29076
29122
31041
34648
26572
28948
29422
37243
28000
28589
34099
26617
27250
33219
33309
26165
29105
34130
27490
34087
30032
31795
25884
26353
30647
31111
26684
24056
31832
24361
24079
28218
33301
24266
24106
24112
29516
30379
27393
29035
34091
31031
31158
32282
34208
24082
28218
24068
31894
29144
33525
34099
25933
33464
29089
34061
30379
27216
32327
29110
34160
29109
24108
32497
24095
27270
34235
24140
27532
34133
25749
27572
29745
34044
24088
24098
24180
29037
34204
28985
32155
28469
25876
26133
29148
30430
32327
24109
32329
27282
29122
31082
24112
32581
27699
29129
34084
27442
27699
31769
34035
24110
34135
29074
34084
28493
31636
33353
27663
24112
34116
31045
29067
24116
32272
27567
28341
28365
33339
34051
34060
29781
27586
37059
31621
26173
31412
28258
26657
26830
27794
24138
35023
28372
31062
29673
32393
34208
26648
29195
32505
29195
27586
29194
30556
25014
27991
29976
31550
24144
27794
30200
33973
29623
31112
26385
30622
31458
34177
31455
33843
27225
30644
34208
31064
34908
28124
29750
32365
24158
32204
31395
31832
27397
28962
24165
30270
31426
24248
24276
24166
28125
29896
30277
29183
29182
29203
31165
26892
30200
24178
31802
24217
30945
27416
30748
31816
24190
28125
29190
31769
29194
34132
27490
30024
30043
28343
27164
29080
34137
24188
25623
31746
29795
32366
33289
33364
24633
30947
34062
28988
32401
36223
27577
27716
31862
34201
34203
29137
34081
34207
33344
31549
34133
34110
34793
34794
31746
34037
24212
26502
27624
29162
25863
27711
27953
25675
26099
27609
33364
42909
26329
27622
24947
30721
37595
26800
26329
31413
24219
26936
30946
29214
29274
32384
24289
24669
34280
29274
31647
25613
26512
25528
24233
24278
28885
30945
30946
24231
26220
34239
29235
31676
26025
37759
28374
33041
24240
28799
24905
34313
26460
31470
27888
40025
27733
24943
26350
29279
29699
34281
28189
26459
29267
34939
29887
25332
32718
29246
33002
34953
25735
33338
29277
34953
30235
34980
27868
30235
30236
24288
29752
33148
26521
26513
34965
25894
31198
31413
29804
27241
24854
27632
33209
34299
28576
24281
26558
26536
33257
34574
32858
26376
24795
26432
29314
25548
32949
30853
34923
24298
25548
24298
24396
25545
24334
29286
33148
24314
24303
34300
34316
29187
39527
29959
27886
27888
31316
34300
25209
29295
27702
27704
32921
25978
31720
24320
34304
29330
30535
32941
24336
27988
32997
32717
25944
28875
24919
25216
25633
27207
33521
24329
27308
24330
24466
31308
24377
34952
27309
33001
29699
25149
25548
35039
24364
29698
34344
24987
34349
25128
25132
24364
33031
26360
28807
25130
34680
31584
24396
25132
25583
24365
34361
24363
34151
24369
38582
29385
35154
24763
24388
25635
33051
33118
24366
24400
28154
31949
33332
25635
34400
31844
30555
25307
28263
25171
29645
31834
25156
31906
24466
30314
25283
29389
24400
24417
30147
26440
34437
30442
34151
27838
33002
33003
25143
25518
27031
34236
25635
30167
34390
26419
26422
30166
24725
25294
24690
26833
27456
24679
26393
28287
34332
24404
30297
33306
33283
27838
34322
38399
25193
30313
34409
33098
33405
24442
24445
24451
30703
24462
31237
34482
26637
35209
33332
34648
24476
31438
29463
31343
33887
34435
31505
35215
31322
24473
33406
35231
27300
31290
35225
27082
30449
43459
33065
33070
33160
29285
25285
33151
35212
35215
31468
30166
24457
25248
30211
25344
32945
31261
33995
28326
30219
34451
34475
24455
26470
34688
26419
41167
26923
26951
25904
31352
25304
30164
25395
33055
24783
25323
34465
24609
24661
25344
32947
31801
28236
42240
31804
26591
29279
32858
40641
28078
28209
29400
24694
31249
25224
33096
25665
25699
31859
35210
28081
31961
31341
33887
26869
34479
26926
25540
28265
28259
31624
25375
28531
31987
32116
33442
24534
35764
24497
24520
31392
31987
29497
31803
31378
30893
25150
30809
25092
24952
31982
24519
24534
30132
24763
40956
24532
24521
27312
33620
34517
24539
29958
26301
24526
28481
31272
30694
24964
25562
34687
35068
35248
31627
36278
24546
31266
24543
28482
33448
24940
27825
29525
31372
30865
25483
30865
30367
33762
29714
33672
26318
26838
24570
34600
24560
26288
30543
33873
24573
28770
28785
28522
29570
25484
28659
34766
25796
32597
30466
32543
34764
34576
32068
44981
33449
30367
34581
27777
29410
25037
29898
29704
33479
24720
28942
29624
33178
28481
32298
29532
30397
30400
33423
24592
24613
45776
28588
29834
29834
25029
33302
35200
34818
30696
34156
37055
24601
30695
28513
30779
34582
34372
25732
27321
30253
24811
30298
30599
24667
28150
24705
29396
25203
30851
30125
33049
24709
34630
31958
24709
34630
34720
34322
31224
24708
27676
32313
27350
31554
26479
31502
32040
24631
28014
29963
30148
34156
35969
25929
34375
34391
29749
31944
29633
26913
29788
30361
24643
30975
45553
26325
34636
37110
29755
29760
32694
33847
25676
33371
33879
24683
33879
31802
31815
31203
42966
31058
29770
25372
30718
28853
29768
31469
28227
28971
34254
36433
31383
34255
34257
30119
35155
27816
24661
24664
24662
24667
24964
27645
34549
25005
25028
35009
24752
29959
32791
26978
34675
27194
34850
25144
26848
24985
29969
34341
33011
25753
25147
33278
34545
34692
28041
34696
34699
25147
26805
25144
30117
35153
33999
26220
27851
26071
28034
25167
31244
25141
26778
31996
24763
31399
26773
29606
34712
29602
30577
26383
31397
31400
25082
27782
32461
32114
32125
43458
26233
30931
32238
30178
29683
29725
31546
28870
25201
29809
32460
31078
34732
24744
35064
28519
31491
33685
28129
29687
25522
26199
28128
25255
26374
27184
33686
34736
27352
32098
27094
30253
26434
34345
24743
27890
26518
27889
35199
30131
35161
35167
25040
25082
29976
38701
26041
32126
40231
27991
28641
28524
32988
24761
34338
28897
29556
34579
29505
29524
34534
29506
28725
30765
32049
30415
25598
34536
34795
34800
28906
24771
35094
25087
33084
28904
29648
27601
27878
25838
34444
30316
29600
34799
30219
31936
25323
28403
24792
28226
24956
26034
26297
33276
28619
30401
24799
29317
24799
32705
26055
24806
28230
33228
28226
26891
29508
34768
30699
30705
27042
29484
30199
25450
26136
34756
32692
27418
28847
31890
32648
33557
26410
32011
29514
37689
28823
28835
34192
28145
33204
29762
34844
30107
31825
33276
25662
28849
33808
34638
25662
33807
27162
31615
43104
25148
27275
30082
30854
31169
34970
30361
31164
33006
25636
31570
32631
32688
30107
25823
28231
28852
24850
30783
36472
25504
35170
30052
35129
26592
24877
24905
26267
29804
34877
24877
24905
30786
35465
31706
31906
24887
29207
34853
34862
26671
26922
27756
32559
28172
33272
31627
37064
26599
34865
27039
27075
24898
29214
24871
34284
24872
35057
27824
26858
30106
29836
25164
32605
30110
31906
27537
29814
34307
27630
32753
32881
34964
27855
25190
30018
28206
34893
25766
26042
28224
27519
29863
27534
27752
28667
33936
32540
34860
24947
27646
29808
25633
26633
26927
26058
24903
24915
24951
24968
29892
29910
29883
34250
24911
26448
31674
30028
32942
35076
25401
24925
25689
34644
24923
32275
25209
29944
29881
32619
32882
25183
30026
26517
26524
29900
25242
29900
34917
27655
26867
27898
29257
26867
26584
26206
27830
31667
33213
27732
34931
29895
34955
24981
26160
33856
37437
29636
27651
30134
24987
26136
34802
28192
31770
27818
25760
32783
34965
27548
29814
36516
33192
26856
25071
28189
34981
25077
25072
27693
29711
32737
31715
26160
27879
29338
33202
25038
31452
27736
33056
35028
35028
35032
39500
31453
34747
25104
25212
24992
34997
25062
30872
24993
39995
24995
31788
34998
24995
25006
29702
32793
35132
28889
32792
32792
28176
34510
29982
35038
31972
32796
25011
27487
29236
38842
33969
31883
32720
27264
27968
28973
35005
25024
25052
31780
35111
27949
25992
25105
35019
26067
35051
25185
35034
25046
33297
34422
29982
35166
33297
29911
29964
31321
28866
26225
32698
26524
27839
32802
27691
32931
25076
25080
33853
34304
25060
35248
33192
31983
34681
29347
32004
35140
39342
25066
25131
25058
35085
25053
26005
34355
25500
30047
33223
25188
28116
33128
26008
30044
38168
25067
33302
25128
26009
26438
30153
29431
38086
30818
25075
34336
25135
27939
31123
25255
26374
26236
26435
27153
32950
25082
25261
33141
28042
26779
33349
33061
25092
33126
27831
30140
35085
28614
28756
27303
27374
32969
32970
31720
33330
34529
28981
31002
29384
28283
30957
25109
33014
27456
26345
31334
30068
28891
27783
35113
26720
27938
30086
34681
25133
25136
28255
26114
32660
33059
31415
31578
31580
25134
32524
25995
30561
27016
31696
30031
35085
25727
28123
28128
25836
27942
33323
28427
25143
25155
30129
33302
28172
30127
33269
33104
28307
33326
25212
34383
28309
28012
25326
26628
26754
30104
34373
25190
31805
26325
27342
29627
25751
33231
33691
25317
25224
25701
28210
31835
31835
30125
31725
33042
25843
28030
29393
26320
26582
29755
31703
25569
27642
33121
33127
30140
33126
26068
29753
34610
28907
34512
30250
28171
33050
39052
25230
25246
33460
30129
30129
25740
31621
29055
35196
25499
28083
33893
33405
25215
25226
30162
31418
25316
25326
34358
35144
33065
25230
29295
30119
31807
29380
30311
35157
28078
31390
33327
25226
30162
33112
30172
25228
25529
28138
34335
26876
31387
34480
28081
31432
25239
28123
30702
30261
31659
25333
28128
26871
28086
32774
32775
30228
28037
30267
33456
33458
28132
28622
25315
26923
27210
26532
31118
28531
33291
30387
33246
34783
33043
34448
25281
42227
28613
33239
34664
25325
25581
26089
27016
33209
41586
34707
42107
34679
25604
26781
26949
33331
25284
29365
25283
29389
28267
25436
29273
32375
26581
26587
31657
32774
25284
29391
34409
30209
25471
32411
36556
26938
33124
27560
30221
35234
25294
26281
35064
28403
30260
29450
25341
28401
25892
26887
28426
28094
30276
29414
35119
25604
33243
34707
26426
28249
28383
29008
29391
26753
26820
26962
28421
33362
34841
33318
28315
25904
33176
33362
35154
30232
28268
26369
26310
25346
32789
30229
27456
25949
25335
30846
25384
29440
31016
32718
42091
25869
29703
28424
33427
28022
28342
34218
25343
33271
26039
30251
28366
29443
25758
26252
28368
29188
34003
26896
33252
28387
25563
27204
28488
33498
34825
33597
26535
28562
26490
33498
30350
28551
31449
34513
25367
33498
33499
26408
29667
25436
25479
34679
34730
29667
30259
26502
35151
31178
28737
25806
26450
26468
26321
32601
33620
27129
34909
25392
33409
25391
29669
31959
28830
25419
28987
31267
34436
34449
30746
31493
33417
33540
28946
28946
28297
29725
29375
25427
27859
30730
41750
25564
25809
26101
27810
32525
32660
26821
28369
35251
35214
42836
32352
34769
31859
33403
35211
31260
30386
32348
28037
28043
28332
33798
25461
34824
25722
26568
34493
27212
27290
30910
31130
29542
34764
33090
25605
25745
29940
27334
25437
30445
29272
28597
25638
25464
30097
35082
25480
25486
25477
30444
25551
25655
33419
27037
33562
26129
25976
26136
30351
33508
34763
25457
26890
29508
25681
26868
26883
34619
31027
30322
31057
33752
25483
29525
26823
26956
29713
34522
31027
27747
34605
25484
30566
32526
26022
40543
33477
34910
28608
30970
31022
32743
28356
30464
36678
26483
33638
32020
27763
26673
30462
30950
25491
34763
34765
30151
28219
28592
33579
26998
33629
33639
27029
32042
34073
30706
44114
30346
34286
33189
45766
32814
34191
34353
30474
28876
32060
33654
34305
25512
31752
25588
34134
34471
32592
30476
26585
28769
25523
26403
26183
28599
27453
35103
33120
34593
35188
28729
33725
37156
28059
25738
25568
25738
30061
29579
33314
28134
28677
26973
26391
34258
28294
28134
28677
28513
30519
25543
30700
32797
33918
27311
25562
34741
34662
28663
28697
28732
33277
34536
30880
33933
25578
28967
26466
28850
28676
33025
33233
29579
30880
25572
28604
29001
33430
33502
27027
33676
34771
29567
33633
33282
28735
28762
35097
25585
29850
31033
33347
32592
29567
34767
25595
30402
31994
33426
30459
25597
28722
25600
32915
34595
25608
25745
31540
30262
33280
31540
25607
30902
28984
32232
32232
33789
30585
44124
29266
29668
31841
30954
35172
33789
33649
31746
34081
26392
27414
25639
27822
31883
35249
31137
29444
35160
30882
33140
33140
28832
30606
30887
30938
25682
26017
29965
35021
30291
29794
31488
27259
28810
30617
33916
30254
32158
34794
29070
32321
34806
28096
31147
32228
34569
34600
27261
28168
34711
26517
27797
34971
28350
28405
28417
26375
31358
30361
31304
34827
25666
29614
31303
26906
26655
33348
34836
34642
31405
29194
25693
33037
26642
33361
26656
27116
33348
29552
27606
34886
25698
25846
27189
32771
32875
27207
33519
27189
25844
34648
34789
34809
34815
25695
30247
25728
25699
26868
25697
32903
28425
33232
35227
25701
30676
30684
25703
33645
28425
31882
29690
27606
33966
25759
33172
29559
32035
25899
32036
31564
33328
33383
25716
27527
26186
35753
32117
32170
25717
25720
25727
33179
32121
25726
26358
30837
27860
28684
29493
29498
25725
33600
41978
26933
41643
33179
26907
31928
25730
41093
26937
28575
31958
31503
32307
32312
32307
27941
33383
30154
26382
33347
25744
27936
29606
29728
29113
31535
25748
33231
28086
30196
28026
29221
32406
34234
25756
28084
32405
36658
33338
25758
33011
32984
38084
30833
33279
25771
25765
28913
30708
26068
28283
25773
25774
30709
33884
25987
26262
28235
31407
37554
25943
34446
25943
25966
25780
33032
25780
30828
25776
29459
26118
27595
29165
27301
33373
31935
35035
35055
25970
37356
29155
29157
32499
27319
29867
26629
25805
27493
32270
25950
26028
30634
25801
36537
27443
26613
27542
25805
32279
34754
28449
26431
27542
36964
28470
27935
27794
28470
28407
34465
25847
26745
33093
29331
34352
34661
29686
29701
25829
25832
29275
39366
25864
26268
38458
32833
39374
26701
26717
27374
27951
35138
26537
30916
27006
27261
33419
26853
31773
31538
26536
31641
33056
28594
31992
25948
28439
30834
35214
35225
27736
34350
34450
25889
26371
35241
35241
25872
32485
30821
40884
25872
34483
25888
33564
25879
28257
42686
29978
28359
30269
31476
30286
33251
28393
26026
33985
34749
35053
41530
27422
30355
34371
27019
34068
30532
30853
25890
29427
25893
26053
30937
34993
25978
27455
27512
26778
25900
25901
33670
44555
32480
30991
32645
45672
25914
32379
43058
26523
43163
25935
25912
29133
32503
25944
29898
28363
25976
26136
31450
32453
32823
33702
33146
33150
31313
33975
30936
31099
31163
25924
26215
28252
30380
28937
31139
31767
27727
26935
28576
30946
26935
28576
25932
31139
32993
28538
28621
26225
32992
28449
30363
25937
31119
31120
35168
25944
28363
25946
25957
33267
33076
25950
30634
28143
31950
32994
33644
28749
33645
33675
27394
25958
32452
25960
27641
30969
25962
30323
27194
30237
30935
30939
25966
25970
33907
29838
27234
27872
27897
34006
26740
28379
26077
34379
34389
30380
25997
30771
37052
29977
31046
30812
30966
33875
29452
26063
27240
32190
26043
29366
28661
27760
32851
36263
26021
33152
32808
26021
33070
27731
32809
32810
26837
27509
33986
29494
40289
30910
27134
31868
31869
31869
35510
26055
30935
31020
32705
34759
30986
26154
34975
28818
28998
28605
33588
28630
29248
31998
32697
27556
27563
26035
34769
26462
34677
33311
34244
26047
28281
33242
35180
26765
33267
33875
26056
34262
27954
31054
33983
28840
33827
26771
32974
33983
26592
28818
28860
33804
30939
26083
27214
28024
28366
26844
27264
33840
26844
31340
34456
26073
34131
28185
34520
35080
34683
26071
30145
34215
34549
26096
34128
35391
26075
28640
28637
28861
31176
30477
28640
34863
35056
27969
29084
29441
29283
29308
35113
28970
26088
26121
33550
32222
32472
29000
33712
33565
35013
27098
30095
32134
26159
36820
34458
26349
27521
32703
32863
34000
28015
32526
32220
33340
33355
35130
34281
34283
27812
29665
27649
32569
29701
26115
32525
33965
26678
35087
33932
27318
32658
26120
31783
26190
35322
30913
33564
27215
34290
40004
26137
26138
30533
26154
33428
26134
32470
30383
26157
34176
26141
31940
26141
33700
30698
33585
34343
30034
29358
27353
31138
29111
32704
33936
26148
28495
28541
33119
30404
31104
31067
32409
26163
33041
31177
31669
32380
37658
35282
26168
28100
33722
33610
33722
28247
33259
33770
36021
31915
36976
27879
36974
30741
31810
34058
26183
30288
26194
36214
29238
31174
31979
26183
30288
26182
27392
32423
27398
27401
31177
31963
35645
26199
26367
31170
36188
26453
32885
29124
31785
31425
31707
26193
26196
29289
26206
27690
32766
33458
36476
27691
27974
27981
26551
34303
34318
28986
29209
34179
32925
33351
31708
32388
29173
29175
34062
26544
32860
32740
34249
26993
26562
26806
30226
26217
26223
26218
28850
26230
26947
31385
27982
32909
34048
29252
34248
27381
29903
32995
33000
36287
26230
26269
26270
32901
33000
29222
29225
34234
26242
26692
26694
31311
30844
26415
30810
35007
26235
27904
34369
40917
26749
39216
33326
26244
29334
29955
28711
31202
32742
31703
34418
26959
31693
33896
28077
34060
26252
26256
30605
39938
26254
30266
32687
34369
29114
27962
27977
30657
26268
34950
26881
27982
27983
33824
26268
26298
39049
31341
26798
31736
33919
26279
28217
30727
41805
26279
42788
26278
26279
26925
30393
30458
30806
26314
31075
32392
26407
29834
29832
26294
26296
28101
30302
26501
28420
31991
28226
26299
28384
26304
30926
33662
33664
26307
28684
30215
26334
44895
26355
26628
34494
29580
45515
32324
26319
28588
26423
26331
26319
30596
29539
29492
32414
31902
27342
28168
26333
26330
27070
31285
26528
32128
38974
30648
26341
26471
32414
26337
33221
26763
33572
26346
43786
28781
29302
44269
31292
34339
27726
29966
31996
35221
26416
26390
30578
30739
35287
30491
26375
26841
28129
26476
34951
34722
34631
34744
43312
27913
27901
31289
31402
29500
32342
28668
31456
32227
26413
30911
28275
34258
28683
26466
26409
29255
29044
26429
30912
26408
26414
29564
26402
26732
29548
32069
26406
27302
31269
33493
26411
34330
32245
29392
33493
28658
26472
31910
30912
34730
34457
28547
26950
31369
26436
26523
32172
39124
26438
27620
33062
33582
26442
26447
26445
33880
30926
31269
33583
33891
33880
26449
31674
34928
29490
27571
27592
27323
28308
26468
26471
32414
28556
34954
31437
28870
29231
27709
33066
27790
27727
34977
26498
34455
26474
34454
26478
26841
26932
31431
29253
34045
34220
29808
26485
29438
26489
31242
26499
28238
26486
33723
26782
30181
29372
28534
44278
26954
33082
33213
26664
34265
34266
26500
26503
26509
36769
27821
27824
32720
33542
26510
35096
28298
27626
32735
31513
27626
31531
32729
34281
31538
26520
34341
29753
26524
31510
31521
34630
29162
30501
32853
27460
33418
41617
27414
29070
31135
34220
27569
28472
32083
34117
29668
31326
32492
32672
26701
27307
30417
32729
26548
26694
33068
33077
33465
33069
33074
26553
34927
26555
26564
32910
26553
26694
29293
27180
34045
34303
34921
29678
26596
26566
32666
33264
34788
29838
34407
27869
28007
32616
27328
29033
33316
26568
30658
32064
32904
33951
27354
34078
31478
32052
32775
33425
34827
26586
30232
26586
27465
30439
33751
26587
33743
27637
32646
32720
32721
31559
28202
29218
26601
29692
26601
26607
29213
27646
27510
26616
27548
36813
27537
31611
35723
28777
26615
27202
32852
31600
26620
33912
32749
26613
26614
36013
37042
26618
27821
30362
37740
29828
34021
27865
35452
28182
26626
33912
32957
34511
29221
30195
26635
26636
27534
32132
27107
31631
37697
26676
26676
33372
26642
33361
26642
29571
34866
34891
27539
28179
26650
28779
34736
32859
34933
34969
26774
26684
32346
26651
26653
33509
37963
29779
33686
40251
26654
27779
26752
28070
37771
26656
26660
26659
31427
27828
31660
32774
26660
29245
26667
26672
26688
27360
34242
27834
34265
29281
31655
37497
31651
31652
31643
28971
26678
32951
26696
26681
26682
26696
26706
30573
31382
26686
34932
26687
30192
26692
29880
33012
26714
28322
29293
26709
27881
26715
26708
27880
32206
32213
27946
31530
26715
31961
33324
30305
26728
26714
30210
38511
30800
34262
26719
30660
31781
32821
38170
30615
31179
32555
27313
31275
40009
26793
28363
29870
36758
26732
29550
30569
34326
26793
29784
31849
30798
26739
29212
29244
30800
32128
38253
29212
29233
32133
29042
34091
26744
26835
27660
32028
26878
27153
38470
26751
31491
27460
40187
26775
29949
40083
36023
31687
30065
35135
35136
30017
33225
30017
32944
38482
33222
37953
26774
36325
27951
27952
31781
35021
29446
34796
31222
39363
31691
26782
34452
29593
34711
29502
31910
26784
26786
29402
30044
38120
26786
30044
26791
29499
39414
27805
32820
33014
39273
28029
31836
34394
31874
37964
26817
32342
29631
30671
38091
29813
39254
30121
38903
26812
32820
34545
26811
35146
33230
26813
27805
36593
32744
32944
33225
33281
29361
31725
26836
29383
26820
26840
26843
26843
26834
26825
39499
38677
34677
26834
28225
31671
28140
28570
33609
35067
39183
26838
26956
27182
34224
27874
28229
37893
32399
26874
33885
32972
30320
26863
35151
35154
26932
31431
28144
30113
28145
31623
30112
30113
29054
32354
30500
26865
30183
26863
30396
26880
30397
33561
34480
28091
26873
33407
26875
28047
28648
26882
26886
26890
41408
26955
30769
26891
30996
29703
31752
31755
31922
31997
40905
27379
27403
27957
27814
29184
30376
26903
26909
29436
34461
41889
26916
40480
33810
42449
33259
31871
34827
31654
30461
29773
33598
26921
27769
27772
27034
27268
29836
40828
28487
29218
29928
29472
27860
30573
30808
31945
42583
30622
31458
26966
26966
30378
30946
29475
34538
26988
26989
42864
26946
34871
33600
27756
32556
31643
27267
32647
30229
26953
41943
26986
27021
31904
26961
36400
32734
42335
30224
41903
26964
30384
31721
33251
26986
37791
30364
31032
26974
30502
42111
26974
30504
35012
26978
40747
26978
34540
41536
29509
34547
35173
32144
31658
41931
41537
31376
27037
30446
31975
42367
34288
26994
33636
26996
30773
27000
30896
42186
32546
32754
34663
34909
27004
31273
34792
30917
42645
42397
28671
29054
27021
31733
34564
42618
27021
31875
34288
34302
33110
28600
27033
29465
30715
28770
27831
43070
27033
27035
27037
27038
31023
27038
27050
34914
28369
27044
33872
27046
33763
31001
30330
28573
27109
34798
27771
34896
28710
45771
28731
34689
27055
27056
43680
32216
34653
32069
43895
27083
31463
34532
35120
27065
34603
30607
43673
27085
27116
32070
43704
30485
33728
43345
34575
34611
34813
34884
34896
27080
31812
27079
32056
33647
44988
27084
34533
31461
30628
27103
27089
27101
30431
44454
27092
28695
32054
33715
30202
30206
44469
27101
27324
30241
27096
43914
44829
30871
29487
34714
30630
29616
44809
29603
32134
34712
34714
27129
33597
30189
30206
43335
30585
27114
32256
44241
27113
31005
31044
32433
27115
34798
27118
27124
28668
33783
29712
27849
27125
27458
27518
29129
34102
28774
29696
28233
34275
34884
33935
43044
31028
28945
34889
32138
32139
27163
31849
44612
27143
27148
27150
28096
28117
30579
30087
27150
32753
27202
32746
27696
33367
43119
43138
32131
43729
27167
27166
27167
27198
27199
34181
27199
31504
27201
29935
28955
28940
29077
31045
31082
34135
32244
32750
32851
30240
27764
31502
27197
27320
33927
27350
28253
28264
34214
27508
32798
31694
27510
35069
30234
31573
32702
30610
31634
27660
33993
31663
28623
32166
32610
31043
36580
28664
30686
35040
34578
28506
27758
31664
32280
29767
33216
27215
29309
29321
27587
33287
27387
29416
32442
28310
33005
31309
32455
27293
33515
29913
30023
31072
27226
27228
30646
27234
34530
27608
32658
27236
28321
27237
32618
34844
29938
31891
28471
28634
42896
30355
27247
30353
34849
28391
32703
34016
30584
30874
33955
32626
27258
29635
28813
28467
34527
33561
32977
28975
28973
28975
27270
27497
33103
33893
27858
33842
33845
33843
31457
32302
29796
32205
29120
31041
31045
27634
27635
29122
31269
27329
29098
34047
27747
27778
28880
28348
28582
29109
27497
28054
27481
29536
34125
35214
31929
27934
31531
32869
29301
29332
34517
28505
32194
28869
34550
27664
28875
33093
33021
33993
28329
27918
29534
30437
30345
28997
32782
29067
31147
29158
31089
27496
27576
31685
31678
34043
32543
34580
29182
31186
29351
30740
34671
28842
33544
33752
34531
29952
30353
31640
31673
31445
31337
32041
32376
34128
36963
29099
31749
32388
27523
28300
30565
27887
29418
34162
34167
27427
29200
27484
29543
29859
28836
31905
34190
27380
32685
33896
28847
27976
34754
27568
29045
31613
31628
32458
28444
29038
28497
32083
34117
30636
30637
32373
31395
31251
31839
30163
32380
29170
32381
29209
27905
32369
29085
32420
32422
32423
28046
28373
31099
28824
31905
30270
31425
31426
27417
28005
30717
36833
28926
32418
29462
32445
30748
34180
27421
32702
27432
29206
30743
34108
34172
27479
27500
32522
32291
27580
28142
27444
29267
34750
28564
29495
27518
34098
31966
27486
32661
31565
31477
34120
28565
27660
27557
34098
28548
31118
28613
28622
35233
27487
27509
29926
28664
30493
28673
30511
35066
30218
32449
31742
32359
27937
33779
27476
34360
31954
28772
28794
34501
28771
28772
28961
29115
31775
32498
32329
27541
29512
29419
29993
27511
32519
29082
32090
31127
28126
32300
27753
29078
29594
32508
29374
27536
37009
31979
29913
27675
29119
31094
34085
28764
31967
32110
34100
34194
27511
30515
27513
34161
33091
33073
27520
27597
28351
29123
34116
34918
29827
42670
29423
31073
27532
27711
32182
32182
27531
32145
27531
29186
34113
29857
30001
30011
27799
29210
37010
27544
27548
28282
28182
29818
34451
29158
31618
37467
33840
35314
32515
32516
29561
31148
31149
32303
32513
27561
32832
34221
29842
30210
27566
37484
27662
36457
32511
32517
37583
28381
31477
27572
29367
29388
29040
31963
32362
28054
32573
30023
27578
29065
32391
31361
31572
37280
31563
32585
27589
32325
27588
28089
33462
32577
28119
32326
34036
29026
29062
27591
31487
33067
32527
27662
27914
35128
28993
29684
29842
27673
27678
27673
32633
28312
28316
33907
34853
27658
32958
35133
34879
28467
29654
32032
34453
32261
27662
27616
27853
32261
27653
27869
27687
30722
27624
31413
29835
32724
32728
29086
29068
27852
27644
32826
27663
32278
33260
29824
32736
37495
27863
31647
27820
32777
28137
30046
28590
28889
35029
35031
32987
27653
27940
32261
32262
32530
33093
30039
33059
28552
30366
27669
30069
28072
32826
35018
32873
30062
32541
34791
30192
27679
29899
32645
35051
27681
31344
27684
32919
32923
32924
32735
34270
27703
27804
27842
34959
34988
32706
33851
27921
32809
27700
27917
33470
29074
29123
32717
31481
27973
27979
32132
29839
34853
27709
29924
29924
32862
32156
27717
27770
27715
31245
34007
32544
28498
29077
34030
34113
34959
29291
32280
32929
34961
32935
29287
32935
32564
29709
32135
32146
31783
34028
27744
32764
27748
31601
31622
35317
27746
27748
32279
32152
32625
30009
27756
29837
27771
28201
27826
32774
27775
30408
27774
36308
31661
32787
27771
32785
32787
31595
32788
27865
32785
31553
32817
27817
31271
27780
27795
37561
30332
34155
28301
29210
33247
35115
34970
35323
32804
29665
30659
27994
35130
35130
28498
30637
32843
32634
32878
29126
32494
34115
32721
32775
29929
29883
34939
29258
32849
29929
32871
29249
34941
34951
27840
27843
34602
32806
34980
27976
32930
34586
34833
29259
32875
35249
29825
27987
32869
29835
32779
29268
34296
37794
31653
31666
29933
32881
32262
27875
27876
34006
34444
30514
32805
30907
32218
33368
27883
27903
37726
32498
33907
33976
31777
27889
29955
29952
29956
31959
31729
30669
32923
39222
27974
33919
34217
34217
27982
30158
33679
27907
35597
33896
27948
36707
27924
32918
31321
32936
33659
34953
28863
34333
34999
35002
32810
31841
31006
31122
33216
28454
34354
27993
27931
27992
27934
33915
27934
35242
30080
28730
35083
30086
28890
30073
29600
34365
27955
37188
30097
32525
32526
33509
33510
32969
30660
32978
34274
30080
32495
32685
28049
32501
30822
33919
27964
34856
29210
32607
30013
32911
31424
34953
33470
32860
32925
33787
34629
33400
28006
32181
32525
35246
33367
33548
34973
29339
32241
29144
28066
34224
32341
33993
33991
34223
31516
28049
28141
29513
33478
32825
32829
33164
30122
32531
29281
29376
32181
30148
30150
34390
29007
29304
29117
31098
30145
28111
34703
35081
33123
34695
31683
28303
29370
30297
33306
33283
32309
33121
33143
29430
28121
28730
30910
28159
29645
28760
30955
31144
33052
28618
29382
32337
28136
28517
32577
33071
29420
30053
29042
29057
32308
28092
32176
32829
33030
34680
31517
33510
31691
31787
34148
34480
28081
33603
33231
28091
33231
28426
31784
31787
28413
28100
28102
34052
32227
33089
31158
29408
31410
40918
31355
34463
32475
32325
34147
34213
34014
30770
34107
33393
32301
28348
32582
28115
34211
32542
34150
28119
31487
30257
28250
33080
33320
32311
32091
28243
32587
28317
28373
30291
29067
28255
33179
30457
34727
28132
33569
28131
28599
28139
30770
32111
31061
34445
28221
28325
28460
31599
31706
33878
28977
33134
30150
28166
35167
31047
33169
33170
28283
29353
31738
28207
34367
28325
32194
31227
28306
28603
28163
28164
31254
31819
30159
33226
33240
33262
33288
33141
28294
34258
34662
33202
29022
34713
29863
31617
31758
32561
33206
32478
28188
33315
35163
37599
32478
34422
29819
34052
34147
31757
35095
38787
33060
32943
29216
29347
34125
29218
36727
31390
31882
31344
34426
34489
41661
28217
29457
29538
32326
31619
31675
31824
28230
30121
33773
28245
29452
28236
35169
30164
29415
31204
29427
34889
34464
34466
30250
33159
29139
28257
28262
30292
40831
28260
30369
32347
29142
37942
34784
34142
30222
33337
33569
28599
30273
42509
28468
28683
30159
31384
34289
32214
30981
30997
29847
32544
28289
33288
30140
30140
29419
34436
28292
29469
28447
33538
28296
33428
28297
30332
28394
32527
28593
31616
32943
31803
30117
32624
32326
28440
34708
32877
30318
28326
33249
33917
29427
32594
28339
28361
33442
28356
28360
30394
31255
28383
33383
33394
29485
33601
28350
28395
28944
30976
33785
33366
31095
40934
30921
29703
28353
33940
33941
33536
28422
33634
28405
32336
31575
30847
29200
29202
29260
33342
31194
30066
28382
28421
36599
28434
31356
28381
32515
30266
33037
32514
32516
33041
33258
29704
28488
29861
34593
30850
42879
31133
28558
41015
29350
32523
33087
29260
30309
31925
32185
35016
29795
30170
30806
33259
33344
33380
28760
33397
33402
30175
28479
28817
33765
31509
28896
28446
28448
28534
34694
35229
29203
34489
31126
33047
28444
29994
29429
33723
33737
41253
33517
33518
30769
30772
33543
28460
33502
34286
29567
30071
29495
31267
33325
32048
30929
31348
32064
28646
31297
34606
30476
32003
34205
28512
29545
29538
31345
28532
28553
28554
31106
28687
28862
31265
32169
33472
32497
29045
29388
32083
34115
28496
31692
28500
28932
33932
34732
28548
28626
32027
30336
30341
30683
28704
33724
33726
33233
32047
34585
30335
33920
45304
28533
30325
31946
32030
33506
34599
29695
33319
33867
35173
28530
31298
33518
33551
31394
34066
34092
28809
33551
33558
28567
28881
33938
33941
28545
32125
32428
28549
32027
33520
32714
29468
29341
28565
31577
32327
31032
33549
34511
30357
28582
28618
28573
30558
33437
33782
34171
30858
30860
30925
34919
28577
36045
33526
36148
30686
33830
28614
29247
28793
28837
30491
29485
34724
29540
29106
30536
30546
34374
28613
33638
35020
28600
30136
33539
33552
33590
35011
28624
34171
35011
29350
28677
33085
31656
30353
33554
35103
28950
31106
33690
34495
31947
34491
28658
30425
41955
31044
31982
33640
33439
28643
30891
28657
32003
30399
30445
32019
33317
30548
33654
32077
34008
33693
32712
34067
32094
45015
28711
31107
28750
30561
29220
32557
34616
30732
33669
35131
28701
28707
31007
32053
33105
33571
28799
29952
29955
43744
28933
28702
34640
28708
31109
32509
33277
34842
32472
33846
28874
28715
28748
29243
31635
45434
30627
29905
30649
32973
28727
29263
33079
33432
28722
29002
33922
28722
29328
29554
30520
28723
29000
33576
33712
30036
31130
33062
29412
33080
33087
29276
32812
33724
34842
30049
30481
34811
28830
33675
28743
28744
33529
34143
31299
33457
32682
30346
28751
31970
34124
30973
33645
34613
28753
28757
30816
28755
28758
33673
34616
28758
28759
43085
33652
29362
30602
32123
30540
30970
30468
34353
31001
31240
30339
33751
28794
28795
28796
28776
28776
29685
28780
28781
31334
31211
28785
30310
33655
30980
29706
34743
32248
32259
33800
30616
45537
29504
31507
31541
32490
34501
31467
31478
35093
30872
33776
34675
31522
33829
30030
33876
33774
33788
29285
29382
33799
31038
30471
28823
29171
33827
28820
30005
33792
28848
28912
31937
34258
34289
28905
30490
32199
35228
31890
34190
30358
31566
31681
32441
32441
32445
31541
28859
34759
28845
43589
29189
45202
28971
34241
45579
28855
30082
43641
28858
34141
28877
32412
34775
28864
30115
28866
32931
31177
31519
34333
28873
29325
34306
39530
31333
33853
32295
30471
32707
31917
33672
33764
31226
33655
30377
42566
30377
30378
29983
32677
29357
32547
32825
35046
30802
28898
31577
29378
29166
30906
34338
35207
28911
30728
28928
30828
31891
31944
30312
30826
29165
32447
33035
31044
35185
28926
33716
31011
28968
30231
29041
33945
28944
30538
33729
30672
35237
45163
32992
28943
30404
30404
32801
30059
32801
28942
30510
33483
29043
29628
32765
32795
29468
33585
33296
32390
30198
33531
31136
33528
31101
32415
29047
33946
34214
30059
30187
31885
28966
30616
33956
30614
30204
32417
28974
32548
35056
33308
35163
31790
31885
32383
32403
31152
32403
30051
34621
28996
29798
31474
33910
29002
29002
33500
33429
29016
31012
32453
32332
32339
33258
29131
29188
29204
33201
29025
33201
29015
29856
34726
29052
31486
33691
34013
34017
29029
29030
32333
32588
31481
33462
29035
33316
29125
34202
29046
29126
32666
32900
32391
30507
33744
32494
31373
31395
31832
32044
33947
33948
33462
29079
34090
31483
33465
31479
29055
29075
33089
31213
31967
29098
31783
31855
32585
29105
32345
29089
29320
34623
32265
31094
29191
29131
29135
31088
32366
29119
29122
32581
33328
29085
31176
32417
29815
32558
31394
31583
31846
29094
29124
31847
31484
29208
29451
31678
31754
37276
32378
32388
34187
30434
31886
32374
32227
30163
32369
32333
32416
29107
32769
31710
31144
33400
29134
29728
30191
33113
31092
34030
32581
33181
30556
34035
29156
31082
31088
31250
29135
32097
30145
34165
34084
32534
32322
34011
29143
29151
29143
34142
29147
29147
33610
34160
29151
31555
31557
34276
31245
32503
29167
38683
29623
30627
32343
34050
29179
29166
29187
31719
32289
32566
34007
29464
31608
29174
29176
29176
32336
29621
29185
29582
32334
30594
33358
30043
34202
34204
30281
33894
34003
31839
31846
32415
29206
30743
29633
33385
34000
29305
39151
30720
36703
29269
34292
29269
29226
34233
29225
29223
32425
29225
29226
29230
32453
32823
32880
35190
30539
31383
34253
34257
34954
35190
29244
32315
34243
29244
32128
32331
32740
29890
31635
35611
30040
29822
37733
29883
35863
34941
35078
34237
32451
34255
31384
35172
29275
34280
31514
29267
32736
29275
39400
34292
31652
31653
33846
29465
34379
29350
33080
29288
29296
38286
34318
29292
29345
31730
31736
34311
29314
31566
31211
34069
29943
33852
29309
31977
32178
29917
31170
37160
36622
31109
32465
39896
33501
33576
34029
32922
31777
34348
31363
34672
38778
33603
34437
29341
33159
29379
32241
29351
33467
30029
29598
31822
31841
38009
29379
30704
31852
34418
39239
29810
29405
32004
38267
30605
39376
29381
29363
32329
29366
30128
29370
32064
32164
32276
29370
30128
33840
35071
35183
34393
29382
29384
32389
34409
29449
30313
34376
34377
30911
30132
29395
33270
30597
34696
35142
31389
34429
31990
32830
42689
31752
34746
42080
31207
34438
33320
35235
31259
30968
32276
31261
33480
32422
32444
30318
31919
33248
29801
29806
34461
32417
33099
34692
34779
33051
34404
30203
35203
34454
32417
32420
31928
42207
31909
33815
33823
33815
31338
40518
29462
32438
32407
29801
29802
29584
32890
29481
31143
29774
29620
30624
32174
30030
32032
32048
33518
33537
33532
33597
31178
31143
31159
30589
32167
31346
33036
34511
29871
38940
31125
34533
34755
34821
34518
34519
34111
34287
33599
41983
29516
34552
29520
30480
34528
29557
31752
32004
29530
34604
30482
34555
34557
34560
33757
29563
34121
34162
32067
45109
29539
29540
33631
33511
29549
30418
32047
34587
34581
31108
31422
34577
31997
35140
31435
31436
33570
35188
30494
39766
34566
34569
30005
29622
34641
30765
31285
32271
32086
43701
44607
30360
29581
43075
30611
32167
34196
34011
29586
29588
29589
33662
30091
30598
32249
33996
30023
32061
34012
29600
29631
38133
30575
32313
30864
30839
30103
31455
29611
29612
31307
32131
30067
45153
30067
33421
32136
44883
29620
30624
31093
30624
30626
30647
33744
29638
34647
30493
34823
34827
31576
29638
29868
34011
32706
29665
35076
29675
32088
29653
34842
31771
29652
34614
29653
32061
33092
30137
31252
30061
30419
31884
33869
32617
32350
33455
33566
45787
33837
33788
33833
29678
32801
29742
32469
29688
29725
29727
45029
31004
44483
33764
30253
31719
32179
29700
32605
30501
33575
31499
32215
33772
34743
32244
34612
34612
34611
29718
32626
33779
31004
29722
33633
34566
34571
35046
32864
34025
34782
32938
32186
32927
34022
29806
34332
34245
35102
35107
34892
31003
32677
29800
30922
32121
29988
32215
33990
32264
29748
31815
31818
31837
29752
34270
31524
30204
32336
34183
34837
30084
34655
30082
34659
29772
29786
31415
29773
32346
32395
29821
32692
30220
32365
34657
32211
31832
34089
34090
31455
33842
31615
29845
29859
33740
33743
30606
30937
34733
31220
31580
31162
31359
34656
32147
31826
34091
30374
33836
33838
32668
34225
34295
34855
34278
30718
32614
29843
31617
31618
29820
36625
32522
29849
29878
38975
32733
34880
29842
32832
32776
33444
29834
31531
31545
32620
32623
32761
32549
32540
32231
30346
31440
29853
32867
32699
30010
33053
32541
33046
33053
32231
33600
42184
32962
35090
32597
31633
31679
31317
29877
29895
34929
38378
29891
29890
29886
31676
32742
29894
32939
34931
30376
34925
33034
30737
32510
32834
32368
29917
32677
35047
32162
32355
34972
33418
34972
29926
34668
33584
31490
33688
34877
35149
32811
29937
33513
29940
29958
34988
34994
31697
34311
31774
39845
33944
34676
32501
32983
31777
29961
35049
30455
30515
30455
32793
29988
33988
31980
30070
35001
39357
30072
35038
30007
35019
31774
32073
34753
32081
38206
31079
34778
34753
32580
30008
30148
29994
33007
29991
30545
30964
29991
30615
32548
32555
29998
35055
30000
34749
32625
30535
32994
31063
31064
31068
30014
33097
34833
32625
32976
32911
31755
31997
39010
40197
31795
33309
33084
35108
33126
32398
34252
33028
35077
31068
33355
30094
30910
34737
31517
32955
31793
30043
30250
33159
35092
31482
34681
33814
33054
35086
30075
31190
34094
31530
32953
32530
32958
32430
34843
30062
30374
30632
32233
32891
34851
39399
32524
31068
34908
32967
30364
31439
44589
32524
30915
33915
31899
32891
31913
33837
32154
33129
45551
31357
31798
32096
30093
43981
30097
33020
30591
31482
30619
34715
30130
30436
32523
30672
33929
30619
33892
31866
30130
31829
34714
30135
33204
30975
33227
35177
38995
33187
33171
33187
31807
30169
33113
33135
33272
34715
32298
30591
44029
31968
31978
32799
32856
34013
35175
30171
35161
33184
30317
30161
34118
30187
31495
34402
35157
35159
30176
30188
33813
34474
34472
35208
33531
30180
45677
45731
31241
32377
32348
33337
31199
44268
32025
34722
33895
31505
33232
30298
39047
30601
34725
30209
30216
33480
35243
33395
30294
30298
33246
34469
30227
32348
30389
32351
30672
31365
30234
30237
32441
32127
34076
30308
30309
34632
34746
30253
30959
30250
30280
33343
31097
31096
34000
31964
32470
33323
30390
31184
30284
30284
33343
30284
34004
32893
30382
31386
30305
30307
34210
31062
34786
31833
33185
34000
33045
34149
30339
33611
32349
33374
33657
30963
34494
34056
43466
31947
42753
31051
34492
31956
32027
30421
33496
33488
33491
34149
30673
30355
30355
34140
31449
30360
30362
30369
33464
30371
32076
33189
31955
33526
30379
30410
30835
31025
30945
42633
30381
30426
31099
30384
30390
31367
31256
30390
42124
30411
39146
30426
34547
30402
30459
30460
30402
31994
30460
33630
30450
45517
30450
44897
31995
40958
43694
32016
30446
34526
32171
31389
33484
35091
31422
34909
30429
32088
34594
40498
30434
30472
33523
33477
30438
31028
32014
30929
33317
43428
30714
35245
33666
32078
33613
34758
34878
30817
33665
45608
31063
31064
33639
30824
30527
33451
33721
44087
40084
34506
32725
34544
30494
34191
31173
33631
30487
30522
44779
33864
31433
45603
34588
35022
31294
30732
43793
33483
35226
32542
32575
30732
30498
30503
30504
30503
30500
32338
30504
30604
30650
30507
30510
30510
33663
30511
34819
30761
33676
34762
32952
33861
30551
30535
33486
30673
33487
30536
30543
31625
33432
33761
34353
30715
30546
34191
32554
35054
34384
33438
45774
33586
35239
32669
39877
30564
33614
33434
33586
32577
30602
34766
32442
32458
30766
34579
33494
30852
30586
44329
34743
30588
32157
43510
32150
43957
30952
31663
30625
30636
34119
30614
30616
31034
31084
30646
32211
33836
30636
34118
30640
32284
30648
30652
31195
31917
32343
30689
33696
31843
31851
33698
30665
30674
30710
30942
34217
34319
34369
33919
34048
30663
30665
31533
31900
30798
31900
34319
34859
32968
32887
34738
40132
30679
30697
40387
30684
41816
30688
31271
32016
41700
30685
42820
33486
33487
32197
33713
34902
31011
34974
32118
32020
34637
34476
30710
31106
32208
30700
30705
30928
32005
30703
39241
33731
31280
35217
30767
30715
32480
30723
37637
37168
30723
37709
34079
30727
41952
30733
30736
30747
30761
30731
42898
32104
33040
31609
37285
30920
33618
37527
33438
32202
33973
30744
30758
30742
31183
33427
42300
34709
30759
30753
32997
31406
32697
30773
30780
33577
32464
42833
30764
31174
32463
31669
32373
30766
30779
33890
33720
42543
31555
37062
33884
30778
31221
35247
31320
35240
41649
30785
32546
30785
35974
30786
30788
30903
30816
32709
30792
34649
42058
30803
32213
33968
35050
30988
30800
34649
40974
33013
30810
30808
31129
33615
31990
38087
30815
42505
34795
30832
31989
34708
30835
35067
33047
33888
32968
31248
30836
30840
30841
30852
30851
34625
30849
30850
41734
42083
33339
33250
33394
30852
30933
42435
31976
42616
41850
30867
41126
30873
32292
31722
32731
34042
41104
30876
30889
31332
33460
32001
33555
30932
33985
35053
32070
32149
43550
32188
32263
44830
32694
33821
31598
31020
33821
31073
30927
30908
30898
32408
30927
31581
31792
30904
40360
33090
30918
35129
30918
36312
30922
41020
34066
30929
30961
31169
32019
31017
30941
32021
30951
30943
34738
30992
31792
30949
30960
30962
33136
30958
33770
31057
35008
33279
33882
33882
33985
31055
31123
33708
34124
31033
33647
30980
33775
30981
33230
32521
34640
30990
34787
42231
33814
34646
34738
30995
31013
45209
31122
31009
31005
31013
31000
31001
33763
31014
33105
33108
35152
31014
32114
31014
43696
32124
33352
31019
31020
33821
31021
31021
45718
33325
33145
45321
33640
34608
31037
34079
31044
31105
31050
32487
32583
31134
33528
31491
34966
41099
34334
34494
32490
32739
34247
36835
31124
33196
33687
33397
33398
33350
34908
33351
35125
34237
31201
34242
31613
31616
41815
32324
32670
35161
34674
32184
32607
32611
31245
34135
32627
34668
33386
42363
31135
31159
34712
34714
34796
32169
33530
33932
32055
34029
31112
31157
31116
43465
42416
31118
44487
33539
31157
31159
31124
32602
34240
32590
32602
34240
34737
42707
31140
32999
35535
31159
31149
36448
35259
34194
37142
31704
35808
31312
31695
31699
31942
31958
31164
31167
31165
31167
31814
31189
32285
31174
36986
31297
31957
32376
32519
31181
31188
32284
33780
34438
35247
41584
31426
31762
31189
31221
31320
41718
31195
31216
31194
34053
31223
33971
31199
34016
44828
44517
31202
31680
31209
45106
31646
37172
32320
33780
44572
32245
31221
33780
31216
33977
31218
32826
32828
31223
31259
33939
31224
31234
31230
31228
33866
31234
31488
31703
31809
38428
34438
35247
33739
33887
34435
31898
34475
31246
31250
34007
33448
33455
33449
31262
31263
31766
34083
39127
31290
41289
31278
35010
31287
31291
42361
31292
31287
34630
32317
33322
32199
33830
31306
31306
45092
31892
40691
33414
33425
33291
33981
36226
34920
34928
32767
34300
32767
35241
33960
41114
31347
32919
33967
31326
33928
33981
33931
33970
31547
31332
33572
33018
34311
31844
32669
31349
36685
34428
32936
31407
37085
32136
33362
31355
31360
34686
32335
31363
32936
31408
32096
33220
31396
34090
34091
31375
31392
32116
31391
31382
32283
34082
34239
34433
31396
31848
31399
31402
32223
33083
34179
31444
31940
31412
34881
34847
31420
34844
32558
34706
34825
31423
35219
31430
31439
31707
34177
36868
35218
31588
31438
33793
33514
31472
31443
33046
34058
31448
31475
31512
31536
31748
32489
34822
34509
31458
34642
31744
32484
35089
35120
31465
34147
33113
31470
34257
31572
37642
32267
31589
31589
31487
32738
32748
31498
32251
34031
33992
31948
33406
35212
35213
34045
34046
34049
32484
35227
31526
31577
32229
33871
34810
32251
33990
31514
34965
32609
32615
31530
31552
31669
32160
32236
32857
31567
34487
34025
35856
32776
31543
31565
32729
31550
34207
31559
31598
32859
32089
32302
33291
32596
33336
31564
32583
32573
33436
32297
33336
31577
31571
34107
34830
34145
31934
34840
33545
31582
31625
31587
31854
34357
31585
34066
31588
32399
33083
31597
32381
31594
32852
31595
36275
33792
31604
31607
31607
33019
31608
34053
31620
32295
36555
31612
36866
31629
31636
31616
34655
31626
37644
36059
34916
33238
33881
31642
34912
31629
36956
31686
31638
36156
35788
31649
33257
31692
32208
31650
36093
32371
31673
31653
36074
34299
32358
31666
32386
36753
31660
32835
32847
37502
32358
37152
31677
31677
39713
32742
39286
32260
34394
31732
34043
31691
32166
31734
32662
31698
31699
31704
36488
32213
31798
32960
34686
36934
31707
32332
31751
31713
32429
32769
31712
40079
31724
31835
31721
31724
39793
32224
39319
32057
32074
31773
31746
31738
31808
31736
39230
31918
31742
31744
31748
31748
39340
39521
31751
31789
39030
32374
35703
31760
32383
39265
39225
31828
35061
34336
39890
31767
33129
33119
34085
34106
31981
39075
34043
32044
32424
33013
32967
38688
31782
38573
31879
32377
35001
38361
31790
32374
31799
39088
31799
31831
39320
34686
32385
31852
31852
39699
35165
31813
31816
31861
31820
31938
39482
38986
35181
32366
34089
34090
32118
35181
37917
34686
31845
33102
31848
31848
32361
33829
33109
34357
31860
31868
36111
32149
33738
35866
31872
31865
36942
36113
33364
31873
35871
40291
40276
38335
31885
33817
34426
35232
32715
34261
33968
31889
32332
34071
34182
34185
31893
31937
31934
31920
42253
31903
34421
32891
32896
40038
42535
31908
31924
34474
40443
32154
42027
31917
32531
32565
39895
31932
37643
42447
42293
31933
34180
35234
31944
32291
32946
32493
33125
42650
33600
32127
43969
32487
33148
41901
33222
39957
31956
31970
31979
32157
32254
45366
32362
35112
36991
31977
31981
39644
31980
32150
34997
34669
31990
33621
34499
31988
39223
33621
34538
32002
31993
33577
42643
33760
42198
38108
32006
32038
32075
34563
40854
32015
32016
33625
33154
33162
32030
32127
39568
34251
32040
32066
44451
32040
32499
32043
32045
33861
44219
32059
33312
33359
34109
33359
33694
32081
38380
32672
33687
32557
33574
32591
44054
32068
44401
34651
43355
45516
32082
38228
33574
33758
34572
33293
32087
34596
44568
32090
32091
32097
32102
33935
45485
32105
34631
44990
32101
35093
32110
32122
33669
45699
33312
33412
33312
34957
32124
33902
33905
34538
32475
32476
35297
32466
33250
33394
32123
44684
44293
32133
38506
33900
39613
32140
43130
32183
38496
32137
32158
32207
33785
33996
34009
32147
32146
32152
32151
32200
43653
32157
32152
32156
32867
45103
34204
32163
32172
32208
32431
36474
32475
34065
34203
32179
33854
35030
32606
32632
32952
33500
33637
33398
33987
32664
32938
33307
32668
32221
32225
32242
32227
39009
32234
32242
33704
34442
34440
33191
32731
32255
33886
33899
33975
32256
44683
32260
33801
32684
32321
34804
32293
32782
32269
32271
32270
32274
32272
32274
32273
32274
32500
33453
33501
32895
32902
32928
32426
34190
32316
33954
35199
33701
34145
32305
36254
34632
44912
32322
32331
34248
34623
34009
34125
32360
32341
32956
32529
34173
32396
32356
34082
32353
40796
33334
33337
33023
35455
34059
34070
32466
34059
32433
32846
32386
36736
32402
32380
34178
35833
32413
34179
36691
32404
32926
32610
34072
32433
35238
34178
32406
32438
32421
32438
32425
35632
35349
32419
34136
33826
33935
32610
32437
32440
33982
32518
32455
32459
34170
33390
33746
32480
33754
33927
33373
32462
32594
32462
32528
34075
34164
37693
33871
33185
33150
32576
32718
37746
33143
33239
33349
34687
32486
33754
34360
33751
32493
33876
35706
34075
33833
32993
34375
34415
32497
32904
32910
33705
32990
34424
34137
32573
34424
32514
32572
32991
34640
37633
32527
32953
32594
32595
32829
33171
32545
32553
32620
34156
33806
34887
32683
34691
35656
35055
33741
32649
37346
32578
34754
34693
34946
32578
32580
34731
34104
34731
34150
32987
33181
33016
34036
33463
34276
32675
44083
32594
32629
32626
32604
32679
33043
34447
32622
32700
32701
32733
32619
33976
32616
32616
32877
34530
32763
32631
32648
32673
34791
35109
35149
33217
37490
32780
32878
32672
32644
32719
32871
32673
34829
35044
32656
32657
32658
32658
32659
32976
32914
32927
34024
32978
33847
34830
44442
33988
35005
34080
34424
33850
33000
32701
32728
32708
33532
33536
32819
34504
34331
32839
32738
32760
32765
32866
32728
32730
32730
34879
32830
41494
32741
37475
34248
34243
32959
36965
32760
32752
37328
34894
32865
34898
32763
34890
34303
34317
32905
32776
35065
32879
32838
32830
37431
34883
42134
35025
34671
32795
32856
33305
34933
32859
34934
32955
32872
32844
32861
34974
32916
32850
32884
33908
32875
32881
43480
32899
34901
34974
35123
35137
38860
35117
34988
32902
33945
34078
33950
32964
32920
32923
39221
32930
32995
33950
33505
32964
32919
32923
38277
32922
33208
32932
33194
34959
32931
34074
34984
34979
33309
33224
34396
32947
35059
35139
33732
34448
33059
33503
34889
34890
40040
34262
32986
33017
35047
32980
32982
39836
34945
33713
35006
35053
32999
34217
32998
34869
33014
33026
33073
33094
35079
33033
35096
33031
34355
33032
33031
33661
33217
40081
33217
35129
34709
33064
35088
35102
33142
34577
34577
33162
33068
33069
33077
33074
33152
33162
33091
34699
35075
35094
35072
33094
33099
35242
33112
33892
33891
35198
33718
35201
34361
35142
35204
35216
33626
33127
33128
34186
35106
33128
33734
34813
35101
33133
33268
33182
33163
33263
35197
33165
33951
33271
33177
33365
33203
33516
33183
33328
33340
34285
33191
33704
39067
33208
33206
34713
33511
33527
34606
33212
34721
33237
35245
35069
33903
33225
33242
33773
33228
35177
33874
33628
33280
34730
35187
33384
33376
33303
33307
33368
33264
33311
33397
34700
35186
34700
35162
33289
33292
34723
34703
33346
33321
34611
33330
34339
33330
33329
33334
33335
33566
34001
34004
33376
34510
33623
33354
33354
33385
34001
33412
33381
33542
33543
33677
36845
33412
33694
33427
34985
33396
34674
33392
33392
33522
33687
33742
35152
35201
44237
33404
35215
33408
35210
33703
33440
33561
33447
34548
33430
33433
33433
33563
33447
33444
34569
33556
33634
34558
33556
33455
33460
34315
33469
33649
34516
33480
35233
34427
34430
34487
33859
33492
33505
33498
33502
33505
34765
33515
33868
33538
33521
35048
34160
42630
33610
33706
33671
34828
34828
33549
33798
33587
33595
34919
33593
33560
33559
33560
34863
33582
35222
34787
34987
33589
33596
33594
33595
33594
33596
33596
33606
41701
34431
33613
33987
34550
33625
33627
35090
33788
33829
34544
33781
33807
33863
45667
33658
33664
34620
33670
44485
33668
33670
34124
33781
36097
33680
33701
44525
33693
33715
35216
33716
34761
34976
33718
43264
34068
35171
35216
34068
34160
45080
33714
33720
34775
34996
44099
43685
34052
33725
33727
33727
34757
33735
34813
33745
33830
33844
33753
34139
33770
33757
34134
33757
34551
40776
33790
33835
34661
34041
34042
34031
34038
33794
33824
33791
33797
33822
33840
33865
33974
33974
33814
34005
33971
33808
33822
34742
34658
33845
34645
33832
33931
34832
34427
33843
45719
34831
43757
34654
33853
43941
34057
33866
34478
33881
34512
33886
45474
34002
35218
39240
34076
43932
45043
43311
33976
44725
34029
33960
33939
38783
33943
33944
33942
33949
35015
33947
34667
44913
33956
33958
33957
33984
33965
34012
34169
33982
35056
33992
34226
33997
33998
34223
34002
34920
34038
34019
34016
34019
34023
34028
35447
34115
34119
34157
34096
34055
34073
34069
34063
34069
34070
45320
34130
34146
34216
34138
34146
34122
34162
34131
34216
34151
34143
34167
34194
34199
36906
34158
35934
34175
34185
35104
34199
36954
34192
34796
34370
34204
34212
34218
34227
34226
34260
35007
34323
34975
34977
34246
34247
34247
34301
34365
34266
37273
34256
34259
34259
34739
34940
34341
34271
34273
34272
34273
34816
34346
34443
34319
34298
34299
34374
40879
34314
34443
34308
34310
34312
34310
34312
34312
34316
34321
34321
34347
34328
34347
39178
34350
35019
35198
34387
35202
34387
34370
34367
34380
34400
35127
34385
34402
34403
34739
34473
35205
34395
38590
34607
34399
34403
34401
34402
34790
34410
34415
34419
34417
34417
34434
34486
35223
34429
34433
34442
34446
34466
34468
35187
34480
34506
35074
34790
34724
34510
34520
34517
34524
34522
34524
34523
34524
42202
34552
34539
34542
41080
35131
40510
34554
34561
34561
41387
43922
34613
35156
34576
44805
34598
34608
34589
34594
35013
34590
34596
34601
35089
34604
35148
34629
34819
34628
34810
34633
34720
34635
34634
34642
34839
34653
34666
34658
34835
34666
34689
35088
35018
34676
34719
38933
34707
35068
34703
34702
39270
34701
34703
34718
45078
34761
34733
35124
44313
34746
34760
34771
35220
34872
34795
34800
34801
34786
41279
34811
34906
34813
34807
34849
34816
34824
34821
34822
34848
34852
34869
35179
39537
34899
34858
34856
34857
35060
34906
34907
34864
34868
34868
34884
34943
34936
34964
34886
34887
34888
34893
34897
34906
34907
34945
34936
34914
34925
37464
34927
34927
34999
35000
34935
34960
34961
34947
34949
34968
34966
35017
34967
34968
35172
34983
34984
34986
34985
34986
34989
34992
34995
34998
35002
38363
35012
35035
35149
35109
35042
35058
35074
35050
35055
35066
42256
35074
35077
35094
35099
35118
36734
38768
44540
35137
35138
38946
35147
35185
35237
35164
35170
35184
35201
39237
45436
35192
35196
35197
35195
35202
35223
35231
35231
42829
35238
45300
35247
40730
35825
36786
36860
35942
35990
36454
37365
35261
35288
36258
37541
36883
36901
37414
37570
35778
36770
37753
35332
35629
36290
37528
35959
36209
37127
37224
35390
36456
37255
35437
35567
36142
37385
35275
36265
37662
35780
36458
37302
37380
35778
36270
36440
36803
35535
35615
37370
37093
37097
37468
35322
36945
37481
35778
35944
37785
35269
35611
35654
36742
36733
36743
35911
36117
36128
37405
36189
37427
37677
37683
35418
35936
37258
35705
36165
37311
37378
36504
36800
36814
37300
35503
36822
35520
35888
36088
36302
35754
36274
37141
37467
35964
36484
36794
37044
35324
35497
35627
36732
36641
36725
37786
35990
36679
36708
36869
36645
36820
37421
35644
36226
36944
35572
35576
35930
36561
35846
35853
36641
37549
36483
36861
36983
37016
35851
36976
37114
35502
35952
37540
37064
37666
37672
35995
36696
37064
37120
36749
37419
37499
37796
35583
35831
35978
37781
35785
36376
36480
37384
35295
35456
35841
36318
35298
35467
37081
35382
36713
37115
37663
35867
35900
37624
35841
35842
36234
35606
36071
36073
37727
35786
35788
35897
35958
35316
35971
36373
37663
35996
36099
37250
37744
36154
36373
36620
35363
36674
36888
37317
35541
37279
37428
37443
35312
35893
36918
36927
35541
35985
36379
35498
36467
37186
37197
35352
35444
36029
37178
35881
35932
36675
37423
36561
37156
37250
35894
35899
36388
35447
35924
36921
36944
35723
36516
36813
36373
36711
37406
37663
35363
36713
35331
35921
36567
35591
36065
36145
35705
35901
36356
36638
35326
35574
36921
37370
35573
36075
36862
37469
36460
37341
35672
36593
37771
35641
36731
35444
36029
36874
35866
36487
35430
35952
36787
37044
35985
36205
37126
37622
36232
36682
37717
37779
35422
36219
37112
35428
36008
36838
35615
36788
37751
35344
35799
36825
35835
35927
36110
37483
35901
36354
36356
36877
35337
35347
35690
37632
36629
36639
35799
36178
36640
37245
35457
36369
36574
35534
35835
35945
37229
35501
36605
37006
37343
35444
37120
37271
37701
36013
36295
37042
37775
35662
36982
35371
36529
37277
35687
36336
37588
36493
37350
37353
36390
37057
37297
37410
37143
37422
37658
36121
37188
37581
37582
35373
35584
36465
36466
36075
36805
37216
35418
36393
36495
37367
35697
35775
37158
37254
35479
35480
37251
37564
35961
36181
37200
37570
36531
36728
37375
35472
35511
36678
37174
35938
36028
36418
36851
35907
36070
37238
37727
36054
36779
37545
37790
36065
36145
36776
37337
36363
35579
36288
37035
36607
37577
37724
37762
35496
35551
35749
36049
35531
36382
36952
37577
35371
36036
37446
37706
35902
36233
37205
37426
36494
37000
37039
37246
35488
37011
35410
36756
37463
37770
36461
36472
35379
35939
35965
35993
35380
35381
35787
35792
36514
36660
37737
35753
36621
36654
37341
35439
36392
36428
37635
36411
37311
37500
35385
35801
36169
35389
36663
37603
35477
35876
37617
35385
36083
37603
35913
36020
36073
36716
37339
35388
35993
36357
37322
35656
36098
36268
36706
35395
35781
37058
37129
37268
37272
37083
37142
37146
36820
36821
36963
35700
36165
36411
37376
35433
35867
37139
37164
35406
36490
37346
35396
36906
37322
36456
37083
35401
36286
36301
36439
35399
35796
37348
36549
36573
36729
36747
36993
36997
37494
35862
36298
36300
36939
37066
37593
35796
36322
36573
37542
35726
35738
36439
37099
35466
36473
37359
36485
36709
37109
37022
37522
37566
35683
35716
37319
35773
35877
36685
37085
36079
36293
36758
35963
36449
37056
37688
35526
36547
36553
37543
35521
36749
36796
37416
35530
36535
37400
37670
35535
36788
37041
35935
36641
36717
37248
35418
36495
37254
35782
36008
36225
37171
35445
35858
36067
36535
36632
37063
37627
35482
36599
35517
36146
36689
37743
36159
36760
36761
37516
35431
36759
36768
37516
36301
36439
37613
36552
37496
37737
35665
36085
36567
35766
36848
37004
37550
35502
35629
35916
35533
35896
36904
36076
36142
36313
36559
36087
36478
37209
35435
35774
35925
37512
35844
36755
37235
35974
37088
37768
35664
37439
37460
35570
35635
35639
36763
36204
37377
37454
35511
35815
36548
37075
35445
36042
36050
36068
36020
36073
36783
37247
35821
36271
36665
36910
35764
35847
36027
35451
35883
36577
36589
35866
36534
36671
37078
37646
37792
35761
36197
37261
37543
35577
37306
37432
35467
37598
35562
36084
37795
35950
37006
37024
37044
35586
36625
37148
37655
36753
37497
37745
35469
36249
36565
37753
37788
35494
36384
37279
37634
35728
36202
36212
37217
36524
37074
37313
37517
35630
35890
37076
37299
36287
37210
37567
37580
36922
37260
37466
35560
36789
36957
36993
36472
36745
37359
35478
36469
37328
36249
36252
37027
37510
35563
35732
35883
35471
35760
36429
36436
35480
36428
36431
36084
37526
37795
37189
37297
37482
36037
36590
36591
37315
36197
36299
36807
37674
35848
36557
37739
36358
36860
37383
35484
36466
36745
35491
36303
37487
35760
35776
36017
36271
36274
36542
36634
37354
36610
37290
37374
35486
35555
37328
36261
36601
37710
35493
35816
36486
35935
37249
37340
36076
36313
36349
36076
36106
37011
37281
35709
35793
36605
37540
35763
36340
37513
35532
36207
36608
36628
35555
36580
37768
36189
36193
36526
35946
36199
36209
35672
35812
36914
37308
35699
35712
36979
35670
36324
36502
37712
36535
36636
36644
37472
35971
36005
36154
35503
37623
35891
37123
35508
35542
36956
36227
36316
37653
37695
35588
35889
36948
37032
36626
36956
37637
37669
35797
36879
37472
35517
35520
36689
35976
36611
36618
36552
36752
36725
37132
37787
35869
37055
37405
37750
35945
36354
36646
37245
35645
36187
36389
37657
35599
35874
36940
37346
35656
36268
37643
37756
37787
35523
35529
37504
37556
37388
36997
37441
37507
36343
36895
37080
37366
35537
35984
36333
35721
36191
37184
37213
35592
36714
36905
37133
35850
36981
36036
36057
36957
37469
35529
36466
36469
36832
35898
37550
35607
37407
37429
35547
36505
36800
36330
36539
37358
35849
36140
37461
35949
36042
37103
36426
36087
36123
36489
37378
35898
37527
36017
36207
36542
36594
35725
35928
37098
37115
36380
36533
36607
36980
36625
36626
36630
36197
36310
36314
36721
35550
35559
36203
37130
35875
36480
36682
37109
35821
36624
36636
37655
35548
36635
36726
36271
36382
37369
35550
35559
36642
37190
37218
36583
37722
37772
36436
37033
37265
36554
36606
37446
37799
35599
36274
36503
36518
35602
35908
36664
36666
37149
36420
37090
37191
35559
35568
35737
37217
35752
36046
36772
36992
35566
36850
36992
37705
35727
37361
35640
35890
36583
36096
36253
37505
37525
35683
37401
37648
37767
35723
37231
37738
35815
36206
36581
35648
35695
37190
36588
37206
37722
36297
37304
35777
36527
36700
37670
35635
36433
37273
36057
37508
37704
35644
36426
35580
36656
36675
37353
36217
37404
37638
36138
36688
37167
35580
36587
36629
35654
36733
36737
37155
37647
35589
35625
36399
37184
35584
36097
36844
37017
37116
37333
36034
36424
36523
37390
37434
35821
36550
35605
35614
37786
37787
36939
37012
37676
35608
36191
36394
35725
36482
36713
36888
35889
37032
35998
36870
37053
35849
35896
36294
37107
35657
37315
37455
36730
37461
37519
37616
35608
36133
36403
35982
36710
37690
36928
36952
37187
37342
35875
35922
36379
37010
37668
35609
35992
36913
35974
36745
35692
36829
37269
37462
35609
35805
36044
36735
35612
37756
36291
36579
37325
36633
37543
37631
35625
37718
37097
37461
37468
37793
35673
37492
35614
36153
36160
36025
36370
37585
37140
37607
36190
36777
36844
36845
37673
37681
35618
35623
37181
37691
35622
36602
37729
35622
35623
36352
36250
36364
36718
37198
36193
36631
37278
37506
36802
36331
36536
35639
37163
37459
37754
36612
37399
36000
36152
36272
35641
35649
36742
36100
36418
37219
36681
37343
36583
37007
37092
36048
36444
36511
37677
36552
36556
36704
36762
37431
37792
37794
35984
36240
36333
35636
35664
36132
36297
37497
35638
36995
37028
37724
35978
37723
36746
36806
35870
35880
36588
35653
36743
35888
36200
37530
37797
36551
37510
37524
37743
36050
36921
36208
36598
35694
37350
37632
36016
36277
36563
37443
35737
36332
36622
35650
37308
37498
35653
36284
37719
35652
35660
36908
37758
36519
37518
37736
36784
36319
36732
36766
37072
37231
36131
35671
35806
36140
37652
37713
35661
35684
36019
37760
35663
37308
37754
36282
37052
35800
36180
36799
35666
36619
37459
35669
37404
35757
36231
36702
35671
37252
36264
36781
36803
37330
35839
37229
37248
36424
37270
37439
35915
36244
37653
35707
37758
35749
36319
37759
36292
36468
36841
37727
35684
35807
37760
37769
36969
37088
37768
37775
35679
36300
37052
35722
36510
36701
36946
36298
37769
36818
37136
37314
35878
36546
37183
37329
35685
35947
36326
37503
37411
35696
36301
35830
37373
37601
35687
37107
37169
37398
36585
36295
36723
37445
37666
35766
36368
37003
36599
36639
37354
35720
36419
37118
36818
37522
35722
35856
36165
37642
35696
36019
35845
37140
37609
35736
37613
37111
37414
37649
35972
35975
37154
37688
35702
37620
36446
37150
37260
35940
37203
37693
36898
37200
36327
36362
37303
35763
35803
36513
36185
37199
35968
36476
37194
35892
35902
36037
35988
35989
35996
36099
36683
36790
37391
35711
36321
36434
37166
35989
36105
35956
37199
37620
35717
35721
37365
37587
35715
35747
36060
36077
35731
36068
37108
36194
37401
35719
35733
35942
35829
36134
36706
37709
37207
37692
37773
36168
37620
35733
37589
36185
36827
37671
36016
36277
37586
36361
36791
35917
36408
37571
36551
37510
35731
36491
37228
36201
37127
37636
37651
36410
36483
37320
37621
36811
37338
35923
36235
36589
36481
37409
35747
35943
36811
35758
35772
36338
37288
35802
35887
37424
36177
37130
35769
35860
37288
36493
36675
36991
37356
36111
36534
36942
37173
35750
37057
37060
37211
35744
35750
36032
36698
37515
37798
35762
36338
37692
36665
37087
37091
35865
36298
36930
35934
35790
35899
35906
37008
35923
36023
35860
36338
35853
36637
36646
37245
37048
37135
37217
36477
37355
36530
36943
37622
36265
37537
37665
36907
36911
36990
36996
36038
36941
37062
35762
36051
36836
36256
36415
36660
36856
37513
36554
36606
37674
37207
35929
37487
36278
37120
36738
36749
37507
37530
36285
36751
36127
36837
37171
37183
35824
36643
36647
37091
35862
36439
36966
37061
37548
37784
35802
35885
36447
37371
36117
36372
37302
36442
36498
37542
35815
36213
36315
35783
36902
37571
36392
37564
36657
36690
37397
37782
35990
36459
37159
37689
37214
37409
37703
35969
36894
37055
36220
37256
37608
36836
37288
36000
37540
37623
35831
36859
37781
35955
37224
35851
36151
36663
35980
36003
36226
36471
36975
37152
37659
35900
36190
36794
37624
35801
36188
37345
37006
37024
37533
36477
36654
36976
36224
36462
37554
36360
37412
36644
36703
36224
36322
36360
37347
35954
35966
36005
35840
36161
35807
37201
35896
36521
37487
35806
37025
37455
37718
36371
37456
37718
36915
37758
36421
37119
36198
36210
36974
35811
35820
36404
36423
36369
37007
37766
35813
37298
37301
35997
37722
35817
35823
37626
37096
37331
37446
37799
36755
36070
37327
37490
36004
36090
37318
36712
36950
37709
36376
36886
37546
35823
36623
37087
36227
36808
37488
37776
35832
36094
36690
36941
37070
35831
36775
37116
35861
36538
36575
37109
36327
36672
37129
37314
36012
36064
36075
36218
36926
37725
36082
37566
36195
36623
36935
36267
36826
37303
35837
35986
35991
36236
35839
36272
35970
36555
36903
35838
35931
36999
36237
37344
35927
36160
36668
36235
36241
36240
37081
36177
36977
37774
35925
36691
35851
36622
37160
37607
37786
36030
37041
36100
36256
36730
37652
36505
36633
36188
36089
36494
36517
37096
37236
37609
36139
36585
37641
36199
37037
37477
36780
36946
36917
37221
37728
37797
36027
36104
36993
37493
37494
37684
35865
36930
36329
36682
37017
35865
36947
37143
37618
36124
36701
36827
37618
36111
35968
36917
37499
37796
37797
37060
37189
35879
37766
36909
36942
36946
35873
36395
37293
37421
36124
36610
37606
36173
36475
36608
36232
36608
36729
36860
37406
36280
36453
37056
36686
37171
35890
36369
36571
35883
36582
36991
37415
37201
37294
37424
37610
36249
35885
35886
37124
37151
35887
35920
36901
37287
37500
36408
37256
36268
37221
36043
37676
36565
36150
37185
36560
37252
37439
35908
36528
35904
35906
37373
36581
36739
37075
37789
36303
35937
35980
37226
36832
36438
37636
36474
37164
37204
37389
37212
37460
35912
36066
36769
35908
36405
37149
36620
36711
37391
36149
36326
36066
37495
37534
36427
36078
36579
36783
37775
36694
36960
37043
37438
35917
35919
36372
36063
36275
36035
36063
36961
36592
36724
36803
37253
36834
37233
37253
36787
37123
37751
35920
37750
36292
36586
37711
37776
35920
36901
37395
37117
36225
37602
36378
37109
37346
36014
36593
36354
36877
37131
36978
37742
36899
37056
37100
37604
35935
35962
36377
37024
36429
37513
36262
36757
37243
35986
35988
35937
35980
37415
36500
36960
37082
37464
36072
36934
36222
36229
37477
35941
36651
36302
36801
37530
36121
36357
37553
36001
36445
37560
35958
36228
36652
36390
37703
36198
36210
36212
36324
36440
35951
36799
35959
36497
37038
37118
37476
36109
36180
36799
37483
35951
36921
37528
35962
36381
36674
35954
36354
35953
37024
36258
36375
36377
37389
37514
35958
35959
37186
37311
37500
36214
36484
36787
37746
36680
36228
36052
36087
37139
36984
36987
37197
36361
36396
35981
37020
37101
36381
36451
36478
36121
36123
36242
36967
36982
37389
35997
37206
37611
36478
36484
37058
37195
36830
36903
36363
37006
36669
37018
37628
36538
37017
37084
37086
37678
37098
37382
37654
36113
36884
37173
36032
37410
37692
37773
37780
36329
36575
37065
37071
36009
35982
35998
37013
37323
37726
36334
36781
36844
37673
36312
37556
37282
35996
36988
36872
37165
37168
37511
37732
37336
37297
36999
37362
37744
36044
36737
36452
37153
36470
36885
36895
37240
36702
36810
37764
37730
37771
36449
36896
36002
37157
37474
37573
36605
36681
36350
36413
36539
37470
36662
37423
37022
37136
37522
36363
36705
36149
36645
36963
36221
36509
36653
37450
36011
37177
36986
37659
36385
36455
36517
36616
36602
36838
36721
37469
37706
37088
37731
36148
36325
36607
37138
37723
36511
36953
36503
37762
36205
36595
36980
37474
36026
36275
36342
36350
36707
36290
36673
37234
37520
36325
37770
36115
36138
36507
36033
36288
36406
37632
36050
36426
36100
36801
37739
36862
37592
36042
37520
36306
36443
36847
37211
36044
36817
36285
36781
36848
36061
36071
37675
36349
36499
36233
36562
36567
37070
36851
37419
37739
36827
37118
37293
37462
36342
36478
37194
37310
37312
36260
36744
37600
36288
36148
36235
37182
36252
36677
37493
36049
36401
36785
37772
36125
36189
37799
36370
37770
36345
36056
37289
37590
36489
36618
36054
36366
36397
36308
36872
36956
37168
37669
36305
36481
36349
37761
36502
37453
37653
36518
36910
37644
36072
36223
37108
36063
36248
37529
36384
37009
37148
37633
36147
37531
37695
36936
37238
36068
36077
37312
36163
36296
36434
37336
36468
37545
37267
37597
36471
36579
36383
36774
37174
37442
36613
36223
37042
37447
36371
37241
37456
36083
36094
37630
36085
36127
36842
37307
36843
37473
36086
36962
36551
36678
36231
37177
36826
37629
37630
36342
37034
37221
36616
37000
37331
36094
36095
37136
36093
36262
36757
37166
36340
36513
37588
36728
37172
36962
37303
37314
36581
36739
37486
36465
36845
37221
37725
36430
37732
36659
36536
36724
36847
37478
36107
36524
37457
36284
36619
37264
36223
36345
36430
37166
36251
36562
36613
36366
37222
37517
36248
36762
37529
36650
37340
36152
36889
36344
36358
36482
37335
36780
36942
36115
36507
37183
37329
36569
36129
36385
36576
36119
37380
36688
36842
37307
37397
36338
36390
37057
36445
37105
37581
37700
37551
36236
36988
37244
37311
37551
36947
37374
36511
36553
36953
36136
36747
37489
37524
36653
37177
36984
37193
37395
36339
37246
37680
36926
37019
37716
37728
36712
37027
36525
36753
37460
37031
37368
37399
36464
36852
36926
36348
37667
37716
36146
37741
37743
36140
36141
37097
37713
36655
36698
36722
36730
36891
36143
36741
36581
37179
37210
37562
36146
37040
37489
37507
36744
37329
36695
37436
37674
37706
36398
36157
37149
37230
37232
36171
36864
37609
36600
36155
36668
37140
36367
36600
36609
37643
37480
37580
37719
36664
37008
36162
36273
36948
37012
37210
37264
37562
36169
37339
37345
36892
37104
37765
37029
37564
37638
36174
37137
37302
37414
36778
36447
36919
36949
37201
36170
36447
37191
37371
36450
37038
36171
37083
37153
37322
37607
36416
36437
37584
37767
36940
37126
36458
37570
36985
37430
37716
36193
37425
37506
37686
36202
36974
36637
36672
36253
36719
37039
37563
36705
36458
37559
37578
36201
36543
37036
37259
36388
36918
37259
36454
36793
37394
37703
36540
37462
36407
36496
37258
36412
37143
37160
37425
37370
37528
37589
36551
36556
36689
36626
36459
37319
37363
36267
37630
36637
36663
37114
37129
37631
36202
36934
36903
36695
37441
37507
36597
36828
36876
36210
37048
36392
37029
37244
36530
36628
36213
36253
37404
36232
37471
36986
37152
36555
36311
36393
36597
37367
36811
37048
36217
37454
36375
36476
36598
37144
37294
37415
36224
36462
36886
37546
37029
37512
36314
37216
37695
36263
36421
37258
37352
36648
36847
37478
36393
36597
37037
36686
36345
36245
37113
36229
36651
36407
36497
36893
37382
37640
37679
36364
37764
36503
37267
37645
36235
37598
36237
36238
36243
36256
36557
36856
36514
37362
37742
37502
37182
37192
37502
36452
36489
37386
36256
36415
37113
37777
37785
37488
37531
36502
36509
36718
37479
37242
37495
37534
36769
37426
36310
36314
37701
37442
37488
37531
36516
37491
37454
37401
37593
37740
36890
37274
37593
37765
36261
37662
37665
37536
37538
36261
36893
37349
37541
36273
36948
37030
36792
37156
36406
37760
36270
36285
36822
37538
36292
36968
37004
37763
36935
36695
36383
36691
36752
36755
36770
36726
37103
36684
37557
36910
37247
36883
37296
37649
37157
37064
37452
36565
36571
37572
37068
37542
37604
37123
37230
37751
36300
36301
36590
36809
36968
37005
37715
36298
37099
37769
36741
37591
36627
36293
36756
37734
36681
37103
36808
36841
36855
36590
37733
36513
37588
37798
36501
37672
37360
37564
36734
36314
37453
37695
36900
37223
36955
37360
36659
36801
37223
37521
37289
37409
36720
37450
37377
37403
37419
37739
37242
37523
36538
36575
37086
36632
37627
37650
37656
36323
37527
36492
37486
36548
36978
37418
36808
37180
37233
36318
37076
37192
37239
36565
37225
37035
37720
36916
37601
37656
36531
37576
36498
37710
36400
36469
37556
36443
37451
36756
37420
37657
37276
37290
36412
37284
37618
36972
37784
36479
37384
36337
36352
37685
37190
37218
37089
36337
36365
37330
36352
36365
37681
37515
37641
36592
36723
36432
37635
36955
36342
37551
37565
37581
36831
37021
37050
36474
37170
37108
36861
36932
36984
37700
36596
36723
36964
37685
36926
37110
36994
37194
36572
37001
37324
37612
36353
36512
36802
37685
36963
37149
37283
37298
36540
36640
36894
37395
36713
37098
37115
37535
37617
36886
36888
37161
36395
36610
36674
36506
36527
36844
37242
36705
36889
36574
36751
37299
36401
37025
37449
37414
37571
36379
37279
37667
37668
36787
37539
36775
36604
37654
36518
36816
36505
37577
36967
37310
36578
37762
37745
37440
37668
36615
36823
36888
36983
37106
36396
36413
36604
37194
36828
36916
36441
36598
37476
37692
36399
36989
37069
37399
36403
37067
37778
36820
37318
36649
37310
36409
36782
37517
36584
36756
37734
36437
37067
36779
37791
36817
36715
36791
37014
37100
37368
36422
37301
36427
36843
37301
36599
36652
37608
37613
36584
37735
36482
37106
37151
37153
36441
37560
37628
36417
36435
37324
37552
36937
36459
36470
37401
36572
36885
36905
36900
37047
36829
37199
37462
36425
36919
37484
36425
37090
36427
36666
36623
37283
37298
36719
37404
37112
37201
36432
37563
36431
37265
37156
37251
37263
36436
37033
36561
37235
36759
37360
36454
36773
37396
36885
37396
36925
36927
37257
36443
36920
37465
36685
37382
37679
36724
36455
36568
36707
37693
36448
36778
37151
37150
37619
37100
37154
36923
37287
37296
36794
37209
37389
37146
37255
37084
37085
37698
36679
37677
37058
37080
37104
37765
37485
37584
36863
37290
36832
37359
36709
37084
36812
36949
37376
37465
36958
37637
37709
36472
36745
36848
36881
37387
37565
36486
37004
36473
37159
37740
36491
37108
36832
37527
36487
36479
36490
36604
37774
36480
36608
36485
37207
36715
37106
37196
37624
36490
37546
36848
36969
37370
36876
37355
37774
37619
36876
36975
36520
36529
37039
37354
37610
36529
37237
37649
36656
37417
37477
37554
37699
36849
37331
37569
36694
37091
37094
37180
37233
37445
37451
37334
36815
37397
37408
36532
36700
36842
37707
36776
37708
36602
36648
37177
37181
36655
37167
36540
36945
37481
36964
37681
36856
36978
36522
36545
36739
36994
36677
36568
36576
36853
37241
37720
37759
36559
36719
36904
37266
36771
37761
37789
37266
37516
37638
36765
36734
37212
36544
36953
37634
36632
36941
36664
36931
36542
36595
37398
36533
36973
36981
36617
37664
36877
36909
36971
36592
37101
37102
37748
36709
36795
37269
36859
37138
37358
36603
36830
36929
37651
36547
37278
37364
36747
36997
37489
36566
36744
37043
36953
36981
37077
37220
36601
37393
36943
37467
37077
36606
37261
37706
37651
36678
37244
37377
36671
37175
37508
37761
37281
37439
36562
37281
37512
36591
37428
37677
36762
37179
37385
37426
36686
37600
37602
37079
37096
36837
37450
36839
37600
37676
36574
36897
37133
36601
37615
36816
37237
36582
37771
36882
36952
37369
37448
36965
37555
37611
36588
36782
37182
37169
37763
37782
37357
37647
37766
36593
37598
37645
37711
37330
36607
36617
37471
36603
36667
37666
37682
36651
36670
36605
36620
37349
36617
36973
37639
37134
37140
37787
37139
37170
37001
37316
37568
37704
37116
37383
37544
37604
36951
37680
36951
37683
37573
37619
37308
36646
36975
37131
36977
36726
37407
37625
37633
37440
36758
37035
37456
36795
37126
37353
36631
37472
37655
36971
37429
37670
36800
36815
36661
37112
37610
36800
36814
37407
36647
37400
36864
36825
36982
37199
37357
36825
37269
37249
37132
37135
36657
36690
36694
37063
37697
37420
37228
37087
37697
36653
37105
37161
37560
37347
37549
37127
36656
36680
36837
36863
37114
36720
37450
37155
36814
37400
36659
37219
37223
36660
37583
37605
36680
37155
36864
37094
37644
37283
37148
37364
37634
37160
37162
37203
37560
37144
37605
36850
37509
36818
37269
37185
37232
36967
37647
36822
37123
37539
37437
37671
37392
37552
37623
37781
37540
37541
36839
37599
37600
37688
36698
37093
37713
37408
37708
36704
37438
37496
36999
37732
37744
36694
36814
37300
37369
36750
36865
37062
36716
37448
37592
37652
36711
36729
37406
37305
37397
36868
37062
37661
37326
37532
37388
37521
36712
36750
37581
36710
37159
37240
37013
37393
37026
37013
37102
37240
37335
37547
36961
36725
37351
37453
37707
37095
37451
37125
37261
37093
37616
36804
37712
36973
37250
37742
37744
37166
37348
37169
36733
36737
36737
36914
37457
36817
37433
36754
36762
36774
36801
37040
37403
37747
37419
37501
37635
37097
36743
37498
36784
37337
36764
37518
37754
36771
36951
37000
37416
37680
37403
36998
37741
36770
37753
37174
37496
36754
37385
37745
37745
36759
36768
37585
37638
37264
37390
37459
37023
37163
37567
36806
37273
36767
37492
37304
37457
37736
36961
37675
37752
37518
37759
37023
37575
37755
36789
37524
36789
36850
37491
36793
37184
37316
37794
36786
37412
37262
37746
37751
36780
36884
37202
36969
36819
37192
36965
37719
37092
37433
37463
37348
37230
37234
37761
37349
37393
37533
37098
37154
36893
37665
37687
37214
37402
37514
37474
36849
37000
37505
36798
36867
36959
37051
36824
36857
36928
37347
37729
36834
36964
37673
37731
37178
37180
37325
37176
37306
37453
37325
37292
37315
37666
37682
37749
37045
37280
37466
37361
37738
37305
37432
37071
37005
37076
37463
36935
37298
37626
36881
37121
37317
36887
36892
37002
36829
36962
37379
37284
37259
37656
37036
36840
36959
36966
37110
37440
37637
36846
37777
37023
37176
37243
37590
37702
37012
36858
36892
37274
36846
37776
37167
37373
37678
36855
36969
36994
36997
37646
37047
37796
36998
37019
37684
36854
37054
37071
36875
36880
37051
37233
37775
37362
36911
36995
37028
36897
36989
37015
37384
37392
37394
36871
37705
37276
36873
37696
37165
37595
37671
36966
36972
36995
36945
37374
37392
37574
37690
37016
37552
37621
36992
37165
37435
36879
37122
37120
37326
37165
37511
36878
37050
37059
36934
37481
36880
37558
37532
37660
36938
37644
36932
37197
36928
36938
37051
36898
37287
37378
37619
36989
37412
36936
36948
37030
37483
36895
37080
37740
36904
37562
36959
37536
37193
37582
37274
37016
37162
37323
36907
36970
37570
37544
37614
37783
37034
37219
36987
37254
37608
37516
37240
37552
36933
37055
37001
37015
36914
36915
37720
37481
37467
37002
36955
37398
37576
36914
36915
37718
37373
37227
36929
37191
37466
37045
37605
36954
37142
37038
37124
37650
36927
36929
37285
36931
37008
36931
37030
37060
37099
36983
37105
37073
37117
37750
37626
37031
37032
37344
37362
37094
37557
37648
37141
37696
37009
37148
37131
37290
37606
37151
37458
36958
37437
37493
36985
37300
37083
37191
37107
37435
37569
37669
37684
37050
37079
37602
37268
37768
36970
37387
37076
37309
36990
37061
37472
37660
37054
37717
37364
37130
37355
36977
37737
36982
37387
37147
37443
37664
37161
37559
37019
37683
37415
37395
37553
37730
37274
36995
37780
37144
37671
37569
37486
37001
37721
37441
37494
37344
37015
37031
37550
37572
37239
37295
37517
37299
37010
37282
37436
37066
37101
37383
37604
37617
37399
37392
37784
37020
37726
37372
37688
37059
37366
37548
37473
37475
37074
37295
37027
37493
37741
37743
37342
37730
37337
37368
37246
37563
37227
37037
37601
37505
37220
37521
37234
37672
37128
37381
37343
37596
37112
37484
37583
37227
37198
37445
37479
37749
37104
37054
37760
37100
37547
37614
37334
37748
37189
37255
37071
37333
37783
37326
37696
37086
37548
37784
37765
37069
37767
37084
37116
37412
37368
37648
37079
37464
37078
37738
37119
37769
37241
37736
37526
37747
37521
37737
37431
37675
37438
37089
37557
37599
37554
37698
37714
37225
37119
37464
37772
37369
37263
37434
37277
37750
37366
37694
37520
37558
37565
37121
37588
37668
37137
37158
37653
37275
37533
37322
37371
37503
37371
37579
37125
37435
37686
37145
37458
37506
37660
37226
37187
37291
37300
37275
37218
37341
37134
37614
37783
37190
37351
37289
37471
37779
37622
37150
37610
37256
37294
37367
37150
37153
37157
37474
37657
37162
37590
37162
37176
37208
37170
37209
37707
37595
37375
37173
37519
37575
37204
37179
37789
37792
37448
37452
37568
37216
37478
37749
37381
37396
37623
37551
37553
37262
37337
37195
37386
37405
37790
37321
37405
37582
37394
37402
37578
37200
37701
37764
37579
37502
37556
37790
37323
37726
37209
37378
37212
37222
37755
37611
37480
37567
37715
37410
37457
37214
37409
37215
37402
37485
37701
37236
37525
37747
37534
37645
37388
37226
37504
37572
37286
37229
37236
37338
37752
37234
37497
37248
37246
37247
37490
37504
37790
37733
37273
37347
37555
37351
37549
37512
37266
37487
37270
37445
37712
37386
37424
37285
37636
37280
37506
37291
37265
37563
37434
37426
37568
37314
37603
37390
37459
37326
37532
37627
37345
37379
37276
37446
37429
37543
37427
37376
37622
37465
37642
37651
37636
37659
37620
37571
37302
37408
37708
37295
37455
37503
37522
37458
37449
37650
37689
37309
37473
37318
37518
37306
37631
37707
37381
37438
37788
37565
37338
37733
37735
37320
37324
37387
37626
37587
37773
37402
37482
37582
37700
37690
37621
37442
37328
37791
37444
37335
37544
37612
37721
37544
37780
37717
37762
37383
37730
37629
37483
37577
37514
37535
37352
37424
37417
37417
37356
37357
37470
37471
37576
37491
37646
37410
37689
37625
37396
37584
37650
37416
37441
37797
37519
37642
37418
37629
37559
37703
37708
37535
37460
37393
37559
37407
37525
37432
37587
37767
37778
37444
37569
37684
37686
37499
37454
37525
37421
37658
37422
37606
37647
37444
37799
37428
37430
37625
37667
37529
37449
37469
37531
37595
37633
37704
37634
37683
37448
37452
37463
37672
37720
37476
37575
37476
37594
37616
37573
37575
37793
37479
37712
37757
37574
37594
37578
37505
37711
37747
37555
37510
37757
37741
37523
37719
37757
37501
37553
37680
37566
37550
37509
37597
37675
37705
37532
37528
37641
37545
37526
37789
37796
37663
37755
37615
37537
37640
37538
37539
37662
37615
37791
37612
37621
37694
37558
37574
37690
37693
37591
37597
37586
37700
37579
37715
37596
37587
37770
37664
37778
37793
37752
37648
37596
37704
37602
37609
37614
37617
37746
37655
37660
37639
37670
37654
37654
37756
37727
37738
37798
37658
37682
37702
37686
37714
37714
37687
37691
37691
37699
37729
37748
37783
37697
37748
37710
37729
37752
37731
37724
37780
37724
37779
37728
37735
37758
37764
37763
37757
37788
37777
37782
37781
37785
37795
37795
38666
38890
39361
40033
37825
37835
38322
38651
38244
38371
38640
40103
37810
38634
38651
39674
37807
38022
38314
39678
38673
38773
40173
40190
37896
38145
38390
38531
37924
38109
40077
37856
38190
39384
37811
37818
39144
37980
38114
39675
37816
39003
39904
37974
38419
38478
38775
38082
38876
38901
39688
37831
38203
38760
39989
38417
39261
40078
37928
38844
39246
37825
38889
38898
38107
38505
39003
38216
38313
39397
39676
38957
39236
39304
38112
39531
39893
39924
38205
38909
39133
38441
38941
39518
40164
38006
39003
39903
39986
37826
38031
38322
39739
38090
38138
38189
40236
37844
38107
39291
39903
37900
39101
40003
38248
38757
39805
40202
39291
39592
39910
38764
39147
39989
38551
38949
40036
38559
39668
39677
38357
38872
39674
37845
37850
38217
38723
38267
39669
39893
40037
38227
39055
39614
40011
37846
37988
39006
40181
38112
38546
39897
40228
37927
38472
38522
40265
38439
38615
38662
39679
37973
38518
38814
39534
38313
38591
39664
38729
39006
38969
38978
39522
37849
37853
39697
39707
37851
37882
38108
38127
37858
39718
39720
38011
38311
38674
38148
40126
38745
38938
38950
39343
37858
38835
38873
38678
38847
38862
39095
38068
38731
38733
39284
39391
40107
38600
38805
38806
38816
38572
39160
37960
39337
39962
39969
37883
39363
39666
37867
38333
38362
38708
38533
39128
40137
38057
38227
38402
38804
37873
38131
39451
39878
38186
38188
38864
40076
38106
38131
38568
38902
37875
38349
38353
38971
38972
39588
38159
38729
38912
37896
38376
39767
39820
37873
38498
38902
39224
38080
38934
39501
39552
37962
39881
38152
38806
38816
38863
38486
39290
38276
38319
39180
40117
38018
39019
39525
38542
38905
39394
39955
37962
38622
39681
39885
38248
38537
39165
40010
38167
38832
39982
39984
37885
39105
39477
38736
39845
39848
38772
39453
39899
40185
38108
38946
39531
38202
38958
39769
39478
39650
39991
38147
38840
38917
39509
38192
38265
38977
39909
37898
37903
38797
39398
39069
39902
40193
40209
38014
38598
39878
40211
37914
38995
39714
37907
38343
38425
37898
37904
39141
39964
38223
39764
37992
38345
38409
39063
40109
38033
38038
38713
39055
37940
38875
39119
38401
38798
39686
37912
38013
38998
39050
37904
39197
40072
38392
38560
38385
38776
39871
40027
39110
39285
39424
39486
38365
39700
37941
38131
39447
40067
39283
39333
40031
40121
38124
39463
39474
38298
39013
39647
39961
38016
38986
39229
37925
37971
38372
38394
38612
39054
39334
38020
38201
38207
38340
38117
38738
38854
38986
38999
39183
38430
38823
38839
39689
39318
39343
40228
38156
38620
38793
39365
38763
39505
39716
39717
38130
39102
39393
39840
38079
38647
39415
40259
38173
39421
39471
37957
38384
38574
37938
37995
38960
40053
38325
39828
39853
38699
39608
40284
37987
38539
39098
40249
38317
39473
39933
39968
38257
38585
39056
39135
38561
38606
39134
40166
38339
38768
39215
37956
38899
39323
39331
39227
39254
39727
37952
39002
39447
39967
38763
39503
39716
38904
39359
40051
38598
38754
39451
39650
38599
40013
40178
38264
39878
40186
38156
38200
39956
37974
37979
38510
38997
38670
39092
39247
38123
39207
39693
40194
38094
38171
38655
39576
38768
39297
40099
39204
39641
39859
40260
38051
39340
40214
38298
39179
39695
39958
38083
38129
39439
40241
38943
38992
39029
38590
39179
39695
38437
38779
39136
39164
39972
40067
40290
40291
37971
38574
38221
38371
39058
38160
38584
40131
40281
38307
38811
39052
40112
38836
39456
39972
38586
39364
39575
40042
39341
39646
38666
39102
40251
39253
39263
40291
38169
38937
39794
39843
38160
38951
39266
39967
38389
38941
39059
39157
38787
39179
39270
38166
38535
39122
39293
38445
39024
39035
39902
39781
38697
38702
38844
39256
38630
40100
40257
38301
39035
38697
38698
38844
39986
37978
40012
40148
38202
38945
38958
39591
38036
38804
38301
40180
37982
37987
38527
38733
38742
38909
39987
38627
38634
39082
37985
38028
38587
38331
38385
38700
40241
38300
38907
38885
39344
39769
38114
39097
39385
39680
38137
38309
39880
40060
38644
38670
38878
39010
38120
39882
40298
37998
38165
39698
38913
39115
39970
37998
38407
39108
39198
39359
39513
39567
40028
40297
38688
38705
38831
40239
38991
39155
38644
38668
38825
39013
38077
39321
39340
38045
39547
40167
38024
38316
38440
39228
38106
38767
39002
39636
38153
39091
39728
39906
38091
38133
39087
39983
38496
38706
39151
38881
39041
39730
40034
38610
39008
40294
38133
38869
39043
38385
38789
40022
40035
38217
38243
38746
39034
39335
39874
38019
38026
40112
38264
39467
39993
38019
38123
39517
40194
38998
39714
38080
38124
38656
39640
38716
39302
39889
38988
39874
39394
39597
40199
38142
38164
39050
40140
38024
38027
38306
38377
39034
39237
39933
38031
38314
38527
38539
38625
39945
38192
40194
40195
38030
39579
39677
38300
38566
39036
38120
38168
39069
40170
38031
39739
38440
38093
38268
38713
38721
38461
39520
40001
38044
39352
39794
40275
38122
39178
39294
39413
38800
40012
38877
39103
40012
38211
39061
40015
38058
38074
38838
39706
38461
38877
40148
38982
39501
39640
39968
38094
38408
39850
40233
38424
38461
38749
38877
38083
38169
38379
39329
40176
38591
38777
38849
39664
38162
38422
38467
38895
38083
38169
38181
38299
38344
39838
40033
38166
38251
39665
38665
38730
38379
38789
39353
40030
38725
38726
38735
38854
38493
38628
39825
39905
38059
39126
39599
38062
38604
39401
40070
38741
39619
38061
38843
39721
39602
39920
38121
39024
39100
39298
38063
38935
38979
38258
39325
39602
38074
38923
39226
38284
39325
39609
40141
38536
39325
39901
40070
38107
38708
39147
39664
38522
38541
39472
39997
39230
39412
38089
38559
39571
38076
38212
39426
39755
38420
38891
38896
40178
38497
39500
39782
40025
38239
38263
38692
39920
38822
38460
38730
38944
38597
39007
39156
38730
38944
39892
39446
39657
40083
38387
38643
39905
38935
39037
38089
38597
38687
39156
38279
38922
39163
39353
38460
38596
39788
38386
39788
39870
40144
39101
39329
40013
39046
40088
40298
38747
39365
39699
40244
39658
38744
39949
40132
40276
38649
38686
39181
39306
38136
38685
39520
38726
39807
38154
38405
38821
39196
38479
38676
39368
39651
38419
38775
39117
38119
39523
39929
38397
39326
39476
39985
38101
38947
39655
39662
38717
39656
39659
38127
38405
38715
38947
38795
39053
39449
39899
39307
39368
39790
40286
38377
39264
39474
40140
39639
40068
39989
39538
38114
38621
40249
38857
39106
40069
38113
38118
38218
38703
38267
39342
38503
38679
39381
38195
38321
39067
39425
38146
38325
38472
39436
38554
38569
38770
38411
38503
39153
39115
39437
40167
38328
38566
39067
40066
39560
40250
39482
38135
39115
39523
39998
38576
38824
38993
39994
39655
40123
38183
38185
38704
38714
38684
39379
39593
38304
38938
39233
39002
39426
39461
39642
39950
38557
39201
39583
40270
38913
39761
40069
38266
38268
38492
39396
39489
38950
39949
40036
38143
38522
38647
40258
38197
38233
38479
39368
38395
38408
38683
39264
39336
40162
38145
39997
38145
38223
39744
38643
38534
39470
39841
39194
40085
39017
39090
39477
38170
38271
38326
38591
38331
38962
39563
38155
38540
39137
39239
38704
39526
39554
38562
39021
39925
38649
38715
38990
38182
40085
39532
38264
39087
39962
39993
38954
39332
40044
40051
39590
39830
39252
39647
38501
39408
39436
39469
38482
40075
38429
39692
39741
39054
39778
39930
39129
39930
40165
39865
38812
39428
39449
38593
39088
38175
38415
40266
38757
39420
40217
38413
39168
39507
39644
38306
39150
39172
38741
39071
39319
38179
38937
39830
38410
38579
39145
39347
38194
38503
39381
38454
38817
38982
39385
39833
38766
39419
39736
39593
39843
38448
38540
39376
38204
39524
39696
38266
39084
40030
38200
38204
38399
39691
38555
38759
38924
39653
38245
39684
40065
38297
38553
38690
39004
38722
39241
39249
39386
38811
39935
38845
39455
39623
40064
38411
39049
39362
38621
38651
39341
39432
39649
39881
38230
38751
40163
39135
39430
39546
39649
38468
38714
38878
38714
38542
39418
40236
38753
39745
38246
39592
39608
39532
38733
39519
38380
39603
39792
38341
39393
39418
38596
39610
39683
39866
38242
38970
40137
38354
38415
38457
38827
38713
38883
39944
38230
39308
40163
39886
39910
39918
40295
39780
39799
39805
38222
38238
39038
40282
39122
39406
39489
39009
39319
38411
39362
40283
38383
38531
39371
39472
38240
38741
39614
39619
38263
38388
38640
38574
39058
39816
39767
38363
39408
39645
39851
38588
38846
40006
38234
38238
38577
39354
38727
38741
38380
39235
39732
38287
38433
39557
39775
38233
39156
39322
39747
39803
39941
39630
39849
40173
39934
39038
40296
39038
39065
39816
38237
39182
39421
39710
38392
38434
39471
38575
38899
39058
39549
39809
38723
39601
38285
38937
38976
39163
38367
38906
38252
38737
39565
38724
38911
40101
38272
38399
39197
38254
39143
40201
38409
39486
40119
40124
39070
39420
38250
38255
38848
40129
38257
38855
40092
38633
39582
39856
38674
38909
39422
38508
39151
39986
38260
39276
39748
40061
40088
38481
39116
39973
38483
39724
38280
38284
39599
39116
39207
39452
40153
38262
38685
38721
38964
39744
40253
39592
40230
40295
38637
38973
38866
38786
39045
39636
39751
39244
38631
38880
38553
38771
39539
38607
39052
39183
38573
40239
39239
40098
39205
40111
40222
40261
38285
38922
39163
38281
39033
39556
38418
39428
39459
39221
39411
39519
39501
39517
39968
40250
38876
39901
39401
39556
40151
38283
38588
39800
38734
38976
39221
39519
39296
39936
40136
38785
39798
38734
39020
38973
39321
40009
38758
39771
40014
40100
40218
40262
40263
39017
39030
39090
39959
38569
39435
39666
40206
38293
39445
39817
39171
39542
39722
38740
39975
39990
38432
40248
40252
39543
39559
39771
40094
38569
38626
38738
39817
38543
38851
40236
38836
39337
39395
39806
39825
38510
38997
38900
39112
38799
39450
39879
39628
39831
40032
40146
38921
38984
39974
38720
39241
39659
38327
38915
38355
38845
38623
39101
39299
38712
39295
40223
38397
38593
38830
39450
38449
38742
39988
38650
39090
39908
40127
39396
39914
38322
38357
39198
40050
40084
40192
38327
40087
39042
39047
38817
39314
39940
39943
38868
38943
39634
39431
40222
40262
38324
40066
39678
38391
39751
39918
38661
38852
38534
39122
38329
38415
39397
39150
39024
39036
40159
38501
39915
40239
39004
39232
39524
39696
38534
38535
38353
38362
39631
39637
38349
38455
38849
38938
39393
40247
38557
39456
40290
38646
39090
39635
39787
38369
39140
40034
40056
38368
38370
40049
38341
39821
40187
38421
38860
40247
39597
39917
38952
39201
39230
40269
39502
39654
38666
39102
39821
39108
40124
39174
39212
39252
39265
38426
38442
39873
40007
38964
39825
39857
40172
39274
40150
38352
38548
39951
40289
39108
39369
39573
38488
39223
39948
38776
39871
40225
38811
38871
39454
38954
39107
39518
39596
39228
40077
38359
38361
38413
39510
38452
39075
39214
39349
39808
40004
38363
38490
39824
40059
39660
38987
39076
39081
40196
39076
39756
38634
39674
39749
38371
38394
38911
38498
38571
39725
38791
39278
38659
38853
39545
40137
38384
39781
39814
38409
39283
39708
40119
38376
39005
39377
39837
38376
39372
39820
40219
38390
38903
39463
39018
39186
39259
39590
40273
39051
38525
39206
39288
38387
38780
38826
40259
38390
38826
40219
38388
39829
39839
38497
39202
39494
38390
39005
39604
39783
38567
39148
39359
38926
39276
39964
40152
38395
39507
40023
40233
39251
39040
38424
39103
39109
40115
39320
39879
38576
38868
39971
38401
38411
39380
39753
40020
38797
38530
38800
38893
39364
39471
40249
39161
39182
39964
39627
40039
38563
38617
38653
38960
39155
40189
38414
40024
38881
38690
39719
38839
38895
38994
39491
38490
39584
38683
38910
39527
39835
38521
38781
38910
39811
38428
38747
40254
39180
39966
38420
38545
39208
39738
39343
40229
40236
39211
40002
40235
39350
39567
39753
40283
39350
40015
39269
39313
39700
39269
39502
39940
38963
39360
39540
39557
39694
39699
40188
40192
39427
39461
40074
38966
40253
40264
40288
38728
39169
39309
38447
39360
40171
38540
39373
40098
38439
38677
38999
39378
39490
40115
38774
38924
38439
38669
39911
40121
39260
38898
39106
39523
38980
39872
40007
39523
39929
40162
40164
38523
38532
39549
40010
38997
39036
40193
38450
38983
39413
39419
39169
39303
39860
38748
38807
39938
38631
38707
39601
38459
39423
39425
38605
38876
40070
39510
39845
40094
39407
39438
39794
39892
39042
39170
38511
39824
40150
38519
38635
38712
38927
38701
39292
39785
38463
39061
39109
39001
40047
39411
39564
38983
39243
40063
40082
38800
39103
38479
38602
38751
39586
38823
39462
39624
38761
38957
39026
39261
40235
39010
40277
38507
38711
38784
38785
39783
39829
38570
39759
40055
38963
39544
38718
39607
40269
40275
38781
39896
40214
38476
38477
38756
38769
38485
39125
39159
39159
39457
39536
39035
39298
40052
39105
39114
39175
39477
39516
39872
39211
39750
39433
40061
40159
38493
38728
39806
39860
38792
39479
38985
39275
38706
38953
38985
39003
38548
38855
39542
38528
38963
39404
40261
39409
39995
38500
38766
38801
38888
39375
39493
39661
39415
39768
38622
39242
39646
38664
39218
39533
40090
39078
40093
39732
39870
38500
39681
38529
39409
39782
39995
38902
40049
39397
39406
38565
39435
39653
39374
38509
39068
39979
38985
39290
38842
39078
40231
38515
39637
38697
39267
38516
39189
39305
38556
38638
38711
38542
39138
40292
38667
38842
39613
39903
38599
38663
38681
38829
39534
39632
39048
39165
39317
38523
38532
39065
39068
38813
40004
38710
39147
39121
39200
39219
38641
39328
38528
39128
39796
38763
38928
39765
38927
39716
39206
39348
39496
38618
38627
39578
40259
39779
39826
38727
39061
38930
39997
39585
39795
38691
39796
38962
39839
39921
40141
38790
39048
39796
38604
39561
39602
38807
39942
38893
38642
39853
40255
38543
40157
38553
39539
40036
40155
38900
38905
38551
39244
39318
38565
38569
39435
39445
38853
39466
38552
38818
39701
39705
39083
39444
39618
39907
39238
40155
38884
39207
39560
38847
38555
38750
38759
39846
40206
38775
39506
38866
39087
38980
39269
39501
39976
38621
39172
39471
40042
39041
39864
40045
38615
39255
40063
38614
39488
38963
39382
39436
39851
38770
39506
38941
39596
39014
39468
39639
38775
39298
39506
38853
39224
39546
38873
39389
40240
38777
38831
38899
38577
39800
39980
38920
38588
39345
38913
38916
39045
39994
38602
38751
39673
39183
39444
39679
39888
38608
38609
39312
39587
38624
39227
39314
38602
39586
39672
39647
39703
40043
39036
40159
40160
38594
38687
39673
39430
40160
38671
39466
40289
39458
39750
40116
39316
39495
39883
39043
39073
38680
39670
39672
38615
38662
39018
39027
39235
39870
39364
39571
38874
39913
39119
39537
38825
39306
39790
38829
39622
39763
39954
39712
38934
39437
39932
38605
39682
39041
39278
38977
39190
39444
38614
38841
39486
38611
38815
39333
38801
40130
40134
38617
38653
40108
39063
39698
39096
39104
39326
39476
39285
39312
39911
38815
39041
40046
39312
39675
39749
40246
39220
39316
39951
40268
39057
39699
39678
38752
39329
39547
40054
39723
39756
38748
40246
39771
39777
39848
39383
39749
39300
39535
39821
39095
39096
39105
39531
39372
40090
40218
38912
39561
39682
39833
38694
39191
39147
39288
40060
38812
39428
40117
40149
38640
38719
40009
38777
38849
38966
39775
40258
40288
39530
38683
39784
39997
40110
38647
39744
38806
39211
38682
38686
39181
38650
38825
38879
38966
38988
39268
39560
39623
38821
38879
38668
39092
38761
39200
39978
38803
39742
39420
39804
39811
39854
39330
39559
40233
38979
39254
38744
39844
40190
38659
38661
38852
39545
38660
39166
39419
39760
40049
39416
39690
39888
39215
39297
39399
39370
39765
39328
39611
39811
39615
40225
40270
40272
38670
39957
39012
39260
39279
39758
39760
40287
38673
39630
39831
39569
40293
38729
38742
38943
39029
39787
40117
38682
38816
39712
39709
40121
38771
38794
38795
38702
38703
38687
39586
39658
39248
39786
39954
39651
39563
40241
39276
39751
38996
39355
38751
38689
39663
39645
40239
39232
39347
39996
40137
40215
39804
39868
40237
38850
38952
38967
39132
38914
39199
38702
39374
39737
38883
39400
40020
39737
38974
39726
40019
38703
38844
39580
39439
39841
40027
39603
39835
40284
38878
39898
39356
39431
40111
39275
40000
38713
39055
39988
38710
39290
39051
39581
39818
40059
39824
40223
39218
40059
39956
38722
39386
38947
40039
38720
38947
39752
39754
39871
39127
39896
40214
38722
39753
40230
38861
39319
39521
40103
38738
39280
39576
40216
40245
39055
39071
39361
39768
40181
39611
39210
39992
39351
39607
39785
39871
40274
39133
39317
39927
39169
39417
40252
38746
39568
38887
39407
39842
39919
40238
39734
39777
39817
38912
38762
39346
39403
40203
39570
39616
38949
39318
39071
39988
40139
40235
39376
40213
40224
39483
39850
40245
40130
40134
39167
39769
39770
38867
38874
38992
39745
39762
39780
38779
39164
39483
39773
39780
39344
39769
39775
38770
38774
38764
38914
39143
39633
39344
40288
39492
39288
38989
39176
39907
40049
38916
39045
40068
39300
39387
39813
39996
39894
38820
39011
39209
39395
39838
39844
39475
39397
39676
39880
38933
39666
40206
39475
39479
39358
40096
40260
39487
39057
39384
39512
38890
39657
40248
39273
40262
39405
39936
39935
39994
40131
39265
39458
39455
39460
40064
40080
39084
39754
39807
39996
40216
39142
40008
40044
39159
40026
39512
39524
39532
38862
39982
39094
39894
39268
39339
39514
39197
40109
39391
39398
39477
39983
40132
38802
40068
39736
39887
40294
39012
39258
39621
40011
39368
39790
40154
40002
38893
39950
39060
39795
39797
38995
39054
40140
40197
39369
40184
40188
38977
39114
39175
38814
39213
39652
40090
40045
40108
39181
39937
39116
39308
39755
38869
39220
39316
38821
38865
39355
40185
38923
39706
40074
40081
39025
39671
39971
39961
39578
40263
39292
40231
40272
39358
39847
40100
38891
38948
39039
39467
39953
39431
39448
40279
38936
39064
40130
38835
39146
39148
39157
38951
39270
39091
39761
39776
40057
38843
39697
40073
40256
39170
39937
39939
39333
39488
40119
40272
39497
39720
38956
39296
40006
38851
39897
38855
39542
40088
40097
39380
39580
40017
39104
40229
39166
39722
40092
40245
39724
38857
39062
39515
39528
38931
39026
39121
39200
39954
38897
39026
40005
39289
40199
38870
38990
39096
39104
39232
39554
39719
39240
40086
39196
39598
38869
40186
38868
39459
38992
39073
39249
39898
39093
39187
38889
39228
39146
39789
40149
40279
38897
39118
40003
39247
39306
39952
38912
39590
40273
39129
39864
39129
40034
40089
40133
39992
39455
39705
40281
39747
39770
38895
39301
40002
40154
39817
40212
39681
40134
38898
39177
40205
39589
40179
39037
39264
39552
39929
39338
39465
39681
39725
39511
39117
39589
40005
39257
39324
39955
39522
39680
40287
38942
39335
39059
39155
40165
39208
40292
40106
40114
39022
39478
39618
39639
39890
40062
39568
39807
39862
39965
40114
39015
38926
39191
39185
39579
38920
40125
39461
40074
40232
39077
39086
39639
40062
39243
39255
39444
39981
39242
39464
39184
39233
39834
38925
38979
40243
39254
39900
39143
39717
39633
39823
40091
39369
40053
40102
40184
39764
40110
40221
38936
40069
40183
39264
39480
39517
39552
39203
39858
39504
39976
39497
39504
39008
39833
39226
39313
39504
39358
39414
40260
38995
38998
40140
39315
39222
38962
39470
39762
39879
39977
39123
39620
40179
38950
39974
39263
39972
39752
40270
38955
40000
38971
39113
39267
39904
39286
39623
39622
38959
39774
39828
40265
39369
40050
38972
39513
39741
40053
39828
39395
39852
39169
39360
39863
40208
40171
40019
40271
38971
38972
39142
40044
39006
39009
40106
40215
39044
38981
39609
39613
40271
38989
39001
39259
39217
39794
39245
39020
39594
39834
39721
39231
40250
39310
39325
39919
39727
39943
39736
40048
39570
39840
40293
39713
39383
39945
39947
39286
39711
39027
40082
39367
39031
39698
39464
39120
40153
39689
40138
39209
40278
40280
39912
39335
39229
39679
39138
39844
39852
39423
39464
39512
39905
40096
39884
39973
40183
39565
39211
39899
39960
40120
39695
39750
39032
39111
40067
39064
40069
39028
39729
39731
39733
40132
39279
39690
39302
40145
40155
39422
40181
39629
40058
40128
39341
39430
39885
39035
39112
39902
40226
39433
39315
40043
40131
39622
39259
40063
40122
40128
39962
40149
39908
39958
39152
40197
39468
39883
40136
40151
39484
39474
40204
39060
39114
39983
39993
39494
39784
39514
39968
39450
39062
39107
40234
39287
39434
39339
39484
39327
39927
39490
40020
39481
40195
39130
39785
39713
39175
39627
40185
39698
39066
39649
40193
39089
39128
39149
40164
40282
40296
39139
39708
40125
39795
39069
39220
39882
39423
39327
39073
39804
39805
40143
39351
39352
39607
39870
39467
39098
39502
39942
40196
39203
39644
39654
39079
39245
39636
39903
40116
39086
39188
39253
39213
39370
39978
39082
39383
39097
39190
40062
39886
40295
39129
39776
39864
40166
39111
39969
39320
40176
39391
39686
39694
39617
39648
39386
40127
39174
39252
39454
39095
39627
39889
39924
39984
39876
39876
39891
39248
39377
39808
40099
39429
40054
40187
40157
39627
39515
39515
39490
40015
39573
40124
40291
39441
40018
39359
39588
39596
39984
39928
39120
39759
40005
40055
40178
39272
39671
39257
39786
39865
39162
39597
39917
39296
39323
39331
39277
39387
39809
39980
39340
40009
39816
39610
39683
39818
39379
39762
39780
40175
39210
39230
39422
39498
40161
39541
40160
39390
39479
39194
39685
40065
39418
39917
39142
39528
39730
40102
39161
39172
39608
39989
39575
39673
40084
39198
39157
39160
40210
39154
39161
40000
39155
39160
39389
39366
39380
39580
39182
39421
40087
39389
40084
40189
39812
40207
39208
40179
40292
39612
39861
40021
39189
40142
39466
39760
39559
39576
39771
39500
39995
39509
39545
40129
39185
39287
39433
40167
40298
39460
39635
39178
39618
40082
39184
39815
39827
39890
39453
39626
39367
40205
40042
39731
40122
39188
39245
39225
39869
39979
39245
39910
39918
39198
39692
40192
40081
40086
40256
39195
40074
39240
40081
40039
40152
39206
39288
39856
40118
39818
39784
39836
39855
40094
39205
39404
40208
39414
40040
39935
39394
39355
39400
39440
39442
39458
39214
39219
40118
39597
40038
39323
39781
39829
39222
39612
39892
39295
39717
39349
39223
39222
39882
39951
40268
39253
39262
39555
39723
39943
39234
39481
39709
39872
39875
40016
40139
40251
39553
40087
39683
39633
39823
39463
39473
39244
40145
40065
40065
40123
40125
39618
39887
39256
39904
39249
39250
39297
39349
39786
39814
39965
39262
39266
39679
39728
39267
39272
39731
39733
39923
39690
39491
39265
39266
39266
39270
39462
40232
39943
39276
39564
40213
39786
39534
40100
39275
40093
40105
40106
40034
40133
39731
39911
39317
39322
39803
39305
39322
39941
39424
39573
40102
39916
39963
39398
40072
39572
40112
39429
39547
39605
40182
39914
40225
39581
39582
39676
39839
39758
39760
40066
39661
40218
39638
39999
40054
39402
40096
40073
40158
40163
39662
39924
39417
40014
40032
39763
39767
39317
40280
39626
40278
40280
39671
39740
39641
40208
39321
39550
39892
39883
39951
40287
40289
39548
39976
39946
39634
40285
40186
39985
40212
39324
39829
39936
39392
39977
39796
39836
40200
39507
39584
40217
39354
39518
40008
40089
39742
39499
39708
39963
39480
39998
40195
39787
39959
39364
39426
39685
39711
39478
39977
40029
40247
39403
39980
40296
39746
39849
40156
40158
39665
40071
40115
40224
39782
40027
39439
40144
40035
40006
39382
39406
39489
39660
39667
40040
40263
39404
39615
40248
39378
39381
40083
40252
39524
39956
39374
40198
39526
40090
40091
39661
40219
40221
39388
40091
39376
39710
39665
40071
40255
39388
39954
40283
39810
40174
39400
40111
40261
39391
39830
40123
40215
39808
40118
40021
40026
40029
40182
40229
40187
39606
40267
39856
40060
39537
40038
39687
39535
39766
39802
40014
39859
39798
40136
39436
39801
39843
39409
39915
39469
39468
39758
39890
39866
39866
40269
40274
39423
40082
40222
39859
40171
39419
39425
39777
39975
39616
39807
39553
39594
39562
39572
39427
39685
40073
40279
39433
39434
39465
39880
39912
40193
40211
40061
40083
39552
39928
39611
39854
40144
40174
39647
39750
40075
39448
39953
40209
39460
40135
39446
39657
39815
39975
39446
39962
39972
39913
40180
39966
39982
39983
39464
39646
39516
39693
39970
39952
40280
39455
40281
39969
39527
40021
40026
40279
39701
39623
39885
39722
40209
40287
39841
40027
39591
39595
39493
39578
39482
39715
39483
39953
40018
39912
39928
40194
39728
39778
39640
40242
39874
39933
39702
39704
40156
40158
39562
39508
39862
40103
39742
39493
40256
39503
39505
39822
40255
39500
39507
40067
40186
40290
39503
39505
39716
40204
40057
40147
40166
39709
39714
39873
40220
39536
40104
39514
39540
39543
39703
40075
40138
39588
39692
40232
39518
40016
39933
40274
39564
40104
40113
39834
39539
39600
39898
39536
40008
40147
39533
39631
40059
39604
40101
39977
39652
39615
39768
39862
40191
39655
39893
39895
39660
39863
39546
40092
39557
39574
39557
39591
39774
39725
39572
39587
39797
40237
39612
39901
39718
39720
40079
39877
40077
39696
39700
39900
39599
39643
39697
39707
39574
39931
40238
39587
39730
39762
39594
39570
39949
39974
39748
40224
39987
39570
40190
39891
40249
39584
39591
39577
40156
39757
40042
40072
40261
39670
40019
39583
39910
39914
40272
39595
39979
40010
40046
39622
40030
40017
39810
39841
40175
39600
39960
39800
39889
39894
39614
39919
39779
39785
39814
39606
40191
40199
40169
40177
39610
40297
39783
40269
39788
39986
39625
39840
39844
39629
40057
40294
39621
39763
40172
39625
39689
40064
40011
40286
39630
39743
39849
40041
40161
39632
39652
39971
40286
39952
40117
39967
39824
39948
40052
40054
40055
39727
39766
39768
39701
39755
40007
39706
40079
40023
39915
39650
39887
39981
40234
40268
40278
40206
40196
39659
39669
40037
40252
39668
39895
39851
40220
39669
39893
39851
40040
40111
40060
39856
39848
39863
40208
39670
40145
39934
39673
39675
40077
39914
39678
39739
39688
39688
39702
39704
40076
39702
39691
39793
39921
39833
40080
39694
39928
40016
40254
39957
39723
39931
40073
39705
39740
40107
40254
40080
39721
39718
39789
39963
39877
39874
39719
40112
40197
40207
39765
40240
40207
40079
39900
39882
40298
39737
40198
39981
39925
40045
40128
40046
40025
40108
39735
39802
40212
39743
39746
40227
40052
40177
40178
40043
40154
40184
40120
39990
39857
39772
39802
39802
40201
40213
40295
40017
40225
39944
40230
40273
39973
39947
39770
39773
39803
40005
39998
40234
39837
39819
40260
39837
39772
39773
40202
39775
40265
39906
39930
40014
39906
39963
39782
39792
39961
39836
40240
40285
39806
39860
40032
40264
40025
39922
40151
39809
39922
40151
39810
39926
39936
39810
39854
39926
40142
39926
40033
40257
40282
40214
40104
40105
40216
40242
39832
39820
39822
40221
39823
39825
39823
39835
39915
39831
40033
40293
40181
39832
40146
39857
39840
40293
40022
39868
39926
40238
39863
39850
39858
40243
40099
40257
40094
40203
39861
40172
39865
39867
39858
40023
40233
39905
40259
40171
40024
40243
39996
39916
40255
40144
40174
40217
39920
39941
40142
39884
39932
39976
40196
40246
39881
40223
40268
39891
40022
40068
39907
40039
39960
40037
40103
39924
40155
39966
40170
39916
39957
39981
40195
40234
39925
39991
39991
40211
40031
40172
39920
40070
40141
40047
40058
40122
40031
40216
40210
40162
40232
40250
40016
40168
40281
39938
39950
39939
40085
39942
39950
39945
40015
40020
39946
39947
40150
40185
39984
40018
40157
40244
39959
40276
40285
40095
40101
40131
40276
40153
40168
40007
40146
40091
40118
40282
40169
40182
39988
39992
40146
40180
40149
40153
40162
40003
40055
40011
40148
40139
40257
40133
40143
40177
40191
40230
40169
40198
40024
40283
40284
40228
40045
40203
40241
40199
40048
40227
40285
40056
40048
40058
40188
40189
40056
40089
40200
40056
40183
40063
40110
40220
40107
40135
40078
40254
40086
40256
40138
40165
40129
40097
40109
40152
40099
40116
40152
40113
40156
40114
40266
40121
40126
40130
40127
40161
40166
40138
40158
40202
40237
40183
40163
40165
40170
40286
40226
40176
40267
40175
40217
40226
40200
40226
40297
40264
40207
40210
40251
40211
40219
40221
40263
40262
40294
40229
40266
40277
40245
40277
40267
40265
40267
40271
40275
40275
40307
40315
41213
42667
41817
42129
42286
42712
40523
41085
41994
42711
40375
41432
41751
41755
40412
40430
40785
41758
40330
40604
41247
42884
41741
42231
42474
42491
40541
41345
41453
41528
40542
42697
41088
41443
41601
42891
40647
40733
41062
42667
40411
42136
42250
42519
40352
40855
41019
42052
40315
40537
41438
42702
40670
40743
41001
41856
40565
40900
41157
41665
41062
42445
40317
40804
41554
42523
40320
41384
41592
40319
41300
41422
41729
40324
41662
42135
41613
42162
42525
41048
41585
42010
42711
41733
41885
41896
41962
42038
42173
42609
42837
41300
41310
42735
40331
40573
41642
41731
40407
40695
41302
40575
40588
42475
42477
41873
41975
42497
42876
40337
40600
40885
41358
40334
41016
42883
40462
41632
41635
40356
42216
42502
42828
41457
41886
42112
42355
41529
42884
40644
40784
41388
42744
41414
41438
42547
42548
40339
41129
41130
42474
42485
42640
41072
41127
41674
40415
41019
41048
41964
40563
40569
41902
40644
40784
41269
41985
40678
41111
41411
42099
41019
41578
41964
40574
40582
41252
42388
41108
41290
41767
42234
40503
41381
42341
42809
40664
41378
41926
42331
41871
42071
42430
42791
40557
41545
41569
42504
40567
40773
41710
42665
41131
42469
40848
41685
42597
42743
41050
42406
42863
42866
41148
42017
42407
42630
40359
40891
40941
41233
41943
42416
41589
41592
42162
42709
41052
41658
42451
40471
42257
42258
40382
42101
42453
42759
40531
40545
42011
42721
41803
42264
42362
42827
40664
41275
42411
42689
40381
40385
40822
40837
40816
41990
42643
41134
41262
41331
42152
40495
41054
42839
42845
40374
40463
42728
41077
41193
41963
42224
40564
41007
41504
41971
40861
41173
41677
42771
40376
40410
41075
42716
40786
41432
42736
41388
41622
42736
41617
42030
42738
41950
42071
42225
40941
41361
42086
42216
40534
40643
41604
42148
42573
42584
42627
40386
40738
42903
42034
42400
40385
40500
40738
42235
40394
40848
41065
41548
42902
40791
40823
41389
42420
42639
42820
40463
40784
40818
41734
41355
41801
41803
42827
40391
40405
40853
42049
40406
40861
42773
40970
41005
41227
41927
40434
41235
42687
42800
41515
42434
42465
40550
41980
42260
42784
40405
41627
42028
41006
41502
41939
42799
40550
42186
42260
42301
42434
42852
40580
41556
41720
42015
40403
40894
41740
41980
40712
40721
40844
41516
41065
41285
41831
41525
42603
42731
42880
42890
41402
41627
42025
41337
42626
40611
41076
41865
42366
40416
40529
41335
42764
41617
41855
42879
40737
41564
41693
41345
41760
42013
40561
41459
42305
42315
41513
42215
42514
40650
41787
40951
41115
41333
40449
40634
42114
42125
40424
41193
41924
42208
40975
42245
42346
42362
41370
42237
42733
40708
41565
42512
42873
41018
41914
41921
42179
40643
40864
41604
41608
41202
41936
40655
40691
41370
42734
41729
41746
42826
40739
41108
41457
42373
41222
41227
42770
40655
40689
41365
41646
40548
41868
42893
41110
41182
41594
42307
41192
41898
42796
42802
40886
41125
41346
41570
41439
42332
40742
41179
41204
42778
40448
41390
42662
42865
40928
41278
41323
41455
41628
41642
42418
42639
41478
41705
42060
42297
42146
42497
42629
42677
40527
40725
42355
42891
40730
41584
42298
42403
41218
41764
42377
40815
42319
42337
42590
40793
42342
42560
40460
41877
42342
40449
40457
40940
41405
40519
41347
42844
41770
42172
40769
41810
41818
42277
41099
42030
42371
42844
40654
41605
42148
42729
40474
40735
42104
42540
40455
40475
41247
41476
40474
41016
42121
40464
41028
41774
41796
40458
40936
41064
40464
42111
40710
41756
42076
42439
40465
41407
40874
42632
42823
41918
42410
41269
41770
41464
42560
42788
40874
42050
42059
42859
40615
41498
42119
42424
40915
40923
41241
42324
40470
40473
40890
42057
40515
40952
41637
41649
42656
41753
42265
42365
40950
41880
40475
42167
40573
41731
40504
40700
41783
42078
40658
41683
42465
40907
42457
42719
40699
41373
41962
42595
40639
41197
42293
41386
41685
42655
42743
40754
41325
42892
40528
40562
40795
41077
40486
40712
40721
41783
40560
40584
40704
41954
40779
41155
42214
40628
41095
42900
40804
41165
41384
41427
40539
41067
42389
42661
41073
41817
42391
40544
40583
41350
41795
40497
40562
41001
42514
40501
41046
41245
41956
40576
41697
42767
41165
42726
42866
41541
42001
42557
42846
40577
41947
42215
41775
41831
42656
40925
42408
42722
42723
42265
42899
41311
41312
41323
41194
42159
42200
42837
41890
42313
42505
40512
42630
40535
40669
41489
42498
41791
42153
42520
41288
41307
41902
42491
41716
42149
42876
40910
41538
41852
42541
40776
41321
42635
40825
42227
42244
42313
40779
41148
40692
41623
42829
40642
41462
42343
42814
41038
42133
42135
41319
42149
42286
40707
42424
42564
41790
41836
42501
42185
42379
42659
40537
40553
41110
41182
40610
40701
40791
42199
40824
42001
42696
41048
41576
41787
40725
40731
41221
41353
40867
42781
42783
40689
40865
41154
41744
41886
42732
42734
41029
42864
41115
41229
41603
42141
42701
40533
41833
41993
41595
42128
42507
42704
40669
40677
42394
41443
41842
42760
40798
41551
41553
40662
41623
41744
41757
40542
42548
40687
41076
41537
42366
41856
42000
42158
41556
41560
41780
42894
42627
42861
40553
40550
41955
42600
40709
40720
41026
40677
42499
42512
40656
42085
42453
40595
40654
40657
42730
40785
42016
40688
42243
42782
42795
42717
40831
41606
41728
42327
40768
41300
41952
42382
41107
41682
40558
40985
41910
41917
40595
41482
41838
41911
40715
41672
41682
41690
41039
41460
41670
40562
40989
41963
40847
41171
41857
41866
40594
41841
42315
41937
41954
42766
41947
40635
41468
41004
41124
42333
40594
42772
42812
40575
40596
41418
42160
41242
42663
41441
41826
41907
41928
40605
42459
40771
41175
41503
41563
41927
42109
42232
42346
41023
42004
42331
42337
40623
42048
40580
40599
42164
41423
41876
41146
41219
42455
40993
41534
42269
41272
41580
41582
41935
40679
40861
42524
42608
40588
42473
41357
41427
42408
42723
42037
42576
40625
42232
42311
41162
41847
42229
41746
42348
42444
42626
41095
42039
42191
41430
41626
42059
42854
42388
42506
41118
42027
42431
41239
41415
41958
42359
41159
41272
41869
42263
40631
41072
41416
42290
42299
42655
42679
40704
41157
42203
42741
40878
42475
40820
41855
42546
40603
40605
42459
42485
41530
41850
41867
40812
41046
41674
40793
42246
42560
42752
41541
42704
42841
42846
41456
42479
42491
40623
40981
42711
41454
40609
40671
41131
42881
41514
41515
42299
42405
41569
42223
42353
42535
40696
41246
42740
40805
41540
42903
40660
42131
42513
40645
41544
41573
42907
40627
40718
41039
42801
41044
42554
42556
41375
42120
42507
40628
41083
41458
41683
40619
40620
41359
41371
41645
41717
41776
41987
42087
42233
40621
41356
41374
42222
42233
41644
42159
42834
41247
41372
40830
41680
41870
42713
40720
41293
42832
41161
42056
42455
40683
42322
42422
40928
41118
42100
42238
42623
40789
41149
41684
41129
41416
40857
42343
42375
42483
41125
41531
42195
41458
41625
42053
41449
41468
40637
40653
42350
42377
41337
41748
42765
40642
41023
41305
41926
40728
40763
40641
41303
42382
42888
41008
41218
41905
42782
40654
41597
41152
41508
41220
41554
42423
40817
41858
41986
42750
41661
42702
40930
40938
41931
42646
40881
42116
42566
42633
41244
41254
41757
41879
42073
41974
41996
42562
42878
40659
42762
42281
41452
42732
41806
42044
40673
41605
41609
42040
42434
41335
41706
40685
41470
42464
41145
41178
42308
41201
41367
42068
41177
42218
42821
42867
41301
41411
41837
42698
41051
41685
42747
42824
40672
41333
41703
41706
41226
41739
42693
42853
40798
42545
42127
42131
42519
40696
42009
40951
41337
42811
41426
41899
42203
41173
41507
42066
40756
41124
41797
41900
40682
40694
41133
41894
41401
41852
40793
41153
41301
42036
42890
42504
42527
42651
40722
41641
42450
42730
40690
42113
40686
41039
41802
40690
40694
42033
42637
40714
40971
41382
41670
41811
42594
41390
41400
41859
41236
41818
41905
40691
41207
41496
42634
42361
40979
41757
40702
41630
42303
40994
42165
41669
42444
40931
42097
40823
40929
41143
42235
40728
41754
41778
42096
41277
41575
41813
40721
42098
42630
40958
41696
42195
40887
41891
42351
41574
41733
41974
42541
41272
42035
40757
41437
41908
42572
40757
41437
41477
42061
41509
41551
42629
41489
41553
42120
41255
41296
41977
40913
41234
42778
40725
41602
42237
42734
41648
42421
41272
42035
42341
42809
41033
41465
41466
40946
41187
42307
41217
41381
41938
42353
41040
42209
42544
40860
42504
42528
41138
41403
42416
41820
42300
42017
41197
42207
42293
40918
42095
42296
42351
40788
40969
41546
42695
41633
41334
41702
42610
42834
41584
41730
42387
41786
42240
40999
41795
41887
42232
41114
41877
41292
41609
42450
41283
41341
41939
42275
41215
42537
40737
40741
40955
42696
41784
42412
42538
40740
40851
42490
42663
42189
42713
40823
41916
42236
42323
42370
40866
41341
42051
41639
42176
41161
41178
42056
41687
42131
42662
40862
41344
42328
42495
40748
41870
42189
42222
41239
41467
42264
42586
42530
42761
42831
41163
42194
42233
41807
41826
42294
42793
41282
41499
42251
42588
40754
41035
41288
41825
40828
41942
41943
42593
40759
40770
41599
42239
40764
42552
40992
42785
42842
41004
41228
42070
40858
42533
40782
42393
42607
42795
41615
42552
41154
41886
41951
42373
41671
42163
42508
41027
42060
42912
41434
41754
40770
41306
42168
41375
41551
41553
40777
40992
42005
42751
41391
41727
42875
41310
42888
41236
41583
42779
41116
41618
40790
40932
41226
41091
41596
42454
41351
41723
40804
40882
41391
41429
41244
41247
41254
41476
41761
42198
41447
41799
42842
40827
40872
41990
42838
41783
40783
41265
41922
42842
40783
41304
41526
41883
41015
41882
42593
42360
42785
41063
42012
42717
42175
42184
40790
41102
41263
42221
41000
42230
40894
41285
40797
41128
41532
41761
40794
40797
41456
41563
41111
41102
41519
41947
42289
40810
41232
42788
41102
41320
41833
42392
41022
41364
41821
42682
40802
41022
41723
42330
40802
40909
41800
41634
41726
41969
41989
42688
42875
40806
41531
42195
40822
42903
40839
40842
40845
41556
41505
41561
42508
41047
41379
41461
42378
41920
42124
42150
41419
41540
41953
42199
41104
41126
41570
41257
41716
42286
42556
42123
42179
42868
40835
40960
42331
40827
42442
42822
41315
41876
41075
41388
42728
41075
41734
42162
42879
40834
42879
41494
42393
42411
42689
42518
41032
42192
42557
41640
42505
41280
42343
42411
42782
42143
42904
41882
42798
40831
41189
41494
41945
42196
42900
42046
41047
41168
42463
40840
41188
41562
42640
41577
42162
42163
41018
42154
42602
41282
41305
41499
42252
40838
41389
42518
40929
42902
41055
42473
42895
41180
42435
41171
41866
42432
41560
42480
42895
42044
42362
42771
42773
40881
40884
42098
41055
41172
41858
41321
41323
41379
41620
41172
41858
42437
41514
41740
41065
41542
42434
42742
40854
41127
41961
40990
41940
42606
41028
41225
41380
41774
40861
41173
42890
41028
41796
41578
42302
42672
41987
42688
42703
42825
40862
41123
41495
41511
41596
41938
40986
42425
42426
42819
42079
42422
42536
41343
42604
41263
42178
42220
40913
41597
42096
41365
41367
41886
40990
42054
42275
42456
42767
41157
41234
41477
41756
41818
42340
42384
42795
40871
40967
41475
41205
42057
40914
42260
42804
40933
42168
42643
42822
40883
42205
41217
41445
42268
42809
40920
41592
41652
42872
41058
41103
42259
42727
41418
42576
41045
41116
42617
41317
42401
42442
42822
41590
42097
41736
42499
42523
42050
42657
41525
42880
40898
41260
41793
40889
41360
41771
41836
42241
40900
41167
42631
42772
41072
41126
40967
42133
41658
42105
42427
41414
41438
42027
42623
41606
41735
42042
41056
41113
41056
41113
42575
42578
41002
41149
41699
42464
40976
42254
42612
42754
41130
41796
41773
41861
41872
42704
40945
41908
41441
41837
41848
41907
40905
40919
42683
41172
42401
42435
42642
41210
41459
41937
41424
42680
40919
41463
41821
42681
42142
42715
42789
40909
41022
41240
42225
40957
41490
41568
42558
40916
41195
41424
41725
41654
41775
42260
41608
42076
41654
41990
42644
41246
42320
42469
40935
41875
42440
40997
41329
42117
41363
41891
40934
40935
42493
42603
42857
41313
42021
42481
42694
41092
41816
42417
42820
40991
42488
40944
41983
42367
41607
42320
42487
40931
40991
41246
41648
41352
41521
42436
42792
41458
42532
41389
40940
41025
41929
42421
41739
42794
42822
41279
41306
40942
40964
40942
41463
40939
41405
41448
41653
41853
42859
40943
41121
41571
40948
42616
41064
42103
42105
42758
40962
42091
40948
40949
41405
41688
41978
42581
41586
41934
42309
42733
42913
40957
40962
40964
41119
41066
42024
42057
42611
41433
42303
41059
41208
42057
41659
41732
42494
42805
40956
41014
41033
41382
42000
42482
40988
42224
41068
41106
42199
41134
41766
42305
42812
41338
42483
42867
41212
42308
42381
42443
41068
42089
41037
41318
41877
41893
41800
41640
41942
41943
42594
41031
42142
42789
41475
40973
40993
42269
42391
40977
41559
41653
41899
42544
42911
41002
41079
42636
41109
41183
42612
42754
40985
41385
40998
41327
42641
41222
42458
42770
41140
41185
41452
40991
41648
42230
41031
41158
42428
42791
41413
42038
42082
41742
42466
42481
42671
40984
42048
42654
41141
41397
41912
42362
41195
42676
42833
41276
41913
42883
42368
42317
42486
42590
41248
41355
42105
41536
42365
41001
41772
42368
41340
42075
42755
41073
41428
41100
42031
42270
41720
42219
42691
42851
42319
42337
42358
42814
41894
42058
41196
42058
42165
41294
41899
41927
42441
42694
41428
41080
41082
41379
41466
41470
42190
41830
42064
41467
42346
42770
41308
41491
42338
41830
41998
42003
41631
42382
42737
41197
41353
42288
41960
42145
42211
42799
41903
42242
42266
42284
41013
41024
41728
42570
41036
41328
41743
42127
42224
42513
41846
42336
42540
42062
42121
42137
42317
42590
41194
42082
42836
41483
41486
41572
42881
41351
41160
42814
41344
41451
42490
41931
41948
41471
41725
42833
41478
42345
42360
41387
41851
41865
41580
41582
41890
41898
41033
41151
41466
41143
41163
42087
42197
41306
41307
42625
41446
42652
41114
41849
42585
41603
42699
42735
41911
41601
41666
42112
41047
41149
41285
42378
41527
41619
42429
42568
41309
41625
42397
42648
41506
41737
42379
41117
42239
41225
41793
42398
42052
41760
42675
42747
42806
41386
42628
42655
41453
41760
42579
41520
42089
41657
41691
41732
41798
41613
42716
42855
41423
42432
41955
41081
41083
41095
42372
41112
41618
41212
41598
42295
41274
42206
42614
42769
41648
41653
42850
42857
41209
42702
41967
41985
42731
41948
42111
41740
41121
41542
42259
41073
42187
41240
41520
41085
41092
42417
42887
41074
41085
41486
41828
41651
41860
42649
42660
41092
41816
41613
41687
42864
41851
42847
41258
41751
42584
42861
41382
42380
41168
42636
42334
42465
41983
42380
41548
42465
41169
41228
41810
42064
41813
41089
41900
42318
42321
41089
41941
42544
41666
42786
41090
41900
42718
42911
41569
42223
42415
41156
41277
41827
41096
41134
41136
42385
41135
42153
42387
41274
42614
42775
42852
41196
41495
42058
42589
41617
41737
41123
41132
41343
41254
41964
42884
41112
42644
42775
41953
41956
41266
41466
41761
42635
41125
41953
41182
41187
42517
41190
41765
41365
41366
41500
41271
41672
41616
42139
42168
41684
42597
42808
41214
42152
41324
42239
41612
42787
41300
41952
41571
41612
42787
41289
41765
42356
42257
42727
41291
41571
42617
42787
41196
42484
41763
41992
41674
41130
42724
42794
42892
41359
41267
41686
41957
42137
42117
42270
41840
41136
42386
42305
42383
41518
41621
41669
41250
41844
42680
41174
41871
42312
42430
41493
42754
41142
41395
42458
41334
41878
41536
41148
41170
42670
41436
42443
41210
41937
42099
41204
41593
42316
42781
41155
41168
41488
41705
41837
42793
41916
42249
42250
41453
41751
42861
41893
41944
42339
42356
42361
41752
42017
41238
41539
41544
41437
41415
41801
42069
41582
41722
41849
41305
41478
42262
42783
41445
41946
42777
41769
41870
42059
42279
42347
42632
42492
42871
41170
42022
42228
42481
41935
42807
41295
41838
41946
41752
41172
42435
41981
42446
42682
41176
42401
42437
41188
41562
42479
42109
42236
42323
41179
41593
41608
41188
41857
41631
41836
42238
42737
41661
41666
42669
41396
41409
42115
41690
42913
41201
41650
41663
41682
42476
41344
41410
41728
41201
41523
42212
42271
42343
42604
42799
41655
41845
41966
41202
42365
41200
42440
41336
41786
41395
41397
42789
42416
42422
42594
42739
41417
42159
41396
42847
41399
41442
41655
42070
42229
42783
41208
41211
42130
41318
41499
41848
42247
41744
41879
41209
42445
41215
42699
42122
41213
42255
42468
42611
42445
41934
42631
42130
42701
41707
41766
42811
42812
41670
42061
42352
41847
42767
42783
41251
41544
41671
41602
41679
41339
42212
41243
41249
41633
42760
41249
41271
41594
42253
41961
42624
41263
41503
41523
42209
41676
41689
41332
41791
41253
41264
41636
42452
41501
42122
42710
41479
41656
42150
41844
41846
41841
42549
41814
42026
42665
42242
42776
41294
41457
41927
42323
41671
42472
42069
42715
41364
41950
42314
42469
42490
42570
41786
42253
42288
41372
42029
41322
42624
41607
41361
41801
42791
41412
41709
41403
41719
42322
41561
42423
42508
41530
42521
41292
41679
41471
42531
41276
41376
41573
41834
41815
42273
41432
42182
42376
41850
42164
42896
41278
41749
41694
41970
42045
42167
41326
41791
42153
41519
41292
41294
42226
41487
42156
42425
41465
42463
41576
42052
42881
42634
42638
42639
42182
41804
41805
42123
42317
41709
42548
41404
41998
42384
42593
42405
42813
41904
41926
42782
41733
42654
41373
41544
41793
42532
41317
42231
42271
42393
42795
41284
41540
41620
42088
42587
42601
41524
42020
42026
41420
42250
42516
42018
41303
41729
42344
42382
41810
41826
41946
42779
41431
42409
41623
41744
41667
42084
42212
41611
41931
42761
42072
42094
42218
41609
41676
41892
42559
41297
41820
41636
42226
41303
41738
42888
41677
42245
42256
42771
41848
42247
41707
42439
42811
42354
41478
42262
42698
41444
41324
41782
42231
41462
42060
42304
41542
42019
42257
41662
41321
41369
41322
42396
42506
42565
41464
41895
41920
42587
42219
42477
41759
41794
41854
41741
41407
42588
42129
42571
41431
42892
41419
41979
41461
42619
42139
42168
42794
41331
41332
41336
41921
41970
41735
42570
41492
42047
42328
41378
42154
42155
42331
41333
41703
41335
41335
42014
42914
41338
42484
41706
42134
42602
41702
42115
41959
42054
41421
42803
41343
41957
41959
41960
42329
42051
41712
41758
41374
41531
41533
42030
42716
42865
41887
42132
42586
42792
41543
41607
42493
42740
41352
41725
42436
41435
41814
42322
42801
42207
41707
42306
42315
42710
41806
41358
41533
42088
41430
42050
41359
41749
42087
41371
41374
41871
42272
41944
42339
42403
41889
42460
41463
42446
42732
41367
41368
42669
41663
41500
42073
41419
41956
41377
41416
41994
42418
42509
42424
41529
42011
42883
41452
42913
41809
42635
42007
42114
42624
41408
42505
42513
42136
42191
42713
42900
41652
42726
41917
42269
42406
42854
42007
42111
42748
41532
41513
41687
41552
41435
41439
42071
42158
42659
42661
42704
41400
41859
42736
42746
42457
41510
41803
41479
41656
41973
41472
42283
41619
42865
41489
42512
42725
41912
42773
42422
42909
41802
41811
42277
41747
41413
41417
42082
41464
42582
41511
41938
41413
41417
42173
41492
42328
42335
41697
42093
41594
42307
42733
41510
41768
42280
42272
42312
41423
42432
42198
41916
42903
41945
42051
42271
42267
42276
42826
42473
41719
41508
41528
41547
42745
41605
41941
42544
41430
41652
42187
42368
42510
42871
42856
41449
41456
42175
41630
42764
42765
41933
42447
42225
41518
42056
42035
41598
41814
42430
41504
41521
41808
42322
41884
42793
41797
41845
42148
41884
41905
42297
42035
42061
41492
41743
41922
42819
42908
42745
42818
42850
42409
41539
42740
42881
42907
41930
42495
42652
41673
41508
41456
41468
41620
42081
42900
41523
41461
42710
41482
42061
42768
42396
42799
42912
42433
42246
42636
41874
42911
41524
41830
42070
42340
42470
42563
42090
41491
41843
41522
41681
41792
42840
41507
42034
42108
42771
42141
42032
42033
42095
42768
41485
42751
41861
42510
42845
42855
41580
42572
42807
42549
42777
41788
42009
41550
41873
42550
42714
41915
42325
41576
42065
42358
42360
42294
42456
41550
41505
42006
42511
41502
41500
41673
42335
42326
42328
42029
42414
41824
41833
42041
42129
42553
42564
41884
41646
41518
42056
42306
42211
42275
41614
42869
41802
41998
42546
42002
42185
42714
42063
42818
41972
42102
42068
42572
41557
42279
42705
42747
42371
42844
41982
42806
42301
42334
41525
42522
42850
41555
41829
42563
42664
41614
42758
41971
42433
41656
41822
41650
41655
42003
42882
41724
41909
42262
41558
41984
42743
41712
41552
41581
41794
41696
41540
41570
42215
42379
42554
41545
41641
42460
42768
41753
41688
42753
41568
41733
41834
41572
42472
42158
42374
42040
41554
42487
42907
42454
42651
41853
42441
42703
41985
42882
41984
42378
41696
42195
42518
42498
42553
41972
42011
41565
41779
41558
41984
42372
42851
42059
42824
42859
42655
42863
42488
42503
42695
42143
42897
41568
42509
41741
42401
41614
42479
42482
42519
42721
41651
41668
41711
42261
42677
42708
42874
41896
42080
41953
41579
41788
41827
41575
41585
41664
41913
42810
42654
42711
42508
42526
42546
41727
41618
42617
42727
42341
41585
41727
42010
41718
41811
42244
42268
42386
42906
41908
42296
41588
41591
42472
42673
41590
42493
42740
41967
42707
42731
41591
42880
41700
42515
41779
42281
42126
42201
42533
41786
42730
42445
42468
41612
41618
41887
41899
42132
42183
41605
42355
41951
42133
42292
42547
41743
42857
42308
42355
41842
42547
42548
42616
42787
42726
42239
42618
42106
42756
41622
42863
42190
41624
41629
42443
42406
42568
41765
41880
42023
41979
42396
42347
42628
42856
41906
42417
42595
42820
41638
41669
42381
41781
41790
42100
41642
42595
42237
42288
41800
42042
42330
41962
42048
42410
42613
41638
41880
42276
42267
42295
41678
42696
42797
42449
42831
42638
41708
42583
42870
42193
42910
42157
42534
42825
41673
41879
41653
42050
42408
42503
41654
42647
42112
42209
42877
42816
42020
42567
42749
42874
42448
42496
42538
42810
41771
41891
41933
42517
41738
42112
42669
41965
42104
42538
41756
42309
42811
42234
42245
42905
41675
41976
42569
42439
42353
42673
41709
42307
41961
41995
42874
42877
42151
42321
42905
41680
41769
42543
42287
41976
41995
42053
41699
41701
41982
41839
42031
42032
42514
42366
42367
41807
42151
42283
42161
42147
42169
42494
41792
41799
42413
42819
42189
42516
41914
42419
42590
41997
42067
42677
42805
42099
41699
41701
41983
42581
42574
42472
42566
41708
42458
41766
41784
41919
42065
42156
42698
42575
42074
41723
42327
42570
41975
42876
41714
42849
41829
42285
42374
42557
41789
42650
41850
41867
41868
42893
42390
41989
42157
42774
42808
41725
42090
42021
42506
41903
42251
42601
42263
42282
42591
41726
41922
42004
42885
41735
42672
41743
41738
42298
42385
42774
41970
42641
41862
42067
41967
41999
42510
42512
41855
42166
42904
42784
42640
42017
42402
42467
42685
42835
42898
42344
42024
42172
42348
42350
42626
42081
42197
42599
42837
42898
42579
42481
42551
42235
41771
42620
42568
42574
42597
42351
42068
42140
42650
41789
42402
42717
41975
42006
42558
41900
42132
42183
41781
42737
42765
41767
42830
41778
42096
42623
42194
42125
42501
41832
41963
42127
41819
42120
42507
41793
42125
41980
42217
42823
41778
42620
42622
42240
42493
42673
42690
42851
42904
41836
42174
42625
42110
42167
42419
41840
42152
42520
42631
41994
42566
42467
42622
42152
41822
42542
41867
42466
41977
42801
41897
42718
41799
42413
42848
42567
42272
42333
42069
41822
42150
42819
41923
42124
42427
42827
41810
42278
41844
42668
42681
42592
42601
41942
41945
42046
42336
42803
41828
42417
42682
42269
42554
41828
42118
42660
42278
41861
42873
42072
42330
42357
42123
42405
42666
42769
41991
41993
42496
42204
42552
42674
41888
41828
42039
42191
42384
42018
42019
42369
42621
42721
42423
42462
41862
42419
42538
42561
42404
42316
42777
42580
42886
42385
42772
42229
42778
42074
42020
42275
42291
42107
41897
42802
42593
42668
41949
41954
41893
41932
42808
42224
42462
42720
41988
42692
41868
42650
42002
42187
42482
42437
41876
42653
42753
42146
42708
42841
42413
42542
41865
42367
42380
42208
42364
42369
42513
42160
42015
41907
41932
41954
42196
42086
42185
42659
42712
42006
42390
42715
42718
42719
42216
42433
42436
42160
42339
41912
42025
42008
42336
42357
42668
42607
42106
42756
42785
42776
41901
41974
42410
42801
41892
41946
41949
41933
42449
42282
42294
42456
41932
42113
42165
41909
42246
42252
41901
42509
41958
42715
42332
42428
42562
42174
42409
41904
42243
42684
42304
42025
42605
41949
42807
42752
42885
41936
42555
42183
42333
42104
42815
41918
41970
42751
42752
42755
42899
41947
42289
42179
42561
42169
42412
42790
42885
42602
42425
42154
42155
42317
41936
41963
42369
42270
42700
42886
42601
42263
42776
42779
42103
42202
42490
42606
42766
42303
42772
42774
41944
42223
42271
42340
42075
42687
42318
42729
42244
42766
42393
42616
42404
42086
42758
42361
42734
42100
41980
42144
42580
41966
41992
42399
42577
42054
42604
42654
42010
41974
42410
42561
41981
42312
41987
41989
42657
42688
42157
42178
42825
41981
41992
42817
42005
42840
42901
42539
42226
42528
42184
42870
42114
42202
42003
42299
42747
42470
42437
42869
42205
42013
42671
42849
42412
42540
42792
42810
42815
42887
42840
42541
42558
42901
42497
42545
42901
42668
42525
42725
42855
42001
42858
42188
42550
42843
42008
42155
42486
42567
42103
42026
42682
42116
42884
42499
42140
42596
42690
42894
42025
42608
42685
42671
42894
42186
42897
42398
42648
42656
42800
42441
42671
42466
42521
42670
42443
42611
42040
42803
42702
42036
42605
42033
42746
42033
42886
42121
42063
42085
42599
42388
42475
42829
42836
42285
42372
42053
42392
42494
42763
42043
42327
42330
42363
42085
42678
42055
42319
42484
42327
42686
42117
42495
42652
42104
42066
42678
42604
42906
42172
42211
42062
42137
42358
42065
42167
42213
42277
42333
42213
42569
42874
42073
42789
42283
42821
42161
42760
42291
42241
42381
42078
42116
42633
42110
42080
42739
42504
42088
42196
42089
42091
42451
42524
42609
42830
42213
42446
42222
42909
42440
42101
42451
42676
42106
42698
42108
42400
42460
42533
42241
42116
42421
42633
42622
42448
42261
42677
42817
42114
42680
42683
42256
42218
42245
42421
42634
42212
42610
42119
42129
42128
42553
42455
42790
42532
42128
42389
42249
42661
42141
42255
42563
42911
42589
42867
42276
42190
42563
42144
42664
42839
42863
42865
42614
42627
42802
42480
42838
42145
42912
42571
42649
42749
42763
42649
42908
42294
42790
42426
42848
42220
42662
42173
42254
42709
42473
42576
42637
42206
42534
42794
42848
42171
42180
42841
42845
42181
42862
42610
42615
42376
42870
42189
42194
42181
42285
42461
42693
42181
42374
42839
42658
42861
42203
42753
42843
42838
42201
42858
42250
42192
42287
42200
42910
42197
42199
42898
42846
42397
42318
42615
42618
42625
42706
42823
42757
42780
42450
42265
42216
42311
42436
42471
42230
42551
42534
42757
42256
42438
42750
42221
42724
42516
42530
42266
42395
42521
42565
42777
42274
42236
42902
42267
42478
42280
42478
42243
42798
42607
42798
42247
42252
42251
42585
42591
42519
42621
42284
42262
42280
42786
42537
42646
42647
42727
42742
42749
42310
42274
42346
42798
42444
42310
42779
42329
42471
42286
42391
42349
42586
42384
42304
42338
42299
42666
42729
42741
42313
42395
42338
42591
42776
42696
42713
42555
42347
42461
42628
42800
42308
42489
42447
42381
42478
42533
42304
42793
42383
42808
42832
42833
42405
42314
42320
42469
42309
42439
42778
42351
42313
42809
42349
42828
42428
42324
42812
42559
42741
42741
42483
42324
42559
42452
42722
42560
42788
42335
42375
42589
42399
42495
42796
42679
42686
42486
42340
42342
42572
42348
42354
42358
42814
42912
42737
42471
42827
42352
42354
42797
42373
42363
42681
42471
42586
42792
42686
42621
42899
42429
42373
42543
42653
42679
42664
42411
42867
42583
42762
42765
42470
42844
42403
42766
42387
42403
42520
42565
42858
42556
42805
42817
42541
42545
42810
42591
42645
42646
42645
42606
42700
42832
42407
42466
42456
42767
42748
42670
42857
42674
42496
42426
42418
42420
42639
42420
42887
42887
42426
42529
42486
42453
42828
42430
42464
42574
42699
42735
42446
42691
42860
42502
42691
42642
42826
42449
42453
42761
42502
42543
42613
42460
42458
42474
42491
42679
42499
42529
42635
42470
42522
42849
42489
42479
42485
42506
42623
42642
42484
42672
42875
42500
42547
42658
42856
42862
42496
42498
42629
42503
42722
42620
42676
42657
42873
42546
42550
42720
42864
42707
42880
42697
42745
42882
42525
42529
42905
42526
42529
42720
42528
42530
42531
42536
42724
42739
42797
42909
42667
42542
42569
42878
42815
42868
42805
42730
42768
42725
42694
42712
42847
42714
42562
42781
42868
42571
42629
42840
42743
42901
42596
42598
42581
42598
42580
42700
42579
42598
42600
42597
42870
42587
42588
42584
42598
42588
42592
42790
42797
42600
42608
42685
42717
42850
42872
42685
42684
42609
42610
42732
42786
42821
42674
42619
42625
42658
42666
42637
42641
42641
42644
42647
42648
42876
42831
42746
42866
42660
42661
42664
42665
42687
42803
42889
42697
42906
42709
42690
42705
42780
42759
42773
42683
42689
42695
42692
42703
42703
42706
42825
42860
42701
42706
42889
42859
42709
42877
42714
42843
42770
42725
42875
42748
42736
42738
42872
42746
42775
42852
42816
42818
42872
42849
42816
42851
42853
42908
42756
42756
42769
42889
42828
42832
42891
42764
42817
42804
42813
42904
42804
42806
42891
42800
42813
42813
42883
42854
42824
42889
42854
42830
42914
42910
42914
42837
42866
42848
42855
42871
42860
42869
42871
42878
42908
42894
42897
42896
42897
42907
44393
45152
45353
42968
43129
43192
43652
43311
43796
44138
45484
44882
45178
45472
45656
44675
44714
45116
45700
43253
43612
44034
44362
42969
43827
44577
45053
43210
43445
45187
45635
43360
43543
43973
44063
44304
44465
44909
43187
43240
44739
44747
43162
43949
44982
45753
42946
44412
45265
45430
44394
44808
44910
45490
43715
44003
44360
45184
44131
44804
45734
42936
42945
44150
44153
43087
43143
43260
43567
43307
44458
45223
44528
44534
44702
45214
43245
44453
45672
43647
44165
45694
43012
43979
45530
44160
44836
44958
44998
44034
45244
45277
45329
43909
43989
44379
43005
43294
44409
44412
42950
44836
44998
45426
43013
45045
45221
45749
43265
43850
45236
45742
43739
45421
43477
44409
45240
43729
44322
44848
44858
42949
43573
44774
45549
42956
43580
44760
43007
43272
43555
43348
44090
44434
44854
43422
44013
44366
44870
42965
43596
43839
45756
43433
44802
44808
45490
42965
43746
43815
45114
42960
43279
44593
45582
45630
43399
43953
44587
44982
42961
44814
45004
45549
43030
43041
43041
44130
44845
43198
43316
45676
45718
43033
43084
44389
45673
43197
44244
44856
44982
43913
45111
44050
45077
45790
43183
44002
45125
45128
43088
43632
44022
42986
42987
42992
43050
44422
44529
45010
43215
45160
45161
43202
44103
44303
45420
43663
44884
44970
43733
43812
44940
42981
43611
45366
43156
43911
44223
44769
43262
44109
44125
44152
43785
44504
44690
43058
44834
45082
45463
42990
43598
43991
44838
45131
45402
45449
44671
45241
45242
45269
43968
44068
45082
45485
43751
43765
44689
45615
44108
44112
44688
44756
42995
44236
44696
43814
43819
43209
43688
44369
44648
43136
43221
44664
45037
43439
44119
45463
43576
43712
43889
44162
42995
44577
43025
43899
44571
45520
43769
44980
45033
45200
44574
43002
43898
44481
44829
43698
44915
45022
45097
43023
43585
43782
44619
43724
44356
44739
45136
43021
43725
44630
45616
44908
45451
45487
43915
44551
44644
43891
43912
43915
45470
43133
43286
43491
44931
45238
45277
45713
43109
43970
45006
45452
44250
44251
45426
44158
44228
45154
45611
43415
44030
44054
43221
43962
44708
45458
44365
44625
44829
43454
45618
44841
45721
43419
43430
43891
44365
43022
43026
43919
45036
44059
44490
44562
45491
43551
44711
45517
43019
43180
43356
44693
43067
44235
45571
43184
43677
44455
45321
45292
45501
45772
43023
43924
43925
43702
44617
43314
43643
44490
45313
43185
43701
44428
43676
44617
44180
44306
45318
45505
43142
43145
44406
45648
43030
43035
45758
43040
44130
43035
43587
45545
45552
43156
44007
44225
45704
43623
44071
44188
43093
43210
44310
45198
43590
44318
45444
45646
45788
43067
43292
43642
45565
43213
45315
45632
45661
43546
45262
45539
45708
43279
44788
44810
45549
43995
44647
44649
44911
43196
43590
44130
44845
43311
44121
44840
43937
44559
44673
45675
43589
44473
45748
43080
44078
45188
45190
43283
43533
44637
45323
43608
45399
45549
43330
43777
45560
43813
44325
44473
44504
43901
43913
44030
44812
43586
44991
45024
45363
43575
44047
45581
45687
43064
44286
44565
44891
43560
43617
44038
45365
44345
44730
44907
43968
44980
43071
45292
45453
45772
43273
44648
45080
45489
43066
43077
45087
45685
43418
43832
44757
44812
43909
44069
44126
44377
43611
43957
45103
43094
43146
43574
44103
43351
43374
45530
43409
43417
43450
44759
45009
45391
43690
44759
44765
45043
43101
44381
44444
44636
45297
45690
43344
43900
45488
45719
43854
43918
45536
45689
43570
44929
45584
45689
44359
45147
45515
43105
43529
43759
44784
43137
43373
44165
43327
44279
44486
44806
43759
44170
44601
45023
43083
43127
44261
43086
43894
45181
43491
43682
44543
44550
44262
44869
43825
44173
45596
44049
45111
45162
43091
44919
44924
43955
45343
43271
44263
44460
44042
45024
45333
45499
43192
44330
44398
45199
43876
44584
44918
43661
43873
44023
43467
43769
45314
44679
44862
45411
43188
43234
43945
44976
43370
44467
44588
44628
43614
44159
44167
44169
43102
43202
44492
44831
43689
43885
44524
45609
43281
43784
44128
44926
44143
44973
45622
44046
45375
45476
43644
44127
44192
45559
43271
43641
43662
43151
44471
45440
43862
44804
44955
43848
44926
45419
44687
44830
45777
44222
44224
44880
44952
45465
45732
43346
43408
45003
45660
43128
44028
44185
44149
44735
45695
45733
43116
43126
44289
44297
43582
44073
45197
45536
45248
45306
44063
45317
45338
43410
43762
44354
44598
44152
44791
45106
43141
43916
45683
43559
43797
43980
45130
43564
43574
44929
45407
43945
43967
44972
43722
44310
44838
44956
43210
43215
44060
45160
44494
44771
45104
43225
45245
43135
44710
43621
44174
44733
43729
44572
44858
43133
43806
44325
45577
43144
44256
44273
43202
44331
43912
44517
44912
45070
43456
43887
43942
44102
43351
43736
44156
44376
44696
45063
43141
43286
45424
43429
43697
44118
44178
44298
44663
44885
43955
45318
45403
43522
45761
43305
44336
45169
44303
44867
45581
43801
44298
45073
45130
43160
44010
44025
45173
43155
43173
45696
45698
43382
43599
44916
43475
43624
44278
43161
44403
44937
45625
43597
43949
44769
45625
43678
45483
45557
45796
43160
44996
44009
44464
43159
43949
43953
45520
44035
45095
45788
44590
44769
44974
43166
43188
43226
45006
43226
43237
44975
44135
44932
45654
43350
43523
45306
44903
45297
45340
45413
43173
44010
45518
44780
44948
44950
43697
44184
44721
43174
44674
44865
45666
43685
44074
44087
45278
43282
43485
43496
44780
43964
44850
44934
45375
43594
45177
43202
44931
45568
43176
43200
44541
44778
43181
43361
44774
43572
43741
44096
45184
43188
43246
44224
45006
45293
45322
45690
43417
43792
45081
43182
45041
45076
43200
44703
45741
43851
43863
45239
43195
43243
44592
44501
44656
45158
45206
45441
45714
43897
44197
44880
43749
43744
43944
44605
44965
44050
45741
45743
44578
45085
45585
45699
43607
44022
43605
44552
45072
45399
43201
43830
44445
45627
43340
45627
45760
43539
44036
45545
43424
44338
45753
43420
44781
44790
43300
43392
44734
45767
45418
43297
44097
45765
43807
43937
45242
45275
43207
43507
43514
44384
43257
44372
44901
45729
43250
43254
43487
44948
44003
45303
45471
43214
43229
43592
44196
43273
43451
45215
44065
44419
44529
44842
45194
43603
43618
45092
43225
44296
45747
43217
43726
44226
44191
44296
43435
44627
44763
45653
44738
45016
43443
44006
44072
45642
43858
45129
45251
45347
43386
43696
44839
45209
43938
45171
43224
43227
45521
45714
45215
45482
45585
45712
43233
45352
45539
44008
44292
45214
45625
43233
44744
45526
43325
43936
45256
45271
43298
43689
44746
43333
43486
44335
45480
43236
44201
44233
45040
43630
44004
44749
45542
44187
44370
43749
43960
45621
43405
43691
43934
45723
43247
44221
43988
44097
44982
44078
44960
45588
43663
44702
44970
44974
43626
43709
44880
43247
43691
44480
45020
43269
43768
43871
44250
43434
44942
45431
44114
44424
44833
43428
44563
44001
44136
44197
44993
43974
44541
44778
43252
43255
44371
45713
43267
43303
44164
43260
43263
44257
45344
44353
44901
44977
44084
44581
43748
43751
43910
44362
44670
45277
44716
45327
45703
44113
44154
44977
43397
43858
45129
45749
44443
45195
45528
45720
44408
45168
44076
44327
45727
43400
44052
45444
44397
44921
43492
43995
44525
43313
43450
45324
43548
44642
44735
45735
43474
43487
43647
43783
44214
44495
45651
43272
43983
45534
43549
45180
45216
45527
45550
45693
44378
44692
44591
44890
45144
45170
45228
45347
43452
43468
43473
43940
43959
44189
44225
45229
43872
44461
44859
43280
43478
45475
43580
45012
45447
45466
44115
44881
45683
43470
43474
45622
45107
45299
45302
44042
44284
45361
45558
43289
44772
45003
43806
45784
43346
43870
44007
44474
43401
43601
45123
45427
43873
45660
43450
43713
43850
44685
44796
44908
43383
43575
45464
43299
43301
43744
44605
43627
44031
44033
43522
43541
44630
44892
43483
44518
45439
43947
44445
44965
43710
43719
44196
43300
45304
43301
45492
43747
45496
43414
44853
45481
45794
43470
44800
44813
43308
43710
44392
44754
44100
44999
45368
43310
44758
45468
44588
44628
45134
44750
44752
45502
43583
44815
45311
45793
43454
43979
45522
44755
44272
44313
45023
43315
45217
45742
43650
44302
45571
43384
44239
45280
43841
44979
45258
43413
43427
45389
45557
43326
43329
44005
45137
43649
43825
44374
45409
43450
45396
45397
43325
43929
44537
45230
43333
43336
43842
44537
44110
44263
45579
45617
43326
43329
43873
44772
43334
43500
44025
43385
44906
45590
43438
43571
44551
45777
43870
43875
43775
44250
45429
43341
44457
45126
45134
43424
43707
43922
43455
44431
44014
45230
45256
43338
45370
45531
43369
44768
45477
43563
43684
44335
45232
43669
44211
43849
45500
45640
44455
44675
45430
43347
44526
44900
44736
44767
45266
45307
43627
44736
45240
45762
43518
43552
45216
43738
44247
45108
44659
44823
43370
44566
43780
43899
44855
43445
44405
44423
45168
44438
44771
45108
44444
45624
43737
44247
45115
45783
43354
43495
43986
43986
44150
43704
44737
45757
44490
44562
45571
43574
44291
45407
45464
44137
44875
45227
45755
44312
44376
44710
45200
45319
44035
44541
44775
43446
43771
44124
43562
43810
44794
45014
43446
44242
45507
43377
43731
45600
43566
44140
44828
45531
45298
45576
45613
43390
43844
43922
44965
43842
43961
45412
44457
45572
43748
45116
45232
45412
44495
45104
45651
43852
45087
45522
44599
45685
44038
44281
44783
45524
43457
43774
43892
44715
43538
44071
45597
45116
45192
45244
45769
43561
44038
44783
45664
43403
44288
45715
43394
45164
45589
45603
43616
44462
44309
44634
44861
43499
44638
45324
44597
44798
45028
45220
45379
45394
44332
45109
45481
44540
44767
44768
43464
44234
44382
44720
43944
44421
43422
44013
45521
45714
44085
45237
45304
44371
44747
45425
45711
44219
44404
45007
44136
44741
45372
45513
43807
43937
44559
44824
45315
45740
43414
44288
44295
44853
43746
43837
44203
44109
44318
44319
43651
44787
45132
44851
44981
45001
44285
44448
45717
44685
45093
45487
45796
43484
43501
45724
45022
45139
45140
45792
44285
44406
45119
45417
43706
45164
45587
43557
44556
45448
43786
44269
45132
43535
43643
44614
45390
43736
44442
45701
43609
43838
44386
44315
45417
44451
44812
44813
43592
43689
43885
44133
45664
44045
44488
45640
43479
44307
45470
44949
44967
44985
43524
43895
43902
44779
43700
45206
44987
45097
45299
45802
44220
43545
45021
45350
45798
43742
45111
45162
45751
43609
44691
45146
43459
43504
44985
45631
43431
44390
44913
44365
44368
44482
44508
45483
43439
43442
45795
43944
44603
45766
43444
43461
44694
43680
44871
45438
43444
43940
45635
45653
43527
44481
45773
43598
44802
43947
43970
44975
45227
44015
44492
44850
45781
43443
43449
44399
43451
44119
43473
45633
43467
43940
44849
45508
43659
44866
45060
44267
44639
44795
43451
44369
44808
44890
43466
44418
44419
43778
44606
45423
44429
44758
44944
45477
43826
44111
43465
44420
44487
43969
44293
45633
44200
44988
43847
44306
44308
45319
43466
44294
44841
45734
45737
45020
45436
45610
43484
44355
44670
43472
44308
43473
43468
45494
43952
44512
43775
44327
45429
43502
44424
43764
45421
45519
43847
43932
44512
43969
43496
44973
44324
44514
45377
43687
44580
45801
43747
44992
45270
43506
45582
43493
43816
43983
43715
45184
45542
44522
44745
45726
43862
44579
45035
45712
44062
44507
45226
44142
44221
43488
45622
44200
45257
45770
44950
45694
43496
44143
43507
43515
44237
45479
44321
44683
44862
43576
43657
43497
44911
43547
44307
44237
45031
45479
45586
44153
45685
44950
43997
44519
44914
43587
44519
45332
45231
45280
45602
44077
45278
45608
43934
44522
45759
44780
44800
44833
43754
43907
43938
44021
44200
44518
44852
43509
44532
44536
44539
44357
45030
44382
45493
43514
43719
45300
43520
43916
43654
44697
45099
43965
45064
45686
43588
43604
44107
44259
44845
45290
45363
45688
43984
45303
43516
45471
43685
44074
45479
43713
44759
44765
45342
43793
45047
45510
43888
44510
45532
43525
45593
44699
44840
45699
43725
45780
44888
45457
44171
44871
44937
43784
44080
44881
43865
43890
44881
45410
43544
43571
44654
43544
43571
44843
44934
43994
44792
43536
43759
44601
45017
44305
44681
45800
43681
45065
45292
45501
44636
45322
45454
43734
44117
44848
45652
44786
45313
43586
44300
44649
44402
45030
45580
43623
44105
44176
44669
45552
45645
43593
44151
44347
44354
45074
45291
45693
43600
44352
44793
43723
44232
45033
44012
43921
45039
45336
44283
45523
43763
44368
44149
45048
45681
43552
44476
45733
43883
44396
45606
43853
44017
45225
45144
45330
43863
44139
45125
45521
43993
44717
44998
45096
43888
44717
45532
43791
45318
45403
45678
44277
45658
45664
43652
44287
44561
45210
43808
44635
45054
44565
44697
45659
43976
44613
45538
43920
44513
45373
43730
43748
44689
43570
43787
44867
43803
44373
45375
43669
45559
44257
45345
44392
45261
45282
45709
43798
45130
45424
43801
43982
43665
43679
44356
44739
43580
44035
44814
44867
44133
44867
44547
45784
44065
44296
45632
45720
44259
44287
44460
44169
44498
44753
43974
43856
44604
44997
43993
45373
45531
44623
45591
44022
44892
45538
45693
44446
44662
45119
44036
44317
44525
43636
44822
44483
44504
45000
45545
43593
43600
44347
44352
43726
44234
43601
45132
45056
45564
45696
45143
45252
45279
45282
43822
44622
44971
43902
44724
44937
44167
44806
44905
45207
44506
44482
44508
44032
44039
44042
45024
43638
43804
45402
43656
44238
45156
43608
45041
44212
44794
45157
45374
44174
45199
45786
44774
44580
44000
44116
45115
45169
43977
45558
44258
44922
43682
44550
44557
44928
44498
44838
45059
43965
44264
44722
43633
43653
44558
44896
45538
45078
45558
45647
43641
43757
45573
43918
44181
45371
45506
43629
44561
44730
43864
44865
45666
45208
45596
44784
45296
45143
45233
45267
45279
45183
45325
45433
44409
45237
43632
43656
44733
43636
44733
45352
45539
45541
45124
45222
45735
45156
45761
43646
45207
44357
44808
45049
45475
43662
44558
44898
43656
43955
44624
45061
43648
43672
45497
44939
45058
45345
44070
44177
44551
44621
44460
44309
44479
44556
43672
44059
43669
44124
45091
43657
43868
43882
44290
44179
44388
44807
44156
44973
44272
44560
45023
43867
44325
45562
44375
45131
45449
44269
44427
45442
44460
45573
44876
45598
44309
45578
43659
44896
45355
45578
43692
43712
44682
45319
45570
44893
43985
44051
44578
45035
43870
44823
44964
45583
43695
44528
44386
45090
45389
45679
44337
44650
45682
43799
44749
45159
45279
44650
44674
45298
45410
44141
44241
44349
44687
43893
44436
44662
44917
43675
44557
45086
43804
44614
44433
44723
45395
43687
44811
45032
45310
43712
44162
44175
43919
43954
44995
45408
44959
45093
45445
43741
45352
45714
43895
44875
43728
43878
44264
43692
43811
43734
44125
45443
45791
44456
44688
45275
44491
44489
45281
45641
45146
44131
44579
45215
45234
44755
45356
45636
44221
45042
43868
44557
44428
44667
44854
45650
44245
44454
44851
44067
44116
45631
44684
44969
44999
45260
44811
45090
45389
43869
43896
45035
45005
45125
45459
44568
44667
43783
44214
44472
43707
43895
44470
44086
45438
43706
45166
45650
44501
44205
45753
44187
44216
45124
45219
44086
44096
45183
45503
45709
44135
45231
45601
44173
45348
44152
45072
45743
45790
43716
44749
43799
45303
43735
43760
43776
44594
43800
44322
44326
45677
43984
45709
43828
44019
44129
44575
43745
44817
45161
45187
44498
45055
45273
43991
44228
45339
44216
44901
45213
45064
44233
44383
44533
45789
43773
44104
45453
44383
44254
44677
44766
43732
44162
43889
44105
43846
44800
44825
45153
45644
44596
44945
45703
44429
45618
43738
44315
45481
43943
44771
43760
44986
44936
44989
45602
43999
45541
44244
45778
43755
43756
45637
45755
43758
44400
44530
45284
44734
45263
45113
44403
45005
43828
44192
45091
45100
44945
45694
45062
45339
45595
45611
43761
45018
45094
45139
43904
45037
44400
44423
45607
43758
44820
44933
44866
45583
44817
44935
44647
43764
43808
44194
45054
44161
44798
45679
43871
43983
44391
44594
44108
44596
45519
43928
44108
44596
44941
43908
44115
45536
45775
44076
45429
44180
45057
43850
44316
45261
43926
44520
43782
44091
45115
45119
43794
43819
44609
43790
44341
44487
44255
45344
44606
45703
44250
44341
44715
43928
44594
43780
43782
44974
45115
43783
44590
43805
43806
45211
45684
43783
44595
44902
44328
45126
44208
44352
43792
43980
44133
43789
45419
45498
44351
44437
45567
44340
44510
44306
45405
45514
44693
45359
44051
45511
43826
44111
44626
43968
44293
45198
45314
44954
45632
45670
43798
43809
44613
44496
45133
44316
45282
44265
44280
45731
43980
45371
44846
45079
45646
43866
43964
45131
44569
45133
45199
45745
44112
44688
45337
43976
44930
45337
45309
45312
45567
44543
44865
45665
43846
43901
45281
43867
44328
44548
43826
44236
45111
45414
45534
45535
43830
44732
45265
45270
43875
44607
45102
45515
44552
45053
44274
44324
45022
45386
44326
44818
45617
44714
45697
45756
43829
44732
45238
45713
44015
44467
44844
44182
45098
43840
44696
45077
44324
44514
44040
44353
44616
43859
44622
43859
44001
44732
45285
43843
43846
44489
43841
44217
45258
45276
43913
44030
44049
44523
45216
45488
44454
44803
44851
45520
43839
43988
45404
44151
44482
44202
44776
43878
45053
45790
44489
44949
45232
45768
43849
44825
45640
44220
44421
45765
44522
44544
44756
45254
44812
44180
45200
44465
45683
44484
45255
43853
44611
45056
43935
45615
43863
45527
44140
44270
45559
43872
44188
44876
45605
43857
43939
44799
43946
45189
43933
44348
44097
44971
43905
44270
45566
44393
45110
45150
45152
43869
45170
44061
43868
45247
44080
45298
45604
44467
45572
44459
45357
43946
44024
44340
45110
43881
43894
44721
44723
44474
44772
43881
43894
44253
44674
44832
45298
45063
45554
43880
44094
44154
44678
44748
44999
45367
44173
45098
45210
45573
43885
44410
45705
44720
44213
44234
45031
45493
44104
44264
43892
44682
45684
45782
43916
44178
44532
43914
44912
44251
44308
43954
44435
43900
45719
44001
44231
45752
44644
44652
45486
44590
44770
43939
44997
44714
45756
44470
44727
44146
44773
45594
45657
43909
44377
44141
44676
45051
44295
44853
44978
43909
43951
43972
43912
44128
45197
44641
44716
45620
44193
44415
44590
45775
43950
43915
44829
44177
44881
43948
44712
44726
44937
44073
44101
43924
44102
44073
45100
45309
44601
45349
45546
44205
44155
44305
45157
45338
44204
44619
45038
45458
45643
44786
45296
44923
45393
45717
44745
44540
45771
44106
44321
45051
44252
44947
45477
43952
45320
44642
45346
45681
44480
45256
44602
44719
45522
44031
45278
45723
44564
45037
45038
43946
45144
44417
44171
44219
44779
45036
45037
44978
45481
44136
44246
45170
45135
45752
44403
45459
45704
44583
44757
45114
44021
44364
45229
43969
45314
44095
44098
44011
44060
43996
44615
44962
45462
44029
44891
43960
43975
44334
44005
44705
45137
43966
44246
44455
45307
45762
45171
45246
45621
44079
44653
45613
44844
45501
44503
45005
45472
44136
45285
45289
44137
45754
44655
45127
45588
44069
45128
45171
45317
45319
45514
44035
44069
44503
44961
45328
45750
44029
45078
44692
44698
45534
45727
45087
43998
44044
44809
44891
44298
44303
45420
44390
45252
45282
45019
45080
44599
43989
43992
45655
44202
45214
43996
44962
44440
44686
44695
44909
44837
45033
43996
44615
45416
45067
45071
44647
45437
44314
44669
44497
44509
44793
44181
45054
45359
44088
45669
45774
44098
44527
45783
45135
44189
45145
45459
45185
45259
45159
45262
44010
45102
44751
45215
45482
44223
44712
45245
45315
45749
44249
45246
45458
44020
44619
44662
44884
44934
45773
44711
45669
44485
45608
45610
44183
44018
44370
45204
45342
44283
45527
45046
45233
45267
44248
45354
45491
45102
45173
45564
44660
45692
44466
44823
45660
44026
44225
45137
44872
44964
45400
44086
44088
44282
44185
44236
44846
44505
45235
45271
44132
45413
45444
44412
45762
45768
44586
45327
44649
44669
44040
45244
45327
45620
45658
45646
45647
45671
44258
45286
44668
45671
45779
45415
44272
44317
44668
45671
44589
45659
44114
44451
44349
44610
44830
44634
45084
45355
44057
44826
45727
45728
45408
45066
45719
44281
44286
45413
44239
44640
45369
45588
44083
45797
44392
45143
45388
45742
44293
44839
44954
45484
44902
45702
44062
44478
44507
45349
45497
44310
45273
44799
45695
45733
44511
45241
45401
45008
45026
45212
44954
45634
44075
44146
44227
45650
44118
44123
44884
44956
45198
45670
44618
44141
44463
44687
44343
45600
44956
45055
45661
45529
45706
45725
44500
45456
45534
44082
45771
44262
45369
44452
45470
45535
45576
45593
44600
45011
45120
44085
45237
45278
45288
45701
44089
44093
45763
44087
44222
44099
44096
44113
44362
45540
44145
44879
45651
44315
45167
45417
44168
45212
45381
44094
44416
44113
44413
44401
44851
44981
45182
45135
44116
44203
45706
45767
44449
44785
44886
44181
44192
45100
45101
44349
45533
44111
44645
44345
45782
44672
44676
45407
45548
45579
44333
44868
44256
44818
45548
44267
45269
44361
45640
44621
45689
44974
44632
45112
45365
44585
44956
45082
44320
45050
45387
45591
45485
45574
45670
45013
45096
45514
45595
44585
44662
45169
44127
44567
44791
44961
44962
44329
45508
44447
44452
44192
44516
45359
44788
44633
45382
45290
45340
45363
44613
45177
45250
45518
44311
44737
45438
44443
44755
45528
45172
45526
45695
44789
45536
45533
44355
45726
44163
44973
44575
45018
45081
45359
44146
44493
44500
44854
44960
45046
45219
45588
44233
45052
45163
44531
45228
44163
45120
44553
44165
45421
45729
44230
44275
45154
44164
44444
44597
44600
45590
45630
44350
44806
44906
44623
45592
44447
44692
45067
44269
45305
45800
45086
44381
45288
45701
45615
44279
44402
45580
45590
44168
44350
44169
45795
44784
44990
45390
44726
45432
44773
44823
44964
45594
45673
44345
45600
45673
44179
44907
45597
44463
45775
44931
45568
45068
45207
45494
44695
44629
44847
44899
45223
45247
44186
45201
45260
44376
45272
45276
44195
45233
44190
44859
45128
45704
44343
44462
45273
45747
44659
44770
45594
44440
45139
44356
45352
45525
44213
44226
44224
45158
44348
44642
45174
45205
44681
45305
45374
45377
44943
44218
44993
45052
44971
45283
44967
45193
44709
44970
45101
44875
45227
44611
45056
45398
44523
45056
45667
44346
44598
44211
44520
45196
44725
45523
45774
44513
45091
44305
44513
44681
45163
45300
44658
45058
45061
45555
45142
45249
44339
44484
45020
45042
45044
44359
44244
45040
44870
45452
44659
44724
45206
45400
45016
45163
44466
44773
44301
44806
44353
44741
45289
44301
45401
45469
44732
45263
45711
44301
45401
45461
45040
44242
44302
45565
45493
44256
45548
45217
45722
44242
44693
45406
45508
44683
45051
44243
45406
45561
45765
44247
44401
45372
44855
44490
44516
44849
44702
44769
45625
44306
44715
44254
44944
44585
44917
44442
45113
44257
44260
44860
45156
45327
44263
45579
45345
45426
45730
44296
44762
44869
44266
45156
44706
44273
44818
44271
45369
45428
44645
44517
45071
45531
44676
45537
44276
44576
44938
45092
44280
44686
45050
45140
44798
45029
45800
44570
44817
44869
44284
45358
45509
45377
45440
44802
45012
45686
45780
45297
45791
44870
45669
45180
44286
45415
44414
45121
45658
44822
45121
44295
44494
44331
44344
45098
44299
44321
44862
45045
45747
44418
44627
44771
44978
45306
45424
44861
45464
44666
44983
45017
45466
44375
45507
45577
44635
44695
45506
44469
44365
44625
44682
45057
44752
44951
45231
44706
45063
45789
44314
44647
44668
44494
45159
44560
45024
44883
45095
44809
44883
44891
44439
44816
45140
45294
45780
45616
45690
45772
44515
44331
45553
44860
44459
44672
45537
45355
45538
45687
44831
45648
45794
44567
44809
44618
45621
44766
45275
44527
44701
45648
44674
45736
44803
45001
45258
45500
44341
45122
44346
44354
44598
44600
44916
44831
45223
45247
44347
45739
45740
44679
44623
45311
44909
45309
45529
45132
44922
45120
45540
45705
44360
44394
44895
44834
45027
45475
44726
45007
45259
45525
44413
45540
45705
44977
44371
44382
44670
45725
44379
44731
44475
44897
45243
44528
45404
45631
44391
44910
45382
45174
45708
44380
44385
44720
45609
44631
45476
44459
45150
45202
45563
44664
44390
44707
45532
45512
44385
44901
45136
44599
44385
45677
44385
45252
45259
44554
45120
44562
45025
45504
45509
45208
45598
45606
44847
44859
44391
44510
45236
44461
44629
45030
45543
44397
44400
45607
44398
45357
45562
44408
44538
45573
44753
45383
45795
44405
45783
45026
45490
45246
45003
45164
44408
45187
44448
45794
45205
45356
45744
45746
45343
44734
44413
44678
44443
45315
45356
45744
45769
44416
44446
45717
44464
44472
45594
45763
44418
44423
45637
45194
44420
44835
44422
44512
44942
44715
45505
44925
45649
44722
45686
45738
45201
45395
45776
44468
44792
44501
44770
45191
45522
44529
44925
45194
44537
45770
44435
44446
44617
44886
45368
44438
44450
44667
44436
44446
44923
44439
45556
44879
45457
44441
44441
45140
44909
45191
45632
44992
45270
44827
45197
44885
45715
44781
45117
45260
44568
44855
45108
45649
44595
44698
44728
45662
45675
44571
45700
44544
44756
45329
44628
44690
44899
45098
44847
44876
45566
45400
45643
45506
45529
45166
44787
45437
45338
45370
44583
44805
45017
45123
45360
44658
45643
44548
45084
45003
45007
44726
45147
45459
45174
45179
45739
44570
44573
45220
45629
44480
45326
45563
45569
45610
44652
45557
45411
45474
44489
44502
44555
45012
45028
45466
44835
44757
45516
45436
45608
45247
45666
45651
45657
45167
45167
44569
44930
44799
45189
45512
44624
44508
44519
44743
45427
44878
45587
44507
45610
45125
45172
45473
45408
45700
45797
44508
44509
44519
44518
44671
45494
45370
44520
45296
45022
45360
45798
44693
45508
44828
45091
44752
44951
45236
45326
45527
44665
45295
45614
45552
45126
45152
45109
45118
45560
44535
45193
44643
45048
45462
44543
45604
44572
45063
44976
45376
44790
45264
45088
45593
45604
44540
44866
45060
45357
44550
44928
44761
44544
45241
45257
45268
44931
45759
45691
45692
45786
44783
44877
45297
45331
44550
45086
45060
45235
45271
45329
45759
44650
45075
44868
45743
44580
45011
45801
45226
45230
45099
45569
45074
45693
44602
44719
44601
45546
44821
44822
45308
44564
44852
45675
45099
45658
44588
44900
44589
44571
45786
44576
44762
44855
45554
44638
45351
45379
44696
45077
45039
45798
44638
45722
45066
45077
45511
45712
44804
45663
44586
44606
45423
44646
44797
45374
45679
44801
45753
44924
44927
45367
44999
44941
45703
44856
44981
45284
45644
45015
45085
45585
44942
44995
45751
44597
45028
44596
45034
45576
44598
45468
44605
44718
45760
45177
45698
44992
44772
44872
44609
45105
45323
45451
44626
45075
44679
45474
45145
45517
44807
45210
45575
45687
44990
44643
45655
45285
45286
45289
44664
45171
44970
45008
45212
45311
45793
45410
45584
44675
45627
45680
45273
45486
44639
45637
45223
45150
45203
45364
45524
44690
45572
45074
45291
44651
44751
45734
45083
45578
45130
45323
45453
44795
44796
45105
45218
45105
44655
44857
44946
44940
45155
44968
45716
44653
44657
45450
44815
45090
45386
44994
45663
44666
44657
45383
45623
44654
45470
45486
45682
44748
44727
44805
45613
45682
45657
45587
44661
45400
45038
45643
45368
45628
44678
44748
45612
44743
45427
45460
44669
45724
44852
45406
44677
44766
45662
45265
44929
44719
45191
44683
45316
45544
45567
45595
45196
44694
45633
45089
45802
45100
45309
44689
44719
45473
45089
45446
44836
44764
45054
44896
45034
45535
44704
45478
45636
45000
45332
45445
44785
45118
44709
45041
45066
44765
45335
44731
45518
44710
44722
44713
44913
45070
44709
45101
45376
45458
44725
45225
44724
45007
45069
45532
45155
44945
45069
45570
44736
45434
45766
45705
45395
45181
45367
45589
45669
45589
45603
44729
45668
45468
45675
44821
45229
45250
45711
45174
45526
44740
45496
45755
44742
44746
45158
44777
45237
45434
45213
45710
44750
45502
45332
45445
45124
45175
45656
44941
45423
44754
45234
45136
45325
45141
45525
44754
45231
45221
45253
45623
45642
45388
45043
44941
44979
45668
45746
44774
44778
44775
45418
45188
45720
44764
44819
45654
45480
44777
45307
44854
44874
45076
45287
45404
45771
45603
44782
45626
44785
44790
45328
44849
45354
44793
44914
44814
45645
44828
45566
45775
45193
45443
45440
45312
45599
45454
45639
44798
44906
45154
45239
44948
44803
44805
45520
45447
45606
45645
45758
45097
45146
45288
45649
45788
45032
45591
45310
45591
45629
45351
45601
45654
45351
45629
45653
45575
45482
45574
45661
44833
44860
45730
44926
44958
45419
45375
45473
44865
45665
45461
44842
45728
44838
45057
45678
45633
45634
45574
45636
45221
45251
45122
44850
45736
44850
45002
44883
45294
45313
45242
45138
45001
45778
44989
45428
45065
45153
44864
44863
44864
45411
45083
44874
45161
45243
45432
45452
45173
45047
45180
45335
45095
44887
44903
45151
44879
44888
45457
45104
45754
45372
45710
45393
45776
44904
45018
45094
45248
45075
45399
45451
44894
45049
45692
45750
44898
45583
45015
45027
45082
45049
45489
44898
45147
45517
45203
45134
45353
44926
44904
45495
45107
45350
44916
45597
45311
45068
45105
45224
45543
44914
45437
44913
45427
44959
45334
45360
44918
44952
45732
44952
45465
45139
45301
45792
45341
45344
44977
45732
45181
45619
45010
45341
45619
45628
45732
45088
45533
45691
44969
44984
44935
44936
45777
44938
44938
45218
45428
45498
45730
44948
45439
45770
45480
44986
44989
45280
45612
45113
45412
45797
45422
45641
44984
45324
44955
45416
45716
45198
45170
45737
44997
45698
45799
45498
45728
44983
44987
44966
45222
45455
45655
45048
45378
45455
45227
44968
45190
45205
45404
45631
45176
45222
45379
45654
45149
44976
45283
45006
45135
45214
45516
45676
45314
45320
44991
45021
45396
45260
45422
45694
45093
45362
45480
45672
45023
45350
45362
45760
45020
45489
45543
45162
45547
45696
45013
45002
45688
45290
45399
45444
45206
45011
45590
45195
45217
45746
45168
45344
45582
45405
45544
45467
45595
45599
45485
45503
45021
45798
45035
45663
45360
45333
45361
45497
45380
45049
45029
45469
45042
45044
45090
45801
45463
45702
45038
45308
45491
45042
45072
45391
45052
45586
45253
45204
45217
45216
45312
45386
45072
45642
45747
45318
45544
45638
45061
45592
45678
45355
45403
45316
45592
45680
45501
45780
45443
45554
45070
45197
45575
45071
45071
45371
45506
45683
45365
45741
45743
45079
45647
45085
45151
45308
45748
45581
45748
45665
45796
45785
45688
45293
45302
45317
45467
45792
45103
45165
45366
45248
45554
45790
45340
45362
45783
45202
45652
45659
45701
45264
45620
45201
45626
45776
45193
45169
45417
45560
45334
45442
45142
45150
45141
45219
45249
45229
45221
45482
45687
45745
45203
45259
45715
45794
45295
45729
45392
45295
45733
45147
45165
45446
45149
45286
45697
45283
45285
45358
45664
45443
45157
45620
45697
45599
45513
45255
45187
45343
45398
45515
45660
45505
45178
45455
45547
45178
45526
45735
45245
45346
45239
45378
45180
45335
45708
45183
45186
45757
45186
45186
45325
45435
45195
45722
45416
45245
45744
45674
45232
45329
45768
45744
45377
45211
45320
45272
45605
45353
45205
45746
45409
45605
45394
45484
45562
45782
45392
45513
45351
45602
45233
45634
45720
45382
45384
45521
45523
45268
45439
45251
45737
45268
45614
45277
45724
45261
45244
45769
45250
45430
45760
45254
45257
45432
45704
45729
45512
45681
45609
45623
45642
45269
45326
45267
45348
45759
45275
45274
45348
45270
45752
45676
45769
45321
45431
45742
45770
45768
45274
45718
45422
45525
45388
45707
45414
45641
45707
45451
45294
45551
45791
45331
45337
45553
45609
45354
45301
45639
45493
45302
45322
45434
45442
45679
45321
45504
45792
45387
45507
45555
45556
45570
45340
45396
45425
45331
45364
45347
45510
45739
45690
45545
45336
45546
45389
45557
45478
45499
45504
45467
45514
45678
45607
45348
45708
45638
45721
45749
45712
45390
45491
45499
45390
45740
45495
45504
45402
45509
45363
45616
45750
45524
45569
45368
45722
45373
45689
45472
45467
45386
45621
45735
45396
45381
45384
45490
45385
45795
45383
45385
45385
45556
45680
45614
45397
45528
45656
45710
45628
45397
45528
45564
45558
45638
45426
45638
45407
45562
45596
45568
45748
45700
45415
45778
45495
45741
45529
45568
45584
45764
45745
45706
45767
45762
45766
45492
45496
45757
45471
45706
45586
45452
45442
45472
45513
45656
45483
45802
45461
45475
45449
45509
45571
45569
45453
45454
45462
45460
45650
45460
45463
45695
45561
45619
45469
45476
45476
45510
45739
45725
45688
45799
45767
45505
45499
45754
45546
45544
45516
45503
45511
45699
45615
45539
45791
45624
45584
45559
45763
45542
45774
45564
45551
45617
45553
45758
45592
45567
45565
45565
45585
45581
45745
45582
45630
45589
45782
45605
45611
45602
45665
45680
45614
45624
45718
45751
45635
45635
45740
45653
45802
45652
45779
45787
45785
45670
45672
45674
45781
45696
45799
45674
45785
45731
45721
45784
45750
45761
45727
45756
45713
45737
45724
45725
45764
45730
45738
45781
45789
45765
45754
45764
45777
45787
45788
45801
)


// ************************************************************************* //
