/*--------------------------------*- C++ -*----------------------------------*\
| =========                 |                                                 |
| \\      /  F ield         | OpenFOAM: The Open Source CFD Toolbox           |
|  \\    /   O peration     | Version:  2312                                  |
|   \\  /    A nd           | Website:  www.openfoam.com                      |
|    \\/     M anipulation  |                                                 |
\*---------------------------------------------------------------------------*/
FoamFile
{
    version     2.0;
    format      ascii;
    arch        "LSB;label=32;scalar=64";
    note        "nPoints:9154  nCells:45803  nFaces:94203  nInternalFaces:89009";
    class       labelList;
    location    "constant/polyMesh";
    object      owner;
}
// * * * * * * * * * * * * * * * * * * * * * * * * * * * * * * * * * * * * * //


94203
(
0
0
0
0
1
1
1
1
2
2
2
2
3
3
3
3
4
4
4
4
5
5
5
5
6
6
6
6
7
7
7
7
8
8
8
8
9
9
9
10
10
10
11
11
11
11
12
12
12
12
13
13
13
13
14
14
14
14
15
15
15
15
16
16
16
16
17
17
17
17
18
18
18
18
19
19
19
19
20
20
20
20
21
21
21
22
22
22
22
23
23
24
24
24
24
25
25
25
25
26
26
26
26
27
27
27
27
28
28
28
28
29
29
30
30
30
30
31
31
31
31
32
32
32
32
33
33
33
33
34
34
35
35
35
36
36
36
36
37
37
37
37
38
38
38
38
39
39
39
39
40
40
40
41
41
41
41
42
42
42
42
43
43
43
43
44
44
44
44
45
45
45
45
46
46
46
46
47
47
47
47
48
48
49
49
49
49
50
50
50
50
51
51
51
51
52
52
52
52
53
53
53
53
54
54
54
54
55
55
55
55
56
56
56
56
57
57
58
58
58
58
59
59
59
59
60
60
60
60
61
61
61
61
62
62
62
62
63
63
63
64
64
64
64
65
65
65
65
66
66
66
66
67
67
67
67
68
68
68
68
69
69
69
69
70
70
70
70
71
71
71
72
72
72
73
73
73
74
74
74
74
75
75
75
75
76
76
76
76
77
77
77
77
78
78
78
78
79
79
79
80
80
80
81
81
81
82
82
82
82
83
83
83
84
84
84
85
85
85
85
86
86
86
86
87
87
87
87
88
88
88
88
89
89
89
89
90
90
90
90
91
91
91
91
92
92
92
92
93
93
93
93
94
94
94
94
95
95
95
95
96
96
96
97
97
97
97
98
98
98
99
99
99
99
100
100
100
100
101
101
101
101
102
102
102
102
103
103
103
103
104
104
104
104
105
105
105
105
106
106
106
106
107
107
107
107
108
108
108
109
109
109
109
110
110
110
111
111
111
111
112
112
112
112
113
113
113
114
114
114
114
115
115
115
115
116
116
116
116
117
117
117
117
118
118
118
118
119
119
119
119
120
120
120
120
121
121
121
122
122
122
122
123
123
123
123
124
124
124
124
125
125
125
125
126
126
126
126
127
127
127
127
128
128
129
129
129
129
130
130
131
131
131
131
132
132
132
132
133
133
133
133
134
134
134
134
135
135
135
135
136
136
137
137
137
138
138
138
138
139
139
139
139
140
140
140
140
141
141
141
142
142
142
142
143
143
143
143
144
144
144
144
145
145
145
145
146
146
146
146
147
147
147
147
148
148
148
148
149
149
149
149
150
150
150
150
151
151
151
151
152
152
152
152
153
153
153
153
154
154
154
154
155
155
155
155
156
156
156
156
157
157
157
157
158
158
158
158
159
159
159
160
160
160
160
161
161
161
162
162
162
162
163
163
163
163
164
164
164
164
165
165
165
166
166
166
167
167
167
167
168
168
168
168
169
169
169
169
170
170
170
171
171
171
171
172
172
172
172
173
173
173
173
174
174
174
174
175
175
175
175
176
176
176
176
177
177
177
177
178
178
178
178
179
179
179
179
180
180
180
180
181
181
182
182
182
182
183
183
183
183
184
184
184
184
185
185
185
185
186
186
186
186
187
187
187
187
188
188
188
188
189
189
189
189
190
190
190
190
191
191
191
192
192
192
193
193
193
193
194
194
194
194
195
195
195
195
196
196
196
196
197
197
197
197
198
198
198
198
199
199
199
199
200
200
200
200
201
201
201
201
202
202
202
202
203
203
203
203
204
204
204
205
205
205
205
206
206
206
206
207
207
207
208
208
208
208
209
209
209
210
210
210
210
211
211
211
211
212
212
212
212
213
213
213
214
214
214
214
215
215
216
216
216
216
217
217
217
218
218
218
219
219
219
220
220
220
220
221
221
221
221
222
222
222
222
223
223
224
224
224
224
225
225
225
225
226
226
226
226
227
227
227
227
228
228
228
228
229
229
229
229
230
230
230
231
231
231
231
232
232
232
232
233
233
233
233
234
234
234
234
235
235
235
235
236
236
236
236
237
237
237
237
238
238
238
238
239
239
239
239
240
240
240
241
241
241
242
242
242
243
243
243
243
244
244
244
244
245
245
245
246
247
247
247
247
248
248
248
248
249
249
249
250
250
250
250
251
251
252
252
252
252
253
253
253
253
254
254
254
254
255
255
255
255
256
256
256
256
257
257
257
257
258
258
258
258
259
259
259
259
260
260
260
260
261
261
261
261
262
262
262
262
263
263
263
264
264
264
264
265
265
265
265
266
266
266
266
267
267
267
268
268
268
269
269
269
270
270
270
270
271
271
271
271
272
272
272
272
273
273
273
273
274
274
274
274
275
275
275
276
276
276
276
277
277
277
277
278
278
278
278
279
279
279
279
280
280
280
280
281
281
282
282
282
282
283
283
283
283
284
284
284
284
285
285
285
285
286
286
286
286
287
287
287
287
288
288
289
289
289
290
290
290
290
291
291
291
291
292
292
292
292
293
293
293
293
294
294
294
295
295
295
295
296
296
296
296
297
297
297
297
298
298
298
299
299
300
300
300
300
301
301
301
301
302
302
302
303
303
304
304
304
304
305
305
305
305
306
306
306
306
307
307
307
307
308
308
308
308
309
309
309
309
310
310
310
310
311
311
311
311
312
312
312
312
313
313
313
313
314
314
314
314
315
315
315
316
316
316
316
317
317
317
317
318
318
318
318
319
319
319
319
320
320
320
321
321
321
321
322
322
323
323
323
324
324
324
324
325
325
325
325
326
326
326
326
327
327
327
327
328
328
328
328
329
329
329
329
330
330
330
330
331
331
331
332
332
332
333
333
333
333
334
334
334
334
335
335
335
335
336
336
336
336
337
337
337
338
338
338
338
339
339
339
339
340
340
340
341
341
341
342
342
342
342
343
343
343
343
344
344
344
344
345
345
345
345
346
346
346
346
347
347
347
348
348
348
348
349
349
349
350
350
350
350
351
351
351
351
352
352
352
352
353
353
353
353
354
354
354
354
355
355
355
356
356
356
356
357
357
357
358
358
358
358
359
359
360
360
360
360
361
361
361
361
362
362
362
363
363
363
363
364
364
364
364
365
365
365
365
366
366
366
366
367
367
367
367
368
368
368
368
369
369
369
369
370
370
370
370
371
371
371
371
372
372
372
373
373
373
373
374
374
374
375
375
375
375
376
376
376
377
377
377
377
378
378
378
379
379
379
380
380
380
380
381
381
381
381
382
382
383
383
383
383
384
384
384
384
385
385
385
385
386
386
386
386
387
387
387
387
388
388
388
388
389
389
389
389
390
390
390
391
391
391
391
392
392
392
393
393
393
393
394
394
394
394
395
395
395
395
396
396
396
396
397
397
397
397
398
398
398
398
399
399
399
399
400
400
401
401
401
402
402
402
403
403
404
404
404
404
405
405
405
405
406
406
407
408
408
408
409
409
409
410
410
410
410
411
412
412
412
412
413
413
413
413
414
414
414
414
415
415
415
416
416
417
417
417
417
418
418
418
418
419
419
419
420
420
420
420
421
421
421
421
422
422
422
422
423
423
423
423
424
424
424
424
425
425
425
425
426
426
426
427
427
427
427
428
428
428
428
429
429
429
430
430
431
431
431
431
432
432
433
433
434
434
434
434
435
435
435
435
436
436
436
436
437
437
437
437
438
438
438
438
439
439
439
439
440
440
440
440
441
441
441
441
442
442
442
442
443
443
443
443
444
444
444
444
445
445
445
445
446
446
446
447
447
447
448
448
448
448
449
449
449
449
450
450
450
450
451
451
451
451
452
452
452
453
453
453
453
454
454
454
454
455
455
455
456
456
456
456
457
457
458
458
458
459
459
459
459
460
460
460
460
461
461
461
462
462
462
463
463
463
464
464
464
464
465
465
465
465
466
466
466
466
467
467
467
467
468
468
468
468
469
469
469
469
470
470
470
470
471
471
471
472
473
473
473
473
474
474
474
474
475
475
475
475
476
476
477
477
477
477
478
478
478
478
479
479
479
479
480
480
480
480
481
481
481
481
482
482
482
482
483
483
483
484
484
484
485
485
485
485
486
486
486
486
487
487
487
488
488
488
489
489
489
489
490
490
491
491
491
491
492
492
492
492
493
493
493
494
494
494
494
495
495
495
496
496
496
496
497
497
497
497
498
498
498
498
499
499
499
499
500
500
500
500
501
501
501
501
502
502
502
502
503
503
503
503
504
504
504
504
505
505
505
505
506
506
507
507
507
507
508
508
508
508
509
509
509
509
510
510
510
510
511
511
511
511
512
512
512
512
513
513
513
513
514
514
514
515
515
515
515
516
516
516
516
517
517
517
518
518
518
518
519
519
519
519
520
520
520
520
521
521
521
521
522
522
522
522
523
523
523
523
524
524
524
524
525
525
525
525
526
526
526
526
527
527
527
528
528
528
529
529
529
529
530
530
530
531
531
531
531
532
532
532
533
533
533
533
534
534
534
534
535
535
535
536
536
536
536
537
537
537
538
538
538
538
539
539
539
540
540
540
540
541
541
541
541
542
542
542
542
543
543
543
544
544
544
545
545
545
545
546
546
546
547
547
547
547
548
548
548
548
549
549
549
549
550
550
550
550
551
551
551
551
552
552
552
552
553
553
553
553
554
554
555
555
555
555
556
556
556
556
557
557
557
558
558
558
558
559
559
559
559
560
560
560
560
561
561
561
561
562
562
562
562
563
563
563
563
564
564
564
564
565
565
565
565
566
566
567
567
567
567
568
568
568
568
569
569
569
569
570
570
570
570
571
571
571
571
572
572
572
572
573
573
573
573
574
574
574
574
575
575
575
575
576
576
576
577
577
577
577
578
578
578
578
579
579
579
579
580
580
580
580
581
582
582
583
583
583
583
584
584
584
584
585
585
585
585
586
586
586
587
587
587
587
588
588
588
588
589
589
589
589
590
590
590
590
591
591
591
591
592
592
592
592
593
593
593
593
594
594
594
594
595
595
595
596
596
596
596
597
597
597
598
598
598
598
599
599
599
599
600
600
600
600
601
601
601
602
602
602
602
603
603
603
603
604
604
604
604
605
605
605
606
606
606
606
607
607
607
607
608
608
608
608
609
609
609
609
610
610
610
611
611
611
611
612
612
612
612
613
613
613
613
614
614
614
614
615
615
615
616
616
616
616
617
617
617
618
618
618
618
619
619
619
619
620
620
621
621
621
621
622
622
622
622
623
623
623
623
624
624
624
624
625
625
625
625
626
626
626
626
627
627
627
627
628
628
628
628
629
629
629
630
630
630
630
631
631
632
632
632
632
633
633
633
634
634
634
634
635
635
635
635
636
636
636
636
637
637
637
637
638
638
638
638
639
639
640
640
640
640
641
641
641
641
642
642
642
642
643
643
643
643
644
644
644
645
645
645
645
646
646
646
646
647
647
648
648
648
648
649
649
649
650
650
650
650
651
651
651
651
652
652
652
652
653
653
653
654
654
654
654
655
655
655
655
656
656
656
656
657
657
657
657
658
658
658
658
659
659
659
660
660
660
660
661
661
661
662
662
662
662
663
663
663
663
664
664
664
664
665
665
665
665
666
666
666
666
667
667
667
667
668
668
668
668
669
669
669
669
670
670
670
670
671
671
671
671
672
672
672
672
673
673
673
673
674
674
674
674
675
675
675
676
676
676
676
677
677
677
677
678
678
678
678
679
679
680
680
680
680
681
681
682
682
682
682
683
683
683
683
684
684
684
684
685
685
685
685
686
686
686
686
687
687
687
687
688
688
688
688
689
689
689
690
690
690
691
691
691
691
692
692
692
692
693
693
693
694
694
694
694
695
695
695
695
696
696
696
696
697
697
697
697
698
698
698
699
699
699
699
700
700
700
700
701
701
701
701
702
702
702
702
703
703
704
704
704
705
705
705
705
706
706
706
706
707
707
707
707
708
708
709
709
709
709
710
710
710
710
711
711
711
712
712
712
712
713
713
713
713
714
714
714
714
715
715
715
715
716
716
716
716
717
717
717
718
718
718
718
719
719
719
719
720
720
720
720
721
721
722
722
722
722
723
723
723
723
724
724
724
724
725
725
725
726
726
726
726
727
727
727
727
728
728
728
728
729
729
729
729
730
730
730
730
731
731
731
731
732
732
732
732
733
733
733
733
734
734
734
734
735
735
735
735
736
736
736
736
737
737
737
738
738
738
738
739
739
739
739
740
740
740
740
741
741
741
742
742
742
743
743
743
743
744
744
744
744
745
745
745
746
746
746
746
747
747
747
747
748
748
748
748
749
749
749
750
750
750
750
751
751
752
752
752
752
753
753
753
753
754
754
755
755
755
755
756
756
756
756
757
757
757
757
758
758
758
758
759
759
759
760
760
760
760
761
761
761
761
762
762
762
762
763
763
763
764
764
765
765
765
766
766
766
766
767
767
767
767
768
768
768
768
769
769
769
769
770
770
770
770
771
771
771
771
772
772
772
772
773
773
773
773
774
774
774
774
775
775
775
775
776
776
776
776
777
777
777
777
778
778
778
778
779
779
779
779
780
780
781
781
781
781
782
782
782
782
783
783
783
784
784
784
784
785
785
785
785
786
786
786
787
787
787
787
788
788
789
789
789
789
790
790
790
791
791
791
791
792
792
792
792
793
793
793
793
794
794
794
795
795
795
795
796
796
796
796
797
797
797
798
798
798
798
799
799
799
799
800
800
800
800
801
801
801
801
802
802
802
802
803
803
803
804
804
804
804
805
805
805
805
806
806
806
806
807
807
808
808
808
809
809
809
810
810
810
810
811
811
811
811
812
812
812
812
813
813
813
813
814
814
814
814
815
815
815
816
816
816
816
817
817
817
817
818
818
819
819
819
819
820
820
820
820
821
821
821
822
822
822
823
823
823
823
824
825
825
825
825
826
826
826
826
827
827
827
828
828
828
828
829
829
829
829
830
830
830
830
831
831
832
832
832
832
833
833
833
833
834
834
835
835
835
836
836
836
836
837
837
837
837
838
838
838
838
839
839
839
840
840
840
840
841
841
841
842
842
842
842
843
843
843
843
844
844
844
844
845
845
845
846
846
846
846
847
847
847
847
848
848
848
848
849
849
849
849
850
850
851
851
851
851
852
852
852
853
853
853
854
854
854
854
855
855
855
855
856
856
856
856
857
857
857
857
858
858
858
858
859
859
859
859
860
860
860
860
861
861
861
862
862
862
862
863
863
863
863
864
864
864
865
865
865
865
866
866
866
867
867
867
867
868
868
868
868
869
869
869
870
870
870
870
871
871
871
871
872
872
872
872
873
873
874
874
874
874
875
875
876
876
876
876
877
877
878
878
878
878
879
879
879
879
880
880
880
881
881
882
882
883
883
884
884
884
884
885
885
885
885
886
886
886
886
887
887
888
888
888
889
889
889
889
890
890
890
890
891
891
891
892
892
892
892
893
893
893
893
894
894
894
894
895
895
895
895
896
896
896
896
897
897
897
897
898
898
898
898
899
899
899
900
900
900
900
901
901
901
901
902
902
902
902
903
903
903
903
904
904
904
905
905
905
905
906
906
906
906
907
907
907
908
908
908
909
909
909
909
910
910
910
910
911
911
911
911
912
912
912
913
913
913
914
914
914
915
915
915
915
916
916
916
916
917
917
917
917
918
918
918
918
919
919
920
920
920
920
921
921
921
922
922
922
922
923
923
923
923
924
924
924
924
925
925
925
925
926
926
926
926
927
927
927
927
928
928
929
929
929
929
930
930
930
930
931
931
931
931
932
932
932
933
933
933
933
934
934
934
934
935
935
935
935
936
936
936
936
937
937
937
938
938
938
938
939
939
939
939
940
940
940
940
941
941
942
942
942
942
943
943
943
944
944
944
945
945
945
946
946
946
946
947
947
948
948
948
948
949
949
949
949
950
950
950
950
951
951
951
951
952
952
952
953
953
953
953
954
954
954
954
955
955
955
955
956
956
956
956
957
957
957
957
958
958
958
958
959
959
959
959
960
960
960
960
961
961
961
961
962
962
962
962
963
963
963
963
964
964
964
965
965
965
965
966
966
966
966
967
967
967
967
968
968
968
968
969
969
969
970
970
970
971
971
971
971
972
972
972
972
973
973
973
973
974
974
974
974
975
975
975
975
976
976
976
977
977
977
977
978
978
978
978
979
979
979
979
980
980
980
980
981
981
981
981
982
982
982
982
983
983
983
984
984
984
985
985
985
985
986
986
986
986
987
987
987
987
988
988
988
988
989
989
989
989
990
990
990
990
991
991
991
991
992
992
992
993
993
993
994
994
994
994
995
995
995
995
996
996
996
996
997
997
997
997
998
998
998
999
999
999
999
1000
1000
1000
1001
1001
1001
1001
1002
1002
1002
1002
1003
1003
1003
1004
1004
1004
1004
1005
1005
1005
1005
1006
1006
1006
1007
1007
1007
1007
1008
1008
1008
1008
1009
1009
1009
1009
1010
1010
1010
1010
1011
1011
1011
1011
1012
1012
1012
1012
1013
1013
1013
1013
1014
1014
1014
1015
1015
1015
1015
1016
1016
1016
1016
1017
1017
1017
1017
1018
1018
1019
1019
1019
1019
1020
1020
1020
1020
1021
1021
1021
1021
1022
1022
1022
1022
1023
1023
1023
1024
1024
1024
1025
1025
1025
1025
1026
1026
1026
1026
1027
1027
1027
1027
1028
1028
1028
1029
1029
1029
1029
1030
1030
1030
1030
1031
1031
1031
1031
1032
1032
1032
1032
1033
1033
1033
1033
1035
1035
1035
1036
1036
1036
1036
1037
1038
1038
1038
1039
1039
1039
1039
1040
1040
1040
1040
1041
1041
1041
1042
1042
1042
1042
1043
1043
1043
1044
1044
1044
1044
1045
1045
1045
1045
1046
1046
1046
1046
1047
1047
1047
1047
1048
1048
1048
1048
1049
1049
1049
1050
1050
1050
1051
1051
1051
1051
1052
1052
1052
1052
1053
1054
1054
1054
1054
1055
1055
1055
1055
1056
1056
1056
1057
1057
1057
1057
1058
1058
1058
1058
1059
1059
1059
1059
1060
1060
1060
1061
1061
1061
1062
1062
1062
1062
1063
1063
1063
1063
1064
1064
1064
1065
1065
1065
1066
1066
1066
1067
1067
1067
1068
1068
1068
1068
1069
1069
1069
1069
1070
1070
1070
1070
1071
1071
1071
1071
1072
1072
1072
1072
1073
1073
1073
1073
1074
1074
1074
1074
1075
1075
1075
1075
1076
1076
1076
1076
1077
1077
1077
1077
1078
1078
1078
1078
1079
1079
1079
1079
1080
1080
1080
1081
1081
1081
1081
1082
1082
1082
1082
1083
1083
1083
1083
1084
1084
1084
1084
1085
1085
1085
1086
1086
1086
1086
1087
1087
1087
1087
1088
1088
1088
1088
1089
1089
1089
1089
1090
1090
1090
1091
1091
1091
1091
1092
1092
1093
1093
1093
1093
1094
1094
1095
1095
1095
1095
1096
1096
1096
1096
1097
1097
1097
1097
1098
1098
1098
1098
1099
1099
1099
1099
1100
1100
1100
1100
1101
1101
1101
1101
1102
1102
1102
1103
1103
1104
1104
1105
1105
1105
1106
1106
1106
1106
1107
1107
1107
1108
1108
1108
1108
1109
1109
1109
1109
1110
1110
1110
1110
1111
1111
1111
1111
1112
1112
1112
1113
1113
1113
1113
1114
1114
1114
1114
1115
1115
1115
1115
1116
1116
1116
1117
1117
1117
1117
1118
1118
1118
1118
1119
1119
1119
1119
1120
1120
1120
1120
1121
1121
1121
1122
1122
1122
1122
1123
1123
1123
1123
1124
1124
1125
1125
1126
1126
1127
1127
1127
1127
1128
1128
1128
1128
1129
1129
1129
1129
1130
1130
1130
1130
1131
1131
1131
1131
1132
1132
1132
1132
1133
1133
1133
1134
1134
1134
1134
1135
1135
1135
1135
1136
1136
1136
1136
1137
1137
1137
1138
1138
1138
1138
1139
1139
1139
1139
1140
1140
1140
1141
1141
1141
1141
1142
1142
1142
1142
1143
1143
1143
1143
1144
1144
1144
1145
1145
1145
1146
1146
1146
1146
1147
1147
1147
1148
1148
1148
1149
1149
1149
1149
1150
1150
1150
1150
1151
1151
1152
1152
1152
1153
1153
1153
1154
1154
1154
1155
1155
1156
1156
1156
1156
1157
1157
1157
1157
1158
1158
1158
1159
1159
1159
1159
1160
1160
1160
1160
1161
1161
1161
1161
1162
1162
1162
1163
1163
1163
1163
1164
1164
1164
1164
1165
1165
1165
1165
1166
1166
1166
1167
1168
1168
1168
1168
1169
1169
1169
1169
1170
1170
1170
1170
1171
1171
1171
1171
1172
1172
1172
1172
1173
1173
1173
1173
1174
1174
1174
1174
1175
1175
1175
1175
1176
1176
1176
1176
1177
1177
1177
1178
1178
1178
1178
1179
1179
1179
1180
1180
1180
1180
1181
1181
1181
1181
1182
1182
1182
1182
1183
1183
1183
1184
1184
1184
1184
1185
1185
1185
1185
1186
1186
1186
1186
1187
1187
1187
1188
1188
1188
1189
1189
1189
1190
1190
1190
1190
1191
1191
1191
1191
1192
1192
1192
1192
1193
1193
1193
1193
1194
1194
1194
1195
1195
1195
1195
1196
1196
1196
1196
1197
1197
1197
1198
1198
1198
1198
1199
1199
1199
1199
1200
1200
1200
1200
1201
1201
1201
1201
1202
1202
1202
1202
1203
1203
1203
1204
1204
1204
1204
1205
1205
1205
1205
1206
1206
1206
1206
1207
1207
1207
1207
1208
1208
1208
1208
1209
1209
1209
1209
1210
1210
1210
1211
1211
1211
1211
1212
1212
1212
1213
1213
1213
1213
1214
1214
1214
1214
1215
1216
1216
1216
1216
1217
1217
1217
1217
1218
1218
1218
1219
1219
1219
1219
1220
1220
1220
1221
1221
1221
1222
1222
1222
1222
1223
1223
1223
1223
1224
1224
1224
1224
1225
1225
1225
1225
1226
1226
1226
1226
1227
1227
1227
1228
1228
1228
1229
1229
1229
1229
1230
1230
1230
1230
1231
1231
1231
1231
1232
1232
1232
1232
1233
1233
1233
1234
1234
1234
1234
1235
1235
1235
1235
1236
1236
1236
1236
1237
1237
1237
1237
1238
1238
1239
1239
1239
1239
1240
1240
1240
1241
1241
1241
1242
1242
1242
1242
1243
1243
1243
1243
1244
1244
1244
1244
1245
1245
1245
1246
1246
1246
1246
1247
1247
1247
1248
1248
1249
1249
1249
1249
1250
1250
1251
1251
1251
1252
1252
1252
1252
1253
1253
1253
1254
1254
1254
1254
1255
1255
1255
1255
1256
1256
1256
1257
1257
1257
1258
1258
1258
1259
1259
1259
1259
1260
1260
1260
1261
1261
1261
1261
1262
1262
1262
1262
1263
1263
1263
1263
1264
1264
1264
1264
1265
1265
1265
1265
1266
1266
1266
1266
1267
1267
1267
1267
1268
1268
1268
1268
1269
1269
1269
1269
1270
1270
1270
1270
1271
1271
1271
1272
1272
1272
1272
1273
1273
1273
1273
1274
1274
1274
1274
1275
1275
1275
1276
1276
1277
1277
1277
1277
1278
1278
1278
1278
1279
1279
1279
1279
1280
1280
1280
1281
1281
1281
1281
1282
1282
1282
1282
1283
1283
1283
1283
1284
1284
1284
1284
1285
1285
1285
1285
1286
1286
1286
1286
1287
1287
1288
1288
1288
1288
1289
1289
1290
1290
1290
1290
1291
1291
1291
1291
1292
1292
1292
1293
1293
1293
1293
1294
1294
1294
1294
1295
1295
1295
1296
1296
1296
1297
1297
1297
1297
1298
1298
1298
1298
1299
1299
1299
1299
1300
1300
1300
1300
1301
1301
1301
1302
1302
1302
1302
1303
1303
1303
1304
1304
1304
1304
1305
1305
1306
1306
1306
1307
1307
1307
1307
1308
1308
1308
1308
1309
1309
1309
1310
1310
1310
1310
1311
1311
1311
1311
1312
1312
1312
1312
1313
1313
1313
1313
1314
1314
1314
1314
1315
1315
1315
1315
1316
1316
1316
1317
1317
1317
1317
1318
1318
1318
1318
1319
1319
1319
1320
1320
1320
1320
1321
1321
1321
1322
1322
1322
1323
1323
1323
1324
1324
1324
1324
1325
1325
1325
1325
1326
1326
1326
1326
1327
1327
1327
1328
1329
1329
1329
1329
1330
1330
1330
1330
1331
1331
1331
1331
1332
1332
1332
1332
1333
1333
1333
1334
1334
1335
1335
1335
1335
1336
1336
1336
1337
1337
1337
1338
1338
1338
1338
1339
1339
1339
1340
1340
1340
1340
1341
1341
1341
1342
1342
1342
1342
1343
1343
1343
1344
1344
1344
1344
1345
1345
1345
1346
1346
1346
1347
1347
1347
1347
1348
1348
1348
1348
1349
1349
1350
1350
1350
1350
1351
1351
1351
1351
1352
1352
1352
1353
1353
1353
1353
1354
1354
1354
1354
1355
1355
1355
1356
1356
1356
1356
1357
1357
1357
1357
1358
1358
1358
1359
1359
1359
1359
1360
1360
1360
1360
1361
1361
1361
1361
1362
1362
1362
1362
1363
1363
1363
1364
1364
1364
1364
1365
1365
1365
1365
1366
1366
1366
1366
1367
1367
1367
1368
1368
1368
1368
1369
1369
1369
1369
1370
1370
1370
1371
1371
1371
1371
1372
1372
1372
1373
1373
1373
1373
1374
1374
1374
1374
1375
1375
1375
1375
1376
1376
1376
1376
1377
1377
1377
1377
1378
1378
1378
1379
1379
1379
1379
1380
1380
1380
1381
1381
1381
1381
1382
1382
1382
1383
1383
1383
1383
1384
1384
1384
1384
1385
1385
1385
1385
1386
1386
1386
1387
1387
1387
1387
1388
1388
1388
1388
1389
1389
1389
1389
1390
1390
1390
1390
1391
1391
1391
1391
1392
1392
1392
1393
1393
1393
1393
1394
1394
1394
1395
1395
1395
1395
1396
1396
1396
1397
1398
1398
1398
1399
1399
1399
1399
1400
1400
1400
1400
1401
1401
1401
1402
1402
1402
1402
1403
1403
1403
1404
1404
1404
1405
1405
1405
1406
1406
1406
1406
1407
1407
1407
1407
1408
1408
1408
1408
1409
1409
1409
1409
1410
1410
1410
1410
1411
1411
1411
1411
1412
1412
1412
1412
1413
1413
1413
1413
1414
1414
1414
1414
1415
1415
1415
1415
1416
1416
1416
1417
1417
1417
1417
1418
1418
1418
1419
1419
1419
1420
1420
1420
1420
1421
1421
1421
1421
1422
1422
1422
1423
1423
1423
1423
1424
1424
1424
1424
1425
1425
1425
1425
1426
1426
1426
1426
1427
1427
1427
1427
1428
1428
1428
1428
1429
1429
1429
1429
1430
1430
1430
1430
1431
1431
1431
1432
1432
1433
1433
1433
1434
1434
1434
1434
1435
1435
1435
1436
1436
1436
1436
1437
1437
1437
1438
1438
1438
1438
1439
1439
1439
1439
1440
1440
1440
1441
1441
1441
1441
1442
1442
1442
1443
1443
1443
1443
1444
1444
1444
1444
1445
1445
1445
1445
1446
1446
1446
1447
1447
1447
1447
1448
1448
1448
1448
1449
1449
1449
1449
1450
1450
1450
1450
1451
1451
1451
1451
1452
1452
1452
1452
1453
1453
1453
1453
1454
1454
1454
1454
1455
1455
1455
1455
1456
1456
1456
1456
1457
1457
1457
1457
1458
1458
1459
1459
1459
1459
1460
1461
1461
1461
1461
1462
1462
1462
1463
1463
1463
1463
1464
1464
1464
1464
1465
1465
1465
1465
1466
1466
1466
1466
1467
1467
1467
1468
1468
1468
1468
1469
1469
1469
1470
1470
1470
1471
1471
1471
1472
1472
1472
1472
1473
1473
1473
1473
1474
1474
1474
1475
1475
1475
1475
1476
1476
1476
1476
1477
1477
1477
1477
1478
1478
1479
1479
1479
1479
1480
1480
1480
1480
1481
1481
1481
1481
1482
1482
1482
1482
1483
1483
1483
1483
1484
1484
1484
1484
1485
1485
1485
1485
1486
1486
1486
1486
1487
1487
1487
1488
1488
1488
1488
1489
1489
1489
1489
1490
1490
1490
1490
1491
1491
1491
1491
1492
1492
1492
1492
1493
1494
1494
1494
1494
1495
1495
1495
1496
1496
1496
1496
1497
1497
1497
1498
1498
1498
1498
1499
1499
1499
1500
1500
1500
1500
1501
1501
1501
1501
1502
1502
1502
1502
1503
1503
1503
1503
1504
1504
1505
1505
1505
1505
1506
1506
1506
1506
1507
1507
1507
1508
1508
1508
1508
1509
1509
1509
1509
1510
1510
1510
1510
1511
1511
1511
1511
1512
1512
1513
1513
1513
1513
1514
1514
1514
1514
1515
1515
1515
1515
1516
1516
1516
1516
1517
1517
1517
1518
1518
1518
1519
1519
1519
1519
1520
1520
1520
1521
1521
1522
1522
1522
1523
1523
1523
1523
1524
1524
1524
1524
1525
1525
1525
1525
1526
1526
1526
1526
1527
1527
1527
1527
1528
1528
1528
1528
1529
1529
1529
1529
1530
1530
1530
1531
1531
1531
1531
1532
1532
1532
1532
1533
1533
1533
1533
1534
1534
1534
1535
1535
1535
1536
1536
1536
1536
1537
1537
1537
1537
1538
1538
1538
1538
1539
1539
1539
1539
1540
1540
1540
1540
1541
1541
1541
1541
1542
1542
1542
1543
1543
1543
1543
1544
1544
1544
1544
1545
1545
1545
1545
1546
1546
1546
1546
1547
1547
1547
1547
1548
1548
1548
1548
1549
1549
1549
1550
1550
1550
1550
1551
1551
1552
1552
1552
1552
1553
1553
1553
1553
1554
1554
1554
1555
1555
1555
1556
1556
1556
1557
1557
1557
1557
1558
1558
1558
1558
1559
1559
1559
1559
1560
1560
1560
1560
1561
1561
1561
1561
1562
1562
1562
1562
1563
1563
1563
1563
1564
1564
1564
1564
1565
1565
1565
1565
1566
1566
1566
1566
1567
1567
1567
1568
1568
1568
1568
1569
1569
1569
1569
1570
1570
1570
1570
1571
1571
1571
1571
1572
1572
1572
1572
1573
1573
1573
1573
1574
1574
1574
1574
1575
1575
1575
1576
1576
1576
1576
1577
1577
1578
1578
1578
1578
1579
1579
1579
1579
1580
1580
1580
1580
1581
1581
1581
1581
1582
1582
1582
1582
1583
1583
1583
1584
1584
1584
1584
1585
1585
1585
1586
1586
1586
1586
1587
1587
1587
1587
1588
1588
1588
1588
1589
1589
1589
1590
1590
1590
1590
1591
1591
1591
1591
1592
1592
1592
1592
1593
1593
1593
1593
1594
1594
1594
1594
1595
1595
1595
1595
1596
1596
1596
1597
1597
1597
1597
1598
1598
1598
1598
1599
1599
1599
1600
1600
1600
1600
1601
1601
1601
1601
1602
1602
1602
1602
1603
1603
1603
1603
1604
1604
1604
1604
1605
1605
1605
1605
1606
1606
1606
1606
1607
1607
1607
1608
1608
1608
1608
1609
1609
1609
1610
1610
1610
1610
1611
1611
1611
1611
1612
1612
1612
1612
1613
1613
1613
1614
1614
1614
1614
1615
1615
1615
1616
1616
1616
1616
1617
1617
1617
1618
1618
1618
1618
1619
1619
1619
1620
1620
1620
1620
1621
1621
1621
1622
1622
1622
1623
1623
1623
1624
1624
1624
1624
1625
1625
1625
1625
1626
1626
1626
1626
1627
1627
1627
1627
1628
1628
1628
1628
1629
1629
1629
1630
1630
1630
1630
1631
1631
1631
1631
1632
1632
1633
1633
1633
1634
1634
1634
1635
1635
1636
1636
1636
1636
1637
1637
1637
1637
1638
1638
1638
1639
1639
1639
1639
1640
1640
1640
1640
1641
1641
1641
1642
1642
1642
1642
1643
1643
1643
1643
1644
1644
1645
1645
1645
1645
1646
1646
1646
1647
1647
1647
1647
1648
1648
1648
1649
1649
1649
1649
1650
1650
1650
1651
1651
1651
1652
1652
1652
1652
1653
1653
1653
1653
1654
1654
1654
1655
1655
1655
1655
1656
1656
1657
1657
1657
1657
1658
1658
1658
1658
1659
1659
1659
1659
1660
1660
1660
1660
1661
1661
1661
1661
1662
1662
1662
1662
1663
1663
1663
1663
1664
1664
1664
1665
1665
1665
1666
1666
1666
1666
1667
1667
1668
1668
1668
1668
1669
1669
1669
1670
1670
1670
1671
1671
1671
1671
1672
1672
1673
1673
1673
1673
1674
1674
1674
1674
1675
1675
1675
1676
1676
1676
1677
1677
1677
1677
1678
1678
1678
1679
1679
1679
1680
1680
1680
1681
1681
1681
1681
1682
1682
1682
1682
1683
1683
1683
1684
1684
1684
1684
1685
1685
1685
1686
1686
1687
1687
1687
1687
1688
1688
1688
1688
1689
1689
1689
1689
1690
1690
1690
1690
1691
1691
1691
1691
1692
1692
1692
1692
1693
1693
1693
1693
1694
1694
1694
1694
1695
1695
1695
1696
1696
1696
1697
1697
1697
1697
1698
1698
1698
1699
1699
1700
1700
1700
1701
1701
1702
1702
1702
1702
1703
1703
1703
1703
1704
1704
1704
1704
1705
1705
1705
1705
1706
1706
1706
1707
1707
1707
1707
1708
1708
1708
1708
1709
1709
1709
1710
1710
1710
1710
1711
1711
1711
1711
1712
1712
1712
1712
1713
1713
1713
1713
1714
1714
1714
1715
1715
1715
1716
1716
1716
1716
1717
1717
1717
1717
1718
1718
1718
1718
1719
1719
1719
1719
1720
1720
1721
1721
1721
1721
1722
1722
1722
1723
1723
1723
1723
1724
1724
1724
1724
1725
1725
1725
1726
1726
1726
1726
1727
1727
1727
1727
1728
1728
1728
1729
1729
1729
1729
1730
1730
1730
1731
1731
1731
1731
1732
1732
1732
1733
1733
1733
1733
1734
1734
1734
1734
1735
1735
1735
1735
1736
1736
1736
1736
1737
1737
1737
1737
1738
1738
1739
1739
1739
1739
1740
1740
1740
1741
1741
1741
1741
1742
1742
1742
1742
1743
1743
1743
1743
1744
1744
1744
1744
1745
1745
1745
1745
1746
1746
1746
1747
1747
1747
1747
1748
1748
1749
1749
1749
1749
1750
1750
1750
1751
1751
1751
1751
1752
1752
1752
1753
1753
1753
1753
1754
1754
1754
1754
1755
1755
1756
1756
1756
1756
1757
1757
1758
1758
1758
1758
1759
1759
1759
1759
1760
1760
1760
1760
1761
1761
1761
1761
1762
1762
1762
1762
1763
1763
1763
1764
1764
1764
1764
1765
1765
1766
1766
1766
1766
1767
1767
1767
1767
1768
1768
1768
1768
1769
1769
1769
1769
1770
1770
1770
1770
1771
1771
1771
1771
1772
1772
1773
1773
1773
1773
1774
1774
1774
1774
1775
1775
1775
1776
1776
1777
1777
1777
1778
1778
1778
1779
1779
1779
1779
1780
1780
1781
1781
1781
1782
1782
1782
1782
1783
1783
1783
1784
1784
1784
1784
1785
1785
1785
1785
1786
1786
1786
1786
1787
1787
1787
1787
1788
1788
1788
1788
1789
1789
1789
1789
1790
1790
1790
1791
1791
1791
1791
1792
1793
1793
1794
1794
1794
1794
1795
1795
1795
1795
1796
1796
1796
1798
1798
1799
1799
1799
1799
1800
1800
1800
1800
1801
1801
1801
1802
1802
1802
1803
1803
1803
1804
1804
1804
1804
1805
1805
1805
1805
1806
1806
1806
1806
1807
1807
1807
1807
1808
1808
1809
1809
1809
1810
1810
1810
1810
1811
1811
1811
1811
1812
1812
1812
1812
1813
1813
1813
1813
1814
1814
1814
1815
1815
1815
1816
1816
1816
1816
1817
1817
1817
1817
1818
1818
1818
1818
1819
1819
1819
1819
1820
1820
1820
1820
1821
1821
1821
1821
1822
1822
1822
1822
1823
1823
1823
1823
1824
1824
1824
1824
1825
1825
1825
1825
1826
1826
1826
1826
1827
1827
1827
1827
1828
1828
1828
1828
1829
1829
1829
1829
1830
1830
1830
1831
1831
1831
1832
1832
1832
1832
1833
1833
1833
1833
1834
1834
1834
1834
1835
1835
1835
1835
1836
1836
1836
1836
1837
1837
1837
1838
1838
1838
1838
1839
1839
1839
1840
1840
1841
1841
1841
1841
1842
1842
1842
1842
1843
1843
1843
1843
1844
1844
1844
1844
1845
1845
1845
1845
1846
1846
1846
1846
1847
1847
1847
1848
1848
1848
1848
1849
1849
1849
1849
1850
1850
1850
1850
1851
1851
1852
1852
1852
1852
1853
1853
1853
1853
1854
1854
1854
1855
1855
1855
1855
1856
1856
1856
1856
1857
1857
1858
1858
1858
1858
1859
1859
1859
1859
1860
1860
1860
1860
1861
1861
1861
1862
1862
1862
1862
1863
1863
1863
1864
1864
1865
1865
1865
1865
1866
1866
1866
1866
1867
1867
1867
1867
1868
1868
1868
1869
1869
1869
1869
1870
1870
1870
1871
1871
1871
1871
1872
1872
1872
1872
1873
1873
1873
1873
1874
1874
1874
1874
1875
1875
1875
1875
1876
1876
1877
1877
1877
1877
1878
1878
1878
1878
1879
1879
1880
1880
1881
1881
1882
1882
1882
1882
1883
1883
1883
1883
1884
1884
1884
1884
1885
1885
1885
1885
1886
1886
1886
1887
1887
1887
1887
1888
1888
1888
1888
1889
1889
1889
1890
1890
1890
1890
1891
1891
1891
1892
1892
1892
1893
1893
1893
1894
1894
1894
1895
1895
1895
1895
1896
1896
1896
1896
1897
1897
1897
1897
1898
1899
1899
1899
1899
1900
1900
1901
1901
1901
1901
1902
1902
1902
1902
1903
1903
1903
1904
1904
1904
1904
1905
1905
1905
1905
1906
1906
1906
1906
1907
1907
1907
1908
1909
1909
1909
1909
1910
1910
1910
1911
1911
1911
1911
1912
1912
1912
1913
1913
1913
1914
1914
1914
1914
1915
1915
1915
1916
1916
1916
1916
1917
1917
1918
1918
1918
1918
1919
1919
1919
1919
1920
1920
1920
1920
1921
1921
1921
1922
1922
1922
1922
1923
1923
1923
1924
1924
1924
1925
1926
1926
1926
1926
1927
1927
1927
1927
1928
1928
1928
1928
1929
1929
1930
1930
1930
1930
1931
1931
1931
1931
1932
1932
1932
1932
1933
1933
1933
1933
1934
1934
1934
1934
1935
1935
1935
1935
1936
1936
1937
1937
1937
1937
1938
1938
1938
1938
1939
1939
1939
1939
1940
1940
1940
1941
1941
1941
1941
1942
1942
1942
1943
1943
1943
1944
1944
1944
1945
1945
1945
1945
1946
1946
1946
1947
1947
1947
1947
1948
1948
1948
1948
1949
1949
1949
1949
1950
1950
1950
1950
1951
1951
1951
1951
1952
1952
1952
1953
1953
1953
1953
1954
1954
1954
1954
1955
1955
1955
1955
1956
1956
1956
1956
1957
1957
1957
1957
1958
1958
1959
1959
1959
1960
1960
1960
1960
1961
1961
1961
1961
1962
1962
1962
1962
1963
1963
1963
1964
1964
1964
1964
1965
1965
1965
1966
1966
1967
1967
1967
1967
1968
1968
1968
1968
1969
1969
1969
1969
1970
1970
1970
1971
1971
1971
1971
1972
1972
1972
1972
1973
1973
1973
1973
1974
1974
1975
1975
1975
1975
1976
1976
1976
1976
1977
1977
1977
1977
1978
1978
1978
1978
1979
1979
1979
1980
1980
1980
1980
1981
1981
1981
1982
1982
1982
1983
1983
1983
1984
1984
1985
1985
1985
1986
1986
1986
1986
1987
1987
1987
1987
1988
1988
1988
1988
1989
1989
1989
1989
1990
1990
1990
1990
1991
1991
1991
1991
1992
1992
1992
1992
1993
1993
1993
1993
1994
1994
1994
1994
1995
1995
1995
1996
1996
1996
1996
1997
1997
1997
1997
1998
1998
1999
1999
1999
2000
2000
2000
2000
2001
2001
2001
2001
2002
2002
2002
2002
2003
2003
2003
2003
2004
2004
2004
2004
2005
2005
2005
2005
2006
2006
2006
2007
2007
2007
2007
2008
2008
2008
2008
2009
2009
2009
2010
2010
2011
2011
2011
2011
2012
2012
2012
2013
2013
2013
2013
2014
2014
2014
2014
2015
2015
2016
2016
2016
2016
2017
2017
2017
2018
2018
2018
2019
2019
2020
2020
2021
2021
2021
2021
2022
2022
2022
2022
2023
2023
2023
2023
2024
2024
2024
2024
2025
2025
2025
2025
2026
2026
2026
2026
2027
2027
2027
2027
2028
2028
2028
2029
2029
2029
2029
2030
2030
2030
2030
2031
2031
2032
2032
2033
2033
2033
2033
2034
2034
2034
2034
2035
2035
2035
2035
2036
2036
2036
2037
2037
2037
2037
2038
2038
2038
2038
2039
2039
2039
2039
2040
2040
2040
2040
2041
2041
2041
2042
2042
2042
2042
2043
2043
2043
2043
2044
2044
2044
2044
2045
2045
2045
2045
2046
2046
2047
2047
2047
2048
2048
2049
2049
2050
2050
2050
2050
2051
2051
2051
2051
2052
2052
2052
2052
2053
2053
2053
2053
2054
2054
2054
2055
2055
2055
2055
2056
2056
2056
2056
2057
2057
2057
2057
2058
2058
2058
2059
2059
2059
2060
2060
2060
2060
2061
2061
2061
2061
2062
2062
2062
2062
2063
2063
2063
2064
2064
2064
2065
2065
2065
2065
2066
2066
2066
2066
2067
2067
2068
2068
2068
2068
2069
2069
2069
2070
2070
2070
2071
2071
2071
2071
2072
2072
2072
2072
2073
2073
2073
2073
2074
2074
2074
2074
2075
2075
2075
2075
2076
2076
2077
2077
2077
2077
2078
2078
2078
2078
2079
2079
2079
2080
2080
2080
2080
2081
2081
2081
2081
2082
2082
2082
2082
2083
2083
2083
2083
2084
2084
2084
2084
2085
2085
2085
2085
2086
2086
2086
2086
2087
2087
2087
2087
2088
2088
2088
2088
2089
2089
2090
2090
2090
2090
2091
2091
2091
2091
2092
2092
2092
2092
2093
2093
2093
2094
2094
2094
2094
2095
2095
2095
2096
2096
2096
2097
2097
2097
2098
2098
2098
2098
2099
2099
2099
2100
2100
2100
2100
2101
2101
2101
2102
2102
2102
2102
2103
2103
2103
2103
2104
2104
2104
2105
2105
2105
2105
2106
2106
2106
2106
2107
2107
2107
2107
2108
2108
2108
2108
2109
2109
2109
2110
2110
2110
2110
2111
2111
2111
2111
2112
2112
2112
2113
2113
2114
2114
2114
2114
2115
2115
2115
2116
2116
2116
2116
2117
2117
2117
2117
2118
2118
2118
2119
2120
2120
2120
2120
2121
2121
2121
2121
2122
2122
2122
2122
2123
2123
2123
2123
2124
2124
2124
2124
2125
2125
2125
2125
2126
2126
2126
2127
2127
2127
2128
2128
2128
2129
2129
2129
2129
2130
2130
2130
2131
2131
2131
2132
2132
2132
2132
2133
2133
2133
2133
2134
2134
2134
2135
2135
2135
2135
2136
2136
2136
2136
2137
2137
2137
2137
2138
2138
2138
2138
2139
2139
2139
2140
2140
2140
2140
2141
2141
2141
2141
2142
2142
2142
2142
2143
2143
2144
2144
2144
2144
2145
2145
2145
2145
2146
2146
2146
2147
2147
2148
2148
2148
2149
2149
2149
2149
2150
2151
2151
2151
2151
2152
2152
2152
2152
2153
2153
2153
2154
2154
2154
2155
2155
2155
2155
2156
2156
2156
2157
2157
2157
2157
2158
2158
2158
2158
2159
2159
2159
2159
2160
2160
2161
2161
2161
2161
2162
2162
2162
2162
2163
2163
2163
2163
2164
2164
2164
2164
2165
2165
2165
2165
2166
2166
2166
2167
2167
2167
2167
2168
2168
2168
2169
2169
2169
2169
2170
2170
2170
2170
2171
2171
2171
2171
2172
2172
2172
2172
2173
2173
2173
2174
2174
2174
2174
2175
2175
2175
2175
2176
2176
2176
2176
2177
2177
2177
2178
2178
2179
2179
2180
2180
2180
2180
2181
2181
2181
2181
2182
2182
2182
2183
2183
2183
2184
2184
2184
2184
2185
2185
2185
2185
2186
2186
2186
2186
2187
2187
2187
2187
2188
2188
2189
2189
2189
2189
2190
2190
2190
2190
2191
2191
2191
2191
2192
2192
2192
2193
2193
2193
2193
2194
2194
2194
2195
2195
2195
2195
2196
2196
2196
2197
2197
2197
2197
2198
2198
2198
2199
2199
2199
2199
2200
2200
2200
2200
2201
2201
2201
2201
2202
2202
2202
2202
2203
2203
2204
2204
2204
2205
2205
2205
2206
2206
2206
2207
2207
2207
2208
2208
2208
2208
2209
2209
2209
2210
2210
2210
2210
2211
2211
2211
2212
2212
2212
2212
2213
2213
2213
2213
2214
2214
2214
2214
2215
2215
2215
2215
2216
2216
2216
2216
2217
2217
2217
2217
2218
2218
2218
2219
2219
2219
2219
2220
2220
2220
2220
2221
2221
2221
2222
2223
2223
2223
2223
2224
2224
2224
2224
2225
2225
2225
2225
2226
2226
2226
2226
2227
2227
2227
2228
2228
2228
2229
2229
2230
2230
2230
2230
2231
2231
2231
2231
2232
2232
2232
2233
2233
2234
2234
2234
2234
2235
2235
2235
2236
2236
2236
2237
2237
2237
2237
2238
2238
2238
2238
2239
2239
2239
2240
2240
2241
2241
2241
2241
2242
2242
2242
2243
2243
2243
2244
2244
2245
2245
2245
2245
2246
2246
2246
2246
2247
2247
2247
2247
2248
2248
2248
2248
2249
2249
2249
2250
2250
2250
2250
2251
2251
2251
2251
2252
2252
2252
2252
2253
2253
2254
2254
2254
2254
2255
2255
2255
2256
2256
2256
2256
2257
2257
2258
2258
2259
2259
2259
2259
2260
2260
2260
2260
2261
2261
2262
2262
2262
2262
2263
2263
2263
2263
2264
2264
2264
2264
2265
2265
2266
2266
2266
2266
2267
2267
2267
2267
2268
2268
2268
2268
2269
2269
2269
2269
2270
2270
2270
2270
2271
2271
2271
2272
2272
2272
2272
2273
2273
2273
2273
2274
2274
2274
2274
2275
2275
2275
2276
2276
2276
2276
2277
2277
2277
2277
2278
2278
2278
2279
2279
2279
2280
2280
2280
2281
2281
2281
2282
2282
2282
2283
2283
2283
2283
2284
2284
2284
2284
2285
2285
2285
2286
2286
2286
2286
2287
2287
2287
2288
2288
2288
2289
2289
2289
2289
2290
2290
2290
2290
2291
2291
2291
2291
2292
2292
2292
2293
2293
2293
2293
2294
2294
2294
2295
2295
2295
2295
2296
2296
2296
2297
2297
2298
2298
2299
2299
2299
2299
2300
2300
2300
2301
2301
2301
2301
2302
2302
2302
2302
2303
2303
2303
2303
2304
2304
2304
2304
2305
2305
2305
2306
2306
2306
2307
2307
2307
2307
2308
2308
2309
2309
2309
2309
2310
2310
2310
2310
2311
2311
2311
2311
2312
2312
2313
2313
2313
2314
2314
2314
2314
2315
2315
2315
2315
2316
2316
2316
2316
2317
2317
2317
2317
2318
2318
2318
2318
2319
2319
2319
2319
2320
2320
2320
2320
2321
2321
2321
2321
2322
2322
2322
2322
2323
2323
2323
2324
2324
2324
2324
2325
2325
2325
2325
2326
2326
2326
2327
2327
2327
2327
2328
2328
2328
2329
2329
2329
2330
2330
2330
2330
2331
2331
2331
2331
2332
2332
2332
2332
2333
2334
2334
2334
2335
2335
2335
2335
2336
2336
2336
2336
2337
2337
2337
2338
2338
2339
2339
2339
2340
2340
2340
2341
2341
2341
2341
2342
2342
2342
2343
2343
2343
2343
2344
2344
2344
2344
2345
2345
2345
2345
2346
2346
2346
2346
2347
2347
2347
2347
2348
2348
2348
2348
2349
2349
2349
2350
2350
2350
2350
2351
2351
2351
2351
2352
2352
2352
2352
2353
2353
2353
2354
2354
2355
2355
2355
2355
2356
2356
2356
2356
2357
2357
2357
2357
2358
2358
2358
2358
2359
2359
2359
2359
2360
2360
2360
2360
2361
2361
2361
2361
2362
2362
2362
2363
2363
2363
2363
2364
2364
2364
2365
2365
2365
2366
2366
2366
2367
2367
2367
2368
2368
2368
2368
2369
2369
2370
2370
2370
2370
2371
2371
2371
2371
2372
2372
2372
2373
2373
2373
2373
2374
2374
2374
2374
2375
2375
2375
2375
2376
2376
2376
2376
2377
2377
2377
2377
2378
2378
2379
2379
2379
2379
2380
2380
2380
2380
2381
2381
2381
2381
2382
2382
2382
2382
2383
2383
2383
2383
2384
2384
2384
2385
2385
2386
2386
2386
2386
2387
2387
2387
2387
2388
2388
2388
2388
2389
2389
2389
2389
2390
2390
2390
2391
2391
2391
2391
2392
2392
2392
2392
2393
2393
2393
2393
2394
2394
2394
2394
2395
2395
2395
2395
2396
2396
2396
2396
2397
2397
2398
2398
2398
2398
2399
2399
2399
2400
2400
2400
2400
2401
2401
2401
2402
2402
2402
2402
2403
2403
2403
2404
2404
2404
2404
2405
2405
2405
2405
2406
2406
2406
2406
2407
2407
2407
2407
2408
2408
2409
2409
2409
2409
2410
2410
2410
2410
2411
2411
2411
2411
2412
2412
2412
2413
2413
2413
2413
2414
2414
2415
2415
2416
2416
2417
2417
2417
2417
2418
2418
2418
2418
2419
2420
2420
2421
2421
2421
2421
2422
2422
2422
2422
2423
2423
2423
2423
2424
2424
2424
2424
2425
2425
2425
2426
2426
2426
2427
2427
2427
2427
2428
2428
2428
2429
2429
2429
2429
2430
2430
2430
2430
2431
2431
2431
2431
2432
2432
2432
2432
2433
2433
2433
2433
2434
2434
2434
2434
2435
2435
2435
2436
2436
2436
2437
2437
2437
2437
2438
2438
2438
2439
2439
2439
2440
2440
2440
2441
2441
2441
2441
2442
2442
2442
2443
2443
2443
2444
2444
2444
2444
2445
2445
2445
2445
2446
2446
2446
2447
2447
2447
2447
2448
2448
2448
2448
2449
2449
2449
2450
2450
2450
2450
2451
2451
2451
2451
2452
2452
2452
2452
2453
2453
2453
2453
2454
2454
2455
2455
2455
2455
2456
2456
2456
2457
2457
2457
2457
2458
2458
2458
2458
2459
2459
2459
2460
2460
2460
2461
2461
2461
2461
2462
2462
2462
2462
2463
2463
2463
2464
2464
2464
2464
2465
2465
2465
2465
2466
2466
2466
2466
2467
2467
2467
2468
2468
2468
2468
2469
2469
2469
2469
2470
2470
2470
2471
2471
2471
2472
2472
2472
2472
2473
2473
2473
2474
2474
2474
2475
2475
2476
2476
2476
2476
2477
2477
2477
2477
2478
2478
2478
2478
2479
2479
2479
2479
2480
2480
2480
2481
2481
2481
2481
2482
2482
2482
2482
2483
2483
2483
2483
2484
2484
2485
2485
2485
2485
2486
2486
2486
2487
2487
2487
2487
2488
2488
2488
2489
2490
2490
2490
2491
2491
2491
2491
2492
2492
2492
2492
2493
2493
2493
2493
2494
2494
2494
2494
2495
2495
2495
2495
2496
2496
2496
2496
2497
2497
2497
2498
2498
2498
2498
2499
2499
2499
2500
2500
2500
2500
2501
2501
2501
2502
2502
2502
2502
2503
2503
2503
2503
2504
2504
2504
2504
2505
2505
2505
2505
2506
2506
2506
2506
2507
2507
2507
2508
2508
2508
2508
2509
2509
2509
2509
2510
2510
2510
2510
2511
2511
2511
2512
2512
2512
2512
2513
2513
2513
2513
2514
2514
2514
2514
2515
2515
2515
2515
2516
2516
2516
2516
2517
2517
2517
2517
2518
2518
2518
2518
2519
2519
2519
2520
2520
2520
2520
2521
2521
2521
2521
2522
2522
2522
2522
2523
2523
2523
2523
2524
2524
2524
2524
2525
2525
2525
2525
2526
2526
2526
2526
2527
2527
2527
2528
2528
2528
2529
2529
2530
2530
2530
2530
2531
2531
2531
2531
2532
2532
2532
2532
2533
2533
2533
2534
2534
2534
2535
2535
2535
2535
2536
2536
2536
2536
2537
2537
2537
2538
2538
2538
2538
2539
2539
2539
2540
2540
2540
2540
2541
2541
2541
2541
2542
2542
2542
2543
2543
2543
2543
2544
2544
2545
2545
2545
2546
2546
2546
2546
2547
2547
2547
2547
2548
2548
2548
2549
2549
2549
2549
2550
2550
2550
2550
2551
2551
2552
2552
2552
2552
2553
2553
2553
2554
2554
2554
2555
2555
2555
2556
2556
2556
2556
2557
2557
2557
2557
2558
2558
2558
2558
2559
2559
2559
2559
2560
2560
2560
2560
2561
2561
2561
2561
2562
2562
2562
2563
2563
2563
2563
2564
2564
2564
2565
2565
2566
2566
2566
2566
2567
2567
2567
2568
2568
2568
2568
2569
2569
2570
2570
2570
2570
2571
2571
2571
2571
2572
2572
2572
2572
2573
2573
2573
2573
2574
2574
2574
2574
2575
2575
2575
2575
2576
2577
2577
2577
2577
2578
2578
2578
2578
2579
2579
2579
2579
2580
2581
2581
2581
2581
2582
2582
2582
2582
2583
2583
2583
2583
2584
2584
2584
2585
2585
2586
2586
2586
2587
2587
2588
2588
2588
2589
2589
2589
2590
2590
2590
2591
2591
2591
2592
2592
2592
2592
2593
2593
2593
2593
2594
2594
2594
2594
2595
2595
2595
2596
2596
2596
2596
2597
2597
2597
2598
2598
2598
2599
2599
2599
2599
2600
2600
2601
2601
2601
2602
2602
2602
2602
2603
2603
2604
2604
2604
2605
2605
2605
2606
2606
2606
2606
2607
2607
2607
2608
2608
2608
2608
2609
2609
2609
2609
2610
2610
2610
2611
2611
2611
2611
2612
2612
2612
2612
2613
2613
2614
2614
2614
2615
2615
2615
2616
2616
2616
2617
2617
2617
2617
2618
2618
2618
2618
2619
2619
2619
2619
2620
2620
2620
2621
2621
2621
2622
2622
2622
2622
2623
2623
2623
2623
2624
2624
2624
2625
2625
2625
2626
2626
2626
2626
2627
2627
2627
2628
2628
2628
2628
2629
2629
2629
2630
2630
2630
2631
2631
2631
2631
2632
2632
2632
2632
2633
2633
2634
2634
2634
2634
2635
2635
2635
2635
2636
2636
2636
2636
2637
2637
2637
2637
2638
2638
2638
2638
2639
2639
2639
2639
2640
2640
2641
2641
2641
2642
2642
2642
2642
2643
2643
2643
2643
2644
2644
2645
2645
2645
2645
2646
2646
2646
2646
2647
2647
2647
2648
2648
2648
2648
2649
2649
2649
2650
2650
2650
2650
2651
2651
2651
2652
2652
2652
2652
2653
2653
2653
2653
2654
2654
2654
2655
2655
2655
2656
2656
2656
2656
2657
2657
2657
2658
2658
2658
2658
2659
2659
2659
2660
2660
2660
2660
2661
2661
2661
2661
2662
2662
2662
2662
2663
2663
2663
2664
2664
2665
2665
2665
2665
2667
2667
2667
2667
2668
2668
2668
2668
2669
2669
2669
2669
2670
2670
2671
2671
2671
2672
2672
2672
2672
2673
2673
2673
2674
2674
2674
2674
2675
2675
2675
2675
2676
2676
2676
2676
2677
2677
2677
2677
2678
2678
2678
2678
2679
2679
2679
2680
2680
2680
2680
2681
2681
2681
2681
2682
2682
2682
2683
2683
2683
2683
2684
2684
2684
2685
2685
2685
2685
2686
2686
2686
2686
2687
2687
2687
2688
2688
2688
2689
2689
2689
2690
2690
2690
2691
2691
2692
2692
2692
2692
2693
2693
2693
2693
2694
2694
2694
2695
2695
2695
2695
2696
2696
2696
2696
2697
2697
2697
2698
2698
2698
2698
2699
2699
2699
2700
2700
2700
2700
2701
2701
2701
2702
2702
2702
2702
2703
2703
2703
2703
2704
2704
2704
2704
2705
2705
2705
2705
2706
2706
2706
2706
2707
2707
2707
2707
2708
2708
2708
2709
2710
2710
2710
2711
2711
2711
2712
2712
2712
2712
2713
2713
2713
2714
2714
2714
2714
2715
2715
2715
2715
2716
2716
2716
2716
2717
2717
2717
2718
2718
2718
2719
2719
2719
2720
2720
2720
2720
2721
2721
2721
2722
2722
2722
2723
2724
2724
2724
2724
2725
2725
2725
2726
2726
2726
2726
2727
2727
2727
2728
2728
2728
2728
2729
2729
2729
2729
2730
2730
2730
2730
2731
2731
2731
2731
2732
2732
2732
2732
2733
2733
2733
2734
2734
2734
2735
2735
2735
2735
2736
2736
2736
2737
2737
2737
2738
2738
2738
2738
2739
2739
2739
2739
2740
2740
2740
2741
2741
2741
2741
2742
2743
2743
2743
2743
2744
2744
2744
2745
2745
2745
2745
2746
2746
2746
2746
2747
2747
2747
2747
2748
2748
2748
2748
2749
2749
2749
2749
2750
2750
2750
2750
2751
2751
2751
2752
2752
2752
2752
2753
2753
2753
2753
2754
2754
2754
2755
2755
2755
2755
2756
2756
2756
2756
2757
2757
2757
2757
2758
2758
2758
2758
2759
2759
2759
2759
2760
2760
2760
2760
2761
2761
2761
2761
2762
2762
2762
2763
2763
2763
2763
2764
2764
2764
2764
2765
2765
2765
2766
2766
2766
2767
2767
2767
2767
2768
2768
2768
2768
2769
2769
2769
2769
2770
2770
2770
2770
2771
2771
2771
2772
2772
2772
2773
2773
2773
2774
2774
2775
2775
2775
2775
2776
2776
2776
2777
2777
2777
2777
2778
2778
2778
2779
2779
2780
2780
2780
2781
2781
2781
2782
2782
2782
2783
2783
2784
2784
2784
2784
2785
2785
2786
2786
2786
2786
2787
2787
2787
2788
2788
2788
2788
2789
2789
2789
2789
2790
2790
2790
2790
2791
2791
2791
2792
2792
2792
2792
2793
2793
2793
2794
2794
2794
2795
2795
2795
2795
2796
2796
2796
2796
2797
2797
2797
2797
2798
2798
2798
2798
2799
2799
2799
2800
2800
2800
2800
2801
2801
2802
2802
2802
2802
2803
2803
2803
2803
2804
2804
2804
2804
2805
2805
2805
2806
2806
2806
2807
2807
2807
2807
2808
2808
2808
2809
2809
2809
2809
2810
2810
2810
2810
2811
2811
2811
2811
2812
2812
2812
2813
2813
2813
2814
2814
2814
2814
2815
2815
2815
2816
2816
2817
2817
2817
2818
2818
2818
2818
2819
2819
2820
2820
2820
2820
2821
2821
2821
2821
2822
2822
2822
2822
2823
2823
2823
2824
2824
2824
2824
2825
2825
2825
2825
2826
2826
2826
2826
2827
2827
2827
2827
2828
2828
2828
2828
2829
2829
2829
2830
2830
2830
2830
2831
2831
2831
2831
2832
2832
2832
2832
2833
2833
2833
2834
2834
2834
2834
2835
2835
2835
2835
2836
2836
2836
2836
2837
2837
2837
2837
2838
2839
2839
2839
2839
2840
2840
2840
2841
2841
2841
2841
2842
2842
2842
2842
2843
2843
2843
2843
2844
2844
2844
2844
2845
2845
2845
2845
2846
2846
2846
2847
2847
2847
2847
2848
2848
2848
2848
2849
2849
2849
2850
2850
2850
2850
2851
2851
2851
2851
2852
2852
2852
2853
2853
2853
2853
2854
2854
2854
2855
2855
2855
2855
2856
2856
2856
2856
2857
2857
2857
2857
2858
2858
2858
2858
2859
2859
2859
2859
2860
2860
2860
2860
2861
2861
2862
2862
2862
2862
2863
2863
2863
2864
2864
2864
2864
2865
2865
2865
2866
2866
2866
2866
2867
2867
2867
2867
2868
2868
2868
2868
2869
2869
2869
2870
2871
2871
2871
2871
2872
2872
2872
2872
2873
2873
2873
2873
2874
2874
2874
2874
2875
2875
2875
2875
2876
2876
2876
2877
2877
2877
2878
2878
2878
2879
2879
2879
2879
2880
2880
2880
2880
2881
2881
2882
2882
2882
2882
2883
2883
2883
2883
2884
2884
2884
2884
2885
2885
2885
2885
2886
2886
2886
2886
2887
2887
2887
2887
2888
2888
2888
2888
2889
2889
2889
2890
2891
2891
2891
2892
2892
2892
2893
2893
2894
2894
2895
2895
2895
2895
2896
2896
2896
2896
2897
2897
2897
2897
2898
2898
2898
2898
2899
2899
2900
2900
2901
2901
2901
2902
2902
2902
2903
2903
2903
2904
2904
2904
2904
2905
2905
2905
2906
2906
2906
2906
2907
2907
2907
2907
2908
2908
2908
2909
2909
2909
2909
2910
2910
2910
2910
2911
2911
2911
2911
2912
2912
2912
2912
2913
2913
2913
2913
2914
2914
2914
2914
2915
2915
2916
2916
2917
2917
2917
2917
2918
2918
2918
2918
2919
2919
2919
2919
2920
2920
2920
2920
2921
2921
2922
2922
2922
2922
2923
2923
2923
2923
2924
2925
2925
2925
2925
2926
2926
2926
2926
2927
2927
2927
2928
2928
2928
2928
2929
2929
2929
2930
2930
2930
2931
2931
2931
2931
2932
2933
2933
2933
2934
2934
2934
2935
2935
2935
2935
2936
2936
2936
2936
2937
2937
2937
2938
2938
2938
2938
2939
2939
2939
2939
2940
2940
2940
2940
2941
2941
2941
2941
2942
2942
2942
2943
2943
2943
2943
2944
2944
2944
2944
2945
2945
2945
2945
2946
2946
2946
2947
2947
2947
2947
2948
2948
2949
2949
2949
2949
2950
2950
2950
2951
2951
2951
2951
2952
2952
2952
2953
2953
2953
2953
2954
2954
2954
2954
2955
2955
2955
2956
2956
2956
2957
2957
2957
2957
2958
2958
2958
2959
2959
2959
2960
2960
2960
2960
2961
2962
2962
2962
2962
2963
2963
2963
2963
2964
2964
2964
2965
2965
2965
2966
2966
2966
2966
2967
2967
2967
2967
2968
2968
2968
2969
2969
2969
2969
2970
2970
2970
2970
2971
2971
2971
2972
2972
2972
2973
2973
2973
2974
2974
2974
2975
2975
2975
2976
2976
2976
2976
2977
2977
2977
2977
2978
2978
2978
2978
2979
2979
2980
2980
2980
2980
2981
2981
2981
2981
2982
2982
2982
2983
2983
2983
2984
2984
2984
2985
2985
2985
2985
2986
2986
2987
2987
2987
2988
2988
2988
2988
2989
2989
2989
2989
2990
2990
2990
2991
2991
2991
2991
2992
2992
2992
2993
2993
2993
2993
2994
2994
2994
2994
2995
2995
2995
2996
2996
2996
2996
2997
2997
2998
2998
2998
2999
2999
2999
2999
3000
3000
3000
3000
3001
3001
3001
3002
3002
3002
3003
3003
3003
3003
3004
3004
3005
3005
3005
3005
3006
3007
3007
3007
3007
3008
3008
3008
3008
3009
3009
3009
3010
3010
3010
3011
3011
3011
3012
3012
3012
3012
3013
3013
3013
3014
3014
3014
3015
3015
3015
3015
3016
3016
3016
3016
3017
3017
3018
3018
3018
3019
3019
3019
3019
3020
3020
3020
3020
3021
3021
3021
3022
3022
3022
3022
3023
3023
3024
3024
3024
3024
3025
3025
3025
3025
3026
3026
3026
3027
3027
3027
3028
3029
3029
3029
3029
3030
3030
3030
3030
3031
3031
3031
3031
3032
3032
3032
3033
3033
3033
3034
3034
3034
3034
3035
3035
3035
3035
3036
3036
3036
3036
3037
3037
3037
3038
3038
3038
3038
3039
3039
3040
3040
3040
3041
3041
3041
3042
3042
3042
3042
3043
3043
3043
3043
3044
3044
3044
3045
3045
3045
3045
3046
3046
3046
3047
3047
3047
3047
3048
3048
3049
3049
3049
3049
3050
3050
3050
3051
3051
3051
3051
3052
3052
3052
3053
3053
3053
3053
3054
3054
3054
3054
3055
3055
3055
3055
3056
3056
3056
3056
3057
3057
3057
3058
3058
3058
3058
3059
3059
3059
3059
3060
3060
3060
3061
3061
3061
3062
3062
3063
3063
3063
3063
3064
3064
3064
3064
3065
3065
3065
3066
3066
3066
3066
3067
3067
3067
3067
3068
3068
3068
3069
3069
3069
3070
3070
3070
3070
3071
3071
3071
3071
3072
3072
3072
3072
3073
3073
3073
3073
3074
3074
3074
3074
3075
3075
3075
3076
3076
3076
3076
3077
3077
3077
3078
3078
3078
3079
3079
3079
3079
3080
3080
3080
3080
3081
3081
3082
3083
3083
3083
3084
3084
3084
3084
3085
3085
3086
3086
3086
3087
3088
3088
3088
3088
3089
3089
3089
3090
3090
3090
3090
3091
3091
3091
3091
3092
3092
3092
3092
3093
3093
3093
3093
3094
3094
3094
3095
3095
3095
3096
3096
3097
3097
3097
3098
3098
3098
3098
3099
3099
3099
3099
3100
3100
3100
3100
3101
3101
3101
3101
3102
3102
3102
3102
3103
3103
3103
3103
3104
3104
3104
3105
3105
3105
3105
3106
3106
3106
3106
3107
3107
3107
3107
3108
3108
3108
3108
3109
3109
3109
3109
3110
3110
3110
3110
3111
3111
3111
3111
3112
3112
3112
3113
3113
3113
3113
3114
3114
3114
3114
3115
3115
3115
3116
3116
3116
3116
3117
3117
3117
3117
3118
3118
3118
3118
3119
3119
3119
3119
3120
3120
3121
3121
3121
3122
3122
3122
3122
3123
3123
3123
3123
3124
3124
3124
3124
3125
3126
3126
3126
3126
3127
3127
3127
3129
3129
3129
3130
3130
3130
3130
3131
3132
3132
3132
3133
3133
3133
3133
3134
3134
3135
3135
3135
3135
3136
3136
3136
3136
3137
3137
3137
3137
3138
3138
3138
3138
3139
3139
3139
3139
3140
3140
3141
3141
3141
3142
3142
3142
3143
3143
3143
3143
3144
3144
3144
3144
3145
3145
3146
3146
3146
3147
3147
3147
3147
3148
3148
3149
3149
3149
3149
3150
3150
3150
3150
3151
3151
3151
3151
3152
3152
3152
3152
3153
3153
3153
3154
3154
3154
3154
3155
3155
3155
3155
3156
3156
3156
3157
3158
3158
3158
3158
3159
3159
3160
3160
3160
3160
3161
3161
3161
3161
3162
3162
3162
3162
3163
3163
3163
3163
3164
3164
3164
3165
3165
3166
3166
3166
3167
3167
3167
3168
3168
3168
3168
3169
3169
3170
3170
3171
3171
3171
3172
3172
3172
3172
3173
3173
3173
3174
3174
3175
3175
3175
3176
3176
3176
3176
3177
3177
3177
3177
3178
3178
3178
3178
3179
3179
3179
3180
3180
3180
3180
3181
3181
3181
3182
3182
3182
3182
3183
3183
3183
3184
3184
3184
3184
3185
3185
3185
3185
3186
3187
3187
3187
3187
3188
3188
3188
3188
3189
3189
3189
3189
3190
3190
3190
3191
3191
3191
3191
3192
3192
3192
3193
3193
3193
3194
3194
3194
3195
3195
3196
3196
3197
3197
3197
3197
3198
3198
3198
3199
3199
3200
3200
3200
3201
3201
3201
3202
3202
3203
3203
3203
3203
3204
3204
3204
3204
3205
3205
3205
3205
3206
3206
3207
3207
3207
3209
3209
3209
3209
3210
3210
3210
3211
3211
3211
3211
3212
3212
3212
3213
3213
3213
3214
3214
3214
3215
3215
3215
3216
3216
3216
3216
3217
3217
3217
3217
3218
3218
3218
3219
3219
3219
3219
3220
3220
3220
3221
3221
3221
3222
3222
3222
3222
3223
3223
3223
3224
3224
3224
3225
3225
3225
3225
3226
3226
3226
3227
3227
3228
3228
3228
3229
3229
3229
3229
3230
3230
3230
3230
3231
3231
3232
3232
3232
3232
3233
3234
3234
3234
3234
3235
3235
3235
3235
3236
3236
3236
3237
3237
3238
3238
3238
3238
3239
3239
3239
3240
3240
3240
3241
3241
3241
3242
3243
3243
3244
3244
3244
3244
3245
3245
3246
3246
3246
3246
3247
3247
3247
3247
3248
3248
3248
3248
3249
3249
3249
3250
3250
3250
3250
3251
3251
3251
3252
3252
3252
3252
3253
3253
3253
3254
3254
3255
3255
3255
3255
3256
3256
3256
3257
3257
3257
3258
3258
3258
3258
3259
3259
3259
3260
3260
3260
3260
3261
3261
3261
3261
3262
3262
3262
3262
3263
3263
3263
3263
3264
3264
3264
3264
3265
3265
3266
3266
3266
3267
3267
3267
3267
3268
3268
3268
3268
3269
3269
3269
3270
3270
3271
3271
3272
3272
3273
3273
3273
3273
3274
3274
3274
3275
3275
3275
3275
3276
3276
3276
3276
3277
3277
3278
3278
3278
3278
3279
3279
3280
3280
3280
3281
3281
3281
3281
3282
3282
3282
3282
3283
3283
3283
3284
3284
3284
3284
3285
3285
3285
3286
3286
3286
3286
3287
3287
3287
3288
3288
3289
3289
3289
3289
3290
3290
3290
3290
3291
3291
3291
3291
3292
3292
3293
3293
3294
3294
3294
3295
3295
3295
3295
3296
3296
3296
3297
3297
3297
3297
3298
3298
3298
3298
3299
3299
3299
3299
3300
3300
3300
3300
3301
3301
3301
3301
3302
3302
3302
3302
3303
3303
3303
3303
3304
3304
3304
3304
3305
3305
3305
3305
3306
3306
3306
3307
3307
3307
3308
3308
3308
3309
3309
3309
3309
3310
3310
3310
3311
3311
3311
3311
3312
3312
3312
3312
3313
3313
3313
3314
3314
3314
3314
3315
3315
3315
3315
3316
3316
3316
3316
3317
3317
3318
3318
3318
3318
3319
3319
3319
3319
3320
3320
3320
3320
3321
3321
3322
3322
3322
3323
3323
3323
3323
3324
3324
3324
3324
3325
3325
3325
3326
3326
3327
3327
3327
3328
3328
3328
3328
3329
3330
3330
3330
3331
3331
3331
3332
3332
3332
3333
3333
3333
3333
3334
3334
3334
3334
3335
3335
3335
3335
3336
3336
3336
3337
3337
3338
3338
3338
3338
3339
3339
3339
3339
3340
3340
3340
3340
3341
3341
3341
3342
3342
3342
3342
3343
3343
3343
3344
3344
3344
3345
3345
3345
3346
3346
3346
3346
3347
3347
3347
3347
3348
3348
3348
3349
3349
3350
3350
3350
3351
3351
3351
3352
3352
3352
3352
3353
3353
3354
3354
3354
3355
3355
3355
3356
3356
3356
3357
3357
3357
3357
3358
3358
3358
3359
3359
3359
3360
3360
3361
3361
3361
3361
3362
3362
3362
3363
3363
3363
3363
3364
3364
3364
3365
3365
3365
3365
3366
3366
3366
3367
3367
3367
3367
3368
3368
3368
3368
3369
3369
3369
3369
3370
3370
3371
3371
3371
3371
3372
3372
3372
3372
3373
3373
3373
3374
3374
3374
3374
3375
3375
3375
3376
3376
3376
3377
3377
3377
3378
3378
3378
3379
3379
3379
3380
3380
3380
3380
3381
3381
3381
3382
3382
3382
3382
3383
3383
3384
3384
3384
3384
3385
3385
3385
3386
3386
3386
3386
3387
3387
3387
3388
3388
3388
3388
3389
3389
3390
3390
3390
3390
3391
3391
3391
3392
3392
3392
3392
3393
3393
3393
3394
3394
3394
3394
3395
3395
3395
3395
3396
3396
3396
3397
3397
3398
3398
3398
3399
3399
3399
3399
3400
3400
3400
3400
3401
3401
3402
3402
3402
3402
3403
3403
3403
3404
3404
3405
3405
3405
3405
3406
3406
3406
3407
3407
3407
3407
3408
3408
3408
3409
3409
3410
3410
3410
3411
3411
3411
3411
3412
3412
3412
3412
3413
3413
3413
3414
3414
3414
3415
3415
3415
3416
3416
3416
3417
3417
3418
3418
3418
3419
3419
3419
3420
3420
3420
3421
3421
3421
3422
3422
3422
3422
3423
3423
3424
3424
3424
3424
3425
3425
3425
3426
3426
3426
3427
3427
3427
3427
3428
3428
3428
3428
3429
3429
3429
3430
3430
3430
3431
3431
3431
3431
3432
3432
3432
3433
3433
3433
3434
3434
3434
3435
3435
3435
3436
3436
3436
3437
3437
3437
3438
3438
3438
3438
3439
3439
3439
3440
3441
3441
3442
3442
3442
3442
3443
3443
3444
3444
3444
3444
3445
3445
3445
3445
3446
3447
3447
3447
3447
3448
3448
3448
3448
3449
3449
3449
3449
3450
3450
3450
3450
3451
3451
3451
3451
3452
3452
3452
3452
3453
3453
3453
3453
3454
3454
3454
3455
3455
3455
3456
3456
3456
3456
3457
3457
3457
3457
3458
3458
3458
3459
3459
3459
3459
3460
3460
3461
3461
3462
3462
3462
3462
3463
3463
3463
3463
3464
3464
3464
3464
3465
3465
3465
3465
3466
3466
3466
3467
3468
3468
3468
3468
3469
3469
3469
3469
3470
3470
3470
3471
3471
3472
3473
3473
3473
3473
3474
3474
3474
3474
3475
3475
3475
3475
3476
3476
3477
3477
3477
3478
3478
3478
3479
3479
3480
3480
3480
3480
3481
3481
3482
3482
3482
3482
3483
3483
3483
3483
3484
3484
3484
3485
3485
3485
3485
3486
3486
3486
3487
3487
3487
3488
3488
3488
3489
3490
3490
3490
3490
3491
3491
3491
3491
3492
3492
3493
3493
3493
3493
3494
3494
3494
3494
3495
3495
3495
3496
3496
3496
3496
3497
3497
3497
3498
3498
3498
3499
3499
3499
3499
3500
3500
3500
3500
3501
3501
3501
3502
3502
3502
3503
3503
3503
3504
3504
3504
3505
3505
3505
3506
3506
3506
3506
3507
3507
3507
3508
3509
3509
3509
3510
3510
3510
3511
3511
3511
3512
3512
3512
3512
3513
3513
3514
3514
3514
3514
3515
3515
3515
3515
3516
3516
3516
3516
3517
3517
3517
3517
3518
3518
3519
3519
3519
3519
3520
3520
3520
3521
3521
3521
3522
3522
3522
3522
3523
3524
3524
3524
3524
3525
3525
3525
3525
3526
3526
3527
3527
3527
3528
3528
3528
3528
3529
3529
3529
3529
3530
3530
3531
3531
3531
3532
3532
3532
3533
3533
3533
3533
3534
3534
3534
3535
3535
3535
3536
3536
3536
3536
3537
3537
3537
3537
3538
3538
3538
3539
3539
3539
3539
3540
3540
3540
3540
3541
3541
3542
3542
3542
3543
3543
3543
3543
3544
3544
3545
3545
3545
3545
3546
3546
3546
3546
3547
3547
3547
3547
3548
3548
3548
3548
3549
3549
3549
3550
3550
3550
3551
3551
3551
3552
3552
3552
3552
3553
3553
3553
3553
3554
3554
3555
3555
3555
3556
3556
3556
3557
3557
3557
3557
3558
3558
3558
3559
3559
3559
3560
3560
3561
3561
3562
3562
3562
3562
3563
3563
3563
3563
3564
3564
3564
3564
3565
3565
3566
3566
3566
3566
3567
3567
3568
3568
3568
3568
3569
3569
3569
3570
3570
3570
3571
3571
3571
3572
3572
3572
3573
3573
3573
3574
3574
3574
3575
3575
3575
3575
3576
3576
3576
3576
3577
3577
3577
3577
3578
3578
3578
3579
3579
3579
3579
3580
3580
3581
3581
3581
3581
3582
3582
3582
3583
3583
3583
3583
3584
3584
3584
3585
3585
3585
3585
3586
3586
3586
3586
3587
3587
3587
3587
3588
3588
3588
3588
3589
3589
3589
3589
3590
3590
3590
3590
3591
3591
3591
3591
3592
3592
3592
3593
3593
3593
3593
3594
3594
3594
3594
3595
3595
3595
3596
3596
3596
3596
3597
3597
3597
3598
3598
3598
3598
3599
3599
3599
3599
3600
3600
3601
3601
3601
3601
3602
3602
3602
3603
3603
3604
3604
3604
3604
3605
3605
3605
3605
3606
3606
3606
3606
3607
3607
3607
3607
3608
3608
3608
3609
3609
3609
3610
3611
3611
3612
3612
3612
3613
3613
3613
3613
3614
3614
3614
3614
3615
3615
3616
3616
3616
3617
3617
3617
3617
3618
3618
3618
3619
3619
3619
3619
3620
3620
3620
3621
3621
3621
3621
3622
3622
3622
3622
3623
3623
3623
3623
3624
3624
3624
3624
3625
3625
3625
3625
3626
3626
3626
3626
3627
3627
3627
3627
3628
3628
3628
3628
3629
3629
3629
3630
3630
3630
3631
3631
3631
3631
3632
3632
3632
3632
3633
3633
3633
3634
3634
3634
3634
3635
3635
3635
3635
3636
3636
3636
3637
3637
3637
3637
3638
3638
3638
3639
3639
3639
3640
3640
3641
3641
3641
3642
3642
3642
3642
3643
3643
3643
3643
3644
3644
3645
3645
3645
3646
3646
3646
3646
3647
3647
3647
3648
3648
3648
3648
3649
3649
3649
3650
3650
3651
3651
3651
3652
3652
3652
3652
3653
3653
3654
3654
3655
3655
3655
3655
3656
3656
3656
3656
3657
3657
3657
3658
3658
3658
3659
3659
3659
3659
3660
3660
3660
3660
3661
3661
3661
3661
3662
3662
3662
3662
3663
3663
3663
3663
3664
3664
3664
3664
3665
3665
3665
3665
3666
3666
3666
3666
3667
3667
3667
3667
3668
3668
3668
3669
3669
3669
3669
3670
3670
3671
3671
3671
3671
3672
3672
3672
3672
3673
3673
3673
3674
3674
3675
3675
3675
3676
3676
3677
3677
3677
3677
3678
3678
3678
3678
3679
3679
3679
3679
3680
3680
3680
3681
3681
3682
3682
3682
3682
3683
3683
3684
3684
3684
3685
3685
3685
3686
3686
3686
3686
3687
3687
3687
3687
3688
3688
3688
3688
3689
3689
3689
3689
3690
3690
3690
3690
3691
3691
3691
3692
3692
3692
3692
3693
3693
3693
3694
3694
3694
3695
3695
3695
3695
3696
3696
3696
3697
3697
3697
3697
3698
3698
3698
3699
3699
3700
3700
3700
3701
3701
3702
3702
3702
3702
3703
3703
3704
3704
3704
3705
3705
3705
3706
3706
3706
3706
3707
3707
3707
3708
3708
3708
3708
3709
3709
3709
3709
3710
3710
3710
3711
3711
3711
3712
3712
3712
3712
3713
3713
3713
3713
3714
3714
3714
3714
3715
3715
3715
3715
3716
3716
3716
3717
3717
3717
3718
3718
3718
3719
3719
3719
3720
3720
3720
3721
3721
3721
3721
3722
3722
3722
3722
3723
3723
3723
3723
3724
3724
3724
3725
3725
3725
3726
3726
3726
3727
3727
3727
3728
3728
3728
3728
3729
3729
3729
3730
3730
3731
3731
3731
3732
3732
3732
3733
3733
3733
3733
3734
3734
3734
3736
3736
3737
3737
3737
3738
3738
3738
3738
3739
3739
3739
3740
3740
3740
3740
3742
3742
3742
3742
3743
3743
3743
3743
3744
3744
3744
3745
3745
3745
3745
3746
3746
3746
3747
3747
3747
3748
3748
3748
3749
3749
3749
3750
3750
3750
3750
3751
3751
3752
3752
3752
3753
3753
3753
3753
3754
3754
3755
3755
3755
3755
3756
3756
3756
3756
3757
3757
3758
3758
3758
3759
3759
3759
3759
3760
3760
3760
3761
3761
3762
3762
3762
3762
3763
3763
3763
3764
3764
3764
3765
3765
3765
3766
3766
3766
3766
3767
3767
3768
3768
3768
3768
3769
3769
3769
3770
3770
3771
3771
3771
3771
3772
3772
3772
3772
3773
3773
3773
3773
3774
3774
3774
3774
3775
3775
3775
3775
3776
3776
3776
3777
3777
3777
3777
3778
3778
3778
3779
3779
3779
3779
3780
3780
3780
3780
3781
3781
3782
3782
3782
3782
3783
3783
3783
3783
3784
3784
3784
3784
3785
3785
3785
3786
3786
3787
3787
3787
3787
3788
3788
3788
3788
3789
3789
3789
3789
3790
3790
3790
3791
3791
3791
3791
3792
3792
3792
3792
3793
3793
3794
3794
3794
3795
3795
3796
3796
3797
3797
3797
3797
3798
3798
3798
3798
3799
3799
3799
3799
3800
3800
3800
3801
3801
3801
3801
3802
3802
3802
3802
3803
3803
3803
3804
3804
3804
3805
3805
3806
3806
3806
3806
3807
3807
3807
3807
3808
3808
3808
3809
3809
3809
3809
3810
3810
3810
3810
3811
3812
3812
3812
3813
3813
3813
3813
3814
3814
3814
3814
3815
3815
3815
3815
3816
3816
3816
3817
3817
3817
3817
3818
3818
3818
3819
3819
3819
3819
3820
3820
3820
3820
3821
3821
3821
3821
3822
3822
3822
3823
3823
3823
3823
3824
3824
3824
3825
3825
3825
3826
3826
3826
3827
3828
3828
3828
3829
3829
3830
3830
3830
3830
3831
3831
3831
3831
3832
3832
3833
3833
3833
3833
3834
3834
3834
3834
3835
3835
3836
3836
3836
3836
3837
3837
3837
3837
3838
3838
3838
3838
3839
3839
3839
3839
3840
3840
3840
3840
3841
3841
3841
3842
3842
3842
3842
3843
3843
3843
3843
3844
3845
3845
3845
3846
3846
3846
3847
3847
3847
3847
3848
3848
3849
3849
3849
3850
3850
3850
3850
3851
3851
3852
3852
3852
3853
3853
3853
3853
3854
3854
3855
3855
3855
3856
3856
3856
3856
3857
3857
3857
3857
3858
3858
3858
3858
3859
3859
3859
3859
3860
3860
3860
3860
3861
3861
3861
3861
3862
3862
3862
3863
3863
3864
3864
3865
3865
3865
3866
3866
3866
3866
3867
3867
3867
3868
3868
3868
3868
3869
3869
3869
3869
3870
3871
3871
3871
3872
3872
3872
3872
3873
3873
3873
3873
3874
3874
3874
3874
3875
3875
3875
3876
3876
3876
3877
3877
3877
3878
3878
3878
3878
3879
3879
3879
3880
3880
3880
3880
3881
3881
3881
3882
3882
3882
3882
3883
3883
3883
3883
3884
3884
3884
3885
3885
3885
3885
3886
3886
3886
3886
3887
3887
3887
3888
3888
3889
3889
3890
3890
3890
3890
3891
3891
3891
3891
3892
3892
3892
3893
3893
3893
3894
3894
3894
3894
3895
3895
3895
3895
3896
3896
3896
3897
3897
3897
3897
3898
3898
3899
3900
3900
3900
3901
3901
3901
3902
3902
3902
3903
3903
3903
3903
3904
3904
3904
3904
3905
3905
3905
3905
3906
3906
3906
3907
3907
3907
3907
3908
3908
3908
3909
3909
3909
3910
3910
3910
3910
3911
3911
3911
3912
3912
3912
3912
3913
3913
3914
3914
3915
3915
3915
3915
3916
3916
3916
3916
3917
3917
3917
3918
3918
3918
3918
3919
3920
3920
3920
3921
3921
3921
3922
3922
3922
3922
3923
3924
3924
3924
3924
3925
3925
3925
3925
3926
3926
3926
3927
3927
3927
3927
3928
3928
3928
3928
3929
3929
3930
3930
3930
3930
3931
3931
3931
3932
3932
3932
3932
3933
3933
3933
3933
3934
3934
3934
3934
3935
3935
3935
3935
3936
3936
3936
3937
3937
3937
3937
3938
3938
3938
3939
3939
3939
3940
3940
3940
3940
3941
3941
3942
3942
3943
3943
3944
3944
3944
3944
3945
3945
3945
3945
3946
3946
3946
3947
3947
3947
3947
3948
3948
3948
3949
3949
3949
3950
3950
3950
3950
3951
3951
3951
3951
3952
3952
3952
3952
3953
3953
3953
3953
3954
3954
3954
3954
3955
3955
3956
3956
3956
3957
3957
3958
3958
3958
3958
3959
3959
3960
3960
3960
3961
3961
3962
3962
3962
3962
3963
3963
3963
3964
3964
3964
3965
3965
3965
3965
3966
3966
3966
3966
3967
3967
3967
3968
3968
3968
3969
3969
3969
3969
3970
3970
3970
3970
3971
3971
3971
3972
3973
3973
3973
3973
3974
3974
3975
3975
3975
3976
3976
3976
3976
3977
3977
3977
3977
3978
3978
3978
3979
3979
3979
3979
3980
3980
3980
3980
3981
3981
3981
3981
3982
3982
3982
3983
3983
3983
3983
3984
3984
3984
3985
3985
3985
3985
3986
3986
3986
3986
3987
3987
3987
3988
3988
3988
3989
3989
3989
3989
3990
3990
3990
3990
3991
3991
3991
3991
3992
3992
3992
3993
3993
3993
3993
3994
3994
3994
3995
3995
3996
3996
3996
3997
3997
3997
3997
3998
3998
3998
3998
3999
3999
3999
3999
4000
4000
4000
4001
4001
4002
4002
4003
4003
4003
4004
4004
4004
4005
4005
4006
4006
4006
4007
4007
4007
4007
4008
4008
4008
4008
4009
4009
4009
4010
4010
4010
4010
4011
4011
4011
4011
4012
4012
4012
4012
4013
4013
4013
4014
4014
4014
4014
4015
4015
4015
4016
4016
4016
4017
4017
4018
4018
4018
4018
4019
4019
4019
4019
4020
4020
4020
4021
4021
4021
4021
4022
4022
4023
4023
4023
4023
4024
4024
4024
4025
4025
4025
4025
4026
4026
4027
4027
4027
4028
4028
4028
4029
4029
4029
4030
4030
4030
4030
4031
4031
4031
4032
4032
4032
4033
4033
4034
4035
4035
4036
4036
4036
4036
4037
4037
4037
4037
4038
4038
4038
4038
4039
4039
4039
4039
4040
4040
4040
4040
4041
4041
4041
4042
4042
4043
4043
4044
4044
4044
4044
4045
4045
4046
4046
4047
4047
4048
4048
4048
4048
4049
4049
4049
4049
4050
4050
4050
4050
4051
4051
4051
4052
4052
4053
4053
4053
4053
4054
4054
4055
4055
4055
4055
4056
4056
4056
4057
4057
4057
4058
4058
4058
4059
4059
4059
4060
4060
4060
4060
4061
4061
4061
4061
4062
4062
4062
4063
4063
4063
4063
4064
4064
4065
4065
4065
4065
4066
4066
4066
4067
4067
4067
4067
4068
4068
4069
4069
4069
4070
4070
4070
4070
4071
4071
4072
4072
4072
4072
4073
4073
4074
4074
4074
4075
4075
4075
4075
4076
4076
4076
4077
4078
4078
4078
4078
4079
4079
4079
4079
4080
4080
4080
4080
4081
4081
4081
4081
4082
4082
4082
4082
4083
4083
4084
4084
4084
4084
4085
4085
4085
4086
4086
4086
4086
4087
4087
4087
4087
4088
4088
4089
4089
4089
4089
4090
4090
4090
4090
4091
4091
4091
4091
4092
4092
4093
4093
4094
4094
4094
4094
4095
4095
4095
4095
4096
4096
4096
4097
4097
4097
4097
4098
4098
4098
4099
4099
4099
4099
4100
4100
4100
4100
4101
4101
4101
4101
4102
4102
4102
4103
4103
4103
4104
4104
4104
4104
4105
4105
4105
4105
4106
4106
4106
4106
4107
4107
4107
4107
4108
4108
4108
4109
4109
4109
4110
4110
4110
4110
4111
4111
4111
4111
4112
4112
4112
4112
4113
4113
4114
4114
4114
4114
4115
4115
4115
4116
4116
4117
4117
4117
4118
4118
4118
4118
4119
4119
4119
4119
4120
4120
4121
4121
4121
4122
4122
4122
4122
4123
4123
4123
4123
4124
4124
4124
4125
4125
4125
4125
4126
4126
4126
4126
4127
4127
4128
4128
4128
4129
4129
4129
4129
4130
4131
4131
4132
4132
4132
4133
4133
4133
4133
4134
4134
4134
4134
4135
4135
4136
4136
4136
4136
4137
4137
4138
4138
4138
4139
4139
4139
4139
4140
4140
4140
4140
4141
4141
4142
4142
4142
4142
4143
4143
4143
4143
4144
4145
4145
4146
4146
4146
4146
4147
4147
4147
4148
4148
4148
4149
4149
4150
4150
4150
4150
4151
4151
4151
4151
4152
4152
4152
4152
4153
4153
4153
4154
4154
4154
4155
4155
4155
4156
4156
4156
4156
4157
4157
4157
4157
4158
4158
4158
4158
4159
4159
4160
4160
4161
4161
4162
4162
4162
4162
4163
4163
4164
4164
4164
4164
4165
4165
4165
4166
4166
4166
4166
4167
4167
4167
4167
4168
4168
4168
4168
4169
4169
4169
4170
4170
4170
4171
4171
4171
4171
4172
4172
4172
4172
4173
4173
4174
4174
4175
4175
4175
4175
4176
4176
4176
4177
4177
4177
4177
4178
4178
4178
4178
4179
4179
4179
4179
4180
4180
4180
4181
4181
4181
4182
4182
4182
4183
4183
4183
4183
4184
4184
4184
4184
4185
4185
4185
4185
4186
4186
4186
4186
4187
4187
4187
4187
4188
4188
4189
4189
4189
4190
4190
4190
4191
4191
4191
4191
4192
4192
4192
4193
4193
4193
4193
4194
4194
4194
4194
4195
4195
4195
4195
4196
4196
4196
4197
4197
4197
4198
4198
4198
4198
4199
4199
4199
4199
4200
4200
4200
4201
4201
4201
4201
4202
4202
4202
4202
4203
4203
4203
4204
4204
4204
4204
4205
4205
4205
4205
4206
4206
4206
4206
4207
4207
4207
4208
4208
4208
4209
4209
4210
4210
4210
4211
4211
4211
4212
4212
4212
4212
4213
4213
4213
4213
4214
4214
4214
4215
4215
4215
4215
4216
4216
4216
4217
4217
4217
4218
4218
4218
4219
4219
4219
4219
4220
4220
4220
4220
4221
4221
4221
4221
4222
4222
4222
4222
4223
4223
4224
4224
4224
4224
4225
4225
4225
4226
4226
4227
4227
4227
4228
4228
4228
4229
4229
4229
4230
4230
4230
4231
4231
4231
4231
4232
4232
4232
4232
4233
4233
4233
4233
4234
4234
4234
4235
4235
4235
4236
4236
4236
4237
4237
4238
4238
4239
4239
4239
4240
4240
4240
4240
4241
4241
4242
4242
4242
4243
4243
4243
4243
4244
4244
4245
4245
4245
4245
4246
4246
4246
4247
4247
4247
4247
4248
4248
4248
4248
4249
4249
4249
4250
4250
4250
4250
4251
4251
4252
4252
4252
4253
4253
4253
4254
4254
4254
4254
4255
4255
4256
4256
4256
4257
4257
4257
4258
4259
4259
4259
4260
4260
4260
4261
4261
4261
4261
4262
4262
4262
4262
4263
4263
4264
4264
4264
4265
4265
4265
4265
4266
4266
4266
4267
4267
4267
4267
4268
4268
4268
4269
4270
4271
4271
4271
4271
4272
4272
4272
4272
4273
4273
4273
4274
4274
4274
4275
4275
4275
4275
4276
4276
4276
4277
4277
4277
4278
4278
4278
4279
4279
4280
4280
4280
4281
4281
4282
4282
4282
4282
4283
4283
4283
4284
4284
4284
4285
4285
4286
4286
4286
4286
4287
4287
4288
4288
4288
4288
4289
4289
4289
4289
4290
4290
4290
4290
4291
4291
4291
4292
4292
4292
4293
4293
4293
4294
4294
4294
4294
4295
4295
4295
4295
4297
4297
4297
4297
4298
4298
4298
4298
4299
4299
4299
4300
4300
4300
4301
4302
4302
4302
4303
4303
4303
4303
4304
4304
4305
4305
4306
4306
4306
4306
4307
4307
4307
4307
4308
4308
4308
4309
4309
4309
4309
4310
4310
4310
4310
4311
4311
4311
4311
4312
4312
4312
4312
4313
4313
4313
4313
4314
4314
4315
4315
4315
4315
4316
4316
4316
4316
4317
4317
4317
4317
4318
4318
4318
4318
4319
4319
4319
4320
4320
4320
4321
4321
4321
4321
4322
4322
4322
4322
4323
4323
4323
4324
4324
4325
4325
4325
4326
4326
4326
4326
4327
4327
4328
4328
4328
4329
4329
4329
4330
4330
4330
4330
4331
4331
4331
4332
4332
4332
4332
4333
4333
4334
4334
4334
4335
4335
4335
4335
4336
4336
4336
4337
4337
4337
4338
4338
4338
4338
4339
4339
4339
4339
4340
4340
4341
4341
4341
4342
4342
4342
4342
4343
4343
4343
4344
4344
4344
4345
4345
4345
4345
4346
4346
4346
4347
4347
4347
4347
4348
4348
4349
4349
4349
4349
4350
4350
4350
4351
4351
4351
4352
4352
4352
4353
4353
4353
4353
4354
4354
4354
4355
4356
4356
4356
4357
4357
4357
4357
4358
4358
4358
4359
4359
4359
4360
4360
4360
4360
4361
4362
4362
4362
4362
4363
4363
4364
4364
4364
4365
4365
4365
4366
4366
4366
4366
4367
4367
4367
4368
4368
4368
4368
4369
4369
4369
4369
4370
4370
4370
4370
4371
4371
4371
4371
4372
4372
4372
4372
4373
4373
4373
4373
4374
4374
4374
4375
4375
4375
4376
4376
4376
4376
4377
4377
4377
4377
4378
4378
4378
4378
4379
4379
4379
4379
4380
4380
4380
4381
4381
4381
4382
4382
4383
4383
4384
4384
4384
4385
4385
4385
4385
4386
4386
4386
4387
4387
4388
4388
4388
4388
4389
4389
4389
4389
4390
4390
4390
4391
4391
4391
4392
4392
4392
4393
4393
4393
4393
4394
4394
4394
4394
4395
4395
4395
4396
4396
4396
4396
4397
4397
4397
4398
4398
4398
4398
4399
4399
4399
4399
4400
4400
4400
4400
4401
4401
4401
4401
4402
4402
4402
4403
4403
4403
4404
4404
4405
4405
4405
4405
4406
4406
4406
4407
4407
4407
4407
4408
4408
4408
4408
4409
4409
4409
4409
4410
4410
4410
4410
4411
4411
4411
4411
4412
4412
4412
4412
4413
4413
4413
4414
4414
4415
4415
4415
4415
4416
4416
4416
4416
4417
4417
4417
4417
4418
4418
4418
4418
4419
4419
4419
4420
4420
4420
4420
4421
4421
4421
4421
4422
4422
4422
4422
4423
4423
4423
4424
4424
4424
4424
4425
4425
4425
4425
4426
4426
4426
4426
4427
4427
4427
4427
4428
4428
4428
4428
4429
4429
4429
4429
4430
4430
4430
4430
4431
4431
4431
4432
4432
4432
4432
4433
4433
4433
4433
4434
4434
4434
4434
4435
4435
4435
4436
4436
4436
4436
4437
4437
4437
4438
4438
4439
4439
4439
4439
4440
4440
4441
4441
4441
4442
4442
4442
4442
4443
4443
4443
4444
4444
4444
4444
4445
4445
4445
4446
4446
4446
4446
4447
4447
4448
4448
4448
4448
4449
4449
4449
4449
4450
4450
4450
4450
4451
4452
4452
4452
4453
4453
4453
4453
4454
4454
4454
4455
4455
4455
4456
4456
4456
4456
4457
4457
4457
4457
4458
4458
4458
4459
4459
4459
4460
4460
4460
4460
4461
4461
4461
4461
4462
4462
4462
4462
4464
4464
4465
4465
4465
4465
4466
4466
4466
4466
4467
4467
4467
4468
4468
4468
4469
4469
4469
4470
4470
4470
4471
4471
4471
4472
4472
4472
4472
4473
4473
4473
4474
4474
4475
4475
4476
4476
4476
4477
4477
4477
4477
4478
4478
4478
4479
4479
4479
4479
4480
4480
4481
4481
4481
4481
4482
4482
4482
4483
4483
4483
4483
4484
4485
4485
4485
4486
4487
4487
4487
4488
4488
4488
4489
4489
4489
4489
4490
4490
4490
4491
4491
4491
4492
4492
4492
4493
4493
4493
4494
4494
4494
4494
4495
4495
4495
4495
4496
4496
4496
4497
4497
4497
4497
4498
4498
4498
4498
4499
4499
4500
4500
4500
4501
4501
4501
4501
4502
4502
4502
4502
4503
4503
4503
4504
4504
4504
4504
4505
4505
4506
4506
4506
4507
4507
4507
4507
4508
4508
4508
4508
4509
4509
4509
4509
4510
4510
4510
4510
4511
4511
4511
4512
4512
4512
4513
4513
4513
4513
4514
4514
4514
4515
4515
4515
4515
4516
4516
4516
4517
4517
4517
4518
4518
4518
4518
4519
4519
4519
4519
4520
4520
4521
4521
4521
4522
4522
4522
4523
4523
4523
4523
4524
4524
4524
4525
4525
4525
4525
4526
4526
4526
4527
4527
4527
4528
4528
4528
4528
4529
4529
4529
4529
4530
4530
4530
4530
4531
4531
4532
4532
4532
4532
4533
4533
4533
4534
4534
4534
4535
4535
4535
4536
4536
4536
4537
4537
4537
4538
4538
4538
4539
4539
4540
4540
4540
4541
4542
4542
4542
4542
4543
4543
4543
4543
4544
4544
4544
4544
4545
4545
4545
4545
4546
4546
4546
4546
4547
4547
4547
4548
4548
4549
4549
4549
4549
4550
4550
4550
4551
4551
4551
4552
4552
4553
4553
4553
4553
4554
4554
4554
4555
4555
4556
4556
4556
4557
4557
4557
4558
4558
4558
4559
4559
4559
4559
4560
4560
4561
4561
4561
4562
4562
4563
4563
4563
4564
4564
4564
4564
4565
4565
4565
4566
4566
4566
4567
4567
4567
4568
4568
4568
4569
4569
4569
4570
4570
4570
4571
4571
4572
4572
4572
4573
4573
4574
4574
4574
4575
4575
4576
4576
4576
4577
4577
4577
4578
4578
4579
4579
4579
4580
4580
4580
4580
4581
4581
4581
4582
4582
4582
4582
4583
4583
4583
4584
4584
4585
4585
4585
4585
4586
4586
4586
4587
4587
4588
4588
4588
4588
4589
4589
4589
4589
4590
4590
4590
4590
4591
4591
4591
4591
4592
4592
4592
4593
4593
4594
4594
4594
4594
4595
4595
4595
4596
4596
4596
4597
4597
4597
4598
4598
4598
4599
4599
4599
4600
4600
4601
4601
4601
4602
4602
4602
4602
4603
4603
4603
4604
4604
4604
4604
4605
4605
4605
4606
4606
4607
4607
4607
4607
4608
4608
4608
4609
4609
4610
4610
4610
4610
4611
4611
4611
4612
4612
4612
4612
4613
4613
4614
4614
4615
4615
4615
4615
4616
4616
4616
4616
4617
4618
4618
4618
4618
4619
4619
4619
4619
4620
4620
4620
4621
4621
4622
4622
4622
4622
4623
4623
4623
4624
4624
4624
4624
4625
4625
4626
4626
4626
4626
4627
4627
4627
4627
4628
4628
4628
4628
4629
4629
4629
4630
4630
4631
4631
4631
4631
4632
4632
4632
4632
4633
4633
4633
4634
4634
4634
4634
4635
4635
4635
4635
4636
4636
4637
4638
4638
4638
4639
4639
4639
4639
4640
4640
4640
4641
4642
4642
4642
4642
4643
4643
4643
4644
4644
4644
4644
4645
4645
4645
4645
4646
4646
4646
4647
4647
4647
4648
4648
4648
4648
4649
4649
4649
4650
4650
4650
4650
4651
4651
4651
4651
4652
4652
4652
4652
4653
4653
4653
4653
4654
4654
4655
4655
4655
4655
4656
4656
4656
4656
4657
4657
4657
4657
4658
4658
4658
4658
4659
4659
4660
4660
4660
4660
4661
4662
4662
4662
4663
4663
4663
4663
4664
4664
4664
4664
4665
4665
4665
4665
4666
4666
4666
4667
4667
4667
4667
4668
4668
4668
4668
4669
4670
4670
4670
4670
4671
4671
4671
4671
4672
4672
4672
4673
4673
4673
4673
4674
4674
4674
4674
4675
4675
4675
4675
4676
4676
4676
4676
4677
4677
4677
4678
4678
4678
4678
4679
4679
4679
4680
4680
4680
4680
4681
4681
4681
4681
4682
4682
4682
4682
4683
4683
4684
4684
4684
4685
4685
4685
4686
4686
4686
4687
4687
4688
4688
4688
4688
4689
4689
4689
4689
4690
4690
4690
4690
4691
4691
4691
4692
4692
4692
4692
4693
4693
4694
4694
4695
4695
4695
4696
4696
4696
4696
4697
4697
4697
4697
4698
4698
4698
4698
4699
4699
4699
4699
4700
4700
4700
4701
4701
4701
4701
4702
4702
4702
4703
4703
4704
4704
4704
4704
4705
4705
4705
4705
4706
4706
4706
4707
4707
4707
4707
4708
4708
4708
4708
4709
4709
4709
4709
4710
4710
4710
4710
4711
4711
4711
4711
4712
4712
4712
4713
4713
4713
4714
4714
4714
4715
4715
4715
4716
4716
4716
4717
4717
4717
4718
4718
4718
4718
4719
4719
4719
4719
4720
4720
4720
4720
4721
4721
4722
4722
4722
4722
4723
4723
4724
4724
4724
4725
4725
4725
4725
4726
4726
4726
4726
4727
4727
4727
4727
4728
4728
4728
4728
4729
4729
4729
4730
4730
4730
4731
4731
4731
4731
4732
4732
4733
4733
4733
4733
4734
4734
4735
4735
4735
4735
4736
4736
4736
4737
4737
4737
4738
4738
4738
4739
4739
4739
4740
4741
4741
4741
4742
4742
4742
4742
4743
4743
4743
4743
4744
4744
4744
4744
4745
4745
4745
4745
4746
4746
4746
4747
4747
4747
4747
4748
4748
4748
4748
4749
4749
4749
4749
4750
4750
4750
4750
4751
4751
4752
4752
4753
4753
4753
4753
4754
4754
4754
4754
4755
4755
4755
4756
4756
4756
4757
4757
4757
4758
4758
4758
4758
4759
4759
4759
4760
4760
4760
4761
4761
4761
4761
4762
4762
4762
4763
4763
4764
4764
4764
4765
4765
4765
4765
4766
4766
4767
4767
4767
4767
4768
4768
4768
4768
4769
4769
4769
4770
4770
4770
4770
4771
4771
4771
4771
4772
4772
4772
4772
4773
4773
4774
4774
4774
4775
4775
4776
4776
4776
4776
4777
4777
4777
4777
4778
4778
4778
4779
4779
4779
4779
4780
4780
4780
4781
4781
4781
4781
4782
4782
4782
4783
4783
4783
4783
4784
4784
4784
4785
4785
4785
4785
4786
4786
4786
4786
4787
4787
4787
4787
4788
4788
4788
4789
4789
4789
4790
4790
4790
4790
4792
4792
4792
4792
4793
4793
4793
4794
4794
4795
4795
4796
4796
4796
4796
4797
4797
4797
4797
4798
4798
4798
4798
4799
4800
4800
4800
4800
4801
4801
4801
4801
4802
4802
4802
4803
4803
4803
4804
4804
4805
4805
4805
4806
4806
4806
4806
4807
4807
4807
4808
4808
4808
4808
4809
4809
4809
4809
4810
4810
4810
4810
4811
4811
4811
4812
4812
4812
4812
4813
4813
4813
4814
4814
4814
4814
4815
4815
4816
4816
4816
4816
4817
4817
4817
4817
4818
4818
4818
4819
4819
4819
4819
4820
4820
4820
4820
4821
4821
4821
4822
4822
4822
4823
4823
4823
4823
4824
4824
4824
4825
4825
4825
4825
4826
4826
4826
4826
4827
4827
4827
4827
4828
4828
4828
4828
4829
4829
4829
4829
4830
4830
4830
4830
4831
4831
4831
4832
4832
4832
4833
4833
4833
4834
4834
4834
4834
4835
4835
4835
4835
4836
4836
4836
4836
4837
4837
4837
4838
4838
4839
4839
4839
4839
4840
4841
4841
4841
4841
4842
4842
4842
4842
4843
4843
4843
4843
4844
4844
4844
4844
4845
4845
4846
4846
4846
4846
4847
4847
4847
4847
4848
4848
4848
4848
4849
4849
4849
4849
4850
4850
4850
4851
4851
4851
4852
4852
4852
4853
4853
4853
4853
4854
4854
4854
4854
4855
4855
4855
4855
4856
4856
4856
4856
4857
4857
4857
4858
4858
4858
4859
4859
4860
4860
4860
4860
4861
4861
4861
4862
4862
4862
4862
4863
4864
4864
4864
4865
4865
4865
4865
4866
4866
4866
4866
4867
4867
4867
4868
4868
4868
4868
4869
4869
4869
4870
4870
4870
4871
4871
4871
4872
4872
4872
4872
4873
4873
4873
4874
4874
4874
4875
4875
4875
4875
4876
4876
4876
4877
4877
4877
4877
4878
4878
4878
4878
4879
4879
4879
4879
4880
4880
4880
4881
4881
4881
4881
4882
4882
4882
4882
4883
4884
4885
4885
4885
4885
4886
4886
4886
4886
4887
4887
4887
4887
4888
4888
4888
4889
4889
4890
4890
4890
4891
4891
4892
4892
4892
4892
4893
4893
4893
4894
4894
4895
4895
4895
4895
4896
4896
4897
4897
4897
4898
4898
4898
4898
4899
4899
4899
4900
4900
4900
4900
4901
4901
4901
4901
4902
4902
4902
4903
4903
4903
4903
4904
4904
4904
4904
4905
4905
4905
4906
4906
4906
4907
4907
4907
4907
4908
4908
4908
4908
4909
4909
4909
4910
4910
4910
4911
4911
4911
4912
4912
4912
4912
4913
4913
4913
4913
4914
4914
4914
4914
4915
4915
4915
4916
4916
4916
4916
4917
4917
4917
4918
4918
4918
4919
4919
4920
4920
4920
4921
4921
4921
4922
4922
4922
4922
4923
4923
4923
4924
4924
4924
4924
4925
4925
4925
4925
4926
4926
4926
4927
4927
4927
4927
4928
4928
4929
4929
4929
4929
4930
4930
4930
4930
4931
4931
4931
4931
4932
4932
4932
4932
4933
4933
4933
4934
4935
4935
4935
4935
4936
4936
4937
4937
4937
4937
4938
4938
4938
4939
4939
4939
4940
4940
4940
4940
4941
4941
4941
4942
4942
4942
4943
4943
4944
4944
4944
4944
4945
4945
4945
4946
4946
4946
4947
4947
4947
4947
4948
4948
4949
4949
4949
4949
4950
4950
4950
4950
4951
4951
4951
4952
4952
4952
4953
4953
4953
4954
4954
4954
4955
4956
4956
4956
4957
4958
4958
4958
4958
4959
4959
4959
4959
4960
4960
4960
4960
4961
4961
4961
4962
4962
4963
4963
4963
4963
4964
4964
4964
4965
4965
4965
4965
4966
4966
4966
4966
4967
4967
4967
4968
4968
4969
4969
4969
4969
4970
4970
4970
4970
4971
4971
4971
4971
4972
4972
4972
4973
4973
4973
4974
4974
4974
4974
4975
4975
4975
4975
4976
4976
4976
4977
4977
4977
4978
4978
4978
4979
4979
4979
4979
4980
4980
4980
4980
4981
4981
4981
4982
4982
4982
4983
4983
4983
4984
4984
4984
4984
4985
4985
4985
4985
4986
4986
4986
4987
4987
4987
4988
4988
4988
4989
4989
4989
4989
4990
4990
4990
4990
4991
4992
4992
4992
4992
4993
4993
4994
4994
4994
4995
4996
4996
4996
4997
4997
4997
4998
4998
4998
4998
4999
4999
5000
5000
5000
5001
5001
5001
5001
5002
5002
5002
5002
5003
5003
5003
5003
5004
5004
5004
5004
5005
5005
5006
5006
5006
5007
5007
5007
5008
5008
5008
5009
5009
5009
5009
5010
5010
5010
5011
5011
5011
5011
5012
5012
5012
5012
5013
5013
5013
5013
5014
5014
5015
5015
5015
5015
5016
5016
5016
5017
5017
5017
5017
5018
5018
5018
5018
5019
5019
5019
5019
5020
5020
5020
5021
5021
5021
5021
5022
5022
5022
5022
5023
5023
5023
5024
5024
5024
5024
5025
5025
5025
5025
5026
5026
5026
5027
5027
5027
5028
5028
5029
5029
5029
5029
5030
5030
5030
5030
5031
5031
5031
5032
5032
5032
5033
5033
5033
5033
5034
5034
5034
5035
5035
5035
5035
5036
5036
5036
5037
5037
5037
5038
5038
5038
5039
5039
5039
5040
5040
5040
5041
5042
5042
5042
5043
5043
5044
5044
5044
5044
5045
5045
5045
5045
5046
5046
5046
5047
5047
5047
5048
5048
5048
5048
5049
5049
5049
5049
5050
5050
5050
5050
5051
5051
5051
5051
5052
5052
5052
5052
5053
5053
5053
5054
5054
5054
5054
5055
5055
5055
5055
5056
5056
5056
5056
5057
5057
5057
5058
5058
5058
5058
5059
5059
5059
5060
5060
5060
5061
5061
5061
5062
5062
5062
5063
5063
5063
5063
5064
5064
5064
5065
5065
5065
5066
5066
5067
5067
5067
5067
5068
5068
5068
5068
5069
5070
5070
5070
5070
5071
5071
5071
5072
5072
5073
5073
5073
5073
5074
5074
5074
5074
5075
5075
5076
5076
5076
5077
5077
5077
5078
5078
5078
5079
5079
5079
5079
5080
5080
5081
5081
5082
5082
5082
5082
5083
5083
5083
5083
5084
5084
5085
5085
5085
5086
5086
5086
5086
5087
5087
5087
5088
5088
5088
5089
5089
5089
5090
5090
5090
5091
5091
5092
5092
5093
5093
5093
5094
5094
5094
5094
5095
5095
5096
5096
5096
5096
5098
5098
5098
5099
5099
5099
5100
5100
5100
5101
5101
5101
5101
5102
5102
5103
5103
5103
5104
5104
5105
5105
5105
5106
5106
5106
5106
5107
5107
5107
5107
5108
5108
5108
5109
5109
5109
5111
5111
5111
5112
5112
5112
5112
5113
5113
5113
5114
5114
5114
5114
5115
5115
5115
5115
5116
5116
5116
5116
5117
5117
5117
5117
5118
5118
5118
5118
5119
5119
5119
5120
5120
5120
5120
5121
5121
5121
5121
5122
5122
5122
5122
5123
5123
5123
5123
5124
5124
5125
5125
5125
5125
5126
5126
5126
5127
5128
5128
5128
5128
5129
5129
5130
5130
5130
5130
5131
5131
5131
5131
5132
5132
5132
5133
5133
5133
5133
5134
5134
5134
5134
5135
5135
5135
5135
5136
5136
5136
5136
5137
5137
5137
5137
5138
5138
5138
5139
5139
5139
5139
5140
5140
5140
5141
5141
5141
5141
5142
5143
5143
5143
5144
5144
5144
5145
5145
5146
5146
5146
5146
5147
5147
5148
5148
5148
5149
5149
5149
5149
5150
5150
5150
5151
5151
5151
5151
5152
5152
5153
5153
5153
5153
5154
5154
5154
5154
5155
5155
5155
5155
5156
5156
5156
5157
5157
5157
5158
5158
5158
5159
5159
5159
5160
5160
5160
5161
5161
5161
5162
5162
5163
5163
5164
5164
5165
5165
5165
5165
5166
5166
5167
5167
5167
5167
5168
5168
5168
5168
5169
5169
5170
5170
5170
5171
5171
5171
5172
5172
5172
5173
5173
5173
5173
5174
5174
5174
5174
5175
5175
5175
5176
5176
5176
5176
5177
5177
5178
5178
5178
5179
5179
5179
5180
5180
5181
5181
5181
5181
5182
5182
5182
5182
5183
5183
5184
5184
5184
5185
5185
5185
5185
5186
5187
5187
5187
5188
5188
5188
5188
5189
5189
5189
5190
5190
5190
5190
5191
5191
5191
5191
5192
5192
5193
5193
5194
5194
5194
5194
5195
5195
5196
5196
5196
5196
5197
5197
5197
5197
5198
5198
5198
5199
5199
5199
5199
5200
5200
5200
5200
5201
5201
5202
5202
5202
5203
5203
5203
5203
5204
5204
5204
5205
5205
5206
5206
5206
5207
5207
5207
5208
5208
5208
5209
5209
5209
5209
5210
5210
5210
5211
5211
5211
5211
5212
5212
5212
5212
5213
5213
5213
5213
5214
5214
5214
5215
5215
5215
5215
5216
5216
5216
5216
5217
5217
5218
5218
5218
5218
5219
5219
5219
5220
5220
5220
5220
5221
5221
5221
5222
5222
5222
5222
5223
5223
5223
5223
5224
5224
5224
5224
5225
5225
5225
5226
5226
5226
5226
5227
5227
5228
5228
5228
5228
5229
5229
5229
5230
5230
5230
5230
5231
5231
5232
5232
5232
5233
5233
5233
5233
5234
5234
5235
5235
5235
5235
5236
5236
5236
5236
5237
5237
5238
5238
5238
5238
5239
5239
5239
5240
5240
5240
5240
5241
5241
5241
5241
5242
5242
5242
5242
5243
5243
5243
5244
5244
5244
5244
5245
5245
5246
5246
5246
5247
5247
5247
5247
5248
5248
5248
5248
5249
5249
5249
5250
5250
5250
5250
5251
5251
5251
5251
5252
5253
5253
5254
5254
5254
5254
5255
5255
5255
5256
5256
5256
5256
5257
5257
5257
5258
5258
5258
5259
5259
5259
5260
5260
5260
5260
5261
5261
5262
5262
5263
5263
5263
5264
5264
5265
5265
5266
5266
5266
5266
5267
5267
5267
5268
5268
5269
5269
5270
5270
5270
5270
5271
5271
5271
5272
5272
5272
5272
5273
5273
5273
5274
5274
5275
5275
5276
5276
5276
5276
5277
5277
5277
5277
5278
5278
5278
5279
5279
5279
5279
5280
5280
5280
5280
5281
5281
5281
5282
5282
5282
5283
5283
5283
5284
5284
5285
5285
5285
5286
5286
5287
5287
5287
5287
5288
5288
5288
5288
5289
5289
5289
5290
5290
5290
5291
5291
5291
5291
5292
5292
5292
5292
5293
5293
5293
5293
5294
5294
5294
5294
5295
5295
5295
5296
5296
5296
5297
5297
5298
5298
5298
5299
5299
5300
5300
5301
5301
5301
5301
5302
5303
5303
5303
5303
5304
5305
5305
5306
5306
5306
5306
5307
5307
5307
5308
5308
5308
5308
5309
5309
5309
5310
5310
5310
5310
5311
5311
5311
5312
5312
5312
5312
5313
5313
5314
5314
5314
5314
5315
5315
5316
5317
5317
5317
5317
5318
5318
5318
5318
5319
5319
5320
5320
5320
5320
5321
5321
5321
5321
5322
5322
5322
5323
5323
5324
5324
5324
5324
5325
5325
5325
5326
5326
5327
5327
5327
5327
5328
5328
5328
5328
5329
5329
5329
5330
5330
5330
5331
5331
5331
5332
5332
5332
5333
5333
5334
5334
5335
5335
5335
5335
5336
5337
5337
5337
5337
5338
5338
5338
5338
5339
5339
5339
5340
5340
5340
5340
5341
5341
5341
5341
5342
5342
5343
5343
5343
5343
5344
5344
5344
5345
5345
5345
5346
5346
5347
5347
5347
5348
5348
5348
5348
5349
5349
5349
5349
5350
5350
5350
5351
5351
5351
5351
5352
5352
5352
5352
5353
5353
5353
5354
5354
5354
5355
5355
5355
5355
5356
5356
5356
5357
5357
5357
5358
5358
5358
5358
5359
5359
5359
5360
5360
5361
5361
5361
5361
5362
5362
5362
5363
5363
5363
5363
5364
5364
5365
5365
5365
5365
5366
5366
5366
5367
5367
5367
5367
5368
5368
5368
5368
5369
5369
5370
5370
5370
5371
5371
5371
5371
5372
5372
5372
5373
5373
5374
5374
5374
5375
5375
5375
5375
5376
5376
5376
5377
5377
5378
5378
5378
5378
5379
5379
5379
5380
5380
5380
5380
5381
5381
5381
5382
5382
5382
5382
5383
5383
5383
5383
5384
5385
5385
5386
5386
5387
5387
5387
5388
5388
5388
5388
5389
5389
5389
5389
5390
5390
5390
5390
5391
5391
5392
5392
5392
5392
5393
5393
5393
5393
5394
5394
5395
5395
5395
5395
5396
5396
5396
5396
5397
5397
5397
5397
5398
5398
5398
5399
5399
5399
5399
5400
5400
5400
5401
5401
5401
5402
5402
5402
5403
5403
5403
5403
5404
5404
5404
5404
5405
5405
5406
5406
5406
5407
5407
5407
5407
5408
5408
5408
5408
5409
5409
5409
5409
5410
5410
5410
5411
5411
5411
5411
5412
5412
5412
5413
5413
5413
5413
5414
5414
5414
5415
5415
5415
5416
5416
5416
5416
5417
5417
5418
5418
5418
5418
5419
5419
5419
5420
5420
5420
5420
5421
5421
5421
5421
5422
5422
5422
5422
5423
5423
5423
5424
5424
5424
5424
5425
5425
5427
5427
5428
5428
5428
5428
5429
5429
5429
5430
5430
5431
5431
5432
5432
5432
5433
5434
5434
5434
5434
5435
5435
5435
5436
5436
5437
5437
5437
5437
5438
5438
5438
5439
5439
5439
5440
5440
5440
5441
5441
5441
5441
5442
5442
5442
5442
5443
5443
5443
5443
5444
5444
5445
5445
5445
5446
5446
5446
5446
5447
5447
5447
5447
5448
5448
5449
5449
5449
5449
5450
5450
5450
5450
5451
5451
5451
5451
5452
5452
5452
5452
5453
5453
5453
5453
5454
5454
5454
5454
5455
5456
5456
5456
5456
5457
5457
5457
5458
5458
5458
5458
5459
5459
5460
5460
5461
5461
5462
5462
5462
5463
5463
5464
5464
5464
5464
5465
5465
5465
5466
5466
5466
5467
5467
5468
5468
5468
5469
5469
5469
5469
5470
5470
5472
5472
5472
5472
5473
5473
5473
5473
5474
5474
5475
5475
5475
5476
5476
5476
5477
5477
5477
5478
5478
5479
5479
5479
5480
5480
5480
5481
5481
5481
5481
5482
5482
5482
5483
5483
5483
5483
5484
5484
5484
5484
5485
5485
5485
5486
5486
5486
5487
5487
5487
5487
5488
5488
5488
5489
5489
5489
5489
5490
5490
5490
5491
5491
5491
5492
5492
5492
5492
5493
5494
5494
5494
5495
5495
5495
5495
5496
5496
5497
5497
5497
5497
5498
5498
5499
5499
5499
5499
5500
5500
5500
5501
5501
5501
5501
5502
5503
5503
5503
5503
5504
5504
5504
5504
5505
5505
5505
5506
5506
5506
5507
5507
5507
5508
5508
5508
5509
5509
5509
5510
5510
5511
5511
5511
5512
5512
5512
5513
5513
5513
5513
5514
5514
5514
5514
5515
5515
5515
5516
5516
5516
5516
5517
5517
5517
5517
5518
5518
5518
5518
5519
5519
5519
5519
5520
5520
5521
5521
5522
5522
5522
5524
5524
5524
5524
5525
5525
5525
5525
5526
5526
5526
5526
5527
5527
5528
5528
5529
5529
5529
5530
5531
5531
5531
5532
5532
5532
5533
5534
5534
5534
5534
5535
5535
5535
5535
5536
5536
5537
5537
5537
5537
5538
5538
5538
5538
5539
5539
5540
5540
5540
5540
5541
5541
5542
5542
5542
5542
5543
5543
5544
5544
5544
5544
5545
5545
5545
5545
5546
5546
5547
5547
5548
5548
5548
5549
5549
5549
5550
5550
5551
5551
5551
5552
5552
5552
5552
5553
5553
5553
5553
5554
5554
5554
5554
5555
5555
5556
5556
5556
5557
5557
5557
5558
5558
5558
5558
5560
5560
5560
5561
5561
5561
5561
5562
5562
5562
5563
5563
5563
5563
5564
5564
5564
5565
5566
5566
5566
5566
5567
5567
5568
5568
5568
5568
5569
5569
5569
5570
5570
5570
5571
5571
5572
5572
5572
5573
5573
5573
5574
5574
5574
5574
5575
5575
5575
5575
5576
5576
5576
5576
5577
5577
5577
5577
5578
5578
5579
5579
5579
5580
5580
5580
5581
5581
5581
5582
5582
5582
5582
5583
5583
5583
5584
5584
5584
5585
5585
5585
5586
5586
5586
5587
5587
5587
5587
5588
5588
5588
5589
5589
5589
5589
5590
5590
5590
5590
5591
5591
5592
5592
5592
5592
5593
5593
5593
5593
5594
5594
5594
5595
5595
5595
5596
5596
5596
5597
5597
5597
5598
5598
5599
5599
5600
5600
5600
5601
5601
5601
5601
5602
5602
5602
5602
5603
5604
5605
5605
5605
5606
5606
5606
5606
5607
5607
5607
5607
5608
5608
5608
5609
5609
5609
5610
5610
5611
5611
5611
5612
5612
5612
5613
5613
5613
5613
5614
5614
5614
5614
5615
5616
5616
5616
5617
5617
5617
5618
5618
5618
5619
5619
5619
5620
5620
5620
5620
5621
5621
5621
5621
5622
5622
5622
5622
5623
5623
5623
5624
5624
5624
5624
5625
5625
5625
5626
5626
5626
5627
5627
5627
5627
5628
5628
5628
5628
5629
5629
5629
5629
5630
5630
5630
5630
5631
5631
5631
5632
5632
5632
5633
5633
5634
5634
5634
5634
5635
5635
5635
5635
5636
5636
5637
5637
5637
5637
5638
5638
5638
5638
5639
5639
5639
5640
5640
5640
5640
5641
5641
5641
5641
5642
5642
5642
5642
5643
5643
5643
5644
5644
5644
5644
5645
5645
5645
5646
5646
5646
5647
5647
5647
5648
5648
5648
5649
5649
5649
5650
5650
5650
5651
5651
5651
5651
5652
5652
5653
5653
5654
5654
5654
5655
5655
5656
5656
5656
5657
5657
5657
5657
5658
5658
5658
5659
5659
5659
5659
5660
5660
5660
5660
5661
5661
5661
5662
5662
5663
5663
5664
5664
5664
5664
5665
5665
5665
5666
5666
5667
5667
5667
5667
5668
5668
5668
5668
5669
5669
5669
5670
5670
5671
5671
5672
5672
5673
5673
5673
5673
5674
5675
5675
5675
5675
5676
5676
5676
5676
5677
5677
5678
5678
5678
5678
5679
5679
5679
5679
5680
5680
5680
5681
5681
5681
5681
5682
5682
5682
5683
5683
5683
5683
5684
5684
5684
5684
5685
5685
5685
5685
5686
5686
5686
5687
5687
5687
5687
5688
5688
5688
5688
5689
5689
5689
5689
5690
5690
5690
5691
5691
5691
5691
5692
5692
5692
5693
5693
5694
5694
5694
5694
5695
5695
5695
5695
5696
5696
5696
5697
5697
5697
5698
5698
5698
5698
5699
5699
5700
5700
5700
5700
5701
5701
5701
5701
5702
5702
5703
5703
5703
5703
5704
5704
5705
5705
5705
5706
5706
5706
5706
5707
5707
5707
5708
5708
5708
5708
5710
5710
5710
5711
5711
5711
5712
5712
5713
5714
5714
5714
5715
5715
5715
5715
5716
5716
5716
5716
5717
5717
5717
5717
5718
5718
5718
5718
5719
5719
5720
5720
5720
5721
5721
5721
5722
5722
5723
5723
5723
5723
5724
5724
5724
5724
5725
5725
5725
5726
5726
5726
5727
5727
5728
5728
5728
5728
5729
5729
5730
5730
5730
5731
5731
5731
5731
5732
5732
5732
5733
5733
5733
5733
5734
5734
5735
5735
5736
5736
5736
5737
5737
5737
5737
5738
5738
5739
5739
5739
5740
5741
5741
5742
5742
5743
5743
5744
5745
5745
5746
5746
5746
5746
5747
5747
5748
5748
5748
5749
5749
5749
5750
5750
5750
5751
5751
5751
5751
5752
5752
5752
5753
5753
5753
5754
5754
5754
5754
5755
5755
5756
5756
5757
5757
5757
5758
5758
5758
5758
5759
5759
5759
5760
5760
5760
5760
5761
5761
5761
5762
5762
5762
5763
5763
5763
5764
5764
5764
5764
5765
5765
5765
5765
5766
5766
5767
5767
5767
5768
5768
5768
5769
5769
5769
5770
5770
5771
5771
5771
5771
5772
5772
5772
5773
5774
5774
5774
5774
5775
5775
5775
5775
5776
5776
5776
5777
5777
5777
5777
5778
5779
5779
5779
5779
5780
5780
5780
5781
5781
5781
5782
5782
5782
5783
5783
5783
5783
5784
5784
5785
5785
5785
5786
5786
5786
5787
5787
5787
5788
5788
5788
5788
5789
5789
5789
5789
5790
5790
5790
5791
5791
5791
5792
5792
5793
5793
5793
5794
5794
5794
5794
5795
5795
5795
5796
5796
5796
5796
5797
5798
5798
5798
5799
5799
5799
5799
5800
5800
5800
5800
5801
5801
5801
5801
5802
5802
5802
5802
5803
5803
5804
5804
5804
5805
5805
5806
5806
5806
5807
5807
5808
5808
5808
5808
5809
5809
5809
5810
5810
5810
5810
5811
5811
5812
5812
5812
5813
5813
5813
5814
5814
5815
5815
5815
5816
5816
5817
5817
5817
5817
5818
5818
5818
5819
5819
5819
5820
5820
5821
5821
5821
5821
5822
5823
5823
5823
5823
5824
5824
5824
5824
5825
5825
5826
5826
5826
5827
5827
5827
5828
5829
5829
5829
5830
5830
5830
5831
5831
5831
5832
5832
5832
5833
5833
5833
5833
5834
5835
5835
5835
5835
5836
5836
5836
5836
5837
5837
5837
5837
5838
5838
5838
5839
5839
5839
5840
5840
5840
5840
5841
5841
5842
5842
5842
5842
5843
5843
5843
5844
5844
5844
5845
5845
5845
5846
5846
5846
5847
5847
5848
5848
5848
5848
5849
5849
5849
5850
5850
5850
5850
5851
5851
5852
5852
5853
5853
5853
5853
5854
5854
5854
5855
5855
5855
5856
5856
5857
5857
5857
5857
5858
5858
5858
5859
5859
5859
5859
5860
5860
5860
5861
5861
5862
5862
5862
5862
5863
5863
5863
5864
5864
5865
5865
5866
5866
5866
5867
5867
5867
5868
5868
5868
5868
5869
5869
5869
5869
5870
5870
5871
5871
5871
5872
5872
5872
5872
5873
5873
5873
5874
5874
5874
5874
5875
5875
5875
5876
5876
5877
5877
5877
5878
5878
5878
5879
5879
5879
5879
5880
5880
5881
5881
5881
5881
5882
5882
5882
5883
5884
5884
5884
5885
5885
5885
5886
5886
5886
5887
5887
5887
5888
5888
5888
5889
5889
5889
5890
5890
5890
5891
5891
5891
5891
5892
5892
5892
5892
5893
5893
5894
5894
5895
5895
5895
5895
5896
5896
5896
5896
5897
5897
5898
5898
5898
5898
5899
5900
5900
5901
5901
5901
5902
5902
5902
5903
5903
5903
5904
5904
5904
5905
5905
5906
5906
5906
5907
5907
5907
5907
5908
5908
5908
5908
5909
5909
5909
5909
5910
5910
5910
5910
5911
5911
5912
5912
5913
5913
5914
5914
5914
5915
5915
5915
5915
5916
5916
5916
5917
5917
5917
5918
5918
5918
5918
5919
5919
5920
5920
5921
5921
5922
5922
5922
5922
5923
5923
5923
5924
5924
5925
5925
5925
5925
5926
5926
5926
5926
5927
5927
5927
5927
5928
5928
5928
5928
5929
5930
5930
5930
5930
5931
5931
5931
5931
5932
5932
5932
5932
5933
5933
5934
5934
5934
5935
5936
5936
5936
5936
5937
5937
5937
5937
5938
5938
5938
5938
5939
5939
5939
5940
5940
5940
5941
5941
5942
5942
5942
5942
5943
5943
5943
5944
5945
5945
5945
5946
5946
5946
5947
5947
5947
5947
5948
5948
5948
5949
5949
5949
5950
5950
5951
5951
5951
5951
5952
5952
5953
5953
5953
5954
5955
5956
5956
5956
5956
5957
5957
5959
5959
5959
5960
5960
5960
5960
5961
5961
5961
5961
5962
5962
5962
5962
5963
5963
5964
5964
5964
5965
5965
5966
5966
5966
5966
5967
5967
5968
5968
5968
5969
5969
5969
5970
5970
5970
5971
5971
5971
5972
5972
5972
5973
5973
5973
5973
5974
5974
5974
5975
5975
5975
5976
5976
5976
5976
5977
5977
5977
5978
5978
5978
5978
5979
5979
5979
5979
5980
5980
5981
5982
5982
5982
5982
5983
5983
5983
5984
5984
5984
5984
5985
5985
5985
5985
5986
5986
5986
5986
5987
5987
5988
5988
5988
5988
5989
5989
5989
5990
5991
5991
5991
5991
5992
5992
5992
5992
5993
5993
5993
5994
5994
5995
5995
5996
5996
5996
5997
5997
5997
5997
5998
5998
5999
5999
5999
6000
6000
6000
6001
6001
6001
6001
6002
6002
6002
6002
6003
6003
6004
6005
6005
6005
6005
6006
6006
6006
6007
6007
6007
6007
6008
6008
6008
6008
6009
6009
6009
6010
6010
6011
6011
6011
6012
6012
6013
6013
6013
6014
6014
6014
6015
6016
6017
6017
6017
6018
6018
6019
6019
6019
6020
6020
6020
6021
6021
6021
6022
6022
6023
6023
6023
6023
6024
6024
6024
6024
6025
6025
6025
6026
6026
6026
6027
6027
6028
6028
6028
6029
6029
6029
6030
6030
6030
6031
6031
6031
6032
6032
6032
6033
6033
6033
6033
6034
6035
6035
6036
6036
6036
6037
6037
6037
6038
6038
6038
6039
6039
6040
6040
6040
6040
6041
6042
6042
6042
6042
6043
6044
6044
6044
6045
6045
6045
6045
6046
6046
6047
6047
6047
6048
6048
6048
6049
6049
6049
6050
6050
6050
6050
6051
6051
6052
6052
6052
6053
6053
6053
6054
6054
6054
6055
6055
6055
6055
6056
6056
6056
6057
6057
6057
6057
6058
6058
6058
6059
6059
6059
6059
6060
6060
6060
6061
6061
6061
6061
6062
6062
6063
6063
6063
6064
6064
6065
6065
6067
6067
6067
6068
6068
6068
6068
6069
6069
6070
6070
6070
6071
6071
6071
6071
6072
6072
6072
6073
6073
6073
6073
6074
6074
6074
6075
6075
6075
6076
6076
6076
6077
6077
6078
6078
6078
6078
6079
6079
6079
6080
6080
6080
6080
6081
6081
6081
6081
6082
6082
6083
6083
6083
6084
6084
6084
6084
6085
6085
6085
6086
6086
6086
6087
6087
6087
6087
6088
6088
6088
6088
6089
6089
6089
6090
6090
6090
6090
6091
6091
6091
6092
6092
6092
6093
6093
6093
6093
6094
6094
6095
6095
6095
6096
6096
6096
6096
6097
6097
6097
6098
6098
6098
6099
6099
6100
6100
6100
6100
6101
6101
6101
6101
6102
6102
6102
6102
6103
6103
6103
6103
6104
6104
6105
6105
6105
6106
6106
6106
6107
6107
6107
6108
6108
6108
6109
6109
6109
6109
6110
6111
6111
6111
6111
6112
6112
6112
6112
6113
6113
6113
6113
6114
6114
6115
6115
6115
6115
6116
6116
6117
6117
6117
6117
6118
6119
6119
6119
6119
6120
6120
6121
6121
6121
6122
6122
6123
6123
6123
6123
6124
6125
6125
6126
6126
6126
6127
6127
6127
6128
6128
6129
6129
6129
6130
6130
6130
6130
6131
6131
6131
6131
6132
6132
6132
6132
6133
6133
6133
6134
6135
6135
6135
6136
6136
6136
6136
6137
6137
6138
6138
6138
6139
6139
6140
6140
6140
6141
6141
6141
6142
6142
6142
6142
6143
6143
6144
6144
6144
6145
6145
6146
6146
6146
6147
6147
6147
6147
6148
6148
6148
6148
6149
6150
6150
6150
6151
6152
6152
6153
6153
6153
6154
6154
6154
6155
6155
6155
6156
6156
6157
6157
6157
6158
6158
6158
6158
6159
6159
6160
6160
6160
6161
6161
6162
6162
6162
6163
6163
6163
6163
6164
6164
6164
6165
6165
6165
6166
6166
6166
6166
6167
6167
6168
6168
6168
6169
6169
6169
6169
6170
6170
6170
6171
6171
6171
6171
6172
6172
6172
6172
6173
6173
6173
6173
6174
6174
6174
6174
6175
6175
6175
6176
6176
6176
6177
6177
6178
6178
6178
6179
6179
6179
6180
6180
6180
6180
6181
6181
6181
6182
6182
6183
6183
6183
6183
6184
6184
6184
6184
6185
6185
6185
6186
6186
6186
6187
6187
6187
6187
6188
6188
6189
6189
6189
6189
6190
6190
6190
6190
6191
6191
6191
6191
6192
6192
6192
6192
6193
6193
6193
6193
6194
6194
6194
6195
6195
6196
6196
6196
6197
6197
6197
6198
6198
6198
6198
6199
6199
6199
6200
6200
6200
6201
6202
6202
6202
6203
6203
6204
6205
6205
6206
6206
6206
6207
6207
6207
6207
6208
6208
6208
6209
6209
6210
6210
6210
6211
6211
6211
6211
6212
6212
6212
6213
6213
6213
6213
6214
6214
6214
6215
6215
6215
6215
6216
6216
6216
6216
6217
6217
6218
6218
6218
6218
6219
6219
6220
6220
6220
6221
6221
6221
6222
6222
6222
6223
6224
6224
6224
6225
6225
6225
6226
6226
6226
6227
6227
6227
6228
6228
6228
6228
6229
6229
6230
6230
6230
6231
6231
6231
6231
6232
6232
6232
6233
6233
6234
6234
6234
6235
6235
6236
6236
6236
6236
6237
6237
6238
6238
6239
6239
6239
6240
6240
6241
6242
6242
6242
6242
6243
6243
6243
6243
6244
6244
6244
6245
6245
6246
6246
6246
6247
6248
6248
6248
6248
6249
6249
6249
6250
6250
6251
6251
6251
6252
6252
6253
6253
6253
6253
6254
6254
6254
6255
6255
6255
6256
6256
6257
6257
6258
6259
6259
6259
6259
6260
6260
6261
6261
6261
6262
6262
6262
6262
6263
6263
6263
6263
6264
6264
6264
6265
6265
6265
6265
6266
6266
6267
6267
6267
6267
6268
6268
6269
6269
6269
6270
6270
6271
6271
6271
6272
6272
6272
6273
6273
6273
6273
6274
6274
6274
6274
6275
6275
6275
6276
6276
6277
6277
6277
6277
6278
6278
6278
6279
6279
6280
6280
6280
6280
6281
6281
6281
6281
6282
6282
6282
6283
6283
6283
6283
6284
6284
6284
6285
6285
6285
6285
6286
6286
6287
6287
6287
6288
6288
6288
6289
6289
6289
6290
6290
6290
6290
6291
6291
6291
6292
6292
6292
6292
6293
6293
6294
6294
6294
6295
6295
6296
6296
6297
6297
6297
6298
6298
6298
6298
6299
6299
6300
6300
6300
6300
6301
6302
6303
6303
6303
6304
6304
6305
6305
6305
6306
6306
6306
6307
6307
6307
6308
6308
6309
6309
6309
6310
6310
6310
6310
6311
6311
6311
6311
6312
6312
6312
6313
6313
6313
6313
6314
6314
6314
6315
6315
6316
6316
6316
6317
6318
6319
6320
6320
6320
6320
6321
6322
6322
6322
6323
6323
6323
6324
6324
6325
6326
6326
6326
6327
6327
6328
6328
6329
6329
6329
6329
6330
6331
6331
6332
6332
6332
6332
6333
6333
6333
6334
6334
6334
6334
6335
6336
6336
6336
6337
6337
6338
6339
6339
6339
6339
6340
6340
6340
6341
6341
6341
6342
6342
6342
6343
6343
6343
6343
6344
6344
6344
6345
6345
6345
6345
6346
6346
6346
6347
6347
6347
6347
6348
6348
6348
6348
6349
6350
6350
6350
6350
6351
6351
6351
6352
6352
6352
6352
6353
6353
6353
6353
6354
6354
6355
6355
6355
6356
6356
6356
6356
6357
6357
6357
6357
6358
6358
6358
6359
6360
6360
6361
6361
6361
6362
6362
6362
6363
6363
6364
6364
6364
6364
6365
6365
6365
6366
6366
6366
6367
6367
6367
6368
6368
6369
6369
6369
6369
6370
6370
6370
6370
6371
6371
6371
6371
6372
6372
6372
6372
6373
6373
6373
6374
6374
6374
6374
6376
6376
6376
6376
6377
6377
6377
6377
6378
6378
6379
6379
6380
6380
6380
6381
6381
6381
6382
6382
6383
6383
6383
6384
6384
6384
6385
6385
6385
6386
6386
6387
6387
6387
6387
6388
6388
6388
6388
6389
6389
6389
6390
6391
6391
6391
6392
6392
6392
6392
6393
6393
6393
6394
6394
6395
6395
6395
6396
6396
6396
6397
6397
6397
6398
6398
6399
6399
6399
6399
6400
6400
6400
6401
6401
6402
6402
6402
6403
6403
6403
6403
6404
6404
6404
6405
6405
6405
6405
6406
6406
6406
6407
6407
6408
6408
6409
6409
6409
6409
6410
6410
6410
6411
6411
6412
6412
6412
6412
6413
6413
6413
6414
6414
6414
6415
6416
6416
6416
6417
6417
6418
6418
6419
6419
6419
6419
6420
6420
6420
6420
6421
6421
6421
6421
6422
6422
6422
6422
6423
6423
6424
6424
6424
6424
6425
6425
6425
6426
6426
6426
6427
6427
6428
6428
6429
6429
6429
6430
6430
6430
6431
6431
6431
6431
6432
6432
6432
6433
6433
6433
6434
6434
6435
6435
6435
6435
6436
6436
6436
6436
6437
6437
6437
6438
6438
6438
6438
6439
6439
6440
6440
6440
6440
6441
6441
6441
6442
6442
6442
6443
6443
6443
6444
6444
6445
6445
6445
6445
6446
6446
6447
6448
6448
6448
6448
6449
6449
6450
6450
6450
6451
6452
6452
6452
6452
6453
6453
6453
6454
6454
6454
6454
6455
6455
6455
6455
6456
6457
6457
6457
6458
6458
6458
6459
6459
6459
6460
6460
6460
6461
6461
6462
6462
6463
6463
6464
6464
6464
6464
6465
6465
6465
6466
6466
6467
6467
6467
6467
6468
6468
6468
6469
6469
6470
6470
6470
6470
6471
6471
6471
6471
6472
6472
6472
6472
6473
6473
6474
6474
6474
6475
6476
6476
6477
6477
6477
6477
6478
6478
6478
6478
6479
6479
6480
6480
6480
6481
6481
6481
6482
6482
6483
6483
6483
6483
6484
6484
6485
6485
6485
6485
6486
6486
6486
6486
6487
6487
6488
6488
6488
6489
6489
6489
6489
6490
6490
6491
6493
6493
6493
6493
6494
6494
6494
6495
6495
6495
6497
6497
6497
6497
6498
6498
6498
6498
6499
6499
6499
6499
6500
6501
6502
6502
6502
6503
6503
6503
6504
6504
6504
6504
6505
6505
6505
6505
6506
6506
6506
6506
6507
6507
6507
6507
6508
6508
6508
6509
6509
6509
6510
6510
6510
6511
6511
6511
6511
6512
6512
6513
6513
6513
6513
6514
6514
6515
6515
6515
6515
6516
6516
6517
6517
6517
6518
6518
6518
6519
6519
6520
6520
6520
6521
6521
6521
6522
6522
6522
6522
6523
6523
6523
6524
6524
6524
6525
6525
6525
6525
6526
6526
6526
6527
6527
6527
6528
6528
6528
6528
6529
6529
6530
6531
6532
6533
6533
6533
6533
6534
6535
6535
6536
6536
6536
6536
6537
6537
6537
6538
6538
6538
6539
6539
6539
6539
6540
6541
6541
6541
6541
6542
6542
6543
6543
6543
6544
6544
6544
6544
6545
6545
6545
6545
6546
6546
6547
6547
6547
6548
6548
6548
6549
6549
6549
6550
6550
6550
6551
6551
6551
6552
6552
6553
6553
6553
6553
6554
6554
6554
6555
6555
6555
6555
6556
6556
6556
6556
6557
6557
6557
6557
6558
6558
6558
6558
6559
6559
6559
6560
6560
6560
6560
6561
6561
6561
6561
6562
6562
6562
6563
6563
6563
6563
6564
6564
6565
6565
6565
6565
6566
6566
6566
6567
6567
6567
6567
6568
6568
6568
6568
6569
6570
6570
6570
6570
6571
6571
6571
6572
6572
6572
6572
6573
6573
6573
6574
6574
6574
6575
6575
6575
6576
6576
6576
6576
6577
6577
6578
6578
6578
6578
6579
6579
6579
6580
6580
6581
6581
6582
6583
6583
6583
6583
6584
6584
6585
6585
6585
6585
6586
6586
6586
6586
6587
6587
6587
6588
6588
6588
6588
6589
6589
6589
6590
6590
6590
6591
6591
6591
6591
6592
6592
6592
6592
6593
6593
6593
6593
6594
6594
6594
6595
6595
6596
6597
6598
6598
6598
6598
6599
6599
6599
6599
6600
6600
6600
6600
6601
6601
6601
6601
6602
6602
6602
6603
6603
6603
6603
6604
6604
6604
6604
6605
6605
6605
6606
6606
6606
6607
6607
6607
6608
6608
6609
6609
6610
6610
6611
6611
6612
6612
6612
6612
6613
6613
6613
6614
6614
6615
6615
6615
6615
6616
6616
6616
6616
6617
6617
6617
6618
6618
6619
6619
6619
6620
6620
6620
6621
6622
6622
6622
6622
6623
6623
6623
6623
6624
6624
6624
6624
6625
6625
6626
6626
6626
6626
6627
6627
6627
6627
6628
6628
6628
6629
6629
6629
6629
6630
6630
6630
6630
6631
6631
6631
6632
6632
6632
6633
6633
6633
6634
6634
6634
6634
6635
6635
6635
6635
6636
6636
6636
6636
6637
6637
6638
6638
6638
6639
6639
6639
6640
6640
6640
6640
6641
6641
6641
6641
6642
6642
6642
6642
6643
6643
6643
6643
6644
6644
6645
6645
6646
6647
6647
6647
6648
6648
6649
6649
6649
6650
6650
6650
6650
6651
6651
6651
6652
6652
6652
6652
6653
6654
6654
6654
6654
6655
6655
6655
6656
6656
6657
6657
6657
6658
6658
6659
6659
6659
6660
6660
6660
6660
6661
6661
6661
6662
6662
6662
6663
6663
6663
6663
6664
6664
6664
6664
6665
6665
6665
6665
6666
6666
6666
6668
6669
6669
6669
6670
6670
6670
6671
6671
6671
6672
6672
6672
6672
6673
6674
6675
6675
6676
6676
6676
6676
6677
6677
6677
6678
6678
6678
6679
6679
6680
6680
6681
6681
6681
6682
6682
6682
6682
6683
6683
6683
6683
6684
6684
6685
6685
6685
6686
6686
6686
6686
6687
6687
6687
6687
6688
6688
6688
6688
6689
6689
6689
6690
6690
6691
6692
6692
6692
6693
6693
6694
6694
6694
6695
6695
6695
6695
6696
6696
6696
6697
6697
6697
6697
6698
6699
6699
6699
6700
6700
6700
6701
6701
6701
6701
6702
6702
6702
6703
6703
6704
6704
6704
6705
6706
6706
6706
6706
6707
6707
6707
6708
6709
6709
6710
6710
6711
6711
6711
6711
6712
6712
6712
6713
6713
6714
6714
6715
6715
6715
6716
6716
6716
6716
6717
6717
6718
6718
6719
6719
6719
6720
6720
6720
6721
6721
6721
6721
6722
6723
6723
6723
6724
6724
6724
6724
6725
6725
6726
6726
6726
6726
6727
6727
6728
6728
6728
6728
6729
6729
6729
6729
6730
6730
6730
6730
6731
6731
6731
6732
6732
6732
6733
6733
6733
6733
6734
6734
6734
6735
6735
6735
6736
6736
6736
6737
6737
6738
6738
6738
6738
6739
6739
6739
6740
6740
6741
6741
6742
6742
6742
6742
6743
6743
6743
6744
6744
6745
6745
6745
6746
6746
6746
6747
6747
6747
6747
6748
6748
6748
6749
6749
6749
6750
6750
6750
6750
6751
6751
6752
6752
6752
6753
6753
6754
6754
6754
6754
6755
6755
6756
6756
6756
6756
6757
6757
6757
6758
6758
6758
6758
6759
6759
6760
6760
6760
6761
6761
6762
6762
6763
6763
6763
6764
6764
6764
6765
6765
6766
6766
6767
6767
6767
6767
6768
6768
6768
6769
6769
6769
6769
6770
6770
6770
6770
6771
6771
6771
6771
6772
6772
6772
6774
6774
6775
6775
6775
6776
6776
6776
6776
6777
6777
6777
6778
6778
6778
6778
6779
6779
6779
6779
6780
6780
6780
6781
6781
6781
6781
6782
6782
6782
6782
6783
6783
6784
6784
6784
6785
6785
6785
6785
6786
6786
6786
6786
6787
6787
6787
6788
6788
6788
6789
6789
6789
6789
6790
6790
6790
6791
6791
6791
6792
6792
6792
6793
6793
6793
6794
6794
6794
6795
6795
6796
6796
6796
6796
6797
6797
6798
6798
6798
6798
6799
6799
6799
6799
6800
6801
6801
6802
6802
6802
6803
6803
6803
6804
6804
6804
6805
6805
6805
6805
6806
6806
6807
6807
6807
6807
6808
6808
6808
6809
6809
6809
6810
6810
6810
6811
6811
6811
6811
6812
6812
6813
6813
6813
6813
6814
6814
6814
6814
6815
6815
6815
6816
6816
6816
6817
6817
6817
6818
6818
6818
6819
6819
6819
6821
6821
6821
6821
6822
6822
6822
6823
6823
6823
6825
6825
6825
6826
6826
6827
6827
6827
6827
6828
6828
6829
6829
6829
6829
6830
6830
6830
6830
6831
6831
6831
6832
6832
6832
6832
6833
6833
6833
6834
6834
6835
6835
6835
6836
6836
6836
6837
6837
6838
6838
6838
6839
6839
6839
6840
6840
6840
6840
6841
6841
6842
6842
6842
6842
6843
6843
6844
6844
6844
6844
6845
6846
6846
6846
6846
6847
6847
6847
6847
6848
6849
6849
6850
6850
6850
6851
6851
6851
6851
6852
6852
6852
6853
6853
6853
6854
6854
6854
6854
6855
6855
6855
6856
6856
6856
6857
6858
6858
6858
6859
6860
6860
6860
6861
6861
6861
6861
6863
6863
6863
6863
6864
6864
6864
6865
6865
6865
6866
6866
6866
6867
6868
6868
6868
6869
6869
6869
6869
6870
6870
6870
6871
6871
6872
6872
6872
6873
6873
6873
6874
6874
6874
6874
6875
6875
6875
6875
6876
6876
6876
6876
6877
6877
6877
6877
6878
6878
6878
6879
6879
6880
6880
6881
6881
6881
6881
6882
6882
6882
6883
6883
6883
6884
6884
6885
6885
6885
6886
6886
6886
6887
6887
6887
6887
6888
6888
6888
6889
6889
6889
6889
6890
6890
6890
6890
6891
6891
6891
6891
6892
6893
6893
6893
6894
6894
6894
6894
6895
6895
6895
6896
6896
6897
6897
6897
6898
6898
6899
6899
6899
6899
6900
6900
6900
6901
6901
6901
6902
6902
6902
6902
6903
6903
6903
6904
6905
6905
6906
6906
6906
6906
6907
6907
6907
6908
6908
6908
6909
6909
6909
6910
6910
6911
6911
6911
6912
6912
6912
6912
6913
6913
6913
6913
6914
6914
6914
6915
6915
6916
6917
6917
6917
6918
6918
6918
6918
6919
6919
6919
6920
6920
6920
6921
6921
6921
6922
6922
6922
6923
6923
6923
6924
6924
6924
6924
6925
6925
6926
6926
6926
6927
6927
6927
6927
6928
6928
6928
6929
6929
6929
6930
6930
6930
6930
6931
6931
6931
6931
6932
6932
6932
6932
6933
6933
6934
6934
6935
6935
6935
6936
6936
6936
6936
6937
6937
6938
6938
6939
6939
6939
6939
6940
6940
6940
6941
6942
6942
6942
6943
6943
6943
6943
6944
6944
6944
6944
6945
6945
6945
6945
6946
6946
6946
6946
6947
6947
6948
6948
6948
6949
6949
6950
6950
6950
6950
6951
6951
6951
6951
6952
6952
6952
6952
6954
6954
6954
6955
6955
6955
6956
6956
6956
6957
6957
6957
6957
6958
6958
6959
6959
6959
6959
6960
6961
6961
6961
6962
6962
6962
6962
6963
6963
6964
6964
6965
6965
6965
6966
6966
6966
6967
6967
6968
6968
6968
6968
6969
6969
6970
6970
6970
6971
6971
6971
6972
6972
6972
6972
6973
6973
6973
6974
6974
6975
6975
6975
6976
6976
6976
6976
6977
6977
6977
6978
6978
6978
6978
6979
6979
6979
6979
6980
6980
6980
6981
6981
6981
6981
6982
6982
6983
6983
6983
6984
6984
6984
6985
6985
6985
6986
6986
6986
6986
6987
6987
6987
6988
6988
6988
6988
6989
6990
6990
6990
6991
6991
6991
6991
6992
6992
6993
6993
6994
6994
6994
6995
6995
6995
6996
6997
6997
6998
6998
6999
6999
6999
6999
7000
7000
7000
7001
7001
7001
7001
7002
7002
7002
7003
7003
7003
7004
7004
7004
7005
7005
7006
7006
7007
7007
7008
7008
7009
7009
7009
7010
7010
7010
7010
7011
7011
7011
7012
7012
7012
7012
7013
7013
7013
7013
7014
7015
7016
7016
7017
7017
7017
7018
7018
7018
7018
7019
7019
7019
7019
7020
7021
7021
7021
7021
7022
7023
7023
7023
7023
7024
7024
7024
7024
7025
7025
7025
7026
7026
7027
7027
7027
7027
7028
7028
7028
7028
7029
7029
7029
7030
7030
7030
7031
7031
7031
7032
7032
7032
7033
7033
7033
7034
7034
7034
7034
7035
7035
7036
7036
7037
7037
7038
7038
7039
7039
7039
7040
7040
7041
7041
7041
7041
7042
7042
7043
7043
7043
7044
7044
7044
7045
7045
7045
7046
7046
7046
7046
7047
7047
7047
7047
7048
7048
7049
7049
7050
7050
7051
7051
7051
7051
7052
7052
7052
7053
7053
7053
7053
7054
7054
7054
7055
7055
7055
7056
7056
7056
7057
7057
7058
7058
7058
7058
7059
7059
7059
7060
7060
7060
7061
7061
7061
7061
7062
7062
7063
7063
7064
7064
7065
7065
7065
7065
7066
7066
7066
7066
7067
7067
7067
7067
7068
7068
7068
7069
7070
7070
7070
7071
7071
7071
7072
7072
7072
7072
7073
7073
7074
7074
7074
7074
7075
7075
7075
7076
7077
7078
7078
7078
7079
7079
7079
7079
7080
7080
7080
7080
7081
7081
7081
7082
7082
7082
7082
7083
7083
7083
7083
7084
7084
7085
7085
7085
7085
7086
7086
7087
7087
7088
7088
7088
7089
7089
7089
7090
7090
7090
7091
7091
7091
7092
7092
7092
7092
7093
7093
7093
7093
7094
7094
7094
7096
7096
7096
7096
7097
7097
7097
7098
7098
7098
7098
7099
7099
7100
7100
7101
7101
7101
7102
7102
7102
7103
7103
7104
7104
7105
7106
7106
7106
7106
7107
7107
7107
7108
7108
7108
7108
7109
7109
7109
7109
7110
7110
7110
7110
7111
7111
7111
7112
7112
7113
7113
7113
7113
7114
7114
7114
7115
7115
7115
7116
7116
7116
7116
7117
7117
7117
7118
7118
7119
7119
7119
7119
7120
7120
7120
7121
7121
7122
7122
7122
7122
7123
7123
7124
7124
7124
7124
7125
7125
7126
7126
7126
7126
7127
7127
7127
7128
7128
7128
7128
7129
7129
7129
7129
7130
7130
7131
7131
7131
7132
7132
7132
7133
7133
7133
7134
7134
7135
7135
7135
7136
7136
7136
7137
7137
7137
7137
7138
7138
7138
7139
7139
7139
7139
7140
7141
7141
7141
7142
7142
7142
7142
7143
7143
7143
7143
7144
7145
7145
7145
7145
7146
7146
7146
7146
7147
7147
7147
7147
7148
7148
7148
7149
7149
7149
7150
7150
7150
7151
7151
7151
7152
7152
7153
7153
7153
7154
7154
7154
7155
7155
7156
7156
7156
7156
7157
7157
7157
7158
7158
7158
7159
7159
7160
7160
7160
7161
7161
7161
7161
7162
7162
7162
7163
7163
7164
7164
7164
7165
7165
7165
7166
7166
7166
7166
7167
7167
7167
7167
7168
7168
7168
7169
7169
7170
7170
7170
7171
7171
7171
7172
7172
7172
7173
7173
7173
7174
7174
7175
7175
7175
7176
7176
7176
7176
7177
7177
7178
7178
7178
7179
7179
7179
7179
7180
7180
7180
7181
7181
7182
7182
7182
7183
7183
7184
7184
7184
7185
7185
7186
7186
7186
7186
7187
7187
7188
7188
7188
7189
7190
7190
7191
7191
7191
7191
7192
7192
7193
7193
7193
7194
7194
7194
7194
7195
7195
7196
7196
7196
7196
7197
7197
7197
7198
7198
7198
7198
7199
7199
7200
7200
7201
7201
7202
7202
7202
7203
7203
7203
7204
7205
7205
7205
7206
7206
7206
7206
7207
7207
7207
7208
7208
7208
7209
7209
7209
7210
7211
7211
7212
7212
7212
7212
7213
7213
7214
7214
7214
7215
7215
7216
7216
7216
7217
7217
7217
7218
7218
7218
7219
7219
7220
7220
7221
7221
7221
7222
7223
7223
7224
7224
7224
7225
7225
7225
7226
7226
7226
7226
7227
7227
7227
7228
7228
7229
7229
7229
7229
7230
7231
7231
7231
7231
7232
7232
7232
7233
7233
7233
7234
7234
7234
7234
7235
7235
7235
7236
7236
7236
7237
7237
7238
7238
7238
7239
7239
7239
7239
7240
7240
7240
7241
7241
7242
7242
7243
7243
7244
7244
7245
7245
7245
7245
7246
7246
7246
7247
7247
7248
7248
7248
7248
7249
7249
7249
7249
7250
7250
7251
7251
7251
7252
7252
7253
7253
7253
7254
7254
7254
7255
7255
7255
7256
7256
7257
7257
7257
7258
7258
7258
7258
7259
7259
7260
7260
7260
7260
7261
7261
7261
7263
7263
7263
7263
7264
7264
7264
7265
7265
7265
7265
7266
7266
7267
7267
7267
7267
7268
7269
7269
7269
7270
7270
7271
7271
7272
7272
7272
7272
7273
7274
7274
7274
7274
7275
7275
7275
7275
7276
7276
7277
7277
7277
7277
7278
7278
7278
7278
7279
7279
7279
7280
7280
7280
7281
7281
7281
7282
7282
7282
7282
7283
7283
7283
7284
7284
7284
7285
7286
7286
7287
7287
7287
7287
7288
7288
7288
7288
7289
7289
7289
7289
7290
7290
7290
7291
7291
7292
7292
7292
7292
7293
7293
7293
7294
7294
7294
7295
7295
7295
7296
7296
7297
7297
7297
7297
7298
7299
7299
7299
7300
7300
7300
7300
7301
7301
7301
7302
7302
7302
7303
7303
7303
7304
7304
7304
7305
7305
7305
7306
7306
7306
7307
7307
7308
7308
7309
7309
7309
7310
7310
7311
7311
7311
7311
7312
7312
7313
7313
7313
7314
7314
7314
7314
7315
7315
7316
7316
7316
7317
7317
7317
7317
7318
7318
7319
7319
7320
7321
7322
7322
7322
7323
7323
7323
7323
7324
7324
7324
7324
7325
7325
7325
7325
7326
7326
7326
7326
7327
7327
7327
7328
7328
7328
7329
7329
7329
7330
7330
7330
7330
7331
7331
7331
7331
7332
7332
7333
7333
7333
7333
7334
7334
7334
7334
7335
7335
7335
7336
7336
7336
7337
7337
7337
7337
7338
7338
7338
7339
7339
7339
7340
7340
7340
7341
7341
7341
7342
7343
7343
7344
7344
7345
7345
7345
7346
7346
7346
7347
7347
7347
7347
7348
7348
7349
7349
7349
7350
7350
7351
7351
7351
7352
7352
7352
7352
7353
7353
7354
7354
7354
7354
7355
7355
7355
7355
7356
7356
7356
7356
7357
7357
7357
7358
7358
7358
7358
7359
7359
7359
7360
7360
7360
7361
7362
7362
7362
7362
7363
7363
7363
7363
7364
7364
7365
7365
7365
7365
7366
7366
7366
7366
7367
7367
7367
7368
7368
7368
7368
7369
7369
7369
7369
7370
7370
7370
7371
7371
7371
7371
7372
7372
7372
7373
7373
7373
7374
7374
7374
7375
7375
7375
7376
7376
7376
7376
7377
7377
7377
7378
7378
7379
7379
7379
7379
7380
7380
7380
7381
7381
7381
7383
7383
7384
7384
7384
7385
7385
7385
7386
7386
7386
7386
7387
7387
7387
7388
7388
7388
7388
7389
7389
7389
7389
7390
7390
7391
7391
7391
7392
7392
7392
7392
7393
7393
7394
7394
7395
7395
7396
7396
7396
7397
7397
7397
7398
7398
7398
7399
7399
7399
7400
7400
7400
7401
7401
7401
7401
7402
7402
7402
7402
7403
7403
7403
7403
7404
7404
7404
7405
7405
7405
7405
7406
7406
7407
7407
7407
7408
7408
7409
7409
7409
7409
7410
7410
7410
7410
7411
7411
7411
7412
7412
7412
7413
7413
7413
7414
7415
7415
7415
7416
7416
7416
7416
7417
7417
7417
7417
7418
7418
7418
7419
7419
7419
7419
7420
7420
7420
7421
7421
7421
7422
7422
7422
7422
7423
7423
7423
7423
7424
7424
7424
7425
7425
7425
7425
7426
7426
7426
7427
7427
7428
7428
7429
7429
7430
7431
7431
7431
7431
7432
7432
7432
7433
7433
7433
7434
7434
7434
7435
7435
7435
7436
7436
7436
7436
7437
7437
7437
7437
7438
7438
7439
7439
7440
7440
7440
7441
7441
7441
7442
7442
7442
7442
7443
7443
7444
7444
7444
7444
7445
7445
7446
7446
7446
7447
7447
7448
7448
7448
7448
7449
7449
7450
7450
7450
7451
7451
7451
7452
7452
7453
7453
7453
7454
7454
7454
7454
7455
7455
7456
7456
7456
7457
7457
7457
7457
7458
7459
7459
7459
7459
7460
7460
7461
7462
7462
7462
7463
7463
7463
7463
7464
7464
7465
7465
7466
7466
7466
7466
7467
7467
7467
7467
7468
7468
7469
7469
7469
7469
7470
7470
7470
7471
7471
7471
7472
7472
7472
7472
7473
7473
7473
7473
7474
7474
7474
7474
7475
7475
7476
7476
7477
7477
7477
7477
7478
7478
7478
7478
7479
7479
7479
7479
7480
7480
7480
7481
7481
7481
7482
7482
7482
7483
7483
7483
7484
7484
7485
7485
7485
7485
7486
7486
7487
7488
7488
7488
7489
7489
7489
7490
7490
7490
7490
7491
7491
7491
7492
7492
7492
7492
7493
7493
7493
7493
7494
7494
7495
7495
7496
7496
7496
7497
7497
7497
7497
7498
7498
7499
7499
7499
7500
7500
7500
7500
7501
7502
7502
7502
7503
7503
7503
7503
7504
7504
7504
7504
7505
7505
7505
7505
7506
7506
7506
7507
7508
7508
7509
7509
7509
7510
7510
7510
7511
7511
7511
7511
7512
7512
7513
7513
7513
7514
7514
7514
7515
7515
7515
7516
7516
7516
7517
7517
7517
7517
7518
7518
7518
7519
7519
7519
7521
7521
7522
7522
7523
7523
7524
7524
7524
7525
7525
7525
7526
7526
7526
7526
7527
7527
7528
7528
7528
7528
7529
7529
7529
7530
7530
7530
7531
7531
7532
7532
7532
7532
7533
7533
7533
7534
7534
7535
7536
7536
7536
7536
7537
7537
7537
7538
7538
7539
7539
7539
7540
7540
7541
7541
7541
7541
7542
7542
7542
7542
7543
7543
7543
7543
7544
7544
7544
7545
7545
7545
7546
7546
7546
7546
7547
7547
7547
7548
7548
7549
7549
7549
7550
7550
7550
7551
7551
7551
7552
7552
7553
7553
7554
7554
7554
7554
7555
7555
7556
7556
7557
7557
7557
7558
7558
7558
7559
7559
7560
7560
7561
7561
7561
7561
7562
7562
7562
7562
7563
7563
7563
7564
7564
7564
7564
7565
7565
7565
7566
7566
7566
7567
7567
7568
7568
7569
7569
7570
7570
7570
7571
7571
7571
7571
7572
7572
7572
7572
7573
7574
7574
7574
7574
7575
7575
7575
7576
7576
7577
7577
7578
7578
7578
7579
7579
7580
7580
7580
7581
7581
7581
7582
7582
7582
7582
7583
7583
7583
7583
7584
7584
7584
7584
7585
7585
7585
7586
7586
7587
7587
7588
7588
7588
7588
7589
7589
7590
7590
7590
7590
7591
7591
7591
7591
7592
7592
7593
7593
7593
7594
7594
7594
7595
7595
7596
7596
7597
7597
7597
7598
7598
7598
7599
7599
7599
7600
7600
7600
7601
7601
7601
7601
7602
7602
7602
7603
7603
7603
7603
7604
7604
7604
7604
7605
7605
7605
7605
7606
7606
7607
7607
7607
7607
7608
7608
7609
7610
7611
7611
7611
7611
7612
7612
7612
7613
7614
7614
7614
7615
7616
7616
7616
7617
7617
7617
7618
7618
7618
7618
7619
7620
7620
7620
7620
7621
7621
7622
7622
7623
7623
7623
7624
7625
7625
7625
7626
7626
7626
7627
7627
7627
7627
7628
7628
7628
7629
7629
7629
7630
7631
7631
7631
7632
7632
7632
7633
7633
7633
7634
7634
7634
7635
7635
7636
7636
7636
7636
7637
7637
7637
7637
7638
7638
7638
7638
7639
7639
7639
7640
7640
7640
7640
7641
7642
7642
7642
7642
7643
7643
7643
7644
7644
7644
7644
7645
7645
7646
7646
7646
7647
7648
7648
7649
7649
7649
7650
7650
7651
7651
7651
7652
7652
7652
7653
7653
7654
7654
7654
7654
7655
7655
7656
7656
7656
7657
7657
7657
7657
7658
7658
7658
7658
7659
7659
7659
7659
7660
7660
7660
7660
7661
7661
7661
7661
7662
7662
7662
7662
7663
7663
7663
7663
7664
7664
7664
7665
7665
7665
7666
7666
7667
7667
7667
7667
7668
7669
7669
7670
7670
7670
7671
7671
7671
7671
7672
7672
7672
7673
7673
7673
7674
7674
7674
7675
7675
7675
7676
7676
7676
7677
7677
7677
7678
7678
7678
7678
7679
7679
7680
7680
7680
7681
7681
7681
7682
7682
7682
7682
7683
7683
7683
7683
7684
7685
7685
7685
7685
7686
7686
7686
7687
7687
7688
7688
7688
7689
7689
7689
7689
7690
7690
7691
7691
7692
7693
7693
7693
7693
7694
7694
7694
7695
7695
7695
7696
7696
7697
7697
7698
7698
7698
7699
7699
7699
7700
7700
7700
7701
7702
7702
7703
7703
7704
7704
7704
7705
7705
7705
7705
7706
7706
7707
7707
7707
7708
7708
7708
7709
7709
7709
7710
7710
7710
7711
7711
7711
7712
7712
7712
7713
7713
7713
7713
7714
7714
7714
7715
7715
7715
7716
7716
7716
7717
7717
7717
7717
7718
7718
7718
7718
7719
7719
7719
7720
7720
7720
7720
7721
7721
7722
7722
7722
7723
7723
7723
7724
7724
7725
7725
7725
7725
7726
7726
7726
7726
7727
7728
7728
7728
7729
7729
7730
7730
7730
7731
7731
7731
7732
7732
7732
7732
7733
7733
7733
7734
7734
7734
7735
7735
7736
7736
7736
7737
7737
7737
7737
7738
7738
7738
7739
7739
7739
7740
7740
7741
7741
7741
7741
7742
7743
7743
7743
7744
7744
7744
7744
7745
7745
7745
7746
7746
7747
7747
7747
7747
7748
7748
7748
7748
7749
7749
7749
7750
7751
7751
7751
7751
7752
7752
7752
7752
7753
7753
7753
7754
7754
7754
7755
7755
7755
7755
7756
7756
7756
7757
7757
7757
7757
7758
7758
7758
7758
7759
7759
7760
7760
7760
7761
7761
7761
7761
7762
7762
7763
7763
7763
7763
7764
7764
7764
7765
7765
7765
7765
7766
7766
7766
7766
7767
7767
7767
7767
7768
7768
7768
7769
7769
7770
7770
7770
7770
7771
7771
7771
7772
7772
7773
7773
7773
7774
7774
7774
7775
7775
7775
7776
7776
7776
7777
7777
7777
7778
7778
7778
7779
7779
7779
7780
7780
7781
7781
7781
7782
7782
7782
7783
7783
7784
7784
7784
7784
7785
7785
7786
7786
7786
7786
7787
7787
7787
7787
7788
7788
7788
7789
7789
7789
7791
7791
7792
7792
7792
7792
7793
7793
7794
7794
7794
7795
7796
7796
7797
7797
7797
7798
7798
7798
7798
7799
7799
7799
7800
7800
7801
7801
7801
7802
7802
7803
7803
7804
7804
7804
7805
7805
7805
7806
7806
7807
7807
7807
7808
7808
7808
7808
7809
7809
7809
7809
7810
7810
7810
7810
7811
7811
7812
7812
7812
7813
7814
7814
7815
7815
7815
7816
7816
7816
7817
7817
7818
7818
7819
7819
7819
7819
7820
7820
7821
7821
7821
7822
7822
7823
7823
7823
7823
7824
7824
7824
7824
7825
7825
7825
7826
7826
7826
7827
7827
7827
7828
7828
7828
7828
7829
7830
7830
7830
7830
7831
7831
7831
7832
7832
7833
7833
7833
7833
7834
7834
7834
7835
7835
7836
7836
7836
7836
7837
7837
7837
7838
7838
7838
7839
7840
7841
7841
7841
7841
7842
7842
7842
7843
7843
7844
7844
7845
7846
7846
7846
7846
7848
7848
7848
7849
7849
7849
7850
7850
7851
7851
7851
7852
7852
7852
7853
7853
7853
7853
7854
7854
7854
7855
7855
7855
7855
7856
7856
7856
7856
7857
7857
7857
7857
7858
7858
7858
7859
7859
7859
7860
7860
7861
7861
7861
7861
7862
7862
7862
7863
7863
7864
7864
7864
7865
7865
7865
7865
7866
7866
7867
7867
7867
7868
7868
7868
7869
7869
7869
7870
7870
7870
7871
7871
7871
7871
7872
7872
7872
7873
7873
7873
7873
7874
7875
7875
7876
7876
7876
7876
7877
7877
7877
7877
7878
7878
7878
7878
7879
7879
7880
7880
7880
7880
7881
7881
7881
7882
7882
7882
7883
7884
7884
7884
7885
7885
7886
7886
7886
7886
7887
7887
7888
7888
7888
7888
7889
7889
7889
7890
7890
7890
7890
7891
7891
7891
7891
7892
7892
7893
7893
7893
7893
7894
7894
7894
7895
7895
7896
7896
7897
7897
7897
7898
7898
7898
7899
7899
7899
7900
7900
7900
7901
7901
7902
7902
7902
7903
7903
7903
7904
7904
7905
7905
7905
7906
7906
7906
7906
7907
7907
7907
7908
7908
7908
7908
7909
7909
7910
7910
7910
7911
7911
7911
7912
7912
7912
7913
7913
7914
7914
7915
7915
7915
7916
7916
7916
7916
7917
7917
7917
7918
7918
7918
7919
7919
7919
7919
7920
7920
7920
7921
7921
7921
7922
7922
7922
7922
7923
7923
7923
7924
7924
7924
7925
7925
7925
7925
7926
7926
7926
7926
7927
7927
7927
7928
7928
7928
7929
7929
7929
7930
7930
7930
7931
7931
7931
7932
7932
7932
7932
7933
7933
7934
7934
7934
7935
7935
7936
7936
7936
7937
7937
7937
7938
7938
7938
7938
7939
7939
7939
7939
7940
7940
7940
7941
7941
7941
7941
7942
7942
7942
7942
7943
7943
7943
7943
7944
7944
7944
7945
7946
7946
7947
7947
7947
7948
7949
7949
7949
7950
7950
7950
7950
7951
7951
7951
7951
7952
7952
7952
7952
7953
7953
7953
7954
7954
7954
7955
7955
7955
7956
7956
7956
7956
7957
7958
7958
7958
7959
7959
7959
7960
7960
7961
7961
7961
7962
7962
7962
7962
7963
7963
7963
7964
7964
7964
7964
7965
7965
7965
7965
7966
7966
7966
7967
7967
7968
7968
7968
7969
7969
7969
7970
7970
7970
7970
7971
7971
7972
7972
7972
7973
7973
7973
7974
7974
7974
7975
7975
7975
7976
7976
7976
7976
7977
7977
7977
7977
7978
7978
7978
7979
7979
7979
7979
7980
7980
7980
7981
7981
7982
7982
7982
7983
7983
7983
7984
7984
7985
7985
7985
7985
7986
7986
7986
7986
7987
7987
7988
7988
7988
7989
7989
7989
7990
7990
7990
7990
7991
7991
7992
7992
7993
7993
7993
7994
7994
7994
7995
7995
7995
7996
7996
7996
7997
7997
7998
7998
7999
7999
7999
8000
8000
8000
8001
8001
8001
8001
8002
8002
8002
8003
8003
8004
8004
8004
8005
8005
8005
8006
8006
8006
8007
8007
8008
8008
8008
8008
8009
8009
8009
8010
8010
8010
8010
8011
8011
8011
8011
8012
8012
8013
8013
8013
8014
8014
8014
8015
8015
8016
8016
8016
8017
8017
8017
8017
8018
8018
8019
8019
8019
8019
8020
8020
8021
8021
8021
8022
8022
8022
8022
8023
8023
8024
8024
8025
8025
8025
8025
8026
8026
8026
8027
8027
8027
8027
8028
8028
8028
8029
8029
8029
8029
8030
8030
8031
8031
8031
8032
8032
8032
8033
8033
8033
8034
8034
8034
8035
8035
8035
8035
8036
8036
8036
8037
8037
8037
8038
8038
8039
8039
8039
8040
8040
8040
8040
8041
8041
8042
8042
8042
8043
8043
8043
8044
8044
8044
8044
8045
8045
8045
8046
8046
8048
8048
8048
8049
8049
8049
8050
8050
8050
8050
8051
8051
8051
8052
8052
8052
8052
8053
8053
8053
8054
8054
8054
8054
8055
8055
8055
8056
8056
8056
8057
8057
8058
8058
8059
8059
8059
8060
8060
8060
8061
8061
8061
8061
8062
8062
8062
8062
8063
8063
8063
8063
8064
8064
8064
8065
8065
8065
8066
8067
8067
8067
8067
8068
8068
8068
8069
8069
8069
8070
8070
8070
8071
8071
8071
8071
8072
8072
8072
8072
8073
8073
8073
8073
8074
8074
8074
8074
8075
8075
8075
8075
8076
8076
8076
8076
8077
8077
8077
8078
8078
8078
8078
8079
8079
8079
8080
8080
8080
8080
8081
8081
8081
8082
8082
8083
8084
8084
8084
8084
8085
8085
8085
8085
8086
8086
8086
8086
8087
8087
8087
8088
8088
8088
8089
8089
8089
8090
8090
8090
8091
8091
8091
8091
8092
8092
8093
8093
8093
8094
8094
8094
8094
8095
8095
8095
8096
8096
8096
8096
8097
8097
8098
8098
8098
8098
8099
8099
8099
8099
8100
8100
8100
8101
8101
8102
8102
8102
8102
8103
8103
8103
8104
8104
8104
8105
8105
8105
8105
8106
8106
8106
8107
8107
8107
8107
8108
8108
8108
8108
8109
8109
8109
8110
8110
8111
8112
8113
8113
8113
8113
8114
8114
8116
8116
8116
8116
8117
8118
8119
8119
8119
8120
8120
8120
8120
8121
8121
8121
8122
8122
8122
8122
8123
8123
8123
8123
8124
8124
8124
8124
8125
8125
8126
8126
8126
8127
8127
8127
8127
8128
8128
8128
8128
8129
8129
8129
8130
8130
8130
8131
8131
8131
8132
8132
8132
8133
8133
8133
8134
8134
8135
8135
8135
8136
8136
8137
8137
8137
8138
8138
8138
8139
8139
8139
8140
8140
8140
8140
8141
8141
8141
8141
8142
8142
8143
8143
8143
8143
8144
8144
8144
8145
8145
8146
8146
8146
8146
8147
8147
8147
8147
8148
8148
8148
8148
8149
8149
8149
8150
8150
8150
8151
8151
8152
8152
8152
8152
8153
8154
8154
8154
8155
8155
8155
8156
8156
8156
8156
8157
8157
8158
8158
8159
8159
8159
8160
8160
8160
8160
8161
8161
8162
8163
8163
8163
8163
8164
8164
8164
8165
8165
8165
8165
8166
8166
8166
8166
8167
8167
8167
8167
8168
8168
8169
8169
8170
8170
8170
8171
8171
8172
8172
8173
8173
8173
8173
8174
8174
8174
8174
8175
8175
8176
8176
8176
8177
8177
8177
8177
8178
8178
8178
8179
8179
8179
8180
8180
8181
8181
8182
8182
8183
8183
8183
8183
8184
8184
8184
8185
8185
8186
8186
8186
8186
8187
8187
8187
8188
8188
8188
8189
8189
8189
8190
8190
8190
8190
8191
8191
8191
8191
8192
8192
8192
8193
8193
8193
8193
8194
8194
8194
8195
8195
8195
8196
8196
8196
8197
8197
8198
8198
8199
8199
8199
8200
8200
8201
8202
8202
8202
8203
8203
8203
8203
8204
8204
8205
8205
8205
8205
8206
8206
8206
8206
8207
8207
8207
8207
8208
8208
8208
8209
8209
8209
8210
8210
8210
8210
8211
8211
8212
8212
8212
8213
8213
8213
8214
8214
8214
8215
8215
8215
8216
8216
8217
8217
8217
8218
8218
8218
8219
8219
8219
8220
8220
8220
8220
8221
8221
8222
8222
8222
8223
8223
8223
8224
8224
8224
8224
8225
8225
8225
8226
8226
8227
8227
8227
8227
8228
8228
8229
8229
8229
8230
8230
8230
8230
8231
8231
8232
8232
8232
8233
8233
8233
8234
8234
8234
8235
8235
8235
8235
8236
8236
8236
8237
8237
8237
8238
8238
8238
8238
8239
8239
8239
8239
8240
8240
8240
8240
8241
8241
8241
8242
8242
8242
8243
8243
8243
8243
8244
8245
8245
8245
8245
8246
8246
8246
8246
8247
8247
8248
8248
8249
8249
8249
8250
8250
8250
8250
8251
8251
8251
8251
8252
8252
8252
8253
8253
8253
8253
8254
8254
8254
8254
8255
8255
8256
8256
8256
8256
8257
8257
8257
8257
8258
8258
8258
8258
8259
8259
8259
8259
8260
8260
8260
8261
8262
8262
8263
8263
8264
8264
8265
8265
8265
8265
8266
8266
8266
8267
8267
8267
8268
8268
8268
8269
8269
8269
8270
8270
8270
8271
8271
8271
8272
8272
8272
8273
8273
8273
8274
8274
8274
8275
8275
8275
8275
8276
8276
8276
8277
8278
8278
8278
8279
8279
8279
8279
8280
8280
8280
8281
8281
8281
8281
8282
8282
8283
8283
8283
8283
8284
8284
8284
8284
8285
8285
8285
8285
8286
8286
8287
8287
8288
8288
8288
8289
8289
8289
8290
8290
8290
8291
8291
8291
8291
8292
8292
8292
8293
8293
8294
8294
8294
8295
8295
8295
8296
8296
8297
8297
8297
8298
8298
8298
8299
8299
8299
8300
8300
8300
8301
8301
8301
8301
8302
8302
8302
8303
8303
8303
8303
8304
8304
8304
8305
8305
8305
8306
8306
8306
8307
8307
8307
8307
8308
8308
8309
8309
8309
8309
8310
8310
8310
8310
8311
8311
8311
8312
8312
8312
8312
8313
8313
8313
8313
8314
8314
8314
8315
8315
8315
8315
8316
8316
8317
8317
8317
8317
8318
8318
8318
8318
8319
8319
8319
8320
8320
8321
8321
8321
8321
8322
8322
8322
8323
8323
8324
8324
8324
8325
8325
8326
8327
8328
8328
8328
8329
8329
8329
8329
8330
8330
8331
8331
8331
8331
8332
8332
8332
8333
8333
8333
8333
8334
8334
8335
8335
8335
8335
8336
8336
8336
8336
8337
8337
8337
8338
8338
8339
8339
8339
8339
8340
8340
8340
8340
8341
8341
8341
8341
8342
8342
8343
8343
8343
8343
8344
8344
8344
8345
8345
8345
8346
8346
8346
8346
8347
8347
8347
8348
8348
8348
8348
8349
8349
8349
8350
8350
8350
8351
8351
8351
8352
8352
8352
8353
8353
8353
8354
8354
8354
8356
8356
8356
8357
8357
8357
8358
8358
8358
8359
8359
8360
8360
8360
8360
8361
8361
8361
8362
8362
8362
8363
8363
8363
8364
8364
8364
8364
8365
8365
8365
8366
8366
8366
8366
8367
8367
8367
8368
8368
8368
8368
8369
8369
8370
8370
8371
8371
8371
8371
8372
8372
8373
8373
8373
8374
8375
8375
8375
8375
8376
8376
8377
8377
8377
8377
8378
8379
8379
8380
8380
8380
8380
8381
8381
8381
8382
8382
8382
8383
8383
8384
8385
8386
8386
8386
8387
8387
8387
8388
8388
8389
8389
8389
8390
8390
8391
8391
8391
8391
8392
8392
8392
8392
8393
8393
8393
8393
8394
8394
8395
8396
8397
8397
8397
8397
8398
8398
8399
8399
8399
8400
8400
8401
8401
8401
8404
8404
8404
8405
8406
8406
8406
8407
8407
8408
8408
8408
8408
8409
8409
8409
8410
8410
8410
8410
8411
8411
8411
8411
8412
8412
8412
8412
8413
8413
8413
8414
8414
8414
8414
8415
8415
8415
8415
8416
8417
8418
8418
8418
8419
8419
8419
8419
8420
8420
8420
8421
8421
8422
8422
8422
8423
8423
8424
8424
8424
8424
8425
8425
8425
8426
8426
8427
8427
8427
8428
8428
8429
8429
8429
8430
8430
8430
8430
8431
8431
8431
8432
8432
8432
8432
8433
8433
8433
8434
8434
8434
8435
8435
8435
8435
8436
8436
8437
8437
8437
8437
8438
8438
8438
8439
8439
8439
8439
8440
8440
8440
8441
8441
8441
8442
8442
8443
8443
8443
8444
8444
8445
8445
8445
8446
8446
8446
8447
8447
8447
8447
8448
8448
8449
8449
8449
8450
8450
8451
8452
8452
8452
8452
8453
8453
8453
8454
8454
8454
8454
8455
8455
8455
8456
8456
8456
8456
8457
8457
8458
8458
8458
8459
8459
8459
8460
8460
8461
8461
8462
8462
8462
8463
8463
8463
8464
8464
8464
8465
8465
8465
8466
8466
8467
8467
8468
8468
8468
8469
8469
8469
8469
8470
8470
8470
8470
8471
8471
8471
8472
8472
8472
8472
8473
8473
8473
8473
8474
8474
8474
8475
8475
8475
8475
8476
8476
8476
8476
8477
8477
8477
8477
8478
8478
8478
8479
8479
8479
8480
8480
8480
8481
8481
8481
8482
8482
8482
8483
8483
8483
8484
8484
8484
8485
8485
8486
8486
8487
8487
8487
8488
8488
8488
8489
8489
8489
8489
8490
8491
8491
8491
8491
8492
8492
8492
8492
8493
8493
8493
8493
8494
8494
8494
8495
8495
8495
8496
8497
8497
8497
8498
8498
8498
8499
8499
8499
8499
8500
8500
8501
8501
8502
8502
8503
8504
8504
8504
8505
8505
8505
8505
8506
8506
8506
8506
8507
8507
8508
8508
8508
8508
8509
8509
8510
8510
8511
8511
8511
8511
8512
8512
8513
8513
8513
8514
8514
8515
8515
8515
8515
8516
8516
8516
8517
8517
8518
8518
8518
8519
8519
8520
8520
8520
8521
8521
8521
8521
8522
8522
8522
8523
8523
8523
8524
8524
8524
8525
8525
8525
8526
8526
8526
8526
8527
8527
8527
8528
8528
8528
8528
8529
8529
8530
8530
8530
8531
8531
8531
8531
8532
8532
8533
8534
8534
8535
8535
8535
8536
8536
8536
8536
8537
8537
8538
8539
8539
8539
8540
8540
8540
8541
8541
8541
8541
8542
8542
8542
8542
8543
8543
8543
8543
8544
8545
8545
8545
8546
8546
8546
8547
8547
8548
8548
8548
8549
8549
8549
8550
8550
8550
8551
8551
8552
8552
8552
8552
8553
8553
8553
8554
8554
8554
8555
8555
8555
8556
8556
8557
8557
8557
8558
8558
8559
8559
8560
8560
8560
8561
8561
8561
8562
8562
8562
8562
8563
8563
8563
8564
8564
8564
8565
8565
8565
8566
8566
8567
8567
8567
8567
8568
8569
8569
8570
8570
8570
8571
8571
8571
8571
8572
8572
8572
8573
8573
8573
8574
8574
8574
8575
8575
8575
8576
8576
8576
8577
8578
8578
8578
8578
8579
8580
8580
8580
8580
8581
8581
8582
8582
8582
8583
8583
8583
8583
8584
8584
8584
8585
8585
8585
8586
8586
8586
8587
8587
8587
8588
8588
8588
8589
8590
8590
8591
8591
8591
8591
8592
8592
8592
8592
8593
8593
8593
8594
8594
8594
8595
8595
8595
8595
8596
8596
8596
8597
8597
8598
8598
8598
8599
8599
8599
8600
8600
8600
8601
8601
8601
8601
8602
8602
8602
8603
8603
8603
8604
8604
8604
8604
8605
8605
8605
8606
8606
8606
8607
8607
8607
8608
8608
8609
8609
8609
8610
8610
8611
8611
8612
8613
8613
8613
8614
8614
8614
8614
8615
8615
8615
8616
8616
8617
8617
8618
8618
8618
8619
8619
8619
8619
8620
8620
8620
8620
8621
8621
8621
8622
8622
8623
8623
8623
8624
8624
8624
8625
8625
8625
8625
8626
8626
8626
8627
8627
8628
8628
8628
8629
8629
8629
8630
8630
8631
8631
8631
8632
8632
8633
8633
8633
8634
8634
8634
8635
8635
8635
8635
8636
8636
8637
8637
8637
8638
8638
8638
8639
8639
8639
8640
8641
8641
8641
8642
8642
8642
8643
8643
8643
8644
8645
8645
8645
8646
8646
8646
8646
8647
8647
8647
8648
8648
8648
8649
8649
8649
8650
8650
8650
8650
8651
8651
8652
8652
8652
8653
8653
8654
8654
8654
8655
8655
8656
8656
8656
8656
8657
8657
8657
8658
8658
8659
8659
8659
8660
8660
8660
8660
8661
8661
8661
8662
8662
8663
8663
8663
8663
8664
8664
8664
8664
8665
8665
8666
8666
8666
8667
8667
8667
8667
8668
8668
8668
8668
8669
8669
8670
8670
8670
8670
8671
8671
8671
8672
8672
8672
8672
8673
8673
8673
8673
8674
8674
8674
8675
8675
8675
8675
8676
8677
8677
8677
8678
8678
8679
8679
8679
8679
8680
8680
8680
8680
8681
8681
8681
8682
8682
8682
8682
8683
8683
8683
8684
8684
8684
8685
8685
8685
8686
8686
8687
8687
8688
8688
8688
8689
8689
8690
8690
8690
8691
8691
8691
8692
8692
8693
8693
8694
8694
8694
8695
8695
8696
8696
8696
8696
8697
8697
8697
8698
8698
8698
8698
8699
8699
8700
8700
8700
8700
8701
8701
8701
8702
8703
8703
8704
8704
8704
8704
8705
8705
8705
8705
8706
8706
8706
8707
8707
8707
8708
8708
8709
8709
8709
8710
8710
8711
8712
8712
8712
8713
8713
8713
8713
8714
8714
8714
8715
8716
8716
8716
8716
8717
8717
8717
8718
8718
8718
8719
8720
8720
8720
8721
8721
8721
8722
8722
8722
8722
8723
8723
8724
8725
8725
8725
8725
8726
8726
8726
8727
8727
8727
8727
8728
8728
8728
8728
8729
8729
8729
8730
8730
8730
8731
8731
8731
8731
8732
8732
8732
8732
8733
8733
8733
8734
8734
8734
8735
8736
8736
8736
8737
8737
8737
8737
8738
8738
8739
8739
8739
8740
8740
8740
8740
8741
8741
8742
8742
8743
8743
8743
8744
8744
8744
8744
8745
8745
8745
8745
8746
8746
8746
8747
8747
8747
8748
8748
8748
8748
8749
8749
8749
8749
8750
8750
8750
8751
8751
8751
8751
8752
8752
8752
8753
8753
8753
8754
8754
8754
8754
8755
8755
8755
8756
8757
8757
8758
8758
8758
8759
8759
8760
8760
8760
8760
8761
8761
8761
8762
8762
8762
8762
8763
8764
8764
8764
8764
8765
8765
8765
8766
8766
8767
8767
8767
8768
8768
8768
8769
8769
8769
8770
8770
8771
8771
8772
8772
8773
8774
8774
8775
8775
8775
8775
8776
8776
8776
8776
8777
8777
8777
8777
8778
8778
8778
8778
8779
8779
8779
8780
8780
8780
8781
8781
8781
8781
8782
8782
8782
8782
8783
8783
8783
8783
8784
8784
8784
8784
8785
8786
8786
8787
8787
8787
8788
8788
8788
8789
8789
8790
8790
8791
8791
8791
8791
8792
8792
8792
8793
8793
8793
8793
8794
8794
8794
8795
8795
8796
8796
8796
8797
8798
8798
8798
8799
8799
8799
8799
8800
8800
8800
8800
8801
8801
8802
8802
8803
8803
8803
8804
8804
8804
8804
8805
8806
8806
8806
8807
8807
8808
8808
8808
8809
8809
8810
8810
8811
8811
8811
8812
8812
8813
8813
8813
8814
8814
8814
8814
8815
8815
8816
8817
8817
8817
8818
8818
8818
8818
8819
8819
8819
8820
8820
8820
8820
8821
8821
8821
8821
8822
8822
8822
8822
8823
8823
8823
8823
8824
8824
8824
8825
8825
8825
8825
8826
8826
8827
8827
8827
8828
8828
8828
8829
8829
8829
8830
8830
8831
8831
8831
8831
8832
8832
8832
8832
8833
8833
8834
8834
8835
8835
8836
8836
8836
8837
8837
8837
8838
8838
8838
8839
8839
8840
8840
8840
8841
8841
8841
8841
8842
8842
8842
8843
8843
8843
8843
8844
8844
8845
8845
8845
8846
8846
8847
8847
8847
8848
8848
8848
8848
8849
8850
8850
8851
8851
8851
8852
8852
8853
8853
8853
8854
8854
8854
8855
8855
8855
8856
8856
8856
8857
8857
8857
8858
8858
8859
8859
8860
8860
8860
8861
8861
8862
8862
8863
8863
8864
8864
8865
8866
8866
8867
8867
8868
8868
8868
8868
8869
8869
8869
8870
8870
8870
8871
8871
8872
8872
8872
8873
8873
8874
8874
8874
8874
8875
8875
8875
8875
8876
8876
8877
8878
8878
8878
8878
8879
8879
8880
8880
8880
8881
8881
8882
8882
8882
8883
8883
8883
8884
8884
8884
8885
8885
8885
8886
8887
8887
8888
8889
8889
8890
8890
8891
8891
8891
8891
8892
8892
8892
8892
8893
8893
8893
8894
8895
8895
8895
8895
8896
8896
8897
8897
8898
8898
8898
8899
8899
8899
8900
8900
8901
8901
8901
8902
8902
8903
8903
8903
8904
8904
8904
8904
8905
8905
8906
8906
8906
8906
8907
8907
8908
8908
8909
8909
8909
8910
8910
8910
8910
8911
8911
8911
8912
8912
8913
8913
8914
8914
8914
8915
8915
8915
8916
8916
8917
8917
8917
8917
8918
8919
8919
8919
8920
8920
8920
8920
8921
8921
8922
8922
8923
8923
8924
8924
8925
8925
8926
8926
8926
8926
8927
8928
8928
8929
8929
8929
8930
8930
8930
8931
8931
8931
8931
8932
8932
8932
8932
8933
8933
8933
8933
8934
8934
8934
8934
8935
8935
8935
8935
8936
8936
8936
8937
8937
8937
8937
8938
8938
8938
8938
8939
8939
8939
8939
8940
8940
8941
8941
8941
8942
8942
8943
8943
8943
8944
8944
8944
8944
8945
8945
8945
8946
8946
8947
8947
8947
8947
8948
8948
8949
8949
8949
8950
8950
8951
8951
8952
8952
8953
8953
8953
8954
8954
8954
8955
8955
8956
8956
8956
8956
8957
8957
8958
8958
8958
8959
8959
8959
8960
8960
8960
8960
8961
8961
8961
8962
8962
8963
8963
8963
8964
8964
8965
8965
8965
8966
8966
8967
8967
8967
8967
8968
8968
8968
8968
8969
8969
8969
8969
8970
8970
8970
8971
8971
8972
8972
8972
8972
8973
8973
8973
8974
8974
8975
8975
8975
8975
8976
8976
8976
8977
8977
8977
8977
8978
8978
8978
8979
8979
8979
8980
8981
8981
8982
8982
8982
8983
8983
8983
8984
8984
8985
8985
8985
8985
8986
8986
8986
8987
8987
8988
8988
8989
8989
8989
8990
8990
8990
8991
8992
8992
8993
8993
8993
8993
8994
8994
8995
8995
8995
8996
8996
8996
8996
8997
8997
8997
8998
8998
8998
8999
8999
8999
9000
9000
9001
9001
9002
9002
9002
9002
9003
9003
9004
9004
9005
9005
9006
9007
9007
9008
9008
9008
9009
9009
9010
9010
9010
9011
9011
9011
9012
9012
9012
9012
9013
9013
9013
9014
9014
9015
9015
9016
9016
9016
9017
9017
9017
9017
9018
9018
9018
9019
9019
9019
9020
9020
9020
9021
9021
9021
9022
9022
9022
9023
9023
9023
9024
9024
9024
9024
9025
9025
9025
9026
9026
9026
9027
9027
9028
9028
9028
9029
9029
9030
9030
9030
9031
9031
9032
9032
9032
9033
9033
9033
9033
9034
9034
9034
9034
9035
9035
9035
9036
9036
9037
9037
9037
9037
9038
9038
9039
9039
9039
9040
9041
9041
9041
9041
9042
9043
9043
9043
9044
9044
9044
9045
9045
9046
9047
9047
9047
9048
9048
9048
9048
9049
9049
9050
9050
9050
9051
9051
9051
9051
9052
9052
9052
9053
9053
9053
9054
9054
9054
9054
9055
9055
9055
9056
9056
9056
9056
9057
9058
9058
9059
9060
9060
9060
9061
9061
9061
9061
9062
9062
9062
9063
9063
9063
9064
9064
9065
9065
9065
9066
9067
9067
9068
9068
9069
9069
9070
9070
9070
9071
9071
9072
9072
9073
9073
9073
9073
9074
9074
9074
9075
9076
9076
9077
9077
9077
9078
9078
9078
9078
9079
9079
9080
9080
9080
9080
9081
9081
9081
9081
9082
9082
9082
9083
9083
9083
9084
9084
9084
9084
9085
9085
9086
9086
9086
9087
9087
9087
9088
9088
9088
9088
9089
9089
9089
9089
9090
9090
9090
9090
9091
9091
9091
9092
9092
9092
9092
9093
9093
9093
9094
9094
9095
9095
9095
9095
9096
9096
9096
9097
9097
9097
9098
9098
9098
9099
9099
9099
9100
9100
9100
9101
9101
9102
9102
9103
9103
9103
9103
9104
9104
9105
9105
9105
9106
9106
9106
9107
9107
9107
9107
9108
9108
9108
9108
9109
9109
9109
9110
9110
9111
9111
9111
9111
9112
9112
9112
9113
9113
9113
9113
9114
9114
9114
9115
9115
9115
9115
9116
9116
9116
9117
9117
9117
9117
9118
9118
9119
9119
9119
9120
9120
9121
9121
9121
9122
9122
9122
9123
9123
9124
9124
9125
9125
9126
9126
9126
9127
9127
9127
9128
9128
9129
9129
9129
9129
9130
9130
9131
9131
9131
9131
9132
9132
9133
9133
9133
9133
9134
9134
9134
9135
9135
9135
9136
9136
9136
9136
9137
9137
9137
9137
9138
9138
9139
9139
9139
9139
9140
9140
9140
9141
9141
9141
9141
9142
9142
9142
9143
9143
9143
9143
9144
9145
9145
9145
9145
9146
9146
9146
9147
9147
9148
9148
9149
9149
9149
9149
9150
9150
9150
9151
9152
9152
9152
9152
9153
9153
9153
9153
9154
9154
9154
9155
9156
9156
9156
9157
9157
9157
9157
9158
9158
9158
9158
9159
9159
9159
9159
9160
9160
9160
9160
9161
9161
9161
9161
9162
9162
9162
9162
9163
9163
9163
9164
9164
9164
9165
9165
9165
9165
9166
9166
9166
9166
9167
9167
9168
9168
9169
9170
9170
9171
9171
9171
9171
9172
9172
9172
9172
9173
9173
9173
9174
9174
9175
9175
9175
9176
9176
9176
9176
9177
9177
9177
9178
9178
9178
9179
9179
9180
9180
9180
9181
9181
9181
9181
9182
9182
9182
9183
9183
9183
9184
9184
9184
9185
9185
9186
9186
9187
9187
9187
9188
9188
9189
9189
9189
9190
9190
9190
9191
9191
9191
9191
9192
9192
9192
9192
9193
9193
9194
9194
9194
9195
9195
9196
9196
9196
9196
9197
9197
9198
9198
9198
9198
9199
9199
9199
9200
9200
9201
9201
9202
9202
9202
9203
9203
9203
9204
9204
9204
9205
9205
9206
9207
9207
9208
9208
9208
9209
9209
9209
9209
9210
9210
9210
9211
9211
9211
9212
9212
9212
9212
9213
9213
9213
9213
9214
9214
9215
9215
9215
9216
9216
9216
9216
9217
9217
9218
9219
9219
9219
9219
9220
9220
9221
9221
9221
9221
9222
9222
9222
9223
9223
9224
9224
9224
9225
9225
9225
9226
9226
9226
9226
9227
9227
9227
9227
9228
9228
9228
9229
9229
9229
9229
9230
9230
9230
9231
9231
9231
9232
9232
9232
9232
9233
9233
9233
9234
9235
9235
9235
9235
9236
9236
9236
9236
9237
9237
9237
9238
9238
9238
9238
9239
9239
9239
9240
9240
9240
9240
9241
9241
9241
9241
9242
9242
9242
9242
9243
9243
9243
9243
9244
9244
9244
9244
9245
9245
9245
9246
9246
9246
9247
9247
9247
9248
9248
9248
9249
9249
9249
9250
9250
9250
9251
9251
9251
9252
9252
9252
9252
9253
9253
9254
9254
9254
9254
9255
9255
9255
9256
9256
9256
9257
9257
9257
9257
9258
9258
9258
9258
9259
9259
9259
9259
9260
9260
9260
9260
9261
9261
9262
9262
9262
9263
9263
9264
9264
9264
9264
9265
9265
9266
9267
9267
9267
9268
9268
9268
9268
9269
9269
9270
9270
9270
9270
9271
9272
9272
9272
9273
9273
9274
9274
9275
9275
9275
9276
9276
9276
9276
9277
9278
9278
9279
9279
9279
9280
9280
9280
9280
9281
9282
9282
9283
9284
9284
9284
9285
9285
9285
9285
9286
9286
9286
9287
9287
9287
9287
9288
9288
9288
9288
9289
9290
9290
9290
9291
9291
9292
9292
9292
9292
9293
9293
9293
9293
9294
9294
9294
9295
9295
9295
9295
9296
9296
9296
9296
9297
9297
9297
9297
9298
9298
9298
9298
9299
9299
9300
9301
9301
9301
9301
9302
9302
9303
9303
9303
9304
9304
9304
9304
9305
9306
9306
9307
9307
9307
9307
9308
9308
9308
9309
9309
9309
9309
9310
9310
9310
9311
9311
9312
9312
9312
9312
9313
9313
9314
9314
9315
9315
9316
9316
9316
9317
9317
9317
9318
9318
9318
9319
9319
9319
9319
9320
9320
9320
9320
9321
9321
9322
9322
9322
9323
9323
9323
9324
9324
9324
9324
9325
9325
9326
9326
9326
9327
9327
9327
9327
9328
9328
9328
9329
9329
9329
9329
9330
9330
9330
9330
9331
9331
9331
9332
9332
9332
9333
9333
9333
9334
9334
9334
9334
9335
9336
9336
9336
9336
9337
9337
9337
9338
9338
9338
9338
9339
9339
9340
9340
9340
9341
9341
9341
9342
9342
9342
9343
9343
9343
9344
9344
9345
9345
9345
9346
9346
9346
9346
9347
9347
9347
9348
9348
9348
9348
9349
9349
9349
9350
9350
9350
9350
9351
9351
9352
9352
9352
9352
9353
9354
9354
9354
9354
9355
9355
9355
9355
9356
9356
9356
9357
9357
9357
9358
9358
9359
9359
9359
9359
9360
9360
9360
9361
9361
9361
9361
9362
9362
9363
9363
9364
9364
9364
9364
9365
9365
9365
9366
9366
9366
9366
9367
9367
9367
9368
9368
9368
9369
9369
9370
9370
9370
9371
9371
9371
9372
9372
9372
9373
9373
9373
9373
9374
9374
9374
9375
9375
9375
9376
9376
9376
9377
9377
9377
9377
9378
9378
9378
9379
9379
9379
9380
9380
9380
9380
9381
9381
9381
9382
9382
9382
9382
9383
9383
9383
9384
9384
9384
9385
9386
9386
9386
9386
9387
9387
9387
9388
9388
9388
9389
9389
9389
9390
9390
9390
9391
9391
9392
9392
9392
9393
9393
9394
9395
9395
9395
9396
9396
9397
9397
9398
9398
9399
9399
9399
9400
9400
9400
9401
9401
9401
9401
9402
9402
9402
9402
9403
9403
9403
9403
9404
9404
9404
9404
9405
9405
9405
9405
9406
9406
9407
9407
9408
9408
9409
9409
9410
9410
9411
9411
9412
9412
9412
9413
9414
9415
9415
9416
9416
9416
9416
9417
9417
9417
9417
9418
9418
9418
9419
9419
9419
9420
9420
9420
9420
9421
9421
9421
9422
9422
9422
9423
9423
9424
9424
9425
9425
9427
9427
9427
9428
9428
9428
9429
9429
9430
9431
9431
9431
9432
9432
9432
9432
9433
9433
9433
9434
9434
9434
9435
9435
9436
9436
9437
9437
9437
9437
9438
9438
9438
9439
9439
9439
9440
9441
9441
9441
9442
9442
9442
9442
9443
9443
9443
9444
9444
9444
9445
9445
9445
9446
9446
9446
9447
9447
9447
9448
9448
9448
9449
9449
9449
9449
9450
9450
9451
9451
9451
9452
9452
9453
9453
9453
9454
9454
9454
9455
9455
9455
9455
9456
9456
9457
9457
9457
9458
9458
9458
9459
9460
9461
9461
9462
9462
9463
9463
9463
9464
9464
9464
9464
9465
9465
9465
9466
9466
9466
9467
9467
9468
9468
9469
9469
9469
9470
9470
9470
9471
9471
9472
9472
9473
9473
9473
9474
9474
9475
9475
9475
9476
9476
9476
9477
9477
9477
9477
9478
9478
9478
9479
9479
9479
9480
9480
9481
9481
9482
9482
9482
9482
9483
9483
9483
9484
9484
9484
9484
9485
9485
9485
9486
9486
9486
9486
9487
9487
9487
9487
9488
9488
9488
9489
9490
9491
9491
9492
9492
9492
9492
9493
9493
9493
9493
9494
9494
9494
9494
9495
9495
9495
9495
9496
9496
9496
9496
9497
9497
9498
9498
9498
9499
9499
9499
9500
9500
9500
9501
9501
9501
9502
9502
9502
9503
9503
9503
9504
9504
9504
9504
9505
9505
9505
9506
9506
9506
9507
9508
9508
9508
9508
9509
9510
9510
9510
9510
9511
9511
9511
9511
9512
9512
9512
9512
9513
9513
9513
9513
9514
9514
9515
9515
9515
9516
9516
9516
9517
9517
9517
9518
9519
9519
9519
9519
9520
9520
9521
9521
9522
9522
9523
9523
9523
9524
9524
9524
9525
9525
9526
9526
9526
9526
9527
9527
9528
9528
9528
9528
9529
9529
9530
9530
9530
9530
9531
9531
9531
9532
9532
9532
9532
9533
9533
9533
9534
9534
9534
9535
9535
9535
9535
9536
9536
9537
9537
9538
9538
9539
9539
9540
9540
9540
9541
9541
9541
9542
9543
9544
9544
9545
9545
9545
9545
9546
9546
9546
9547
9547
9547
9547
9548
9548
9549
9549
9550
9550
9550
9551
9551
9551
9551
9552
9552
9553
9553
9553
9553
9554
9554
9554
9554
9555
9555
9556
9556
9556
9557
9557
9558
9559
9559
9559
9559
9560
9560
9561
9561
9562
9562
9562
9562
9563
9563
9563
9564
9564
9564
9565
9565
9565
9566
9566
9566
9566
9567
9567
9567
9568
9568
9568
9569
9569
9570
9570
9570
9570
9571
9571
9571
9571
9572
9572
9572
9573
9573
9573
9574
9574
9574
9574
9575
9575
9576
9576
9577
9577
9578
9579
9579
9579
9580
9580
9580
9580
9581
9581
9581
9581
9582
9582
9582
9582
9583
9583
9583
9584
9584
9585
9585
9586
9586
9586
9586
9587
9588
9588
9589
9589
9589
9590
9590
9591
9591
9591
9591
9592
9592
9592
9592
9593
9593
9593
9593
9594
9594
9594
9595
9595
9595
9595
9596
9596
9596
9597
9597
9598
9598
9598
9599
9599
9600
9601
9601
9601
9601
9602
9602
9602
9603
9603
9603
9603
9604
9604
9604
9604
9605
9605
9605
9606
9606
9606
9607
9607
9607
9607
9608
9608
9608
9608
9609
9609
9610
9611
9611
9611
9612
9612
9612
9613
9613
9613
9614
9614
9615
9615
9615
9616
9616
9616
9617
9617
9617
9617
9618
9618
9618
9618
9619
9619
9619
9619
9620
9620
9620
9621
9621
9622
9623
9623
9624
9624
9624
9625
9625
9625
9626
9626
9626
9627
9627
9627
9627
9628
9628
9628
9629
9629
9629
9630
9630
9631
9631
9632
9632
9633
9633
9634
9634
9635
9635
9635
9636
9636
9636
9636
9638
9639
9639
9640
9640
9641
9641
9641
9642
9642
9642
9642
9643
9643
9643
9644
9644
9644
9644
9645
9645
9645
9646
9646
9646
9646
9648
9648
9648
9649
9649
9650
9651
9651
9651
9652
9652
9652
9652
9653
9653
9653
9653
9654
9654
9654
9655
9655
9655
9655
9656
9656
9656
9657
9657
9658
9658
9659
9660
9660
9660
9661
9661
9662
9662
9662
9663
9664
9664
9664
9664
9665
9665
9665
9666
9666
9666
9666
9667
9667
9667
9668
9669
9669
9669
9669
9670
9670
9670
9671
9671
9671
9672
9672
9672
9673
9673
9673
9674
9674
9674
9674
9675
9675
9675
9676
9676
9676
9676
9677
9677
9677
9677
9678
9678
9678
9679
9679
9679
9680
9680
9680
9681
9681
9681
9682
9682
9682
9682
9683
9683
9683
9683
9684
9684
9684
9685
9685
9685
9686
9686
9686
9687
9687
9687
9687
9688
9688
9689
9689
9689
9689
9691
9691
9692
9692
9692
9692
9693
9693
9693
9694
9694
9694
9694
9695
9695
9696
9696
9697
9697
9697
9698
9698
9698
9699
9699
9699
9700
9700
9700
9700
9701
9701
9702
9702
9703
9703
9703
9703
9704
9704
9705
9705
9706
9706
9706
9707
9707
9708
9708
9708
9708
9709
9709
9709
9710
9710
9711
9711
9711
9712
9712
9712
9713
9713
9713
9714
9714
9714
9715
9715
9715
9715
9716
9716
9716
9717
9717
9717
9717
9718
9718
9719
9719
9719
9719
9720
9720
9721
9721
9721
9722
9722
9722
9723
9723
9723
9723
9724
9724
9724
9725
9725
9726
9726
9726
9727
9727
9727
9728
9728
9728
9728
9729
9729
9730
9730
9731
9731
9731
9732
9733
9733
9733
9733
9734
9734
9734
9734
9735
9735
9735
9735
9736
9736
9737
9737
9738
9738
9739
9739
9739
9740
9740
9740
9741
9741
9742
9742
9742
9742
9743
9743
9743
9743
9744
9744
9745
9745
9745
9746
9746
9747
9747
9747
9747
9748
9748
9748
9749
9749
9750
9750
9750
9751
9751
9752
9752
9752
9753
9753
9754
9754
9755
9755
9755
9756
9756
9756
9757
9757
9758
9758
9758
9758
9759
9759
9759
9759
9760
9760
9760
9761
9761
9762
9762
9763
9763
9764
9764
9765
9765
9765
9765
9766
9766
9766
9767
9767
9767
9768
9768
9768
9769
9769
9769
9769
9770
9770
9771
9771
9771
9771
9772
9772
9772
9773
9773
9774
9774
9774
9775
9775
9775
9776
9776
9776
9777
9777
9777
9777
9778
9778
9778
9779
9780
9780
9781
9781
9782
9782
9783
9783
9783
9784
9784
9784
9784
9785
9785
9785
9785
9786
9786
9786
9787
9788
9788
9788
9789
9789
9789
9790
9790
9790
9791
9791
9791
9792
9792
9793
9793
9793
9793
9794
9794
9794
9794
9795
9795
9795
9795
9796
9796
9796
9796
9797
9797
9798
9798
9799
9799
9800
9800
9800
9801
9801
9801
9802
9802
9802
9802
9803
9803
9803
9804
9804
9804
9805
9805
9805
9806
9806
9807
9807
9808
9808
9809
9809
9809
9810
9810
9810
9811
9811
9811
9812
9812
9812
9812
9813
9813
9813
9813
9814
9814
9814
9815
9815
9815
9816
9816
9816
9817
9817
9817
9818
9818
9818
9819
9820
9820
9821
9821
9821
9821
9822
9822
9823
9823
9823
9823
9824
9824
9824
9825
9825
9825
9825
9826
9826
9826
9827
9828
9828
9828
9829
9829
9829
9830
9830
9831
9831
9831
9832
9832
9832
9832
9833
9833
9833
9834
9834
9835
9835
9835
9836
9836
9836
9836
9837
9837
9838
9839
9839
9839
9840
9840
9841
9841
9841
9842
9842
9843
9843
9843
9843
9844
9844
9844
9844
9845
9846
9846
9846
9846
9847
9847
9847
9848
9848
9848
9849
9849
9850
9850
9850
9851
9851
9851
9851
9852
9852
9852
9852
9853
9853
9854
9854
9855
9855
9855
9855
9856
9856
9856
9857
9857
9857
9858
9858
9858
9859
9859
9860
9860
9860
9861
9861
9861
9862
9862
9862
9862
9863
9863
9863
9863
9864
9864
9864
9864
9865
9865
9866
9866
9867
9867
9867
9868
9868
9868
9869
9869
9869
9869
9870
9870
9870
9871
9871
9871
9872
9872
9872
9872
9873
9873
9873
9874
9875
9875
9875
9876
9876
9876
9876
9877
9877
9878
9878
9879
9879
9879
9879
9880
9880
9880
9880
9881
9881
9882
9882
9882
9883
9883
9883
9883
9884
9884
9884
9884
9885
9885
9885
9885
9886
9886
9886
9887
9887
9887
9888
9888
9888
9889
9889
9889
9890
9890
9891
9891
9891
9891
9892
9892
9892
9892
9893
9893
9893
9894
9894
9894
9895
9895
9895
9895
9896
9896
9896
9896
9897
9897
9897
9897
9898
9898
9899
9899
9899
9900
9900
9900
9901
9901
9902
9903
9903
9904
9904
9904
9905
9905
9905
9906
9906
9907
9907
9908
9908
9908
9908
9909
9909
9910
9910
9910
9911
9911
9912
9912
9913
9913
9914
9914
9914
9914
9915
9915
9915
9915
9916
9916
9917
9917
9917
9918
9918
9918
9919
9919
9919
9919
9920
9920
9920
9920
9921
9921
9921
9922
9922
9923
9923
9923
9924
9924
9924
9925
9925
9926
9926
9927
9927
9927
9928
9928
9928
9929
9929
9930
9930
9931
9931
9932
9932
9932
9933
9933
9933
9933
9934
9934
9934
9935
9935
9936
9936
9936
9936
9937
9937
9937
9938
9938
9938
9939
9939
9939
9940
9940
9941
9941
9941
9942
9942
9942
9943
9944
9944
9944
9945
9945
9946
9946
9946
9947
9947
9947
9947
9948
9948
9948
9949
9949
9949
9949
9950
9950
9950
9950
9951
9951
9951
9951
9952
9952
9952
9952
9953
9953
9953
9954
9954
9954
9954
9955
9955
9955
9956
9956
9956
9957
9957
9957
9958
9958
9958
9959
9959
9960
9960
9960
9960
9961
9961
9962
9962
9962
9962
9963
9963
9964
9964
9964
9964
9965
9965
9966
9966
9966
9967
9967
9968
9968
9968
9969
9969
9969
9969
9970
9970
9971
9971
9971
9972
9973
9973
9973
9974
9974
9974
9975
9975
9975
9976
9976
9977
9977
9978
9978
9979
9979
9979
9980
9980
9980
9981
9981
9982
9982
9983
9983
9983
9984
9984
9984
9985
9985
9985
9985
9986
9986
9987
9987
9987
9987
9988
9988
9988
9989
9989
9990
9990
9991
9991
9992
9992
9993
9993
9994
9994
9994
9994
9995
9995
9996
9996
9996
9997
9997
9998
9998
9998
9998
9999
9999
10000
10000
10000
10001
10001
10001
10002
10002
10002
10003
10003
10003
10004
10004
10004
10005
10005
10005
10005
10006
10006
10006
10006
10007
10007
10007
10007
10008
10008
10009
10009
10009
10009
10010
10011
10011
10011
10012
10012
10012
10013
10014
10014
10014
10015
10015
10015
10015
10016
10016
10016
10017
10017
10018
10018
10019
10019
10020
10020
10020
10021
10021
10021
10021
10022
10022
10022
10023
10023
10023
10023
10024
10024
10025
10025
10025
10025
10026
10026
10026
10027
10027
10027
10028
10028
10028
10029
10029
10029
10029
10030
10030
10030
10031
10031
10031
10032
10032
10032
10033
10033
10033
10034
10034
10034
10035
10035
10035
10036
10036
10036
10037
10038
10038
10038
10039
10039
10039
10040
10040
10040
10041
10041
10041
10042
10042
10042
10042
10043
10043
10044
10044
10044
10045
10046
10046
10046
10047
10047
10047
10047
10048
10048
10049
10049
10049
10050
10050
10050
10051
10051
10051
10051
10052
10052
10052
10052
10053
10053
10053
10054
10054
10054
10055
10055
10055
10056
10056
10056
10057
10057
10057
10058
10058
10059
10059
10059
10060
10060
10060
10061
10061
10062
10062
10063
10063
10064
10064
10064
10065
10065
10065
10065
10066
10066
10066
10066
10067
10067
10067
10067
10068
10068
10069
10069
10069
10070
10070
10071
10071
10071
10072
10072
10072
10073
10073
10073
10074
10074
10074
10074
10075
10075
10075
10076
10076
10077
10077
10077
10077
10078
10078
10079
10079
10080
10080
10080
10081
10082
10082
10082
10082
10083
10083
10083
10083
10084
10084
10084
10084
10085
10085
10085
10086
10087
10087
10087
10088
10088
10088
10089
10089
10089
10089
10090
10090
10090
10091
10091
10091
10092
10092
10092
10093
10093
10093
10094
10094
10094
10095
10095
10095
10095
10096
10096
10096
10096
10097
10097
10097
10098
10098
10098
10099
10099
10099
10100
10100
10100
10101
10102
10102
10102
10102
10103
10103
10104
10104
10104
10105
10105
10105
10106
10106
10106
10106
10107
10107
10108
10108
10108
10109
10109
10109
10110
10110
10110
10110
10111
10111
10111
10111
10112
10112
10112
10113
10113
10113
10114
10114
10114
10115
10115
10116
10116
10116
10117
10117
10118
10118
10118
10118
10119
10119
10119
10120
10120
10120
10120
10121
10121
10121
10121
10122
10122
10122
10123
10123
10123
10124
10124
10124
10124
10125
10125
10125
10125
10126
10126
10126
10127
10127
10128
10128
10128
10129
10129
10129
10130
10130
10131
10131
10131
10132
10132
10133
10133
10134
10134
10134
10135
10136
10136
10136
10137
10137
10137
10138
10138
10138
10138
10139
10139
10139
10140
10140
10140
10141
10141
10142
10142
10143
10143
10143
10144
10144
10144
10145
10145
10145
10145
10146
10146
10147
10147
10148
10148
10148
10148
10149
10149
10150
10150
10151
10152
10152
10152
10153
10153
10153
10153
10154
10154
10155
10155
10156
10156
10156
10156
10157
10157
10157
10158
10158
10158
10159
10159
10159
10160
10160
10160
10161
10161
10161
10162
10162
10162
10163
10163
10163
10164
10164
10164
10165
10165
10165
10165
10166
10166
10166
10167
10167
10167
10167
10168
10168
10169
10169
10169
10170
10170
10171
10172
10172
10173
10173
10173
10174
10174
10174
10175
10175
10175
10175
10176
10176
10176
10177
10177
10177
10178
10178
10178
10179
10179
10179
10180
10180
10181
10181
10181
10181
10182
10182
10182
10183
10183
10184
10184
10184
10184
10185
10185
10185
10186
10186
10186
10187
10187
10187
10187
10188
10188
10188
10188
10189
10189
10189
10189
10190
10191
10191
10191
10192
10192
10193
10193
10193
10193
10194
10194
10194
10195
10195
10196
10196
10196
10196
10197
10198
10198
10198
10199
10199
10199
10199
10200
10200
10200
10201
10201
10202
10202
10202
10203
10203
10204
10205
10205
10206
10206
10206
10207
10207
10207
10208
10208
10209
10209
10209
10210
10210
10210
10211
10211
10211
10211
10212
10212
10213
10213
10213
10213
10214
10214
10214
10215
10215
10216
10216
10217
10217
10217
10217
10218
10218
10218
10218
10219
10219
10219
10220
10220
10220
10221
10221
10221
10222
10222
10222
10222
10223
10223
10223
10223
10224
10224
10224
10225
10225
10225
10225
10226
10226
10227
10227
10227
10227
10228
10228
10228
10229
10229
10229
10230
10230
10230
10231
10231
10231
10231
10232
10232
10232
10233
10233
10233
10234
10234
10234
10234
10235
10235
10235
10236
10236
10236
10236
10237
10237
10237
10237
10238
10238
10238
10239
10239
10240
10240
10240
10241
10241
10241
10242
10242
10242
10243
10243
10243
10243
10244
10244
10244
10244
10245
10245
10245
10245
10246
10247
10247
10247
10248
10248
10248
10249
10249
10249
10249
10250
10250
10250
10250
10251
10251
10251
10251
10252
10252
10252
10253
10253
10253
10254
10254
10255
10255
10255
10255
10256
10256
10256
10257
10257
10258
10259
10259
10259
10260
10260
10260
10260
10261
10261
10261
10262
10262
10263
10264
10264
10264
10265
10265
10266
10266
10267
10267
10267
10267
10268
10268
10269
10269
10269
10269
10270
10270
10270
10270
10271
10271
10272
10272
10272
10272
10273
10273
10273
10274
10274
10274
10275
10275
10275
10276
10276
10276
10276
10277
10277
10277
10277
10278
10278
10278
10279
10279
10279
10280
10280
10281
10281
10281
10282
10282
10283
10283
10284
10284
10284
10285
10285
10285
10285
10286
10286
10286
10287
10287
10287
10288
10289
10289
10290
10290
10290
10291
10291
10291
10292
10293
10293
10293
10293
10294
10294
10295
10295
10296
10296
10296
10297
10297
10298
10298
10299
10299
10299
10300
10300
10300
10301
10301
10301
10301
10302
10302
10302
10302
10303
10303
10303
10304
10304
10304
10305
10306
10306
10306
10306
10307
10307
10307
10307
10308
10308
10308
10308
10309
10309
10309
10310
10310
10310
10311
10311
10311
10311
10312
10312
10312
10313
10314
10314
10314
10315
10315
10316
10316
10316
10317
10317
10317
10317
10318
10318
10318
10319
10319
10320
10321
10321
10321
10322
10322
10322
10323
10323
10323
10324
10324
10324
10324
10325
10325
10325
10325
10326
10326
10326
10327
10327
10327
10327
10328
10328
10329
10329
10329
10330
10330
10331
10331
10331
10331
10332
10332
10332
10332
10333
10333
10333
10334
10334
10334
10335
10335
10335
10335
10336
10336
10336
10337
10337
10337
10337
10338
10338
10339
10339
10339
10340
10340
10340
10341
10341
10341
10342
10342
10342
10342
10343
10343
10343
10344
10344
10344
10345
10345
10346
10346
10346
10347
10347
10348
10348
10348
10349
10349
10350
10350
10351
10352
10352
10352
10353
10353
10354
10354
10354
10354
10355
10355
10355
10355
10356
10356
10356
10356
10357
10357
10357
10358
10358
10359
10359
10359
10359
10360
10360
10361
10361
10361
10362
10362
10362
10363
10364
10364
10364
10365
10365
10365
10365
10366
10366
10367
10367
10367
10368
10368
10369
10369
10369
10370
10370
10370
10370
10371
10371
10372
10372
10372
10372
10373
10373
10373
10373
10374
10374
10374
10375
10375
10376
10376
10376
10376
10377
10377
10377
10377
10378
10378
10378
10378
10379
10379
10379
10380
10380
10380
10381
10381
10382
10382
10383
10383
10383
10384
10384
10384
10385
10385
10385
10386
10386
10387
10388
10388
10389
10389
10389
10390
10390
10390
10391
10391
10391
10392
10392
10392
10393
10393
10394
10394
10394
10394
10395
10395
10396
10396
10397
10397
10398
10399
10399
10399
10400
10400
10400
10401
10402
10402
10403
10403
10404
10404
10405
10405
10405
10405
10406
10406
10406
10407
10407
10408
10408
10409
10409
10410
10410
10410
10411
10411
10411
10412
10412
10412
10413
10413
10413
10413
10414
10414
10414
10414
10415
10416
10416
10416
10417
10417
10417
10418
10418
10418
10418
10419
10419
10420
10420
10421
10421
10421
10421
10422
10422
10423
10423
10424
10424
10424
10425
10426
10426
10426
10427
10428
10428
10428
10428
10429
10429
10430
10430
10431
10431
10431
10432
10432
10432
10433
10433
10433
10434
10434
10434
10435
10435
10436
10436
10436
10437
10437
10438
10439
10440
10440
10441
10441
10441
10442
10442
10443
10443
10444
10444
10444
10445
10445
10445
10445
10446
10447
10447
10447
10448
10448
10449
10449
10450
10451
10451
10451
10452
10453
10453
10453
10453
10454
10454
10454
10455
10455
10455
10455
10456
10456
10456
10456
10457
10458
10458
10459
10459
10459
10459
10460
10461
10461
10461
10462
10462
10463
10464
10464
10464
10465
10465
10466
10466
10467
10467
10467
10467
10468
10468
10468
10469
10469
10470
10470
10470
10471
10471
10472
10472
10472
10472
10474
10474
10474
10475
10475
10476
10476
10476
10476
10477
10477
10477
10478
10478
10478
10479
10479
10479
10480
10480
10480
10481
10481
10482
10482
10483
10483
10485
10486
10486
10488
10488
10488
10489
10489
10490
10490
10490
10491
10491
10492
10492
10492
10493
10493
10493
10494
10494
10494
10495
10495
10495
10496
10496
10496
10497
10497
10497
10498
10498
10499
10499
10500
10500
10500
10500
10501
10501
10501
10502
10502
10502
10503
10504
10504
10504
10505
10505
10505
10506
10506
10506
10506
10507
10507
10507
10508
10508
10508
10509
10509
10509
10509
10510
10510
10511
10512
10512
10512
10513
10513
10514
10514
10514
10514
10515
10515
10516
10516
10516
10517
10517
10517
10519
10519
10520
10520
10520
10520
10521
10521
10521
10522
10523
10523
10523
10524
10524
10525
10525
10525
10526
10526
10526
10527
10527
10527
10528
10528
10528
10528
10529
10530
10530
10530
10531
10531
10531
10532
10532
10533
10533
10533
10534
10534
10534
10535
10535
10535
10536
10536
10537
10538
10538
10539
10539
10540
10540
10540
10541
10541
10541
10542
10542
10542
10542
10543
10543
10543
10544
10545
10545
10545
10546
10546
10547
10547
10547
10548
10548
10549
10550
10550
10550
10551
10551
10552
10552
10552
10553
10553
10553
10554
10554
10554
10555
10555
10555
10555
10556
10556
10556
10557
10557
10558
10559
10559
10559
10560
10560
10560
10561
10561
10561
10561
10562
10562
10563
10563
10564
10564
10564
10564
10565
10565
10565
10565
10566
10566
10566
10567
10567
10567
10567
10568
10568
10568
10568
10569
10569
10569
10570
10570
10571
10571
10571
10572
10572
10573
10574
10574
10575
10575
10576
10577
10578
10578
10579
10579
10579
10580
10581
10581
10582
10582
10582
10582
10583
10584
10584
10584
10585
10585
10585
10586
10586
10586
10587
10587
10587
10587
10588
10588
10588
10588
10589
10590
10590
10590
10591
10591
10591
10591
10592
10592
10592
10593
10593
10593
10594
10595
10595
10596
10597
10598
10599
10599
10599
10600
10601
10601
10601
10602
10602
10602
10603
10603
10603
10604
10604
10604
10606
10607
10607
10608
10608
10608
10609
10609
10610
10610
10610
10611
10611
10612
10612
10612
10612
10613
10613
10614
10614
10614
10614
10615
10615
10616
10616
10617
10617
10617
10617
10618
10618
10619
10619
10619
10620
10620
10620
10621
10621
10621
10622
10622
10623
10623
10623
10624
10624
10625
10625
10625
10626
10626
10627
10627
10628
10628
10628
10630
10630
10630
10630
10631
10631
10632
10632
10632
10633
10633
10634
10634
10635
10635
10636
10636
10636
10637
10637
10637
10638
10639
10639
10639
10640
10640
10640
10641
10641
10642
10643
10643
10643
10644
10644
10645
10645
10645
10646
10646
10646
10647
10647
10647
10647
10648
10648
10648
10649
10649
10649
10650
10650
10650
10651
10651
10652
10652
10652
10653
10653
10654
10654
10654
10654
10655
10655
10655
10655
10656
10656
10656
10656
10657
10657
10657
10657
10658
10658
10658
10659
10659
10660
10660
10660
10661
10661
10662
10662
10662
10663
10663
10664
10664
10664
10665
10665
10665
10666
10666
10666
10667
10667
10668
10668
10668
10669
10669
10670
10670
10670
10672
10672
10673
10673
10673
10674
10674
10674
10675
10675
10675
10676
10676
10676
10677
10678
10678
10678
10679
10679
10680
10680
10680
10680
10681
10681
10682
10682
10682
10682
10683
10683
10683
10684
10684
10684
10684
10685
10685
10685
10686
10686
10686
10687
10688
10688
10688
10688
10689
10689
10690
10690
10691
10691
10692
10692
10693
10693
10693
10694
10694
10694
10695
10695
10695
10696
10696
10696
10697
10697
10698
10698
10699
10699
10699
10700
10700
10700
10700
10701
10701
10702
10702
10703
10703
10704
10704
10704
10705
10705
10705
10705
10706
10706
10706
10706
10707
10707
10707
10707
10708
10709
10709
10709
10709
10710
10710
10711
10711
10711
10712
10713
10713
10714
10714
10714
10715
10715
10715
10716
10716
10716
10717
10717
10717
10717
10718
10719
10719
10719
10719
10720
10720
10721
10722
10722
10723
10724
10724
10724
10725
10725
10726
10726
10726
10726
10727
10727
10727
10727
10728
10728
10728
10728
10729
10729
10730
10730
10731
10731
10732
10732
10733
10733
10734
10735
10735
10737
10737
10738
10738
10738
10739
10739
10739
10740
10740
10741
10741
10742
10742
10742
10743
10743
10743
10744
10744
10744
10745
10745
10745
10745
10746
10746
10746
10747
10747
10747
10749
10749
10749
10750
10750
10751
10751
10751
10752
10752
10753
10753
10753
10753
10754
10755
10756
10756
10756
10756
10757
10758
10758
10758
10759
10759
10759
10760
10760
10761
10761
10761
10761
10762
10762
10762
10762
10763
10763
10764
10764
10764
10765
10765
10765
10766
10766
10766
10767
10767
10767
10767
10768
10768
10768
10769
10769
10770
10770
10770
10771
10771
10772
10772
10772
10772
10774
10774
10774
10775
10775
10776
10776
10777
10777
10778
10778
10778
10779
10779
10779
10780
10780
10780
10781
10781
10782
10782
10783
10784
10784
10784
10785
10785
10786
10786
10786
10787
10787
10788
10788
10789
10790
10791
10791
10791
10792
10792
10792
10793
10793
10794
10794
10794
10794
10795
10795
10795
10795
10796
10796
10796
10797
10797
10797
10798
10798
10798
10799
10799
10799
10800
10800
10800
10801
10801
10801
10801
10802
10802
10802
10803
10804
10804
10804
10804
10805
10805
10805
10806
10806
10807
10807
10808
10808
10808
10809
10810
10811
10811
10811
10812
10812
10813
10814
10814
10814
10814
10815
10815
10815
10816
10816
10816
10817
10817
10817
10817
10818
10818
10819
10819
10820
10820
10821
10821
10821
10822
10822
10822
10823
10823
10824
10824
10824
10825
10825
10825
10826
10826
10826
10827
10827
10828
10828
10828
10829
10829
10829
10830
10830
10830
10831
10831
10831
10831
10833
10833
10833
10834
10834
10835
10835
10835
10836
10836
10836
10837
10837
10837
10837
10838
10838
10839
10839
10840
10840
10841
10842
10842
10843
10843
10843
10844
10844
10844
10844
10845
10845
10845
10845
10846
10846
10847
10847
10848
10849
10849
10849
10849
10850
10850
10850
10850
10851
10851
10851
10852
10852
10852
10853
10853
10853
10854
10854
10854
10854
10855
10855
10855
10856
10856
10857
10857
10858
10858
10858
10858
10859
10859
10859
10859
10860
10860
10860
10861
10861
10861
10862
10862
10863
10863
10864
10864
10864
10865
10865
10865
10866
10866
10867
10867
10867
10868
10868
10869
10869
10870
10870
10870
10870
10871
10872
10872
10872
10873
10873
10873
10874
10874
10875
10875
10875
10876
10876
10876
10877
10877
10877
10878
10878
10879
10879
10879
10880
10880
10880
10881
10882
10882
10883
10883
10883
10884
10884
10884
10884
10885
10885
10885
10885
10886
10886
10886
10886
10887
10887
10887
10887
10888
10888
10889
10889
10889
10889
10890
10890
10890
10892
10892
10892
10893
10893
10894
10894
10894
10895
10895
10895
10895
10896
10897
10897
10897
10897
10898
10898
10898
10899
10899
10899
10900
10900
10900
10901
10901
10902
10902
10903
10904
10904
10904
10904
10905
10905
10905
10905
10908
10908
10908
10909
10909
10910
10911
10911
10911
10912
10912
10913
10913
10913
10913
10914
10914
10915
10915
10915
10916
10916
10916
10917
10917
10917
10918
10918
10918
10919
10919
10920
10920
10920
10921
10921
10922
10923
10923
10924
10924
10924
10925
10925
10926
10926
10927
10927
10928
10929
10929
10929
10930
10930
10930
10931
10931
10931
10932
10932
10933
10933
10934
10934
10934
10934
10935
10935
10935
10936
10936
10936
10937
10937
10937
10938
10938
10938
10939
10939
10939
10939
10940
10941
10942
10943
10943
10943
10944
10944
10945
10946
10946
10946
10947
10947
10947
10947
10948
10948
10948
10948
10949
10949
10949
10950
10950
10950
10950
10951
10951
10951
10952
10952
10953
10953
10954
10954
10954
10954
10955
10955
10955
10956
10956
10956
10956
10957
10957
10957
10958
10958
10958
10959
10960
10961
10961
10961
10962
10962
10962
10962
10963
10963
10963
10964
10964
10964
10964
10965
10965
10966
10966
10966
10967
10967
10968
10968
10968
10969
10969
10969
10970
10970
10970
10971
10971
10971
10972
10972
10973
10973
10974
10975
10975
10975
10975
10976
10976
10976
10976
10977
10977
10977
10978
10978
10979
10979
10979
10980
10980
10980
10980
10981
10981
10981
10982
10982
10983
10983
10983
10984
10984
10984
10985
10985
10985
10985
10986
10986
10986
10986
10987
10987
10987
10988
10988
10989
10989
10989
10990
10990
10990
10990
10991
10991
10991
10991
10992
10992
10993
10993
10993
10994
10994
10994
10995
10995
10996
10996
10997
10997
10997
10998
10998
10998
10998
10999
10999
10999
11000
11000
11000
11001
11001
11001
11001
11002
11003
11003
11004
11004
11005
11005
11006
11006
11006
11006
11007
11007
11007
11008
11008
11008
11009
11009
11010
11010
11010
11011
11011
11012
11012
11012
11013
11013
11013
11014
11014
11015
11015
11017
11017
11017
11018
11018
11019
11019
11019
11019
11020
11020
11021
11022
11022
11023
11023
11023
11024
11024
11024
11025
11025
11025
11026
11026
11026
11027
11027
11027
11028
11028
11028
11029
11029
11029
11030
11030
11031
11031
11032
11032
11032
11032
11033
11033
11033
11033
11034
11034
11035
11036
11036
11036
11037
11037
11038
11038
11038
11039
11039
11039
11039
11040
11040
11040
11041
11041
11041
11041
11042
11042
11043
11044
11044
11045
11045
11045
11045
11046
11046
11046
11047
11047
11048
11048
11048
11049
11049
11049
11049
11050
11050
11051
11051
11051
11051
11052
11053
11053
11053
11054
11054
11055
11055
11056
11056
11056
11057
11057
11058
11059
11059
11060
11060
11060
11060
11061
11061
11062
11062
11063
11063
11063
11064
11064
11064
11065
11065
11065
11065
11067
11067
11067
11068
11068
11069
11069
11069
11069
11070
11070
11070
11070
11071
11071
11071
11072
11072
11072
11072
11073
11073
11074
11074
11076
11076
11077
11077
11077
11078
11078
11078
11078
11079
11079
11079
11080
11080
11080
11081
11081
11081
11081
11082
11082
11082
11082
11083
11083
11084
11084
11085
11085
11085
11086
11087
11087
11087
11088
11088
11089
11089
11089
11089
11090
11090
11090
11090
11091
11092
11092
11093
11093
11093
11094
11094
11095
11095
11096
11096
11096
11097
11097
11097
11098
11098
11098
11099
11100
11100
11101
11101
11101
11101
11102
11102
11102
11102
11103
11103
11104
11104
11105
11105
11106
11106
11106
11106
11107
11107
11108
11108
11108
11108
11109
11109
11110
11110
11110
11111
11112
11112
11112
11112
11113
11113
11113
11113
11114
11114
11114
11115
11115
11115
11116
11116
11116
11116
11117
11117
11118
11118
11119
11119
11120
11120
11120
11121
11121
11121
11121
11122
11122
11122
11123
11123
11123
11123
11124
11124
11124
11125
11125
11125
11126
11126
11127
11127
11128
11128
11128
11129
11129
11129
11130
11130
11131
11131
11132
11132
11132
11133
11134
11135
11135
11135
11136
11136
11137
11137
11138
11138
11138
11139
11139
11139
11140
11140
11140
11141
11141
11141
11142
11142
11142
11142
11143
11143
11143
11144
11144
11144
11144
11145
11145
11145
11146
11146
11146
11147
11147
11148
11148
11149
11149
11150
11150
11150
11150
11151
11151
11151
11151
11152
11153
11153
11154
11154
11155
11156
11157
11157
11157
11157
11158
11158
11159
11159
11159
11159
11160
11160
11160
11161
11161
11162
11162
11162
11163
11163
11164
11164
11164
11164
11165
11165
11165
11165
11166
11166
11166
11166
11167
11167
11168
11168
11168
11169
11169
11170
11170
11170
11171
11171
11171
11172
11172
11172
11172
11173
11173
11173
11174
11174
11174
11174
11175
11176
11176
11176
11177
11177
11178
11178
11178
11179
11179
11179
11180
11180
11180
11181
11181
11181
11181
11182
11182
11182
11182
11183
11183
11183
11183
11184
11184
11184
11185
11185
11186
11186
11187
11187
11188
11188
11188
11189
11189
11189
11190
11190
11191
11191
11192
11192
11192
11193
11193
11193
11194
11194
11194
11194
11195
11195
11195
11195
11196
11196
11196
11196
11197
11198
11199
11199
11199
11199
11200
11200
11201
11201
11201
11202
11202
11203
11203
11203
11204
11204
11205
11205
11205
11206
11206
11206
11208
11208
11208
11209
11209
11210
11210
11211
11211
11212
11212
11212
11213
11213
11213
11214
11214
11214
11214
11215
11215
11215
11216
11216
11216
11217
11217
11217
11217
11218
11218
11218
11219
11219
11219
11219
11220
11220
11220
11220
11221
11221
11221
11222
11222
11223
11223
11223
11224
11224
11224
11225
11226
11226
11226
11226
11227
11227
11227
11228
11228
11228
11229
11229
11230
11230
11231
11231
11231
11231
11232
11232
11232
11232
11233
11233
11233
11234
11234
11234
11235
11235
11235
11236
11236
11236
11236
11237
11237
11237
11238
11238
11238
11238
11239
11239
11240
11240
11241
11241
11241
11241
11242
11242
11243
11243
11243
11244
11245
11245
11245
11245
11246
11246
11246
11246
11247
11247
11247
11248
11248
11248
11249
11249
11250
11250
11251
11251
11251
11252
11252
11252
11253
11253
11253
11254
11254
11254
11254
11255
11255
11256
11256
11256
11257
11257
11258
11258
11259
11259
11259
11259
11260
11261
11261
11261
11261
11262
11262
11262
11263
11263
11263
11264
11265
11265
11265
11266
11266
11266
11267
11267
11267
11268
11268
11269
11269
11270
11270
11270
11270
11271
11271
11272
11272
11272
11273
11273
11273
11274
11274
11275
11275
11275
11276
11276
11276
11278
11278
11279
11279
11279
11280
11280
11281
11281
11282
11282
11282
11282
11283
11283
11283
11283
11284
11284
11285
11285
11285
11286
11287
11287
11287
11288
11288
11288
11289
11290
11290
11290
11291
11291
11292
11293
11293
11294
11294
11295
11295
11296
11296
11296
11297
11297
11297
11297
11298
11298
11299
11300
11300
11301
11301
11302
11302
11302
11302
11303
11303
11303
11304
11304
11304
11305
11305
11306
11306
11306
11307
11307
11308
11308
11308
11308
11309
11309
11309
11310
11310
11311
11311
11311
11312
11313
11313
11313
11314
11315
11315
11316
11316
11316
11317
11317
11318
11318
11318
11318
11319
11319
11319
11320
11320
11320
11321
11321
11322
11323
11323
11323
11323
11324
11324
11324
11325
11325
11325
11325
11326
11326
11327
11329
11329
11329
11330
11330
11330
11331
11331
11332
11332
11333
11333
11333
11334
11334
11334
11334
11335
11335
11336
11336
11337
11337
11337
11338
11338
11339
11339
11339
11340
11340
11340
11341
11341
11342
11342
11342
11342
11343
11343
11343
11345
11345
11345
11346
11346
11347
11347
11347
11348
11348
11348
11349
11349
11350
11350
11350
11351
11352
11352
11352
11352
11353
11353
11353
11353
11354
11355
11355
11356
11356
11356
11357
11357
11358
11358
11359
11359
11359
11359
11360
11360
11360
11361
11361
11361
11362
11363
11363
11364
11364
11364
11365
11365
11366
11366
11367
11368
11368
11368
11369
11369
11371
11371
11371
11372
11372
11373
11373
11374
11374
11374
11375
11375
11375
11375
11376
11376
11376
11377
11377
11378
11378
11378
11378
11379
11379
11379
11380
11380
11381
11381
11382
11382
11383
11383
11383
11383
11384
11386
11386
11386
11386
11387
11387
11388
11388
11389
11389
11389
11390
11391
11391
11391
11391
11392
11392
11392
11392
11393
11393
11393
11394
11394
11395
11395
11395
11396
11396
11396
11397
11397
11397
11398
11398
11398
11398
11399
11399
11399
11399
11400
11400
11400
11401
11401
11401
11401
11402
11402
11402
11403
11403
11403
11404
11404
11405
11405
11405
11405
11406
11406
11407
11407
11408
11408
11408
11409
11409
11409
11410
11410
11410
11411
11411
11411
11412
11412
11412
11413
11413
11413
11414
11414
11415
11415
11416
11417
11417
11417
11417
11418
11418
11418
11419
11419
11420
11420
11421
11421
11422
11422
11423
11423
11423
11423
11424
11424
11424
11424
11425
11425
11425
11426
11426
11426
11426
11427
11427
11427
11428
11428
11429
11429
11429
11429
11430
11430
11430
11431
11431
11431
11431
11432
11432
11432
11433
11433
11433
11434
11434
11435
11435
11435
11436
11436
11436
11437
11437
11438
11438
11438
11439
11439
11439
11440
11440
11441
11441
11441
11442
11442
11442
11442
11443
11443
11444
11444
11444
11445
11445
11445
11445
11446
11446
11446
11446
11447
11447
11448
11448
11449
11449
11449
11450
11450
11451
11451
11451
11452
11452
11452
11452
11453
11453
11453
11454
11454
11454
11454
11455
11455
11455
11456
11456
11456
11456
11457
11457
11458
11458
11458
11459
11459
11459
11459
11460
11460
11460
11461
11461
11461
11462
11462
11462
11463
11464
11465
11465
11465
11465
11466
11466
11466
11466
11467
11467
11467
11468
11468
11469
11469
11470
11470
11471
11471
11471
11472
11472
11472
11473
11473
11473
11474
11474
11475
11475
11475
11476
11476
11476
11476
11477
11477
11478
11478
11479
11479
11480
11480
11480
11481
11481
11481
11481
11482
11482
11482
11483
11483
11484
11484
11484
11485
11485
11486
11486
11486
11487
11487
11488
11488
11488
11489
11489
11489
11490
11490
11490
11490
11491
11491
11492
11492
11493
11493
11494
11495
11495
11495
11496
11496
11496
11496
11497
11497
11497
11498
11498
11498
11498
11499
11499
11499
11499
11500
11500
11500
11500
11501
11501
11502
11502
11502
11502
11503
11503
11503
11504
11504
11504
11505
11507
11508
11508
11508
11509
11509
11509
11510
11511
11511
11511
11511
11512
11512
11512
11512
11513
11513
11513
11514
11514
11514
11514
11515
11515
11516
11517
11517
11517
11518
11518
11518
11518
11519
11519
11519
11520
11520
11520
11520
11521
11521
11522
11522
11522
11523
11523
11524
11524
11525
11525
11525
11525
11526
11527
11527
11527
11527
11528
11529
11529
11530
11531
11531
11532
11533
11533
11533
11534
11534
11534
11535
11535
11535
11536
11536
11536
11536
11537
11537
11537
11537
11538
11538
11539
11539
11540
11541
11542
11542
11542
11543
11543
11543
11544
11545
11545
11546
11547
11548
11548
11548
11548
11549
11550
11550
11550
11550
11551
11551
11551
11551
11552
11552
11552
11553
11553
11553
11553
11554
11554
11555
11555
11555
11556
11556
11557
11557
11557
11558
11558
11558
11559
11559
11560
11560
11560
11561
11561
11561
11562
11562
11562
11563
11563
11563
11563
11564
11564
11564
11565
11565
11566
11566
11567
11567
11567
11567
11568
11569
11569
11569
11570
11570
11570
11571
11571
11571
11571
11573
11573
11573
11573
11574
11574
11574
11576
11576
11576
11576
11577
11577
11577
11578
11578
11579
11579
11579
11580
11580
11581
11582
11582
11583
11583
11583
11584
11584
11585
11585
11585
11585
11587
11588
11588
11588
11589
11589
11589
11590
11591
11591
11591
11592
11592
11592
11593
11594
11594
11594
11594
11595
11595
11595
11596
11596
11596
11597
11597
11598
11598
11598
11599
11599
11599
11600
11600
11600
11601
11602
11602
11603
11603
11603
11604
11604
11604
11605
11605
11605
11606
11606
11607
11607
11608
11608
11608
11608
11609
11609
11609
11609
11610
11611
11611
11612
11612
11612
11613
11613
11613
11613
11614
11614
11615
11615
11615
11615
11616
11616
11616
11617
11618
11618
11618
11619
11619
11619
11619
11620
11620
11621
11621
11621
11622
11622
11623
11624
11624
11624
11624
11625
11625
11625
11626
11626
11627
11627
11627
11628
11628
11628
11628
11629
11629
11629
11630
11631
11631
11631
11632
11632
11633
11633
11635
11636
11637
11637
11637
11638
11638
11639
11639
11639
11640
11640
11640
11641
11641
11642
11642
11643
11643
11643
11644
11644
11645
11645
11646
11647
11649
11649
11650
11650
11650
11651
11651
11652
11652
11652
11652
11653
11653
11653
11654
11654
11655
11655
11655
11656
11658
11658
11659
11659
11660
11660
11661
11661
11661
11661
11662
11662
11662
11663
11663
11664
11664
11664
11665
11666
11666
11667
11669
11669
11670
11670
11670
11670
11671
11671
11671
11671
11672
11672
11673
11673
11673
11673
11674
11674
11674
11675
11675
11675
11675
11676
11676
11676
11677
11677
11678
11678
11678
11679
11679
11679
11680
11680
11680
11680
11681
11682
11683
11683
11683
11684
11684
11685
11685
11685
11686
11686
11687
11687
11688
11688
11688
11689
11689
11690
11690
11691
11691
11691
11692
11692
11692
11692
11693
11694
11694
11695
11695
11695
11696
11696
11696
11697
11697
11697
11697
11698
11698
11699
11700
11700
11701
11701
11702
11702
11703
11703
11703
11703
11704
11704
11704
11705
11705
11705
11705
11706
11706
11706
11707
11707
11707
11708
11708
11708
11709
11709
11709
11710
11711
11711
11711
11712
11712
11712
11712
11713
11713
11713
11713
11714
11714
11714
11714
11715
11715
11716
11716
11716
11717
11717
11717
11718
11718
11718
11719
11720
11720
11720
11720
11721
11721
11721
11722
11722
11722
11723
11723
11723
11723
11724
11724
11724
11724
11725
11725
11725
11725
11726
11726
11726
11726
11727
11727
11728
11728
11729
11729
11730
11730
11731
11731
11731
11732
11732
11732
11733
11733
11733
11733
11734
11734
11734
11735
11735
11735
11736
11736
11737
11737
11737
11737
11738
11738
11739
11739
11739
11740
11740
11740
11741
11741
11741
11742
11743
11743
11744
11744
11744
11745
11745
11745
11745
11746
11746
11747
11747
11747
11748
11748
11749
11749
11749
11750
11750
11750
11751
11751
11751
11752
11752
11752
11752
11753
11753
11754
11754
11755
11755
11755
11756
11756
11757
11757
11758
11758
11758
11759
11759
11759
11760
11760
11761
11761
11762
11762
11763
11763
11763
11764
11764
11765
11765
11765
11766
11767
11767
11767
11768
11769
11769
11769
11770
11770
11770
11771
11771
11771
11772
11772
11772
11773
11773
11773
11773
11774
11775
11775
11776
11776
11776
11777
11777
11777
11777
11778
11778
11778
11779
11779
11780
11780
11780
11780
11781
11781
11781
11781
11782
11782
11782
11783
11783
11784
11784
11785
11786
11786
11786
11786
11787
11787
11787
11788
11788
11788
11789
11789
11790
11791
11791
11792
11792
11793
11793
11793
11794
11794
11794
11795
11796
11796
11797
11797
11798
11798
11798
11799
11799
11799
11799
11800
11800
11801
11801
11801
11802
11802
11802
11803
11803
11803
11804
11804
11804
11804
11805
11805
11805
11805
11806
11806
11806
11806
11807
11807
11808
11808
11809
11810
11810
11811
11811
11812
11812
11812
11813
11813
11814
11814
11814
11814
11815
11815
11816
11816
11817
11817
11817
11818
11818
11818
11818
11819
11819
11820
11821
11821
11821
11821
11822
11822
11822
11822
11823
11823
11823
11824
11824
11825
11825
11825
11826
11827
11827
11827
11828
11829
11829
11830
11830
11831
11831
11832
11832
11832
11833
11833
11833
11834
11834
11834
11835
11835
11835
11836
11836
11837
11837
11838
11838
11838
11839
11839
11839
11840
11840
11841
11841
11841
11841
11842
11842
11844
11844
11844
11845
11846
11846
11846
11847
11848
11848
11848
11848
11849
11849
11850
11851
11851
11851
11851
11852
11853
11853
11853
11853
11854
11854
11855
11855
11855
11856
11856
11856
11857
11857
11857
11858
11858
11859
11859
11859
11860
11861
11863
11863
11865
11865
11865
11866
11866
11866
11867
11867
11867
11867
11868
11868
11868
11869
11869
11869
11870
11870
11871
11871
11872
11872
11873
11873
11873
11874
11874
11875
11875
11876
11876
11877
11877
11878
11878
11878
11878
11879
11880
11880
11880
11880
11881
11881
11881
11881
11882
11883
11883
11883
11883
11884
11884
11885
11885
11885
11885
11886
11886
11886
11887
11887
11888
11888
11888
11889
11890
11890
11890
11891
11891
11892
11893
11894
11894
11895
11896
11896
11896
11896
11897
11897
11898
11898
11898
11899
11899
11899
11899
11900
11900
11900
11901
11901
11901
11902
11902
11902
11903
11903
11903
11904
11904
11904
11905
11905
11905
11906
11906
11906
11907
11907
11908
11908
11908
11909
11909
11909
11910
11911
11911
11911
11912
11913
11913
11914
11914
11914
11915
11915
11915
11916
11916
11917
11917
11917
11918
11918
11918
11919
11919
11919
11919
11920
11920
11920
11920
11921
11921
11921
11921
11922
11922
11922
11922
11923
11923
11923
11923
11924
11924
11924
11925
11925
11925
11926
11926
11926
11926
11927
11927
11928
11928
11928
11929
11929
11929
11929
11930
11930
11931
11931
11932
11932
11932
11933
11933
11933
11933
11934
11934
11935
11935
11935
11936
11936
11936
11937
11937
11937
11938
11938
11939
11939
11940
11940
11940
11940
11941
11941
11941
11942
11942
11942
11943
11944
11944
11944
11944
11945
11945
11946
11946
11947
11947
11947
11948
11948
11948
11949
11949
11950
11950
11951
11951
11951
11952
11952
11952
11953
11953
11953
11954
11954
11955
11955
11956
11956
11957
11957
11958
11959
11960
11960
11960
11961
11962
11962
11962
11962
11963
11963
11964
11964
11964
11965
11965
11966
11966
11967
11967
11967
11968
11968
11968
11968
11969
11969
11970
11970
11971
11971
11971
11972
11972
11973
11973
11974
11974
11974
11974
11975
11975
11976
11976
11976
11977
11977
11977
11978
11978
11978
11979
11979
11980
11980
11980
11980
11981
11982
11982
11983
11983
11983
11984
11984
11985
11985
11986
11986
11986
11986
11987
11987
11988
11988
11988
11989
11989
11989
11989
11990
11990
11990
11991
11992
11992
11993
11993
11994
11994
11995
11995
11995
11996
11996
11997
11997
11997
11998
11998
11998
11998
11999
11999
12000
12000
12001
12001
12002
12002
12002
12003
12003
12003
12004
12004
12005
12005
12006
12006
12006
12007
12007
12007
12007
12008
12008
12009
12009
12009
12010
12010
12010
12010
12011
12011
12011
12012
12012
12012
12013
12013
12013
12015
12015
12015
12015
12016
12016
12016
12017
12017
12017
12017
12018
12018
12018
12019
12019
12020
12020
12021
12021
12021
12022
12022
12022
12023
12023
12023
12023
12024
12025
12025
12025
12026
12026
12026
12026
12027
12028
12029
12029
12029
12029
12030
12030
12031
12031
12031
12031
12032
12032
12033
12033
12033
12033
12034
12034
12034
12034
12035
12035
12036
12036
12037
12037
12038
12038
12038
12039
12040
12040
12040
12040
12041
12041
12041
12042
12042
12042
12042
12043
12043
12043
12044
12044
12044
12045
12045
12045
12046
12046
12047
12047
12048
12048
12049
12050
12050
12050
12051
12051
12051
12052
12052
12052
12052
12053
12053
12053
12054
12054
12055
12055
12055
12055
12056
12056
12057
12057
12057
12058
12058
12059
12059
12059
12060
12060
12060
12061
12061
12061
12061
12062
12062
12062
12063
12063
12063
12063
12064
12064
12064
12065
12065
12066
12066
12066
12067
12067
12067
12068
12068
12069
12069
12069
12069
12070
12070
12070
12071
12071
12073
12073
12074
12074
12074
12075
12075
12075
12075
12076
12076
12077
12077
12078
12078
12079
12079
12080
12080
12080
12081
12081
12081
12081
12082
12083
12083
12083
12084
12084
12085
12085
12085
12085
12086
12086
12087
12087
12087
12088
12088
12088
12089
12089
12090
12090
12090
12091
12091
12092
12093
12093
12094
12095
12095
12095
12096
12097
12097
12097
12097
12098
12098
12099
12099
12100
12100
12100
12101
12102
12102
12103
12103
12103
12104
12104
12104
12105
12105
12105
12106
12106
12107
12107
12108
12108
12109
12109
12109
12110
12110
12111
12111
12112
12112
12112
12113
12113
12113
12114
12114
12114
12114
12115
12115
12115
12116
12116
12117
12119
12120
12121
12121
12122
12122
12122
12124
12124
12125
12125
12125
12126
12126
12126
12127
12127
12127
12129
12129
12129
12129
12130
12130
12130
12130
12131
12131
12131
12132
12133
12133
12133
12134
12134
12134
12134
12135
12135
12136
12136
12136
12137
12138
12138
12138
12139
12139
12139
12140
12140
12140
12140
12141
12141
12141
12141
12142
12142
12143
12143
12143
12143
12144
12144
12144
12145
12145
12145
12146
12146
12146
12146
12147
12147
12148
12148
12148
12149
12149
12149
12149
12150
12151
12151
12151
12151
12152
12152
12153
12153
12154
12154
12154
12155
12155
12155
12155
12156
12156
12157
12157
12157
12158
12158
12158
12159
12159
12159
12160
12160
12161
12161
12162
12162
12162
12162
12163
12163
12163
12164
12164
12165
12165
12166
12166
12166
12167
12167
12168
12168
12168
12169
12169
12169
12169
12170
12171
12171
12171
12172
12172
12173
12173
12173
12174
12174
12175
12175
12175
12176
12176
12177
12177
12177
12178
12178
12178
12178
12179
12179
12179
12179
12180
12180
12181
12182
12182
12182
12182
12183
12183
12183
12184
12185
12185
12186
12187
12187
12188
12188
12188
12188
12189
12189
12189
12190
12190
12191
12191
12191
12192
12192
12193
12193
12194
12194
12194
12194
12195
12195
12195
12196
12197
12197
12197
12198
12198
12198
12199
12200
12200
12200
12200
12201
12201
12201
12201
12202
12202
12202
12203
12204
12204
12204
12205
12205
12205
12205
12206
12206
12206
12207
12208
12208
12210
12210
12210
12211
12211
12211
12212
12212
12212
12212
12213
12213
12213
12213
12214
12214
12214
12214
12215
12215
12216
12216
12216
12217
12217
12217
12218
12219
12219
12219
12220
12220
12220
12221
12221
12222
12222
12222
12223
12223
12224
12224
12225
12225
12225
12226
12226
12226
12228
12228
12228
12229
12229
12229
12229
12230
12230
12230
12230
12231
12231
12231
12232
12232
12232
12233
12233
12233
12234
12234
12234
12235
12235
12235
12235
12236
12236
12237
12238
12238
12238
12239
12239
12240
12240
12241
12242
12242
12242
12243
12243
12244
12245
12246
12246
12246
12247
12247
12247
12248
12248
12249
12249
12249
12249
12250
12250
12251
12251
12251
12252
12252
12252
12252
12253
12253
12253
12254
12254
12254
12255
12255
12256
12256
12256
12256
12257
12257
12257
12258
12258
12259
12260
12261
12262
12262
12263
12263
12264
12264
12264
12265
12265
12265
12266
12266
12266
12267
12267
12268
12268
12268
12269
12269
12269
12270
12270
12270
12271
12272
12272
12273
12273
12274
12275
12275
12275
12275
12276
12277
12277
12278
12279
12279
12279
12279
12280
12280
12281
12281
12281
12282
12282
12282
12283
12283
12283
12284
12284
12285
12286
12286
12286
12287
12287
12288
12288
12288
12289
12289
12289
12290
12290
12291
12291
12291
12292
12292
12292
12293
12293
12293
12294
12294
12294
12295
12295
12296
12296
12297
12298
12298
12299
12299
12299
12299
12300
12301
12301
12302
12303
12303
12303
12304
12304
12305
12305
12305
12305
12306
12306
12306
12307
12307
12308
12308
12308
12309
12309
12309
12310
12310
12310
12310
12311
12311
12312
12312
12313
12313
12313
12313
12314
12314
12314
12315
12315
12315
12315
12316
12316
12316
12316
12317
12317
12317
12319
12319
12320
12320
12321
12321
12321
12322
12322
12322
12323
12324
12324
12324
12325
12325
12325
12326
12326
12327
12327
12327
12327
12328
12328
12329
12329
12330
12330
12330
12330
12331
12331
12332
12333
12333
12334
12334
12334
12335
12335
12335
12336
12336
12336
12337
12337
12337
12338
12338
12339
12339
12339
12340
12340
12340
12341
12341
12341
12342
12342
12342
12342
12343
12343
12344
12344
12345
12345
12345
12346
12346
12347
12347
12347
12347
12348
12348
12348
12348
12349
12349
12349
12349
12350
12352
12353
12353
12353
12354
12354
12354
12355
12355
12355
12356
12356
12357
12357
12358
12358
12358
12358
12359
12359
12360
12360
12360
12361
12361
12361
12362
12362
12362
12363
12363
12364
12364
12365
12365
12366
12366
12367
12367
12369
12369
12370
12372
12372
12372
12373
12373
12373
12373
12374
12375
12375
12376
12376
12376
12377
12377
12378
12378
12379
12379
12379
12379
12380
12380
12380
12381
12381
12382
12383
12384
12384
12384
12384
12385
12385
12386
12386
12386
12386
12387
12387
12387
12387
12388
12388
12388
12389
12389
12390
12390
12390
12391
12391
12391
12391
12392
12392
12392
12392
12393
12393
12393
12394
12394
12395
12396
12396
12396
12397
12397
12397
12398
12398
12399
12399
12399
12400
12401
12401
12402
12402
12402
12403
12404
12405
12405
12406
12406
12406
12407
12407
12407
12408
12410
12410
12410
12411
12411
12411
12411
12412
12413
12413
12413
12414
12414
12415
12415
12416
12416
12416
12416
12417
12417
12417
12418
12418
12418
12419
12419
12420
12420
12420
12421
12421
12422
12423
12423
12424
12424
12425
12425
12425
12426
12426
12426
12427
12427
12427
12428
12428
12428
12428
12429
12429
12430
12430
12431
12431
12432
12432
12433
12433
12433
12434
12436
12436
12437
12438
12438
12439
12439
12439
12440
12440
12441
12442
12443
12444
12444
12445
12445
12445
12446
12447
12447
12448
12449
12449
12449
12450
12451
12451
12452
12452
12453
12453
12454
12454
12455
12455
12455
12456
12456
12456
12456
12457
12457
12457
12457
12458
12458
12458
12459
12459
12459
12460
12460
12461
12461
12461
12462
12462
12463
12463
12464
12464
12464
12464
12465
12465
12465
12465
12466
12466
12466
12467
12467
12468
12468
12469
12469
12469
12470
12470
12470
12470
12471
12471
12471
12472
12472
12472
12473
12473
12473
12474
12474
12474
12476
12476
12476
12477
12477
12479
12479
12479
12480
12480
12480
12481
12481
12481
12481
12483
12483
12483
12484
12484
12484
12485
12485
12485
12486
12486
12487
12487
12488
12488
12488
12488
12489
12490
12490
12490
12491
12491
12491
12491
12492
12492
12492
12492
12493
12493
12494
12495
12497
12497
12497
12498
12498
12499
12499
12499
12500
12500
12501
12501
12501
12501
12502
12503
12503
12503
12503
12504
12504
12504
12504
12505
12505
12506
12506
12506
12507
12507
12507
12508
12508
12508
12509
12509
12509
12511
12511
12512
12512
12513
12513
12513
12515
12515
12515
12516
12516
12518
12519
12519
12519
12519
12520
12520
12521
12521
12522
12522
12523
12523
12524
12524
12525
12526
12526
12526
12527
12527
12527
12528
12528
12528
12528
12529
12529
12530
12530
12530
12530
12531
12531
12531
12532
12532
12532
12532
12533
12533
12534
12534
12535
12535
12535
12537
12537
12538
12539
12540
12540
12540
12541
12542
12542
12543
12544
12545
12545
12546
12546
12546
12546
12547
12547
12547
12548
12548
12548
12548
12549
12549
12549
12550
12550
12550
12551
12552
12553
12553
12553
12553
12554
12554
12555
12555
12555
12556
12556
12557
12558
12559
12559
12560
12560
12561
12561
12561
12562
12562
12562
12563
12563
12564
12564
12564
12565
12565
12565
12566
12566
12566
12567
12567
12567
12568
12569
12569
12569
12570
12570
12570
12570
12571
12571
12572
12572
12573
12573
12573
12574
12574
12575
12575
12575
12576
12576
12576
12577
12577
12577
12577
12578
12579
12579
12579
12580
12580
12581
12581
12581
12582
12582
12582
12584
12584
12585
12585
12586
12586
12586
12587
12587
12587
12587
12588
12588
12589
12589
12589
12590
12591
12592
12592
12593
12594
12595
12595
12595
12595
12596
12596
12596
12597
12597
12597
12598
12598
12598
12599
12599
12599
12601
12601
12601
12602
12602
12603
12603
12603
12604
12604
12605
12606
12606
12607
12608
12608
12609
12609
12609
12610
12610
12611
12611
12611
12611
12612
12612
12612
12613
12613
12613
12614
12614
12615
12615
12615
12616
12616
12617
12617
12617
12618
12618
12618
12619
12619
12619
12620
12620
12621
12621
12621
12622
12623
12624
12625
12625
12625
12626
12626
12626
12627
12627
12627
12627
12628
12628
12628
12628
12629
12629
12629
12630
12630
12630
12631
12632
12632
12632
12633
12633
12633
12634
12634
12635
12635
12635
12636
12636
12637
12637
12637
12637
12638
12638
12639
12639
12639
12640
12640
12640
12640
12641
12641
12641
12642
12642
12643
12643
12643
12644
12644
12645
12645
12645
12646
12646
12646
12647
12647
12647
12648
12648
12649
12649
12649
12650
12650
12650
12651
12651
12652
12652
12652
12652
12653
12653
12653
12654
12654
12654
12655
12655
12656
12656
12656
12657
12657
12658
12658
12659
12659
12660
12660
12660
12661
12661
12661
12662
12662
12663
12663
12663
12664
12664
12665
12665
12666
12666
12666
12667
12667
12667
12668
12668
12669
12669
12670
12670
12670
12671
12671
12671
12671
12672
12672
12672
12673
12674
12674
12674
12676
12676
12676
12677
12677
12678
12678
12678
12679
12679
12679
12679
12680
12681
12681
12681
12681
12682
12683
12683
12683
12684
12684
12685
12686
12687
12687
12687
12687
12688
12690
12690
12691
12691
12692
12692
12693
12693
12694
12694
12695
12695
12696
12696
12696
12697
12697
12698
12698
12698
12699
12699
12699
12700
12700
12701
12701
12702
12702
12702
12702
12703
12703
12705
12706
12706
12706
12707
12707
12708
12708
12708
12709
12709
12709
12710
12710
12710
12710
12711
12711
12712
12712
12712
12712
12713
12713
12713
12713
12714
12714
12715
12715
12715
12715
12716
12716
12717
12717
12717
12717
12718
12718
12718
12719
12719
12719
12720
12720
12720
12721
12721
12721
12722
12722
12722
12723
12723
12724
12724
12725
12725
12725
12726
12727
12727
12727
12728
12728
12728
12729
12729
12730
12730
12730
12731
12731
12731
12732
12732
12732
12733
12733
12733
12734
12734
12735
12735
12735
12735
12736
12736
12736
12736
12737
12737
12737
12739
12739
12739
12739
12740
12740
12740
12740
12741
12741
12741
12742
12742
12743
12743
12744
12745
12745
12745
12746
12746
12747
12747
12747
12748
12748
12749
12750
12750
12751
12751
12751
12752
12752
12753
12754
12754
12755
12755
12756
12756
12756
12757
12758
12758
12759
12760
12760
12761
12761
12761
12761
12762
12762
12762
12762
12763
12764
12764
12765
12765
12765
12765
12766
12766
12766
12767
12768
12768
12769
12769
12769
12770
12770
12771
12772
12772
12773
12774
12774
12775
12775
12775
12775
12776
12776
12777
12777
12777
12778
12778
12778
12779
12779
12780
12781
12781
12781
12782
12782
12782
12782
12784
12784
12784
12785
12786
12786
12787
12787
12788
12788
12789
12789
12790
12791
12791
12791
12792
12792
12792
12792
12793
12793
12793
12794
12794
12796
12797
12797
12798
12799
12799
12799
12799
12800
12800
12800
12801
12801
12802
12802
12802
12802
12803
12803
12803
12803
12805
12805
12805
12806
12806
12807
12807
12807
12807
12808
12808
12809
12809
12810
12810
12811
12811
12811
12812
12813
12813
12814
12814
12814
12815
12815
12816
12816
12816
12816
12817
12817
12817
12817
12818
12818
12818
12819
12819
12819
12820
12821
12821
12821
12822
12822
12822
12822
12823
12823
12823
12823
12824
12824
12824
12826
12826
12826
12826
12827
12827
12827
12828
12828
12829
12830
12830
12830
12831
12831
12831
12831
12832
12832
12832
12833
12833
12834
12834
12835
12835
12835
12835
12836
12836
12836
12836
12837
12837
12838
12839
12839
12840
12840
12841
12841
12842
12842
12842
12843
12843
12843
12843
12844
12844
12845
12845
12846
12847
12847
12848
12848
12849
12849
12850
12850
12851
12851
12852
12852
12852
12853
12853
12854
12854
12855
12856
12856
12857
12857
12858
12859
12859
12859
12860
12860
12860
12861
12861
12861
12862
12863
12863
12864
12864
12865
12865
12865
12866
12866
12867
12867
12867
12868
12869
12869
12870
12870
12870
12871
12871
12872
12872
12872
12873
12873
12873
12873
12874
12874
12874
12874
12875
12875
12876
12876
12877
12877
12877
12878
12878
12878
12879
12880
12880
12881
12882
12882
12883
12884
12884
12884
12885
12886
12886
12886
12887
12887
12888
12888
12889
12889
12889
12890
12890
12891
12891
12891
12892
12892
12892
12893
12894
12894
12895
12895
12896
12896
12896
12896
12897
12897
12898
12898
12898
12899
12899
12900
12900
12901
12902
12902
12903
12903
12904
12904
12904
12905
12905
12905
12905
12906
12906
12906
12906
12907
12907
12907
12907
12908
12908
12908
12909
12910
12910
12910
12911
12911
12911
12911
12912
12912
12913
12913
12913
12914
12914
12914
12915
12915
12915
12916
12916
12917
12917
12917
12918
12918
12919
12919
12920
12920
12920
12921
12921
12921
12922
12923
12923
12923
12924
12924
12924
12924
12925
12925
12925
12925
12926
12926
12926
12927
12928
12929
12929
12929
12930
12930
12932
12932
12933
12933
12934
12934
12934
12935
12935
12936
12937
12937
12938
12939
12940
12940
12941
12941
12941
12941
12942
12942
12943
12943
12943
12943
12944
12944
12944
12944
12945
12945
12945
12946
12946
12946
12947
12947
12947
12948
12948
12948
12949
12949
12949
12949
12950
12951
12951
12951
12952
12952
12953
12953
12954
12954
12954
12955
12955
12955
12956
12956
12957
12957
12957
12957
12958
12959
12960
12960
12961
12961
12961
12962
12963
12963
12963
12964
12965
12966
12966
12966
12966
12967
12967
12968
12968
12969
12969
12969
12970
12970
12970
12971
12971
12972
12972
12973
12974
12974
12974
12975
12975
12976
12976
12976
12977
12977
12978
12978
12979
12980
12980
12980
12981
12981
12981
12982
12982
12983
12983
12984
12984
12985
12985
12985
12985
12986
12986
12986
12987
12987
12987
12988
12988
12988
12989
12989
12990
12991
12992
12992
12993
12993
12993
12994
12994
12995
12996
12996
12996
12998
12998
12998
12999
12999
13000
13000
13000
13001
13001
13001
13002
13002
13002
13003
13003
13004
13004
13004
13005
13005
13006
13007
13007
13008
13008
13008
13008
13009
13009
13009
13009
13010
13010
13010
13011
13011
13012
13012
13013
13013
13014
13014
13015
13016
13016
13017
13017
13018
13018
13018
13018
13019
13019
13019
13019
13020
13020
13020
13021
13022
13022
13023
13023
13023
13023
13024
13024
13024
13025
13025
13025
13025
13026
13028
13028
13029
13029
13030
13030
13030
13030
13031
13031
13031
13032
13032
13033
13033
13034
13034
13035
13035
13036
13036
13036
13037
13037
13037
13037
13038
13038
13038
13039
13039
13039
13040
13040
13040
13041
13042
13042
13043
13044
13044
13044
13044
13045
13045
13045
13045
13046
13046
13047
13047
13047
13047
13048
13048
13048
13048
13049
13049
13049
13050
13050
13050
13051
13051
13052
13053
13053
13053
13053
13054
13054
13055
13055
13056
13057
13057
13058
13058
13058
13059
13060
13060
13061
13061
13061
13062
13063
13063
13063
13063
13064
13064
13065
13065
13066
13067
13067
13067
13068
13068
13069
13069
13069
13070
13070
13070
13071
13071
13072
13073
13073
13073
13075
13075
13075
13076
13076
13076
13076
13077
13077
13078
13078
13078
13078
13079
13079
13080
13080
13080
13081
13081
13081
13082
13082
13083
13083
13083
13084
13084
13084
13085
13085
13085
13086
13086
13086
13087
13088
13088
13088
13089
13089
13090
13090
13091
13091
13092
13092
13093
13093
13094
13094
13094
13094
13095
13095
13095
13096
13096
13096
13097
13098
13098
13099
13099
13099
13100
13100
13101
13101
13102
13102
13102
13103
13103
13104
13104
13104
13104
13105
13105
13106
13106
13106
13107
13107
13108
13108
13108
13109
13109
13110
13110
13110
13111
13112
13112
13113
13113
13114
13114
13115
13115
13116
13116
13116
13117
13117
13117
13118
13118
13118
13119
13119
13119
13119
13120
13120
13120
13121
13121
13121
13121
13122
13122
13123
13123
13124
13124
13124
13125
13125
13125
13126
13126
13126
13127
13127
13127
13128
13128
13129
13129
13130
13130
13130
13130
13131
13131
13131
13131
13132
13132
13133
13133
13133
13134
13134
13134
13134
13135
13135
13135
13135
13136
13136
13136
13136
13137
13137
13138
13139
13139
13140
13140
13140
13140
13141
13141
13141
13142
13142
13142
13143
13143
13144
13144
13144
13145
13145
13146
13146
13147
13147
13147
13148
13148
13148
13148
13149
13149
13150
13150
13151
13151
13151
13152
13152
13152
13153
13153
13154
13154
13154
13155
13155
13155
13155
13156
13156
13156
13157
13157
13157
13158
13159
13159
13160
13160
13161
13161
13162
13162
13162
13163
13163
13163
13164
13164
13164
13165
13165
13166
13166
13167
13167
13167
13167
13168
13168
13169
13169
13169
13170
13171
13171
13171
13171
13172
13172
13173
13173
13173
13173
13175
13175
13176
13177
13177
13178
13178
13178
13178
13179
13179
13179
13179
13180
13180
13180
13181
13181
13181
13181
13182
13183
13183
13183
13184
13185
13185
13185
13186
13186
13186
13187
13187
13188
13188
13189
13189
13189
13189
13190
13191
13191
13193
13193
13194
13194
13194
13194
13195
13196
13196
13197
13197
13197
13198
13198
13199
13199
13199
13200
13200
13200
13201
13201
13201
13201
13202
13202
13203
13203
13203
13203
13204
13204
13204
13205
13205
13205
13206
13206
13206
13206
13207
13207
13207
13207
13208
13209
13209
13209
13210
13210
13210
13211
13211
13211
13212
13212
13212
13213
13214
13214
13214
13214
13215
13215
13215
13216
13217
13218
13218
13218
13219
13219
13219
13219
13220
13220
13220
13221
13222
13222
13222
13222
13223
13223
13224
13224
13225
13225
13226
13226
13227
13227
13228
13228
13228
13229
13229
13229
13230
13231
13231
13231
13232
13232
13232
13233
13233
13233
13234
13234
13234
13235
13235
13235
13235
13236
13236
13236
13237
13237
13237
13238
13238
13239
13239
13239
13240
13240
13240
13240
13241
13241
13241
13242
13242
13243
13243
13243
13244
13244
13244
13245
13245
13245
13246
13246
13246
13247
13247
13248
13248
13248
13249
13250
13250
13250
13251
13251
13251
13252
13252
13252
13252
13253
13253
13253
13254
13254
13254
13254
13255
13255
13256
13256
13257
13257
13257
13257
13258
13258
13259
13259
13260
13260
13260
13261
13261
13261
13261
13262
13262
13263
13263
13263
13264
13265
13266
13266
13266
13267
13267
13267
13267
13268
13268
13269
13269
13269
13270
13270
13270
13270
13271
13271
13271
13272
13272
13273
13273
13273
13273
13274
13274
13274
13275
13275
13275
13275
13276
13277
13277
13278
13279
13279
13279
13280
13280
13281
13281
13282
13282
13283
13283
13283
13283
13284
13284
13285
13285
13286
13286
13287
13287
13288
13288
13288
13289
13289
13290
13290
13291
13292
13293
13293
13293
13294
13294
13294
13295
13295
13296
13296
13297
13297
13298
13298
13299
13299
13299
13300
13300
13300
13301
13301
13301
13301
13302
13302
13303
13303
13304
13304
13305
13305
13305
13306
13306
13306
13306
13307
13307
13307
13307
13308
13308
13309
13309
13309
13310
13310
13310
13311
13311
13311
13312
13312
13312
13313
13313
13314
13314
13314
13315
13316
13316
13317
13317
13317
13318
13318
13318
13319
13319
13320
13320
13320
13321
13321
13321
13321
13322
13322
13322
13323
13323
13323
13324
13324
13325
13325
13325
13325
13326
13326
13327
13327
13327
13327
13328
13328
13328
13329
13329
13330
13331
13331
13331
13331
13332
13332
13333
13333
13334
13334
13334
13335
13336
13336
13337
13337
13337
13338
13338
13339
13339
13339
13340
13340
13340
13340
13341
13341
13342
13342
13343
13343
13343
13344
13345
13345
13345
13345
13346
13346
13346
13346
13347
13347
13347
13347
13348
13348
13348
13349
13349
13350
13350
13351
13351
13352
13352
13353
13353
13353
13354
13354
13355
13355
13355
13356
13356
13356
13357
13357
13357
13358
13358
13358
13359
13359
13360
13360
13360
13361
13362
13362
13362
13362
13363
13363
13364
13364
13364
13365
13365
13365
13366
13366
13366
13366
13367
13367
13367
13367
13368
13368
13368
13368
13369
13369
13369
13370
13370
13370
13370
13371
13371
13371
13371
13372
13372
13372
13373
13373
13374
13374
13375
13375
13376
13376
13377
13377
13377
13377
13378
13378
13379
13379
13379
13380
13380
13380
13381
13381
13381
13381
13382
13383
13383
13384
13384
13384
13385
13385
13385
13385
13386
13386
13386
13386
13387
13387
13387
13388
13388
13388
13389
13389
13390
13390
13392
13392
13392
13392
13393
13393
13393
13394
13394
13394
13395
13395
13395
13395
13396
13396
13396
13396
13397
13397
13397
13398
13398
13398
13399
13399
13399
13400
13400
13400
13401
13401
13402
13402
13403
13403
13404
13404
13404
13405
13405
13407
13407
13408
13408
13408
13409
13409
13409
13409
13410
13410
13410
13411
13411
13411
13412
13412
13412
13413
13413
13415
13415
13415
13416
13416
13417
13417
13417
13417
13418
13418
13419
13419
13419
13420
13420
13420
13421
13421
13421
13422
13422
13423
13423
13423
13424
13424
13424
13425
13425
13426
13426
13426
13427
13427
13427
13428
13428
13428
13428
13429
13429
13430
13430
13431
13432
13432
13433
13433
13434
13434
13434
13435
13435
13435
13436
13436
13436
13437
13438
13438
13439
13439
13439
13440
13440
13441
13441
13442
13442
13443
13443
13444
13444
13444
13445
13446
13446
13446
13446
13447
13448
13449
13449
13450
13450
13450
13450
13451
13451
13451
13451
13452
13452
13453
13453
13453
13453
13454
13454
13455
13455
13455
13456
13457
13457
13458
13459
13460
13460
13460
13461
13461
13462
13462
13463
13464
13464
13465
13465
13466
13466
13466
13467
13467
13467
13468
13468
13468
13469
13469
13469
13469
13470
13470
13470
13471
13471
13471
13472
13472
13472
13472
13473
13473
13473
13474
13474
13474
13475
13477
13477
13477
13478
13478
13479
13479
13479
13480
13481
13481
13481
13482
13482
13482
13482
13483
13483
13484
13484
13484
13485
13485
13486
13486
13486
13487
13489
13489
13489
13490
13490
13491
13491
13492
13492
13492
13493
13493
13494
13495
13495
13495
13495
13496
13496
13497
13497
13497
13498
13498
13498
13499
13499
13500
13500
13501
13501
13502
13502
13503
13504
13504
13505
13505
13505
13506
13506
13506
13507
13508
13508
13508
13508
13509
13509
13510
13510
13510
13511
13511
13512
13512
13512
13513
13513
13514
13514
13514
13515
13515
13515
13515
13516
13516
13516
13517
13517
13517
13518
13518
13518
13519
13519
13520
13520
13521
13521
13521
13521
13522
13522
13522
13523
13523
13524
13524
13524
13524
13525
13525
13525
13526
13526
13527
13527
13528
13529
13529
13530
13530
13531
13532
13532
13533
13533
13534
13534
13535
13535
13535
13536
13536
13537
13537
13537
13538
13538
13538
13539
13539
13540
13540
13541
13541
13542
13542
13542
13543
13543
13544
13544
13544
13545
13545
13546
13546
13547
13547
13548
13549
13549
13549
13550
13550
13550
13551
13551
13551
13552
13552
13553
13553
13553
13554
13554
13554
13555
13555
13555
13555
13556
13556
13556
13557
13557
13557
13558
13558
13558
13558
13560
13561
13561
13561
13562
13562
13563
13563
13563
13564
13564
13565
13565
13566
13566
13567
13567
13568
13568
13569
13569
13569
13570
13570
13571
13571
13572
13572
13572
13572
13573
13573
13573
13574
13574
13575
13575
13575
13575
13576
13576
13576
13576
13577
13577
13577
13578
13578
13578
13578
13579
13579
13579
13579
13580
13580
13580
13580
13581
13581
13582
13582
13582
13583
13583
13584
13584
13584
13584
13585
13585
13586
13586
13587
13587
13587
13588
13589
13589
13590
13590
13591
13591
13591
13592
13592
13593
13593
13593
13594
13594
13595
13595
13595
13596
13596
13597
13597
13598
13599
13599
13599
13600
13600
13601
13601
13602
13602
13602
13602
13603
13603
13603
13604
13604
13605
13605
13605
13606
13606
13607
13607
13607
13607
13608
13608
13609
13609
13609
13610
13611
13612
13612
13613
13613
13613
13614
13614
13614
13614
13615
13615
13616
13616
13617
13617
13617
13618
13618
13619
13619
13619
13620
13620
13620
13621
13621
13622
13622
13623
13623
13624
13624
13624
13625
13626
13626
13626
13627
13627
13627
13628
13628
13629
13629
13629
13629
13630
13630
13630
13631
13631
13632
13632
13633
13633
13634
13634
13635
13635
13635
13635
13636
13636
13637
13637
13637
13638
13638
13638
13639
13639
13639
13640
13640
13640
13640
13641
13641
13641
13641
13642
13642
13642
13643
13643
13644
13644
13645
13646
13646
13646
13647
13647
13647
13647
13648
13648
13648
13649
13649
13650
13650
13652
13652
13652
13653
13653
13654
13654
13655
13655
13656
13656
13657
13657
13657
13658
13658
13658
13659
13660
13660
13660
13661
13661
13662
13662
13662
13663
13664
13664
13664
13664
13665
13665
13666
13666
13667
13667
13668
13668
13668
13668
13669
13669
13670
13670
13671
13671
13671
13672
13673
13673
13673
13674
13674
13674
13675
13675
13675
13676
13676
13677
13677
13677
13678
13678
13679
13679
13679
13680
13680
13680
13681
13682
13682
13682
13683
13684
13684
13685
13685
13686
13687
13688
13688
13689
13689
13689
13690
13690
13690
13691
13691
13692
13692
13692
13693
13693
13693
13694
13695
13695
13696
13696
13697
13697
13697
13698
13699
13699
13699
13699
13700
13700
13700
13700
13701
13701
13701
13702
13702
13702
13703
13703
13703
13704
13704
13705
13705
13705
13707
13707
13708
13708
13708
13709
13709
13709
13710
13711
13711
13712
13712
13712
13713
13713
13714
13714
13714
13714
13715
13715
13716
13716
13717
13717
13717
13718
13719
13720
13720
13720
13720
13721
13721
13722
13722
13723
13723
13723
13724
13724
13726
13726
13727
13727
13728
13728
13728
13729
13729
13729
13730
13731
13731
13731
13731
13732
13732
13733
13734
13734
13735
13735
13736
13736
13736
13737
13737
13737
13738
13738
13738
13738
13739
13739
13739
13740
13740
13740
13741
13741
13741
13741
13742
13742
13742
13743
13743
13744
13744
13744
13745
13745
13746
13746
13746
13747
13747
13748
13748
13748
13749
13749
13749
13749
13750
13750
13750
13751
13751
13752
13752
13752
13753
13753
13753
13754
13755
13755
13755
13756
13756
13757
13757
13757
13757
13758
13759
13760
13760
13761
13761
13762
13762
13763
13764
13765
13765
13766
13766
13766
13767
13767
13768
13768
13769
13769
13769
13770
13771
13771
13772
13772
13773
13773
13773
13774
13774
13775
13775
13775
13776
13776
13776
13777
13777
13777
13777
13778
13778
13778
13778
13779
13779
13780
13780
13781
13781
13781
13782
13783
13783
13783
13784
13784
13785
13785
13785
13786
13786
13787
13787
13787
13788
13788
13789
13789
13790
13790
13790
13790
13791
13791
13792
13792
13792
13793
13793
13793
13794
13795
13795
13796
13796
13796
13796
13797
13797
13797
13798
13798
13799
13799
13799
13800
13800
13800
13800
13801
13801
13804
13804
13805
13805
13806
13806
13807
13808
13808
13808
13809
13810
13810
13810
13811
13811
13812
13812
13812
13813
13814
13814
13814
13814
13815
13815
13816
13817
13817
13817
13817
13818
13818
13818
13819
13819
13820
13820
13820
13821
13821
13821
13822
13823
13823
13824
13824
13825
13825
13826
13826
13827
13827
13827
13828
13828
13829
13829
13829
13829
13830
13830
13830
13831
13831
13831
13832
13832
13832
13832
13833
13833
13834
13834
13834
13835
13835
13835
13836
13836
13836
13836
13837
13837
13837
13838
13838
13839
13840
13840
13840
13840
13841
13841
13841
13841
13842
13842
13843
13843
13844
13845
13845
13846
13847
13847
13848
13848
13849
13849
13849
13850
13850
13851
13852
13852
13852
13853
13854
13854
13854
13854
13855
13855
13855
13855
13856
13856
13859
13859
13860
13860
13860
13861
13861
13861
13862
13863
13863
13863
13864
13865
13865
13865
13866
13866
13866
13867
13867
13868
13868
13869
13870
13870
13871
13871
13871
13871
13872
13872
13873
13873
13874
13874
13874
13874
13875
13875
13875
13876
13876
13876
13876
13877
13877
13877
13878
13878
13879
13879
13880
13880
13880
13881
13881
13882
13882
13883
13884
13884
13885
13885
13885
13885
13886
13886
13887
13887
13887
13888
13888
13888
13888
13889
13889
13890
13890
13891
13891
13891
13891
13892
13892
13892
13892
13893
13893
13894
13894
13895
13895
13896
13897
13897
13897
13898
13898
13898
13899
13899
13899
13900
13900
13901
13901
13901
13902
13902
13903
13903
13903
13904
13904
13904
13905
13905
13906
13906
13906
13906
13907
13907
13907
13908
13908
13908
13909
13909
13909
13910
13910
13911
13911
13912
13912
13913
13913
13914
13915
13915
13916
13916
13916
13916
13917
13917
13917
13918
13918
13918
13918
13919
13919
13919
13920
13920
13920
13921
13921
13922
13922
13922
13922
13923
13923
13923
13924
13924
13925
13926
13926
13926
13927
13927
13928
13929
13929
13929
13929
13930
13930
13931
13931
13931
13932
13932
13933
13933
13933
13933
13934
13934
13935
13936
13936
13936
13937
13937
13937
13938
13938
13938
13938
13939
13939
13939
13940
13940
13941
13941
13942
13942
13942
13942
13943
13943
13944
13944
13944
13945
13945
13945
13946
13946
13947
13948
13948
13948
13949
13949
13950
13950
13951
13951
13951
13952
13953
13953
13953
13954
13954
13954
13955
13955
13955
13956
13957
13957
13957
13957
13958
13958
13958
13958
13959
13959
13960
13960
13960
13960
13961
13961
13961
13962
13962
13962
13963
13963
13963
13964
13964
13965
13965
13965
13966
13966
13966
13966
13967
13967
13968
13970
13970
13970
13971
13971
13972
13972
13972
13973
13975
13975
13976
13976
13976
13977
13979
13979
13980
13980
13981
13981
13981
13981
13982
13982
13983
13984
13984
13984
13985
13985
13986
13986
13986
13987
13987
13988
13988
13988
13988
13989
13989
13989
13989
13990
13992
13992
13993
13993
13993
13994
13994
13995
13995
13996
13996
13996
13997
13997
13998
13998
13999
13999
13999
14000
14000
14001
14001
14002
14002
14003
14003
14004
14004
14005
14005
14005
14006
14006
14007
14008
14008
14008
14008
14009
14009
14009
14010
14010
14010
14011
14011
14011
14011
14012
14012
14012
14013
14013
14013
14013
14014
14014
14014
14014
14015
14015
14015
14016
14016
14017
14017
14017
14018
14018
14019
14019
14020
14020
14021
14021
14022
14022
14023
14024
14024
14025
14025
14026
14026
14026
14027
14027
14028
14028
14028
14029
14030
14030
14030
14031
14031
14031
14031
14032
14032
14032
14033
14034
14034
14034
14035
14035
14035
14036
14036
14036
14036
14037
14037
14038
14038
14039
14039
14039
14039
14040
14041
14041
14041
14041
14042
14042
14042
14042
14043
14044
14044
14045
14045
14046
14046
14046
14047
14048
14048
14048
14049
14049
14050
14051
14051
14052
14052
14053
14053
14054
14054
14054
14055
14055
14056
14057
14057
14058
14058
14059
14059
14059
14060
14060
14060
14061
14061
14061
14061
14062
14062
14062
14062
14063
14063
14063
14064
14064
14065
14065
14067
14067
14068
14068
14068
14069
14069
14069
14070
14070
14071
14071
14072
14072
14072
14072
14073
14073
14074
14074
14074
14075
14075
14075
14075
14076
14076
14076
14077
14077
14078
14078
14079
14080
14080
14080
14080
14081
14081
14082
14082
14082
14083
14083
14084
14084
14084
14085
14085
14085
14086
14086
14087
14087
14087
14088
14088
14089
14089
14089
14090
14090
14090
14091
14091
14091
14092
14092
14092
14092
14093
14093
14094
14094
14094
14094
14095
14095
14095
14095
14096
14096
14096
14096
14097
14097
14097
14097
14098
14098
14099
14099
14100
14100
14100
14101
14101
14101
14102
14103
14103
14104
14104
14105
14105
14106
14106
14106
14106
14107
14108
14108
14109
14109
14109
14109
14110
14111
14111
14112
14113
14113
14114
14114
14114
14116
14116
14116
14116
14117
14117
14118
14119
14119
14120
14120
14120
14121
14122
14122
14123
14123
14124
14124
14124
14125
14125
14126
14126
14127
14127
14127
14127
14128
14128
14128
14129
14129
14130
14130
14130
14131
14131
14132
14132
14133
14133
14133
14134
14134
14135
14135
14135
14136
14136
14136
14137
14137
14138
14138
14138
14139
14139
14139
14140
14141
14141
14141
14142
14142
14143
14143
14144
14144
14145
14145
14146
14146
14146
14146
14147
14148
14148
14148
14148
14149
14149
14150
14150
14151
14152
14152
14152
14153
14153
14153
14153
14154
14154
14154
14155
14155
14155
14156
14156
14156
14157
14157
14158
14158
14158
14158
14159
14159
14159
14160
14160
14161
14161
14161
14161
14162
14162
14163
14163
14163
14164
14164
14165
14165
14166
14166
14166
14167
14167
14168
14169
14169
14169
14169
14170
14170
14171
14171
14172
14172
14174
14174
14174
14175
14175
14175
14175
14176
14177
14178
14179
14179
14180
14180
14180
14181
14181
14181
14182
14182
14183
14183
14184
14184
14185
14185
14185
14186
14187
14187
14188
14188
14188
14189
14189
14189
14189
14190
14190
14190
14191
14191
14191
14192
14192
14192
14193
14193
14193
14194
14194
14194
14194
14195
14195
14195
14196
14196
14197
14197
14198
14198
14198
14199
14199
14199
14199
14200
14200
14201
14201
14202
14202
14203
14203
14203
14204
14204
14205
14205
14206
14206
14206
14207
14208
14208
14208
14209
14209
14210
14210
14210
14211
14211
14211
14211
14212
14212
14213
14213
14214
14215
14215
14217
14219
14220
14221
14221
14221
14222
14223
14224
14224
14225
14225
14225
14226
14226
14226
14227
14227
14228
14228
14228
14228
14229
14229
14229
14230
14230
14231
14232
14232
14233
14233
14234
14234
14234
14235
14235
14236
14236
14237
14237
14238
14238
14238
14239
14240
14240
14240
14240
14241
14241
14241
14241
14242
14242
14242
14243
14244
14244
14244
14245
14245
14246
14247
14247
14247
14248
14248
14248
14249
14249
14250
14250
14251
14251
14251
14252
14252
14253
14253
14254
14255
14255
14255
14256
14257
14257
14257
14258
14258
14259
14259
14259
14260
14260
14260
14261
14261
14261
14262
14262
14262
14262
14263
14263
14263
14264
14265
14265
14265
14266
14266
14266
14266
14267
14267
14267
14268
14268
14268
14268
14269
14270
14270
14270
14271
14271
14271
14272
14272
14272
14273
14273
14273
14274
14274
14274
14275
14276
14276
14276
14276
14277
14278
14278
14279
14279
14279
14279
14280
14280
14280
14281
14282
14282
14282
14283
14283
14283
14284
14284
14285
14285
14286
14286
14287
14287
14288
14288
14288
14288
14289
14289
14289
14289
14290
14290
14290
14291
14291
14291
14291
14292
14292
14293
14293
14293
14294
14294
14295
14295
14295
14296
14296
14296
14297
14298
14298
14299
14299
14299
14300
14300
14301
14301
14302
14302
14302
14303
14303
14303
14304
14306
14306
14306
14307
14307
14307
14308
14308
14308
14308
14309
14309
14310
14310
14310
14311
14311
14311
14312
14312
14313
14313
14313
14314
14314
14314
14315
14315
14315
14316
14316
14316
14316
14317
14317
14317
14317
14318
14318
14319
14319
14320
14320
14321
14321
14321
14322
14322
14322
14323
14323
14324
14324
14324
14325
14325
14326
14326
14326
14327
14327
14328
14329
14329
14330
14331
14331
14332
14332
14333
14333
14333
14333
14334
14334
14335
14335
14337
14337
14338
14338
14338
14339
14340
14341
14341
14342
14343
14343
14344
14344
14345
14345
14345
14346
14346
14346
14347
14347
14348
14348
14348
14349
14350
14350
14350
14350
14351
14351
14351
14352
14353
14353
14353
14353
14354
14354
14355
14355
14355
14356
14356
14356
14356
14357
14357
14357
14358
14358
14359
14360
14360
14360
14361
14361
14362
14362
14363
14363
14364
14364
14365
14365
14366
14366
14366
14367
14367
14368
14368
14369
14369
14370
14370
14370
14370
14371
14371
14371
14371
14372
14372
14373
14373
14374
14374
14375
14375
14375
14376
14377
14377
14379
14379
14379
14380
14380
14381
14381
14382
14382
14382
14383
14383
14384
14384
14384
14385
14386
14386
14386
14387
14387
14387
14387
14388
14388
14388
14389
14389
14390
14390
14390
14391
14391
14391
14391
14392
14392
14393
14393
14393
14394
14394
14394
14395
14395
14396
14396
14396
14397
14398
14398
14398
14399
14399
14399
14399
14400
14400
14400
14401
14401
14401
14402
14402
14402
14403
14403
14404
14405
14405
14406
14406
14407
14408
14408
14408
14409
14409
14409
14410
14410
14410
14411
14411
14411
14412
14412
14412
14413
14413
14413
14414
14415
14415
14415
14416
14416
14417
14418
14418
14418
14419
14419
14419
14420
14420
14420
14420
14421
14421
14422
14422
14423
14423
14424
14425
14425
14427
14427
14427
14427
14428
14428
14428
14428
14429
14429
14429
14430
14430
14430
14431
14431
14431
14432
14432
14432
14433
14434
14434
14434
14435
14435
14435
14435
14436
14436
14436
14436
14437
14437
14437
14437
14438
14439
14439
14440
14441
14441
14441
14442
14442
14442
14442
14443
14444
14444
14444
14445
14445
14445
14446
14446
14446
14447
14448
14448
14449
14449
14449
14450
14450
14450
14451
14451
14451
14451
14452
14452
14452
14453
14454
14454
14455
14455
14456
14456
14458
14458
14459
14459
14460
14461
14462
14462
14463
14463
14464
14465
14465
14466
14467
14467
14467
14468
14468
14468
14468
14469
14469
14469
14470
14470
14470
14471
14473
14473
14473
14473
14474
14474
14475
14475
14475
14475
14476
14476
14476
14476
14477
14477
14477
14477
14478
14478
14478
14479
14479
14480
14482
14482
14482
14483
14483
14484
14484
14485
14485
14486
14486
14487
14487
14487
14488
14488
14489
14489
14489
14490
14490
14491
14491
14491
14492
14492
14493
14493
14494
14494
14496
14496
14496
14496
14497
14498
14498
14498
14499
14499
14499
14500
14500
14500
14501
14502
14502
14502
14502
14503
14503
14504
14504
14504
14505
14505
14506
14506
14506
14507
14507
14508
14508
14508
14508
14509
14509
14510
14510
14510
14511
14511
14512
14513
14513
14514
14514
14514
14515
14515
14515
14516
14516
14517
14518
14518
14519
14519
14519
14520
14520
14520
14521
14521
14522
14522
14522
14523
14523
14524
14524
14525
14526
14527
14527
14528
14528
14529
14529
14529
14530
14531
14532
14532
14532
14533
14533
14533
14534
14534
14534
14535
14535
14535
14535
14536
14536
14537
14538
14538
14538
14539
14539
14539
14540
14540
14540
14541
14541
14541
14542
14542
14542
14543
14543
14543
14544
14544
14544
14545
14545
14545
14546
14546
14547
14548
14548
14549
14549
14550
14550
14551
14551
14551
14551
14552
14552
14553
14553
14553
14554
14554
14555
14555
14555
14556
14556
14556
14556
14557
14557
14557
14557
14558
14558
14559
14559
14560
14561
14561
14561
14562
14562
14562
14563
14563
14563
14563
14564
14564
14564
14565
14565
14565
14566
14566
14567
14568
14568
14568
14569
14569
14569
14570
14570
14570
14571
14571
14571
14572
14572
14572
14573
14573
14574
14574
14575
14575
14576
14576
14576
14576
14577
14577
14578
14579
14579
14580
14581
14581
14581
14581
14582
14582
14582
14583
14583
14583
14584
14584
14585
14585
14585
14585
14586
14586
14587
14587
14587
14587
14588
14588
14588
14589
14589
14590
14591
14591
14591
14591
14592
14592
14593
14593
14593
14593
14594
14595
14595
14595
14596
14596
14597
14597
14598
14598
14599
14599
14600
14600
14601
14601
14601
14601
14602
14602
14603
14604
14604
14604
14605
14605
14606
14606
14606
14607
14607
14607
14607
14608
14608
14608
14609
14609
14609
14610
14610
14610
14611
14611
14612
14612
14613
14613
14613
14614
14615
14616
14616
14617
14618
14618
14618
14618
14619
14619
14619
14620
14620
14620
14620
14621
14621
14622
14622
14622
14622
14623
14623
14624
14624
14625
14625
14625
14625
14626
14626
14627
14628
14629
14629
14630
14630
14630
14631
14631
14631
14632
14632
14632
14633
14633
14633
14634
14635
14635
14635
14635
14636
14636
14636
14637
14638
14638
14639
14639
14639
14640
14640
14640
14641
14642
14643
14643
14643
14644
14644
14645
14645
14645
14645
14647
14647
14647
14648
14649
14649
14650
14650
14650
14651
14651
14652
14652
14653
14653
14654
14654
14654
14654
14655
14655
14656
14657
14657
14658
14658
14658
14658
14659
14659
14660
14660
14661
14661
14661
14661
14662
14662
14663
14663
14663
14663
14664
14664
14665
14665
14666
14667
14667
14667
14668
14668
14668
14669
14669
14669
14670
14670
14670
14671
14671
14671
14671
14672
14672
14672
14672
14673
14673
14674
14675
14675
14676
14676
14676
14677
14677
14678
14679
14679
14679
14680
14680
14680
14680
14681
14681
14681
14682
14682
14682
14682
14683
14683
14684
14684
14684
14685
14685
14685
14686
14686
14686
14687
14687
14687
14688
14689
14690
14690
14690
14691
14691
14692
14693
14693
14693
14693
14694
14694
14695
14695
14695
14696
14696
14696
14697
14697
14698
14698
14699
14699
14699
14700
14700
14700
14701
14701
14702
14702
14703
14703
14704
14704
14704
14704
14705
14705
14705
14706
14706
14707
14707
14708
14708
14709
14709
14709
14710
14710
14710
14712
14712
14712
14713
14713
14714
14714
14714
14714
14715
14715
14715
14715
14716
14716
14717
14717
14718
14718
14718
14718
14719
14719
14720
14720
14721
14721
14722
14722
14722
14722
14723
14723
14723
14723
14724
14724
14725
14726
14726
14726
14726
14727
14727
14728
14728
14729
14729
14729
14729
14730
14730
14733
14733
14733
14734
14734
14735
14735
14736
14737
14737
14737
14737
14738
14738
14739
14739
14739
14739
14740
14740
14741
14741
14741
14741
14742
14742
14743
14743
14744
14745
14745
14746
14747
14747
14747
14748
14748
14748
14749
14749
14749
14750
14750
14750
14751
14751
14752
14752
14752
14753
14753
14753
14753
14754
14755
14755
14755
14757
14757
14757
14757
14758
14758
14758
14759
14760
14760
14760
14760
14761
14762
14762
14762
14763
14763
14763
14764
14764
14765
14765
14765
14765
14766
14767
14767
14767
14768
14769
14769
14770
14770
14771
14771
14771
14772
14772
14772
14773
14773
14774
14774
14775
14775
14775
14776
14776
14777
14777
14777
14777
14778
14778
14778
14779
14779
14780
14780
14780
14781
14781
14781
14782
14783
14783
14784
14785
14785
14786
14786
14786
14787
14787
14788
14788
14789
14789
14789
14790
14791
14791
14792
14792
14792
14793
14793
14793
14793
14794
14794
14794
14795
14795
14796
14796
14796
14797
14797
14798
14798
14798
14799
14799
14799
14800
14800
14800
14801
14801
14801
14802
14803
14803
14803
14804
14804
14804
14804
14805
14805
14805
14806
14807
14807
14807
14808
14808
14808
14808
14809
14810
14810
14811
14811
14811
14812
14813
14813
14813
14813
14814
14814
14814
14815
14815
14815
14816
14816
14816
14817
14817
14817
14818
14818
14819
14819
14819
14820
14820
14820
14820
14821
14821
14822
14822
14823
14823
14823
14824
14824
14824
14824
14825
14825
14825
14826
14826
14827
14827
14827
14828
14828
14828
14829
14829
14829
14829
14830
14830
14830
14830
14831
14832
14832
14832
14833
14833
14834
14834
14835
14835
14835
14836
14836
14837
14837
14837
14838
14838
14838
14838
14839
14839
14839
14840
14840
14841
14841
14842
14842
14842
14844
14844
14845
14845
14845
14845
14846
14846
14847
14848
14848
14849
14849
14850
14851
14851
14851
14852
14853
14854
14854
14854
14854
14855
14855
14855
14856
14856
14856
14856
14857
14858
14859
14859
14860
14860
14860
14861
14861
14861
14862
14862
14862
14863
14863
14863
14863
14864
14864
14864
14865
14865
14866
14867
14867
14867
14868
14868
14868
14869
14869
14869
14869
14870
14870
14871
14871
14871
14872
14872
14872
14874
14874
14874
14875
14875
14876
14876
14876
14877
14877
14877
14878
14878
14879
14879
14880
14880
14881
14881
14882
14883
14883
14884
14884
14885
14885
14885
14886
14886
14886
14887
14888
14889
14889
14889
14890
14890
14890
14891
14891
14891
14891
14893
14893
14894
14894
14895
14895
14896
14896
14897
14897
14897
14898
14898
14900
14900
14902
14902
14903
14903
14904
14905
14905
14906
14907
14907
14907
14908
14908
14909
14909
14910
14911
14911
14912
14912
14913
14913
14914
14914
14915
14915
14916
14917
14917
14918
14919
14919
14920
14921
14921
14921
14922
14922
14923
14925
14925
14926
14926
14927
14928
14928
14928
14929
14929
14930
14931
14931
14932
14933
14933
14934
14934
14935
14936
14936
14937
14937
14938
14938
14938
14939
14939
14940
14940
14940
14941
14941
14941
14942
14942
14943
14943
14944
14944
14945
14945
14946
14947
14948
14948
14948
14948
14949
14949
14949
14950
14951
14951
14952
14952
14952
14953
14954
14954
14954
14955
14955
14956
14956
14956
14957
14957
14957
14958
14958
14959
14960
14960
14961
14961
14962
14962
14963
14964
14964
14964
14965
14965
14965
14967
14967
14968
14968
14969
14969
14970
14972
14972
14972
14972
14973
14973
14973
14974
14974
14975
14975
14976
14976
14977
14977
14978
14978
14979
14979
14980
14981
14981
14981
14982
14982
14982
14982
14983
14983
14984
14984
14985
14985
14986
14986
14987
14988
14988
14989
14989
14989
14990
14990
14991
14991
14992
14992
14993
14993
14994
14994
14994
14995
14995
14996
14997
14997
14998
14998
14998
14999
14999
15000
15000
15001
15001
15001
15001
15002
15002
15003
15004
15004
15005
15005
15005
15006
15007
15007
15008
15009
15009
15009
15010
15010
15011
15011
15012
15012
15012
15013
15014
15014
15015
15015
15016
15016
15016
15017
15017
15017
15017
15018
15018
15018
15019
15019
15019
15020
15020
15020
15020
15021
15022
15022
15023
15023
15023
15024
15024
15024
15025
15026
15026
15027
15027
15028
15028
15028
15029
15029
15029
15029
15030
15031
15032
15032
15032
15033
15033
15034
15034
15034
15035
15035
15036
15036
15036
15037
15037
15037
15038
15038
15038
15039
15040
15040
15040
15041
15041
15041
15042
15042
15042
15043
15043
15043
15044
15044
15045
15046
15047
15047
15048
15048
15048
15049
15049
15049
15049
15050
15050
15050
15051
15051
15053
15053
15054
15054
15055
15055
15056
15056
15057
15058
15058
15058
15058
15059
15060
15060
15062
15062
15063
15063
15064
15064
15065
15066
15066
15066
15067
15067
15067
15068
15068
15069
15069
15069
15070
15070
15070
15070
15071
15071
15071
15071
15072
15072
15073
15073
15073
15073
15074
15074
15075
15075
15076
15077
15077
15077
15078
15079
15079
15079
15080
15080
15080
15080
15082
15082
15082
15083
15083
15083
15083
15084
15084
15085
15085
15086
15086
15086
15086
15087
15087
15088
15089
15089
15090
15090
15091
15092
15092
15092
15093
15094
15094
15094
15095
15096
15096
15096
15097
15097
15097
15098
15098
15098
15099
15099
15099
15100
15100
15101
15101
15101
15102
15102
15103
15103
15103
15104
15104
15104
15104
15105
15105
15105
15106
15106
15106
15107
15108
15108
15109
15109
15109
15110
15110
15110
15111
15111
15111
15112
15112
15112
15113
15114
15115
15115
15115
15116
15116
15117
15117
15118
15119
15119
15120
15120
15121
15121
15122
15122
15122
15123
15123
15124
15124
15124
15125
15125
15126
15127
15127
15128
15128
15129
15129
15129
15130
15130
15130
15131
15131
15131
15131
15132
15132
15132
15133
15133
15133
15134
15134
15135
15136
15137
15138
15138
15139
15140
15140
15141
15141
15141
15142
15142
15143
15143
15144
15144
15144
15145
15145
15145
15146
15146
15146
15147
15147
15147
15149
15149
15149
15150
15150
15151
15151
15151
15152
15152
15152
15153
15153
15154
15154
15154
15154
15155
15155
15156
15156
15156
15157
15157
15157
15158
15158
15159
15159
15160
15160
15160
15161
15161
15161
15162
15162
15163
15163
15164
15164
15164
15164
15165
15165
15165
15166
15167
15167
15168
15168
15169
15169
15169
15170
15170
15170
15171
15171
15172
15172
15173
15173
15174
15174
15175
15175
15175
15175
15176
15176
15176
15177
15177
15177
15178
15178
15179
15179
15180
15180
15180
15181
15181
15182
15183
15183
15183
15184
15184
15184
15185
15185
15186
15186
15187
15187
15188
15188
15188
15189
15191
15191
15191
15192
15193
15193
15194
15194
15195
15196
15196
15198
15199
15199
15199
15199
15200
15200
15200
15202
15202
15203
15203
15204
15204
15205
15205
15206
15206
15206
15207
15207
15207
15207
15208
15209
15209
15209
15210
15210
15210
15210
15211
15211
15212
15213
15213
15213
15214
15214
15214
15215
15216
15216
15217
15217
15217
15218
15219
15219
15219
15220
15220
15220
15221
15221
15222
15222
15222
15223
15223
15224
15224
15224
15225
15225
15225
15225
15226
15226
15227
15227
15228
15228
15229
15229
15230
15230
15231
15231
15231
15232
15232
15233
15234
15234
15235
15235
15235
15236
15236
15236
15236
15237
15237
15238
15238
15238
15239
15239
15240
15240
15241
15241
15241
15242
15242
15242
15243
15243
15244
15244
15244
15244
15245
15245
15246
15246
15247
15247
15247
15247
15248
15248
15249
15249
15250
15250
15251
15251
15252
15252
15253
15253
15254
15254
15255
15255
15256
15256
15257
15257
15259
15259
15259
15259
15260
15260
15261
15261
15262
15262
15262
15262
15263
15263
15263
15264
15264
15265
15265
15265
15266
15266
15266
15266
15267
15267
15268
15268
15268
15269
15269
15269
15270
15270
15271
15271
15271
15272
15272
15273
15273
15274
15274
15274
15274
15275
15275
15276
15277
15277
15277
15277
15278
15278
15278
15279
15279
15280
15280
15280
15281
15281
15281
15282
15282
15283
15283
15284
15284
15284
15284
15285
15285
15286
15286
15287
15287
15287
15288
15288
15288
15289
15289
15289
15289
15290
15290
15290
15290
15291
15291
15292
15293
15293
15294
15294
15294
15295
15295
15295
15297
15297
15298
15298
15299
15299
15299
15300
15300
15301
15301
15301
15302
15302
15302
15302
15303
15303
15303
15304
15304
15304
15305
15306
15307
15307
15307
15308
15308
15309
15309
15309
15309
15310
15310
15311
15311
15311
15312
15312
15313
15313
15314
15314
15314
15315
15315
15315
15316
15316
15316
15316
15317
15317
15317
15318
15318
15319
15320
15320
15320
15321
15321
15321
15321
15322
15322
15323
15323
15323
15324
15324
15325
15325
15326
15326
15327
15327
15327
15328
15329
15329
15329
15329
15330
15331
15331
15331
15332
15333
15334
15334
15335
15335
15335
15335
15336
15336
15336
15337
15338
15338
15339
15339
15340
15341
15341
15341
15342
15342
15342
15343
15343
15344
15345
15345
15345
15346
15346
15346
15347
15347
15349
15349
15350
15350
15350
15351
15352
15352
15353
15353
15353
15354
15355
15355
15355
15355
15356
15357
15357
15357
15357
15358
15358
15360
15360
15361
15361
15361
15361
15362
15362
15362
15362
15363
15363
15364
15364
15365
15365
15366
15366
15367
15367
15367
15367
15368
15368
15369
15369
15369
15370
15370
15370
15371
15371
15372
15372
15372
15373
15373
15375
15376
15376
15377
15377
15377
15378
15379
15379
15380
15380
15380
15380
15381
15382
15382
15383
15383
15384
15384
15384
15385
15385
15385
15386
15386
15386
15387
15387
15387
15388
15388
15389
15389
15389
15390
15390
15390
15391
15391
15391
15391
15392
15392
15393
15394
15394
15395
15395
15395
15396
15396
15397
15397
15397
15398
15398
15398
15398
15399
15399
15399
15400
15400
15401
15401
15401
15402
15402
15403
15404
15404
15404
15405
15405
15406
15406
15406
15407
15407
15407
15408
15408
15409
15410
15410
15410
15411
15412
15412
15413
15413
15413
15413
15414
15414
15414
15414
15415
15415
15415
15416
15416
15416
15417
15417
15418
15418
15419
15419
15420
15420
15420
15421
15421
15421
15422
15423
15423
15423
15423
15424
15424
15424
15425
15426
15427
15428
15428
15428
15429
15429
15429
15430
15431
15431
15431
15433
15434
15434
15434
15435
15435
15435
15436
15436
15438
15439
15439
15439
15440
15440
15440
15441
15441
15441
15442
15443
15444
15444
15445
15445
15445
15446
15446
15447
15447
15448
15448
15448
15449
15449
15449
15450
15450
15451
15451
15452
15452
15453
15453
15454
15454
15454
15455
15455
15456
15456
15456
15457
15457
15458
15458
15458
15459
15460
15460
15461
15461
15462
15462
15462
15464
15464
15464
15465
15465
15465
15466
15466
15467
15468
15468
15469
15469
15470
15470
15471
15471
15471
15472
15473
15474
15474
15475
15475
15475
15476
15477
15477
15477
15478
15478
15478
15479
15479
15480
15480
15481
15481
15482
15482
15483
15483
15484
15484
15485
15486
15487
15487
15487
15487
15488
15488
15488
15488
15489
15490
15490
15491
15492
15492
15492
15493
15493
15494
15494
15494
15495
15495
15495
15496
15496
15497
15497
15497
15498
15499
15499
15499
15500
15500
15500
15501
15501
15501
15502
15502
15503
15503
15503
15504
15505
15505
15505
15506
15506
15507
15508
15508
15508
15510
15510
15511
15512
15512
15512
15513
15513
15513
15513
15514
15514
15515
15516
15517
15517
15518
15518
15518
15518
15519
15520
15520
15521
15521
15521
15522
15522
15522
15523
15523
15523
15524
15525
15526
15526
15527
15527
15527
15527
15528
15529
15529
15530
15531
15532
15532
15533
15533
15534
15534
15535
15535
15536
15536
15537
15537
15538
15539
15539
15540
15541
15541
15541
15542
15542
15543
15543
15543
15544
15544
15544
15545
15545
15546
15546
15546
15547
15547
15548
15548
15549
15549
15549
15550
15550
15551
15551
15552
15552
15552
15552
15553
15554
15554
15555
15555
15556
15556
15557
15557
15558
15558
15558
15559
15559
15560
15560
15560
15561
15562
15562
15562
15563
15563
15563
15566
15566
15567
15567
15568
15568
15568
15569
15570
15570
15571
15571
15571
15573
15573
15573
15574
15574
15574
15575
15575
15576
15576
15576
15577
15577
15578
15579
15579
15580
15580
15581
15581
15581
15581
15582
15582
15582
15582
15583
15583
15583
15584
15585
15585
15586
15586
15586
15587
15587
15588
15588
15588
15589
15590
15590
15591
15592
15592
15592
15592
15593
15593
15593
15593
15594
15594
15595
15596
15596
15596
15597
15597
15598
15598
15599
15600
15601
15601
15601
15602
15602
15602
15603
15603
15604
15604
15605
15605
15605
15606
15606
15606
15607
15607
15608
15608
15609
15611
15611
15612
15612
15613
15614
15614
15615
15616
15617
15617
15617
15618
15618
15618
15619
15619
15620
15620
15620
15620
15621
15622
15622
15623
15623
15624
15625
15625
15626
15626
15627
15627
15627
15628
15629
15629
15629
15630
15630
15631
15632
15632
15633
15634
15634
15635
15635
15635
15636
15636
15637
15637
15638
15638
15638
15639
15639
15640
15640
15640
15641
15641
15641
15642
15643
15644
15644
15644
15644
15645
15645
15645
15646
15646
15646
15647
15647
15648
15649
15649
15650
15650
15651
15652
15652
15653
15653
15654
15655
15657
15657
15657
15657
15658
15659
15659
15660
15660
15660
15661
15663
15664
15664
15664
15665
15666
15666
15667
15667
15668
15669
15670
15670
15670
15671
15671
15671
15672
15673
15673
15676
15676
15676
15677
15677
15677
15678
15678
15678
15679
15679
15679
15679
15680
15680
15680
15681
15681
15682
15682
15683
15683
15684
15684
15684
15685
15685
15686
15686
15687
15687
15687
15688
15688
15688
15689
15689
15690
15690
15690
15691
15692
15692
15693
15693
15693
15694
15694
15695
15696
15696
15696
15697
15697
15698
15698
15699
15699
15699
15700
15700
15702
15702
15703
15703
15703
15703
15704
15705
15705
15706
15706
15707
15707
15707
15708
15708
15708
15709
15710
15710
15710
15711
15711
15712
15712
15712
15713
15715
15716
15716
15716
15717
15717
15718
15719
15720
15720
15721
15721
15723
15724
15725
15725
15726
15726
15727
15727
15728
15728
15729
15729
15730
15730
15730
15731
15733
15733
15733
15733
15734
15734
15735
15735
15735
15736
15737
15738
15738
15738
15739
15739
15739
15740
15740
15740
15741
15741
15741
15741
15742
15743
15744
15745
15745
15745
15746
15746
15747
15747
15748
15748
15749
15750
15751
15751
15751
15752
15753
15753
15755
15755
15756
15756
15756
15756
15757
15758
15759
15759
15759
15759
15760
15760
15761
15761
15761
15761
15762
15762
15763
15763
15763
15764
15764
15765
15766
15766
15767
15767
15767
15768
15768
15769
15770
15770
15771
15771
15772
15772
15772
15774
15774
15774
15775
15776
15776
15777
15777
15777
15778
15778
15779
15779
15779
15779
15780
15780
15781
15781
15782
15782
15783
15783
15784
15784
15785
15785
15785
15786
15786
15787
15788
15790
15790
15790
15791
15791
15792
15792
15792
15792
15793
15793
15795
15795
15796
15796
15797
15797
15798
15798
15799
15799
15800
15801
15801
15802
15802
15803
15803
15804
15805
15805
15805
15806
15806
15806
15807
15807
15808
15808
15809
15810
15810
15810
15810
15811
15811
15812
15812
15813
15813
15815
15815
15815
15817
15818
15818
15819
15819
15820
15821
15821
15821
15821
15822
15823
15823
15823
15823
15824
15824
15824
15825
15826
15826
15826
15827
15827
15828
15828
15828
15829
15830
15831
15832
15833
15833
15834
15834
15835
15835
15836
15836
15836
15837
15838
15840
15840
15840
15841
15842
15842
15843
15843
15843
15844
15844
15844
15845
15845
15845
15846
15846
15846
15848
15848
15849
15849
15849
15850
15850
15851
15851
15852
15852
15853
15853
15854
15854
15854
15856
15857
15857
15858
15858
15859
15859
15860
15860
15860
15861
15862
15863
15863
15864
15864
15864
15865
15865
15865
15866
15866
15866
15866
15868
15868
15869
15870
15870
15871
15872
15872
15874
15875
15876
15877
15877
15878
15878
15878
15878
15879
15879
15880
15881
15881
15881
15881
15882
15882
15882
15884
15885
15885
15885
15885
15886
15888
15888
15889
15889
15890
15890
15890
15891
15891
15891
15892
15892
15893
15893
15894
15895
15895
15896
15896
15897
15897
15898
15898
15899
15899
15899
15900
15900
15900
15900
15901
15902
15902
15902
15903
15905
15905
15906
15907
15908
15908
15908
15910
15910
15911
15911
15911
15912
15912
15913
15913
15913
15914
15915
15916
15916
15916
15917
15917
15918
15918
15918
15920
15921
15921
15921
15922
15922
15922
15923
15924
15924
15925
15926
15926
15926
15927
15927
15928
15928
15928
15929
15929
15930
15930
15930
15931
15931
15932
15932
15932
15932
15933
15933
15934
15934
15934
15935
15935
15936
15937
15938
15940
15942
15942
15943
15943
15943
15944
15944
15944
15944
15945
15945
15945
15946
15946
15947
15948
15948
15949
15949
15950
15950
15951
15952
15952
15953
15953
15953
15954
15954
15954
15955
15955
15955
15956
15956
15957
15957
15958
15958
15959
15959
15959
15959
15960
15960
15961
15961
15961
15962
15962
15963
15963
15963
15964
15965
15965
15966
15966
15966
15967
15967
15967
15968
15968
15968
15969
15969
15970
15970
15971
15972
15972
15973
15973
15974
15974
15975
15976
15976
15977
15977
15977
15977
15978
15978
15979
15980
15980
15980
15981
15981
15982
15982
15982
15982
15983
15983
15983
15984
15984
15985
15985
15986
15986
15987
15987
15988
15988
15988
15990
15990
15992
15993
15993
15994
15994
15994
15995
15996
15996
15996
15996
15997
15997
15998
15999
15999
15999
16000
16000
16001
16001
16002
16002
16003
16003
16004
16004
16004
16006
16006
16006
16007
16008
16008
16009
16009
16009
16009
16010
16010
16011
16012
16012
16012
16013
16013
16013
16014
16015
16016
16016
16016
16017
16017
16018
16018
16018
16019
16019
16019
16020
16020
16021
16022
16022
16022
16023
16024
16025
16025
16025
16026
16027
16027
16027
16028
16028
16028
16029
16030
16030
16031
16032
16033
16033
16034
16035
16035
16036
16036
16036
16036
16037
16037
16039
16040
16040
16041
16041
16042
16042
16042
16043
16043
16044
16044
16044
16045
16045
16045
16046
16046
16047
16048
16049
16049
16050
16050
16050
16050
16051
16051
16052
16053
16053
16053
16053
16054
16054
16054
16055
16055
16055
16057
16057
16058
16059
16060
16061
16062
16062
16063
16064
16064
16064
16065
16065
16066
16066
16066
16067
16067
16067
16067
16068
16068
16070
16070
16070
16071
16071
16071
16072
16072
16073
16074
16075
16075
16075
16076
16076
16077
16077
16077
16078
16078
16078
16079
16079
16079
16079
16080
16080
16081
16081
16082
16082
16082
16083
16083
16084
16084
16085
16085
16085
16086
16086
16086
16086
16087
16088
16088
16088
16089
16089
16090
16090
16091
16091
16091
16092
16092
16093
16093
16094
16094
16094
16095
16095
16097
16097
16098
16099
16099
16100
16100
16101
16102
16103
16103
16103
16104
16104
16105
16105
16106
16106
16106
16107
16108
16108
16108
16109
16109
16110
16110
16111
16111
16111
16111
16112
16112
16113
16113
16113
16113
16114
16114
16114
16115
16116
16116
16116
16117
16118
16118
16119
16119
16121
16122
16123
16123
16124
16124
16125
16125
16125
16125
16126
16126
16127
16127
16128
16128
16129
16129
16130
16130
16131
16131
16131
16131
16132
16132
16132
16132
16133
16133
16133
16134
16135
16135
16136
16136
16137
16137
16138
16139
16139
16140
16141
16141
16142
16142
16142
16142
16143
16143
16143
16144
16144
16145
16145
16146
16146
16147
16147
16147
16148
16149
16149
16150
16151
16151
16152
16152
16152
16152
16153
16153
16153
16154
16155
16156
16156
16156
16157
16157
16158
16158
16158
16158
16159
16160
16160
16160
16161
16161
16162
16163
16164
16165
16165
16165
16166
16166
16166
16166
16167
16167
16167
16167
16168
16168
16169
16169
16170
16170
16171
16171
16172
16172
16173
16173
16173
16173
16174
16174
16174
16175
16175
16175
16175
16176
16176
16177
16177
16177
16178
16178
16178
16178
16179
16180
16180
16180
16181
16181
16182
16182
16182
16182
16183
16183
16184
16184
16184
16184
16185
16185
16185
16185
16186
16186
16187
16188
16188
16189
16189
16190
16190
16191
16191
16191
16192
16192
16193
16193
16193
16194
16194
16195
16195
16197
16197
16198
16198
16199
16199
16199
16200
16200
16200
16201
16201
16201
16202
16202
16202
16202
16203
16203
16203
16204
16205
16205
16206
16206
16207
16207
16207
16207
16208
16208
16209
16209
16210
16210
16210
16210
16211
16211
16212
16212
16212
16213
16214
16215
16215
16216
16216
16216
16217
16217
16218
16218
16219
16219
16220
16220
16220
16221
16221
16222
16222
16222
16222
16223
16223
16224
16225
16225
16226
16226
16227
16227
16227
16228
16229
16229
16231
16231
16232
16232
16233
16233
16233
16234
16234
16234
16235
16235
16235
16236
16236
16237
16237
16238
16239
16239
16240
16240
16240
16241
16241
16242
16243
16244
16245
16245
16245
16246
16247
16247
16247
16248
16248
16249
16249
16249
16249
16250
16250
16250
16251
16251
16252
16252
16252
16253
16253
16253
16254
16254
16254
16255
16255
16255
16257
16258
16259
16259
16259
16259
16260
16260
16260
16261
16261
16262
16262
16263
16263
16263
16264
16264
16265
16265
16265
16267
16267
16268
16268
16268
16268
16269
16269
16269
16269
16270
16271
16271
16272
16272
16273
16273
16274
16274
16274
16275
16275
16275
16276
16276
16276
16276
16277
16277
16278
16278
16279
16279
16280
16281
16281
16281
16282
16282
16282
16283
16283
16283
16283
16284
16284
16284
16285
16285
16286
16286
16287
16287
16288
16288
16288
16289
16290
16291
16291
16291
16292
16292
16293
16293
16293
16294
16294
16295
16295
16296
16296
16297
16298
16298
16298
16299
16299
16300
16300
16301
16301
16302
16303
16303
16304
16304
16305
16306
16306
16307
16307
16307
16308
16308
16309
16309
16310
16311
16312
16313
16313
16314
16314
16314
16315
16316
16316
16318
16318
16319
16319
16319
16320
16320
16320
16321
16321
16322
16322
16322
16322
16323
16323
16323
16324
16324
16325
16325
16325
16326
16326
16327
16328
16328
16329
16330
16331
16331
16332
16332
16333
16334
16334
16334
16334
16335
16335
16335
16336
16336
16337
16337
16338
16339
16340
16340
16340
16341
16341
16342
16342
16342
16342
16343
16343
16343
16343
16344
16344
16344
16345
16345
16346
16347
16347
16348
16349
16349
16350
16350
16350
16350
16351
16351
16351
16352
16352
16352
16353
16353
16354
16354
16354
16355
16355
16356
16356
16357
16357
16358
16358
16358
16359
16359
16359
16360
16360
16360
16361
16361
16362
16363
16363
16363
16364
16365
16365
16366
16366
16367
16367
16367
16368
16369
16369
16369
16370
16372
16372
16372
16373
16373
16373
16374
16375
16376
16376
16376
16377
16377
16378
16378
16378
16379
16379
16379
16380
16381
16381
16382
16383
16384
16384
16384
16384
16385
16385
16386
16386
16386
16387
16388
16388
16388
16389
16389
16389
16390
16390
16391
16392
16392
16392
16393
16394
16394
16394
16394
16395
16395
16395
16395
16396
16396
16396
16397
16398
16399
16399
16400
16400
16400
16401
16401
16401
16402
16402
16403
16403
16403
16404
16404
16404
16405
16406
16406
16406
16407
16407
16408
16408
16409
16409
16410
16410
16410
16410
16411
16411
16411
16412
16412
16414
16414
16415
16416
16417
16418
16419
16419
16419
16420
16420
16421
16421
16422
16422
16423
16423
16424
16424
16425
16425
16425
16426
16426
16426
16427
16427
16427
16428
16429
16429
16430
16430
16431
16431
16432
16432
16433
16433
16433
16433
16434
16434
16434
16435
16436
16437
16437
16437
16438
16438
16438
16438
16439
16439
16439
16440
16441
16442
16443
16443
16443
16445
16446
16446
16447
16447
16448
16451
16451
16452
16453
16454
16454
16454
16455
16455
16456
16456
16456
16456
16457
16457
16458
16458
16458
16459
16460
16460
16460
16461
16461
16461
16462
16462
16462
16463
16463
16463
16463
16464
16464
16464
16465
16465
16466
16466
16466
16466
16467
16467
16467
16467
16468
16468
16468
16469
16469
16470
16470
16471
16471
16471
16472
16472
16472
16473
16473
16474
16474
16475
16476
16476
16476
16477
16478
16480
16480
16480
16481
16481
16481
16482
16482
16482
16482
16483
16483
16484
16484
16485
16485
16486
16486
16486
16487
16487
16488
16488
16490
16490
16491
16491
16492
16492
16492
16492
16493
16493
16493
16494
16494
16495
16495
16496
16496
16497
16497
16497
16499
16499
16500
16501
16501
16502
16503
16503
16504
16505
16505
16506
16506
16507
16507
16508
16508
16509
16509
16509
16510
16510
16511
16511
16512
16512
16512
16513
16513
16513
16514
16514
16514
16515
16516
16516
16516
16517
16517
16518
16519
16520
16521
16521
16521
16522
16522
16523
16523
16524
16524
16525
16527
16527
16527
16529
16529
16530
16531
16532
16532
16532
16533
16533
16533
16533
16534
16534
16535
16535
16535
16537
16537
16537
16537
16538
16538
16538
16538
16539
16539
16539
16540
16541
16541
16542
16543
16544
16544
16545
16545
16545
16546
16546
16546
16547
16547
16547
16549
16549
16550
16550
16550
16550
16551
16552
16552
16553
16554
16554
16555
16556
16556
16557
16557
16558
16558
16559
16559
16559
16560
16560
16560
16561
16562
16562
16564
16564
16565
16565
16565
16567
16567
16567
16568
16568
16568
16568
16569
16570
16570
16571
16571
16572
16573
16573
16573
16574
16574
16574
16574
16575
16576
16576
16577
16578
16578
16578
16578
16580
16580
16581
16581
16581
16582
16582
16583
16583
16583
16584
16585
16585
16586
16586
16586
16587
16587
16587
16587
16588
16588
16589
16590
16590
16591
16591
16592
16592
16593
16594
16594
16594
16595
16595
16595
16596
16596
16596
16597
16598
16599
16600
16601
16601
16602
16603
16603
16603
16603
16604
16604
16604
16604
16605
16605
16605
16606
16606
16606
16607
16607
16607
16608
16608
16609
16609
16610
16610
16611
16611
16611
16611
16612
16612
16613
16614
16614
16614
16615
16616
16616
16616
16617
16618
16619
16620
16620
16621
16621
16622
16624
16624
16625
16625
16625
16627
16627
16627
16628
16629
16629
16629
16630
16630
16631
16631
16631
16631
16632
16632
16632
16633
16633
16634
16634
16634
16635
16635
16636
16636
16637
16637
16637
16638
16638
16638
16639
16639
16639
16640
16640
16642
16643
16644
16646
16646
16647
16647
16648
16648
16648
16648
16649
16649
16650
16650
16650
16651
16651
16652
16652
16652
16653
16654
16654
16655
16655
16655
16656
16657
16657
16657
16658
16658
16659
16660
16661
16662
16663
16664
16664
16666
16666
16667
16667
16667
16668
16668
16668
16669
16670
16670
16670
16671
16671
16672
16672
16672
16673
16673
16674
16674
16675
16676
16677
16677
16678
16678
16678
16679
16680
16680
16680
16681
16681
16681
16682
16682
16682
16683
16683
16684
16684
16684
16686
16686
16687
16687
16687
16688
16688
16689
16689
16690
16690
16691
16691
16692
16692
16693
16693
16694
16694
16695
16695
16695
16696
16697
16698
16698
16699
16700
16700
16700
16701
16701
16701
16702
16702
16703
16703
16703
16704
16704
16705
16705
16705
16705
16706
16706
16706
16707
16708
16709
16709
16710
16711
16711
16712
16712
16712
16712
16713
16713
16714
16714
16715
16715
16716
16716
16717
16717
16718
16718
16719
16719
16720
16721
16721
16722
16722
16722
16723
16723
16723
16724
16724
16724
16725
16725
16725
16726
16726
16726
16727
16728
16729
16729
16729
16730
16730
16731
16731
16732
16733
16733
16734
16734
16735
16735
16735
16736
16736
16737
16738
16738
16738
16740
16740
16740
16741
16741
16742
16742
16742
16742
16743
16744
16744
16745
16745
16746
16746
16747
16747
16749
16749
16750
16750
16752
16752
16753
16755
16755
16756
16756
16756
16757
16757
16758
16759
16759
16760
16760
16761
16762
16762
16763
16763
16764
16764
16764
16765
16765
16765
16766
16766
16767
16767
16767
16767
16768
16768
16768
16769
16769
16769
16770
16770
16770
16771
16771
16772
16772
16772
16773
16775
16776
16776
16776
16777
16778
16780
16780
16781
16781
16781
16782
16782
16783
16784
16784
16785
16785
16786
16786
16786
16787
16787
16788
16788
16789
16789
16790
16790
16790
16790
16791
16791
16792
16792
16793
16793
16793
16794
16794
16794
16795
16796
16796
16797
16797
16798
16798
16799
16799
16800
16800
16801
16802
16802
16803
16803
16804
16804
16805
16805
16806
16806
16808
16808
16809
16809
16809
16810
16811
16812
16812
16813
16813
16813
16814
16814
16815
16816
16817
16817
16817
16818
16818
16819
16819
16819
16820
16820
16821
16821
16822
16823
16823
16824
16825
16825
16825
16826
16827
16827
16828
16829
16829
16830
16830
16831
16831
16832
16832
16833
16834
16834
16834
16835
16835
16836
16836
16836
16836
16837
16837
16838
16838
16839
16839
16839
16841
16841
16842
16842
16842
16842
16843
16843
16843
16844
16844
16844
16845
16845
16845
16845
16846
16846
16846
16846
16847
16847
16848
16849
16849
16850
16851
16851
16851
16852
16853
16853
16854
16854
16854
16855
16855
16856
16856
16857
16857
16857
16857
16858
16859
16859
16859
16860
16860
16860
16861
16861
16862
16863
16864
16865
16866
16866
16866
16866
16867
16867
16868
16869
16869
16870
16870
16870
16871
16871
16871
16872
16872
16872
16873
16873
16873
16874
16874
16875
16877
16877
16878
16878
16879
16879
16879
16880
16880
16881
16881
16882
16882
16882
16882
16883
16883
16883
16884
16885
16885
16885
16886
16886
16886
16887
16887
16887
16888
16888
16889
16889
16890
16890
16890
16890
16891
16891
16891
16892
16893
16893
16893
16893
16894
16894
16895
16895
16896
16896
16897
16899
16899
16899
16900
16901
16901
16902
16902
16903
16903
16903
16904
16905
16906
16906
16907
16907
16908
16909
16909
16909
16910
16910
16910
16911
16911
16912
16912
16912
16913
16913
16914
16914
16915
16915
16915
16916
16917
16917
16917
16918
16918
16918
16919
16919
16920
16920
16921
16921
16921
16921
16922
16923
16923
16923
16924
16924
16925
16925
16925
16925
16926
16926
16926
16928
16928
16928
16929
16929
16930
16930
16930
16931
16932
16932
16932
16932
16933
16933
16933
16934
16934
16934
16935
16935
16935
16935
16936
16937
16937
16937
16938
16940
16940
16940
16941
16941
16941
16942
16942
16942
16943
16943
16944
16945
16946
16946
16947
16947
16948
16950
16950
16951
16952
16952
16952
16952
16953
16953
16953
16954
16955
16955
16955
16956
16956
16956
16957
16957
16957
16958
16958
16958
16959
16959
16959
16960
16961
16962
16962
16963
16963
16963
16964
16964
16965
16966
16967
16968
16968
16968
16969
16970
16970
16970
16971
16971
16971
16972
16973
16973
16973
16974
16974
16974
16974
16975
16975
16975
16975
16976
16976
16976
16977
16978
16978
16978
16978
16979
16980
16980
16981
16982
16982
16982
16983
16983
16983
16983
16984
16984
16985
16985
16985
16985
16986
16987
16987
16987
16988
16989
16990
16991
16991
16991
16991
16992
16992
16993
16994
16994
16994
16994
16995
16995
16995
16995
16996
16997
16997
16997
16998
16999
16999
16999
17000
17000
17001
17002
17003
17003
17004
17004
17005
17005
17006
17007
17007
17007
17007
17008
17008
17008
17009
17009
17009
17010
17010
17011
17011
17012
17012
17012
17013
17014
17014
17015
17015
17016
17016
17016
17017
17017
17018
17018
17018
17019
17019
17019
17020
17021
17021
17022
17023
17023
17024
17025
17025
17026
17027
17027
17027
17028
17029
17029
17030
17030
17030
17031
17032
17032
17032
17032
17034
17034
17035
17035
17036
17036
17037
17038
17040
17040
17042
17043
17043
17044
17044
17045
17045
17046
17046
17046
17047
17047
17048
17048
17048
17049
17049
17050
17050
17051
17052
17052
17052
17053
17053
17054
17055
17055
17055
17056
17056
17057
17057
17057
17058
17058
17059
17059
17060
17061
17061
17062
17063
17063
17063
17064
17065
17065
17065
17066
17067
17068
17068
17069
17069
17069
17072
17072
17073
17073
17074
17074
17076
17077
17077
17078
17079
17079
17080
17080
17081
17081
17082
17082
17083
17084
17084
17085
17085
17085
17086
17086
17087
17088
17088
17088
17089
17089
17089
17090
17091
17091
17092
17092
17093
17093
17094
17094
17095
17095
17095
17096
17096
17097
17097
17097
17098
17098
17098
17099
17100
17100
17100
17101
17102
17102
17103
17103
17103
17103
17104
17104
17105
17106
17106
17106
17106
17108
17108
17109
17109
17109
17110
17110
17110
17110
17111
17111
17112
17112
17112
17113
17113
17113
17114
17114
17114
17115
17115
17116
17116
17117
17117
17117
17118
17118
17119
17119
17119
17120
17121
17121
17122
17122
17123
17123
17124
17124
17124
17124
17125
17125
17125
17127
17127
17127
17128
17128
17128
17128
17129
17129
17130
17131
17131
17131
17132
17133
17133
17134
17134
17135
17135
17136
17136
17137
17138
17139
17140
17140
17140
17140
17141
17141
17141
17141
17142
17142
17143
17143
17143
17144
17145
17145
17145
17145
17146
17146
17147
17147
17147
17147
17148
17148
17148
17148
17149
17150
17151
17151
17151
17151
17152
17152
17152
17153
17153
17154
17154
17155
17155
17155
17156
17156
17157
17158
17158
17159
17159
17159
17160
17161
17161
17162
17162
17163
17163
17163
17164
17164
17165
17165
17165
17166
17166
17167
17167
17167
17168
17168
17169
17170
17171
17171
17172
17172
17172
17172
17173
17173
17175
17176
17176
17177
17177
17177
17178
17178
17178
17178
17179
17180
17181
17181
17182
17183
17183
17184
17185
17185
17186
17186
17187
17187
17188
17188
17188
17189
17189
17189
17190
17190
17191
17191
17192
17192
17193
17193
17194
17194
17195
17195
17195
17196
17197
17197
17197
17197
17198
17199
17199
17199
17199
17200
17201
17202
17202
17202
17202
17204
17205
17205
17206
17206
17206
17207
17207
17208
17209
17210
17211
17212
17212
17213
17213
17214
17214
17214
17216
17216
17216
17216
17217
17218
17219
17220
17220
17222
17222
17222
17223
17223
17223
17224
17224
17224
17224
17225
17225
17225
17225
17226
17227
17227
17229
17229
17230
17230
17231
17232
17232
17233
17233
17233
17233
17234
17234
17235
17236
17236
17237
17237
17238
17238
17238
17239
17240
17241
17241
17242
17243
17243
17243
17244
17244
17245
17245
17246
17246
17246
17246
17247
17248
17248
17249
17249
17250
17250
17251
17252
17253
17254
17254
17255
17255
17256
17256
17257
17257
17257
17259
17260
17260
17260
17261
17261
17261
17262
17264
17264
17264
17265
17265
17265
17266
17266
17267
17268
17268
17268
17269
17269
17270
17270
17271
17271
17271
17272
17272
17273
17274
17274
17274
17275
17275
17276
17276
17277
17277
17277
17279
17279
17281
17281
17282
17282
17282
17284
17285
17285
17285
17286
17286
17287
17288
17289
17290
17290
17291
17291
17292
17292
17293
17293
17294
17294
17294
17294
17295
17295
17295
17296
17296
17296
17296
17298
17299
17299
17300
17300
17301
17301
17302
17302
17302
17303
17303
17303
17305
17305
17306
17306
17307
17307
17307
17308
17308
17309
17309
17309
17310
17311
17312
17314
17315
17315
17315
17315
17316
17316
17317
17317
17318
17318
17319
17319
17320
17320
17321
17321
17321
17322
17322
17323
17323
17323
17324
17324
17325
17325
17325
17325
17326
17326
17327
17327
17327
17328
17328
17328
17330
17330
17330
17331
17331
17331
17332
17332
17333
17333
17334
17335
17335
17336
17337
17337
17338
17338
17338
17339
17339
17339
17340
17340
17340
17340
17341
17341
17341
17342
17343
17343
17343
17344
17344
17345
17345
17346
17346
17346
17347
17347
17347
17348
17349
17349
17349
17349
17350
17351
17351
17351
17352
17352
17353
17353
17353
17354
17354
17354
17355
17355
17355
17357
17357
17358
17358
17359
17360
17360
17360
17361
17361
17361
17362
17362
17363
17363
17363
17364
17365
17365
17365
17366
17366
17366
17367
17368
17368
17369
17369
17370
17370
17371
17372
17372
17372
17373
17374
17374
17375
17375
17375
17377
17377
17377
17378
17378
17378
17379
17379
17380
17381
17381
17382
17382
17382
17383
17384
17384
17384
17386
17387
17387
17387
17388
17389
17390
17390
17390
17391
17393
17393
17393
17394
17394
17394
17395
17395
17396
17396
17397
17398
17398
17398
17399
17399
17400
17401
17402
17402
17402
17402
17403
17403
17403
17404
17404
17405
17406
17406
17407
17407
17408
17408
17408
17408
17409
17409
17410
17410
17410
17410
17411
17412
17412
17413
17413
17414
17414
17415
17415
17416
17416
17417
17420
17420
17420
17421
17422
17423
17423
17423
17423
17424
17424
17424
17425
17425
17425
17426
17426
17427
17428
17428
17429
17429
17430
17430
17431
17431
17431
17432
17432
17433
17433
17434
17434
17435
17435
17435
17436
17436
17436
17437
17437
17437
17439
17439
17440
17440
17441
17441
17442
17442
17442
17443
17443
17444
17444
17444
17444
17445
17445
17445
17446
17447
17448
17448
17448
17448
17449
17449
17449
17450
17450
17451
17452
17454
17454
17454
17455
17456
17457
17457
17458
17459
17460
17460
17460
17460
17461
17461
17462
17463
17463
17464
17464
17465
17465
17466
17468
17469
17469
17469
17470
17470
17470
17471
17471
17472
17472
17472
17473
17473
17473
17473
17474
17474
17476
17476
17477
17478
17478
17478
17479
17479
17480
17480
17482
17482
17482
17482
17483
17483
17483
17484
17484
17484
17486
17487
17487
17488
17488
17489
17490
17490
17491
17491
17491
17492
17492
17494
17495
17495
17496
17497
17497
17497
17498
17498
17499
17500
17500
17500
17501
17502
17502
17502
17503
17503
17504
17504
17504
17505
17505
17505
17505
17506
17506
17506
17507
17508
17508
17509
17509
17509
17509
17510
17510
17511
17511
17511
17512
17512
17513
17513
17514
17514
17514
17515
17515
17516
17516
17516
17518
17518
17519
17519
17520
17520
17520
17521
17521
17522
17522
17522
17523
17523
17524
17524
17524
17525
17525
17526
17526
17527
17527
17527
17527
17528
17528
17529
17530
17530
17530
17531
17531
17531
17532
17532
17533
17534
17534
17535
17535
17535
17536
17537
17538
17539
17540
17540
17541
17541
17541
17541
17542
17542
17543
17543
17544
17544
17544
17544
17545
17545
17545
17546
17546
17547
17547
17548
17548
17549
17550
17550
17551
17551
17552
17553
17553
17553
17554
17554
17555
17555
17555
17556
17556
17557
17558
17559
17561
17561
17562
17562
17562
17564
17564
17564
17565
17565
17565
17565
17566
17566
17567
17567
17568
17568
17569
17570
17570
17570
17571
17571
17572
17572
17573
17573
17574
17574
17575
17576
17576
17577
17577
17578
17578
17579
17579
17579
17579
17580
17580
17581
17581
17581
17581
17582
17582
17582
17582
17583
17583
17584
17584
17584
17585
17585
17586
17586
17587
17587
17588
17588
17588
17589
17589
17589
17590
17590
17591
17591
17592
17592
17592
17593
17593
17593
17594
17594
17594
17595
17595
17595
17596
17596
17597
17597
17598
17599
17599
17600
17601
17601
17601
17602
17602
17602
17603
17603
17604
17604
17605
17605
17605
17606
17606
17606
17607
17607
17608
17609
17610
17610
17611
17612
17612
17613
17613
17613
17614
17614
17615
17615
17615
17615
17616
17616
17616
17617
17620
17621
17621
17622
17622
17624
17624
17625
17626
17626
17626
17627
17628
17629
17630
17632
17633
17633
17634
17634
17634
17635
17636
17636
17637
17637
17638
17638
17638
17639
17639
17640
17641
17641
17641
17642
17643
17643
17644
17645
17645
17646
17646
17647
17647
17648
17648
17649
17649
17650
17651
17652
17652
17653
17653
17654
17654
17655
17656
17657
17657
17657
17658
17659
17659
17660
17660
17661
17663
17663
17664
17665
17666
17667
17667
17668
17668
17670
17670
17670
17671
17671
17671
17672
17672
17673
17674
17675
17675
17676
17676
17677
17677
17678
17678
17679
17679
17679
17680
17681
17681
17682
17682
17682
17684
17685
17685
17685
17686
17686
17687
17690
17691
17691
17691
17692
17693
17693
17694
17694
17695
17695
17695
17696
17697
17697
17698
17698
17699
17699
17700
17701
17701
17701
17701
17702
17702
17702
17703
17703
17704
17704
17705
17705
17705
17706
17707
17707
17708
17708
17708
17709
17709
17709
17710
17710
17711
17712
17713
17713
17714
17714
17716
17717
17717
17717
17718
17718
17719
17719
17720
17720
17721
17721
17722
17723
17723
17724
17724
17724
17725
17726
17726
17727
17728
17728
17729
17729
17729
17730
17731
17731
17731
17733
17733
17734
17734
17735
17736
17737
17737
17738
17739
17739
17739
17740
17741
17741
17741
17742
17742
17743
17743
17745
17745
17746
17746
17746
17747
17747
17747
17748
17748
17748
17749
17749
17750
17751
17752
17752
17753
17754
17754
17754
17755
17755
17755
17755
17756
17757
17757
17758
17759
17760
17760
17760
17761
17761
17762
17762
17763
17763
17764
17764
17765
17766
17766
17767
17767
17768
17768
17768
17769
17771
17771
17772
17772
17773
17773
17773
17773
17774
17775
17775
17775
17776
17776
17776
17777
17777
17777
17778
17778
17779
17779
17780
17780
17782
17782
17782
17784
17785
17785
17786
17786
17787
17787
17788
17788
17788
17789
17790
17790
17791
17791
17792
17792
17793
17793
17794
17794
17794
17795
17795
17795
17796
17797
17797
17798
17798
17799
17799
17799
17800
17800
17801
17801
17802
17802
17802
17803
17804
17804
17805
17805
17806
17806
17807
17807
17807
17808
17808
17809
17810
17810
17811
17811
17811
17812
17812
17813
17814
17814
17815
17815
17816
17816
17816
17816
17817
17817
17817
17818
17818
17818
17819
17820
17821
17821
17822
17822
17823
17824
17825
17825
17825
17826
17826
17826
17827
17827
17828
17828
17829
17830
17831
17831
17831
17832
17832
17832
17833
17833
17833
17834
17834
17834
17835
17837
17837
17837
17839
17839
17839
17840
17840
17841
17841
17842
17843
17843
17844
17844
17845
17845
17846
17846
17848
17848
17848
17849
17849
17851
17852
17852
17853
17854
17855
17855
17856
17856
17857
17857
17857
17858
17858
17858
17858
17859
17859
17860
17860
17860
17861
17862
17862
17862
17863
17863
17864
17864
17864
17865
17865
17866
17866
17867
17867
17867
17868
17869
17869
17870
17870
17870
17871
17872
17873
17873
17874
17874
17875
17875
17876
17876
17876
17877
17877
17878
17878
17879
17879
17879
17880
17881
17881
17881
17882
17882
17882
17883
17884
17884
17885
17887
17887
17887
17888
17889
17889
17890
17891
17891
17892
17892
17893
17893
17894
17894
17894
17895
17895
17895
17896
17897
17897
17897
17898
17898
17899
17899
17899
17901
17901
17901
17902
17902
17902
17903
17903
17904
17904
17904
17905
17906
17906
17906
17907
17908
17908
17909
17910
17910
17910
17911
17911
17912
17914
17914
17915
17915
17916
17916
17916
17917
17917
17918
17918
17919
17919
17920
17920
17920
17921
17921
17921
17922
17922
17922
17923
17923
17925
17925
17926
17926
17927
17927
17927
17927
17928
17928
17928
17928
17929
17929
17929
17930
17931
17931
17931
17931
17932
17932
17933
17933
17933
17934
17934
17934
17935
17936
17936
17936
17937
17938
17938
17939
17940
17940
17941
17941
17942
17943
17943
17944
17944
17945
17945
17945
17946
17946
17947
17948
17948
17948
17949
17949
17949
17951
17951
17952
17952
17952
17953
17953
17953
17954
17954
17954
17955
17955
17955
17955
17956
17956
17956
17957
17957
17958
17958
17958
17958
17959
17959
17960
17960
17960
17961
17961
17962
17963
17963
17965
17966
17966
17967
17967
17967
17968
17969
17969
17970
17970
17970
17972
17972
17973
17973
17974
17974
17975
17975
17976
17977
17978
17978
17979
17979
17980
17981
17981
17982
17982
17983
17983
17983
17983
17984
17984
17984
17984
17985
17985
17987
17987
17987
17988
17988
17988
17989
17989
17990
17990
17991
17991
17992
17992
17992
17993
17993
17993
17994
17995
17996
17997
17997
17998
17998
17999
17999
17999
18000
18001
18001
18001
18002
18002
18003
18003
18005
18005
18005
18006
18006
18007
18007
18008
18008
18009
18009
18010
18010
18011
18011
18012
18013
18013
18013
18013
18014
18015
18015
18015
18016
18017
18017
18017
18018
18019
18019
18020
18022
18022
18022
18022
18023
18023
18023
18023
18024
18024
18025
18025
18026
18026
18026
18027
18028
18028
18029
18029
18030
18030
18031
18031
18031
18032
18032
18032
18032
18033
18035
18036
18036
18036
18037
18038
18038
18038
18039
18039
18040
18040
18040
18041
18041
18041
18042
18042
18043
18043
18043
18044
18044
18045
18045
18045
18046
18047
18047
18047
18048
18048
18049
18050
18050
18051
18052
18053
18053
18053
18055
18055
18056
18056
18057
18058
18058
18061
18061
18062
18062
18063
18063
18064
18064
18065
18065
18066
18066
18066
18067
18068
18068
18068
18069
18069
18070
18070
18071
18071
18072
18073
18073
18074
18075
18076
18076
18076
18077
18077
18078
18078
18079
18080
18080
18081
18082
18082
18083
18083
18084
18085
18085
18086
18086
18086
18087
18087
18087
18088
18088
18089
18089
18089
18090
18090
18091
18091
18092
18093
18093
18094
18094
18095
18095
18095
18096
18096
18097
18097
18099
18100
18100
18101
18101
18102
18102
18103
18103
18103
18104
18105
18105
18106
18108
18109
18109
18110
18110
18111
18111
18111
18111
18112
18112
18112
18113
18114
18115
18115
18115
18116
18116
18116
18117
18117
18117
18118
18120
18120
18120
18120
18121
18121
18122
18122
18122
18122
18123
18123
18123
18124
18124
18125
18126
18126
18127
18127
18128
18129
18130
18130
18131
18132
18132
18133
18133
18133
18133
18134
18134
18135
18136
18136
18137
18137
18137
18138
18138
18138
18139
18139
18140
18140
18141
18141
18142
18142
18143
18144
18145
18145
18145
18145
18146
18147
18148
18148
18149
18149
18150
18150
18151
18151
18151
18152
18153
18153
18154
18154
18155
18155
18155
18156
18156
18157
18157
18158
18158
18159
18159
18159
18159
18160
18160
18161
18161
18162
18163
18163
18163
18164
18165
18165
18165
18166
18166
18166
18167
18167
18168
18169
18170
18171
18171
18171
18172
18172
18172
18173
18173
18175
18175
18175
18176
18176
18176
18177
18177
18177
18177
18178
18178
18178
18179
18179
18180
18180
18181
18181
18181
18181
18182
18182
18182
18183
18183
18184
18184
18184
18185
18186
18186
18187
18188
18189
18190
18191
18191
18192
18193
18193
18193
18193
18195
18197
18197
18198
18198
18199
18200
18201
18201
18202
18202
18203
18203
18204
18204
18205
18205
18205
18206
18206
18206
18207
18208
18209
18209
18210
18210
18210
18210
18211
18211
18211
18211
18212
18212
18213
18213
18213
18214
18214
18215
18215
18215
18216
18217
18217
18218
18219
18219
18219
18221
18221
18222
18222
18223
18223
18223
18223
18224
18225
18226
18226
18227
18227
18227
18228
18228
18229
18229
18229
18231
18231
18231
18234
18234
18236
18237
18237
18237
18238
18238
18239
18239
18241
18242
18242
18244
18245
18246
18247
18247
18249
18249
18250
18250
18250
18251
18252
18252
18252
18253
18253
18253
18254
18255
18256
18256
18256
18257
18257
18258
18258
18258
18259
18259
18259
18260
18261
18263
18263
18263
18264
18264
18265
18265
18265
18267
18267
18267
18268
18269
18269
18270
18270
18271
18271
18271
18272
18272
18273
18273
18274
18274
18275
18276
18276
18277
18277
18278
18278
18279
18279
18280
18280
18281
18281
18281
18282
18282
18282
18283
18283
18283
18283
18284
18284
18285
18285
18286
18286
18287
18287
18288
18288
18288
18289
18289
18290
18290
18290
18291
18292
18292
18292
18293
18294
18294
18294
18295
18295
18296
18296
18296
18297
18297
18298
18298
18299
18300
18301
18301
18301
18302
18302
18302
18303
18303
18303
18303
18304
18304
18305
18305
18305
18305
18306
18307
18307
18307
18307
18308
18308
18309
18309
18310
18311
18313
18313
18314
18314
18316
18316
18316
18317
18317
18318
18318
18318
18319
18320
18321
18321
18321
18322
18322
18323
18323
18323
18325
18325
18326
18326
18326
18327
18327
18327
18328
18328
18329
18329
18330
18331
18331
18332
18332
18333
18333
18333
18334
18334
18334
18335
18335
18336
18336
18337
18337
18337
18338
18339
18339
18340
18341
18342
18342
18342
18343
18343
18344
18344
18346
18346
18346
18346
18347
18347
18348
18348
18349
18349
18351
18351
18352
18352
18353
18353
18354
18354
18355
18356
18357
18358
18358
18360
18360
18361
18362
18362
18362
18363
18363
18364
18365
18365
18366
18366
18367
18367
18367
18368
18368
18368
18369
18369
18370
18370
18370
18371
18371
18371
18372
18372
18373
18373
18374
18374
18374
18375
18375
18376
18376
18376
18377
18377
18379
18379
18379
18380
18380
18380
18380
18381
18381
18381
18382
18384
18384
18385
18385
18385
18386
18386
18387
18387
18388
18388
18388
18389
18389
18390
18391
18391
18392
18392
18392
18392
18393
18394
18394
18394
18395
18395
18395
18396
18396
18397
18397
18398
18398
18399
18399
18400
18401
18401
18402
18402
18402
18403
18404
18404
18406
18406
18407
18407
18408
18409
18409
18409
18409
18410
18410
18411
18411
18411
18412
18412
18413
18413
18413
18415
18415
18416
18416
18417
18417
18418
18419
18420
18421
18421
18422
18422
18423
18423
18424
18424
18425
18425
18425
18426
18426
18427
18427
18427
18428
18428
18429
18430
18431
18431
18432
18432
18433
18434
18434
18435
18435
18436
18436
18437
18437
18437
18438
18438
18438
18438
18439
18440
18441
18441
18442
18443
18444
18446
18446
18446
18447
18448
18448
18449
18450
18450
18451
18451
18452
18452
18452
18453
18453
18453
18453
18454
18454
18454
18455
18457
18457
18457
18458
18458
18459
18460
18461
18461
18462
18462
18463
18464
18465
18466
18466
18467
18467
18468
18468
18468
18469
18469
18470
18470
18470
18471
18471
18473
18473
18474
18474
18474
18475
18475
18476
18477
18478
18478
18478
18479
18479
18480
18480
18480
18480
18481
18481
18482
18482
18483
18483
18483
18484
18484
18485
18485
18485
18486
18486
18487
18488
18488
18488
18489
18489
18490
18490
18490
18490
18491
18491
18491
18491
18492
18493
18493
18493
18493
18494
18494
18495
18495
18496
18496
18496
18496
18497
18498
18498
18498
18500
18500
18501
18501
18502
18502
18505
18506
18506
18506
18507
18507
18507
18508
18508
18509
18509
18510
18510
18511
18511
18512
18513
18513
18513
18514
18514
18515
18515
18515
18516
18516
18516
18517
18517
18517
18518
18518
18519
18519
18520
18520
18520
18520
18521
18521
18522
18522
18522
18523
18524
18524
18525
18525
18525
18526
18526
18526
18527
18527
18528
18528
18528
18529
18530
18531
18531
18532
18533
18534
18534
18534
18535
18535
18535
18536
18536
18536
18537
18537
18537
18538
18539
18539
18540
18540
18541
18541
18541
18542
18542
18543
18543
18544
18544
18545
18545
18547
18547
18547
18548
18548
18549
18550
18550
18550
18551
18552
18552
18553
18554
18554
18556
18556
18556
18557
18558
18558
18559
18560
18561
18561
18561
18562
18562
18563
18563
18564
18564
18565
18565
18565
18565
18566
18566
18567
18567
18567
18568
18568
18568
18569
18569
18570
18570
18570
18570
18571
18571
18572
18572
18572
18573
18573
18574
18574
18575
18576
18576
18576
18576
18577
18577
18578
18578
18578
18579
18579
18580
18580
18581
18582
18582
18582
18583
18583
18584
18584
18584
18586
18586
18586
18588
18589
18589
18590
18590
18590
18591
18591
18592
18592
18592
18593
18593
18594
18594
18594
18595
18595
18596
18596
18596
18597
18597
18598
18598
18599
18599
18600
18600
18601
18601
18603
18603
18603
18604
18604
18604
18605
18605
18606
18606
18607
18608
18608
18608
18608
18609
18609
18610
18610
18611
18611
18612
18612
18613
18613
18614
18615
18615
18616
18616
18616
18617
18617
18618
18618
18619
18620
18620
18621
18621
18622
18622
18623
18623
18624
18624
18625
18626
18627
18627
18628
18629
18629
18631
18631
18632
18632
18632
18634
18634
18634
18635
18635
18636
18636
18636
18637
18637
18637
18639
18639
18639
18639
18640
18640
18641
18641
18642
18643
18643
18644
18644
18644
18645
18645
18646
18646
18646
18647
18647
18648
18649
18650
18650
18650
18651
18651
18651
18651
18652
18652
18653
18653
18654
18654
18654
18654
18656
18656
18656
18657
18657
18658
18658
18659
18660
18660
18660
18661
18661
18661
18663
18663
18664
18664
18664
18665
18665
18666
18666
18666
18666
18667
18668
18668
18668
18669
18669
18670
18670
18671
18671
18671
18672
18672
18673
18674
18674
18674
18675
18676
18676
18677
18677
18679
18679
18681
18681
18683
18683
18685
18685
18685
18686
18687
18687
18687
18688
18688
18689
18689
18690
18690
18690
18690
18692
18692
18693
18693
18694
18694
18695
18695
18696
18696
18697
18697
18698
18698
18699
18700
18701
18701
18703
18704
18705
18705
18706
18706
18706
18707
18707
18709
18709
18709
18710
18710
18710
18711
18711
18712
18713
18713
18714
18714
18714
18714
18715
18715
18715
18717
18717
18717
18718
18718
18719
18719
18720
18720
18721
18721
18721
18722
18722
18723
18723
18723
18724
18724
18724
18724
18725
18725
18726
18726
18726
18727
18729
18730
18731
18731
18731
18732
18732
18732
18733
18733
18734
18734
18735
18735
18736
18737
18737
18738
18738
18738
18739
18739
18740
18741
18741
18742
18742
18742
18743
18743
18744
18745
18745
18746
18747
18747
18747
18748
18748
18748
18749
18749
18749
18750
18750
18752
18752
18752
18753
18754
18755
18755
18756
18756
18757
18758
18758
18759
18759
18761
18761
18762
18763
18763
18763
18763
18764
18765
18765
18766
18767
18767
18767
18768
18768
18768
18768
18769
18770
18770
18771
18771
18771
18772
18773
18774
18774
18775
18775
18775
18776
18776
18777
18777
18778
18779
18780
18781
18782
18782
18783
18784
18784
18785
18786
18786
18786
18787
18787
18788
18788
18789
18791
18791
18791
18792
18793
18794
18795
18796
18796
18797
18798
18798
18798
18799
18799
18800
18800
18800
18800
18801
18802
18802
18802
18804
18804
18804
18805
18805
18806
18806
18806
18807
18807
18807
18808
18809
18809
18809
18810
18810
18811
18811
18811
18812
18812
18812
18813
18814
18815
18815
18817
18817
18817
18818
18819
18819
18819
18820
18820
18822
18822
18822
18822
18823
18823
18823
18824
18824
18824
18825
18825
18825
18826
18826
18827
18828
18828
18829
18829
18830
18830
18831
18831
18831
18832
18832
18832
18833
18833
18833
18834
18834
18835
18835
18835
18836
18836
18836
18836
18837
18837
18838
18838
18839
18840
18840
18841
18841
18842
18842
18842
18843
18843
18844
18844
18845
18845
18846
18846
18847
18848
18848
18849
18849
18849
18850
18850
18850
18851
18851
18852
18852
18853
18853
18853
18854
18855
18856
18857
18858
18858
18859
18859
18860
18860
18861
18861
18862
18863
18863
18864
18864
18865
18865
18865
18866
18866
18866
18867
18868
18869
18869
18869
18869
18870
18870
18871
18871
18872
18873
18873
18874
18874
18877
18878
18878
18878
18880
18881
18881
18882
18882
18883
18884
18884
18884
18885
18885
18885
18885
18886
18886
18886
18887
18887
18887
18888
18888
18888
18889
18889
18889
18890
18890
18891
18892
18893
18893
18895
18895
18896
18896
18896
18897
18897
18899
18900
18900
18901
18903
18904
18905
18905
18905
18906
18906
18906
18906
18907
18907
18907
18908
18908
18909
18909
18909
18910
18910
18910
18910
18911
18911
18911
18912
18912
18912
18913
18913
18916
18916
18916
18917
18918
18919
18920
18920
18921
18921
18922
18923
18923
18923
18923
18924
18924
18925
18925
18927
18927
18928
18928
18928
18928
18929
18929
18930
18931
18931
18932
18933
18933
18933
18934
18936
18936
18936
18937
18937
18938
18939
18940
18940
18940
18941
18941
18941
18943
18943
18943
18944
18945
18946
18946
18947
18947
18948
18949
18950
18950
18951
18951
18951
18952
18953
18954
18955
18956
18957
18957
18958
18958
18958
18959
18959
18960
18960
18960
18960
18962
18962
18963
18963
18964
18964
18965
18965
18965
18966
18967
18967
18967
18967
18968
18969
18969
18970
18971
18972
18972
18973
18973
18973
18973
18974
18974
18974
18975
18976
18976
18976
18977
18978
18978
18979
18980
18981
18982
18982
18983
18983
18984
18984
18985
18986
18986
18987
18987
18987
18988
18988
18988
18989
18989
18989
18989
18990
18990
18990
18991
18991
18992
18992
18993
18993
18993
18995
18995
18995
18996
18996
18996
18998
18998
18999
18999
19000
19000
19001
19002
19002
19003
19003
19003
19003
19004
19004
19005
19006
19006
19006
19007
19009
19009
19010
19011
19012
19012
19013
19013
19014
19014
19016
19017
19017
19018
19018
19018
19019
19019
19020
19020
19020
19021
19021
19021
19021
19022
19022
19023
19023
19023
19024
19024
19024
19025
19025
19025
19026
19026
19026
19027
19027
19028
19029
19029
19030
19030
19031
19031
19032
19032
19033
19034
19036
19036
19036
19037
19037
19037
19037
19038
19039
19039
19039
19040
19040
19041
19041
19041
19041
19042
19043
19043
19043
19044
19044
19045
19045
19045
19048
19049
19049
19050
19050
19051
19051
19051
19052
19053
19053
19054
19054
19054
19055
19055
19056
19056
19057
19057
19057
19058
19058
19059
19059
19061
19061
19062
19062
19063
19063
19063
19064
19064
19066
19066
19067
19068
19068
19069
19069
19069
19069
19070
19070
19070
19071
19071
19071
19071
19072
19072
19072
19073
19074
19075
19075
19076
19076
19076
19077
19077
19078
19078
19079
19080
19080
19081
19081
19081
19082
19082
19083
19083
19083
19083
19084
19084
19086
19086
19087
19087
19089
19089
19090
19090
19091
19091
19092
19092
19092
19093
19095
19095
19096
19096
19097
19097
19099
19099
19099
19099
19100
19100
19101
19101
19102
19103
19103
19104
19105
19105
19105
19106
19106
19106
19108
19109
19109
19109
19110
19110
19111
19112
19113
19114
19114
19115
19115
19116
19116
19117
19117
19117
19118
19118
19118
19119
19119
19119
19120
19120
19121
19122
19122
19123
19123
19124
19124
19125
19125
19127
19127
19127
19128
19128
19130
19130
19131
19132
19132
19133
19133
19134
19134
19135
19136
19136
19137
19140
19141
19141
19141
19143
19143
19143
19144
19145
19146
19147
19148
19148
19148
19149
19150
19150
19151
19152
19152
19152
19153
19153
19153
19154
19154
19155
19155
19156
19157
19158
19158
19159
19159
19159
19160
19160
19160
19161
19161
19162
19162
19163
19163
19163
19164
19164
19165
19166
19166
19167
19167
19167
19167
19168
19169
19170
19170
19171
19172
19172
19173
19173
19174
19175
19175
19176
19177
19177
19177
19177
19178
19178
19179
19179
19180
19180
19180
19181
19181
19182
19182
19183
19184
19184
19185
19185
19186
19186
19186
19186
19187
19187
19188
19188
19188
19189
19190
19190
19190
19191
19191
19191
19192
19193
19193
19194
19195
19195
19195
19195
19196
19197
19198
19199
19199
19200
19201
19202
19202
19203
19203
19204
19205
19207
19207
19207
19208
19208
19209
19209
19210
19212
19213
19214
19214
19215
19215
19216
19216
19217
19217
19217
19218
19218
19221
19222
19223
19223
19223
19224
19224
19224
19225
19225
19225
19226
19227
19227
19228
19228
19229
19229
19230
19230
19231
19231
19231
19232
19232
19234
19234
19235
19235
19236
19236
19236
19237
19237
19237
19237
19238
19238
19240
19240
19240
19241
19241
19242
19243
19244
19245
19245
19245
19246
19246
19246
19247
19247
19249
19250
19250
19250
19252
19252
19253
19253
19253
19254
19254
19254
19256
19257
19257
19257
19258
19258
19259
19259
19260
19260
19260
19261
19261
19261
19262
19262
19263
19263
19264
19264
19266
19267
19268
19268
19268
19269
19269
19270
19271
19272
19272
19272
19273
19273
19273
19274
19274
19275
19275
19277
19277
19277
19278
19278
19279
19279
19280
19280
19281
19282
19282
19283
19283
19283
19285
19285
19285
19286
19286
19286
19288
19289
19290
19290
19291
19293
19294
19294
19295
19296
19296
19296
19298
19300
19301
19301
19302
19302
19303
19303
19304
19304
19305
19305
19306
19307
19307
19307
19308
19309
19309
19309
19309
19310
19310
19311
19312
19312
19313
19313
19314
19314
19316
19317
19317
19318
19318
19318
19318
19319
19319
19319
19320
19320
19321
19321
19321
19322
19322
19322
19323
19323
19323
19324
19324
19325
19325
19325
19326
19326
19327
19327
19327
19328
19328
19329
19329
19330
19330
19331
19332
19332
19332
19333
19333
19335
19335
19336
19336
19336
19337
19337
19338
19338
19338
19339
19340
19341
19341
19341
19342
19342
19344
19345
19345
19345
19346
19346
19346
19347
19347
19347
19348
19348
19348
19349
19349
19350
19350
19350
19351
19352
19352
19352
19353
19353
19354
19354
19356
19356
19356
19357
19357
19358
19359
19361
19361
19361
19361
19362
19362
19363
19363
19364
19365
19365
19365
19366
19366
19366
19366
19367
19367
19367
19367
19368
19368
19369
19370
19370
19371
19371
19372
19372
19373
19373
19374
19374
19375
19375
19375
19376
19376
19376
19377
19377
19377
19378
19378
19379
19379
19380
19380
19380
19381
19382
19382
19382
19383
19385
19385
19385
19385
19386
19386
19387
19387
19387
19388
19388
19388
19390
19390
19391
19391
19392
19392
19393
19393
19394
19395
19395
19396
19396
19396
19397
19397
19397
19398
19398
19399
19399
19399
19401
19402
19402
19403
19403
19404
19405
19406
19407
19407
19408
19409
19409
19410
19410
19410
19410
19411
19412
19412
19413
19413
19413
19414
19414
19414
19415
19415
19415
19416
19417
19417
19417
19418
19418
19419
19420
19420
19421
19421
19421
19422
19422
19424
19424
19424
19425
19425
19426
19426
19427
19427
19428
19429
19430
19430
19431
19433
19433
19433
19433
19434
19434
19434
19435
19436
19437
19437
19439
19439
19440
19440
19441
19443
19443
19444
19444
19445
19445
19446
19447
19448
19448
19449
19450
19450
19450
19450
19451
19451
19452
19452
19452
19454
19455
19455
19455
19455
19456
19457
19458
19458
19459
19459
19459
19460
19461
19461
19461
19461
19462
19462
19462
19463
19464
19464
19465
19466
19466
19467
19467
19468
19468
19468
19469
19469
19470
19471
19471
19473
19473
19474
19476
19476
19477
19478
19478
19478
19478
19479
19479
19479
19480
19480
19481
19482
19482
19483
19483
19483
19484
19484
19485
19486
19486
19487
19488
19488
19489
19489
19490
19491
19493
19494
19495
19496
19497
19497
19497
19497
19498
19498
19498
19500
19500
19501
19502
19503
19503
19504
19504
19505
19505
19505
19505
19507
19508
19508
19509
19509
19510
19511
19511
19512
19512
19513
19513
19513
19515
19516
19516
19517
19518
19519
19519
19519
19519
19520
19521
19522
19522
19523
19523
19524
19524
19525
19525
19526
19527
19527
19528
19529
19529
19530
19531
19532
19532
19533
19534
19534
19535
19535
19536
19536
19537
19538
19538
19539
19539
19541
19541
19542
19542
19542
19543
19543
19544
19544
19544
19544
19545
19545
19545
19546
19546
19547
19547
19549
19549
19550
19550
19551
19551
19551
19552
19553
19554
19555
19555
19556
19556
19557
19557
19558
19559
19560
19560
19561
19561
19561
19562
19562
19563
19564
19565
19566
19566
19567
19568
19569
19570
19570
19570
19570
19572
19572
19573
19574
19575
19576
19576
19577
19578
19578
19578
19579
19579
19580
19580
19581
19581
19581
19582
19582
19583
19584
19584
19585
19585
19585
19586
19586
19587
19588
19588
19588
19589
19590
19590
19591
19592
19592
19593
19593
19594
19594
19594
19595
19595
19596
19597
19597
19598
19599
19599
19600
19601
19601
19602
19602
19602
19603
19603
19604
19604
19604
19605
19606
19609
19610
19610
19610
19611
19611
19611
19612
19613
19613
19613
19613
19615
19616
19616
19617
19617
19617
19617
19618
19619
19620
19620
19621
19621
19621
19621
19622
19622
19623
19623
19624
19624
19625
19625
19626
19627
19627
19628
19628
19629
19629
19630
19631
19631
19631
19631
19632
19632
19632
19633
19633
19633
19634
19634
19635
19635
19636
19636
19637
19637
19637
19638
19638
19639
19639
19640
19641
19641
19642
19642
19642
19643
19643
19644
19644
19645
19645
19646
19647
19647
19648
19649
19649
19649
19650
19650
19652
19653
19653
19654
19654
19655
19656
19657
19657
19658
19659
19659
19660
19660
19661
19661
19662
19662
19663
19663
19664
19664
19665
19666
19666
19666
19667
19667
19668
19669
19669
19670
19670
19671
19671
19672
19672
19673
19673
19674
19676
19677
19677
19677
19678
19678
19678
19679
19679
19680
19681
19682
19683
19684
19684
19685
19685
19685
19686
19686
19689
19690
19690
19690
19691
19691
19692
19693
19694
19694
19695
19695
19695
19696
19697
19698
19698
19698
19699
19700
19701
19702
19702
19702
19703
19703
19704
19704
19704
19705
19705
19706
19707
19707
19707
19708
19708
19709
19710
19712
19712
19713
19714
19715
19715
19718
19719
19720
19720
19720
19721
19722
19722
19722
19722
19723
19723
19723
19724
19725
19726
19726
19727
19728
19729
19729
19730
19730
19731
19731
19731
19732
19734
19734
19734
19735
19735
19735
19736
19736
19738
19739
19740
19741
19741
19742
19742
19742
19743
19743
19744
19745
19745
19745
19745
19746
19746
19746
19747
19747
19747
19748
19748
19750
19752
19752
19752
19753
19754
19755
19755
19756
19756
19757
19757
19758
19758
19758
19759
19759
19760
19760
19760
19761
19761
19761
19762
19762
19763
19763
19764
19764
19764
19765
19766
19766
19766
19767
19767
19767
19767
19768
19769
19769
19769
19770
19770
19772
19772
19772
19774
19774
19774
19775
19776
19776
19777
19778
19778
19779
19779
19779
19780
19780
19781
19782
19783
19784
19786
19787
19787
19787
19789
19789
19789
19789
19790
19791
19791
19792
19793
19793
19795
19795
19795
19797
19797
19798
19799
19799
19799
19800
19800
19800
19801
19802
19803
19803
19804
19804
19804
19805
19805
19806
19806
19808
19809
19809
19809
19810
19810
19812
19812
19813
19813
19815
19815
19815
19816
19817
19817
19817
19818
19819
19819
19820
19820
19821
19821
19821
19822
19822
19822
19824
19825
19825
19825
19826
19826
19826
19827
19827
19828
19829
19829
19829
19830
19831
19831
19831
19832
19833
19833
19833
19833
19834
19834
19834
19836
19836
19837
19837
19838
19839
19840
19841
19843
19843
19843
19843
19844
19845
19845
19846
19846
19847
19847
19848
19848
19849
19849
19851
19852
19853
19853
19853
19854
19854
19854
19855
19855
19856
19856
19857
19857
19858
19858
19859
19860
19861
19861
19861
19863
19863
19864
19864
19865
19865
19867
19867
19868
19868
19869
19869
19869
19870
19871
19872
19872
19872
19873
19874
19875
19875
19875
19877
19877
19877
19878
19878
19879
19879
19880
19880
19880
19880
19881
19881
19882
19883
19884
19885
19885
19886
19886
19887
19888
19888
19888
19889
19889
19890
19891
19891
19891
19892
19892
19893
19893
19894
19894
19895
19895
19896
19896
19896
19896
19897
19898
19899
19899
19900
19900
19900
19901
19901
19902
19902
19903
19904
19905
19905
19905
19906
19906
19908
19910
19911
19911
19912
19912
19912
19913
19913
19913
19914
19915
19916
19917
19917
19918
19918
19918
19919
19920
19921
19921
19922
19923
19924
19924
19924
19925
19926
19927
19928
19928
19928
19929
19929
19930
19930
19930
19930
19931
19931
19931
19931
19932
19932
19933
19934
19935
19936
19937
19938
19938
19939
19940
19941
19942
19942
19942
19943
19944
19946
19947
19949
19950
19950
19950
19951
19953
19953
19954
19954
19954
19954
19955
19955
19956
19956
19957
19957
19958
19958
19958
19959
19960
19960
19960
19961
19961
19962
19963
19963
19964
19964
19965
19965
19965
19966
19967
19968
19968
19968
19969
19970
19971
19971
19973
19976
19976
19977
19978
19978
19978
19979
19980
19980
19981
19982
19982
19983
19983
19983
19983
19984
19985
19986
19986
19987
19987
19987
19987
19988
19988
19989
19989
19989
19990
19990
19991
19991
19991
19992
19993
19993
19993
19994
19996
19996
19997
19997
19997
19998
19999
20000
20000
20000
20000
20001
20002
20003
20005
20005
20005
20006
20006
20008
20008
20009
20010
20011
20011
20011
20012
20012
20012
20013
20014
20015
20015
20015
20016
20016
20017
20017
20018
20018
20019
20020
20020
20021
20021
20021
20022
20022
20023
20023
20024
20024
20027
20027
20028
20029
20029
20030
20031
20032
20033
20033
20033
20034
20034
20034
20035
20035
20036
20036
20036
20037
20037
20038
20038
20038
20039
20040
20040
20041
20041
20042
20042
20043
20043
20043
20043
20044
20045
20045
20046
20046
20047
20047
20048
20049
20050
20050
20050
20051
20051
20053
20053
20053
20054
20054
20054
20054
20056
20056
20057
20058
20059
20060
20060
20060
20061
20062
20062
20063
20064
20064
20064
20065
20065
20065
20066
20066
20066
20067
20067
20067
20068
20069
20069
20070
20071
20071
20071
20071
20073
20073
20075
20076
20076
20076
20076
20077
20077
20078
20079
20079
20079
20080
20080
20081
20082
20082
20083
20083
20084
20084
20085
20086
20087
20087
20088
20088
20089
20089
20090
20090
20091
20092
20092
20093
20093
20093
20093
20094
20095
20095
20095
20096
20097
20097
20097
20098
20098
20099
20099
20100
20100
20100
20101
20101
20102
20102
20103
20103
20104
20104
20104
20105
20105
20106
20107
20107
20107
20108
20109
20110
20110
20110
20111
20111
20112
20112
20113
20113
20114
20115
20115
20115
20115
20116
20116
20116
20117
20117
20118
20118
20119
20119
20120
20121
20121
20122
20123
20124
20126
20126
20127
20127
20127
20128
20129
20130
20130
20131
20132
20132
20132
20133
20133
20134
20135
20135
20135
20137
20137
20137
20138
20139
20139
20140
20141
20141
20141
20142
20142
20143
20143
20144
20145
20145
20146
20148
20148
20148
20149
20149
20150
20150
20151
20151
20151
20151
20152
20152
20152
20152
20153
20154
20155
20156
20156
20157
20158
20159
20159
20160
20161
20161
20162
20162
20162
20163
20163
20164
20165
20165
20166
20166
20166
20167
20167
20168
20169
20169
20169
20170
20170
20171
20171
20171
20172
20172
20173
20173
20175
20176
20177
20177
20178
20178
20178
20179
20179
20180
20182
20182
20183
20184
20184
20185
20186
20186
20187
20188
20189
20190
20190
20192
20192
20193
20193
20193
20195
20195
20196
20197
20197
20197
20197
20198
20199
20199
20199
20200
20200
20201
20201
20202
20202
20203
20203
20203
20204
20204
20205
20206
20206
20207
20208
20208
20209
20210
20210
20211
20211
20213
20214
20214
20214
20215
20215
20217
20218
20218
20219
20219
20220
20221
20221
20222
20222
20224
20224
20225
20225
20226
20227
20227
20227
20228
20229
20229
20231
20232
20232
20233
20233
20234
20234
20236
20238
20238
20238
20238
20239
20241
20241
20242
20242
20243
20243
20243
20244
20244
20246
20247
20248
20248
20249
20249
20250
20250
20251
20251
20252
20252
20253
20253
20253
20254
20255
20255
20255
20255
20256
20256
20257
20257
20257
20258
20258
20259
20259
20260
20260
20261
20261
20262
20262
20263
20264
20264
20265
20266
20268
20268
20269
20269
20271
20271
20271
20272
20272
20273
20274
20274
20275
20275
20276
20277
20277
20278
20278
20278
20279
20279
20279
20280
20280
20281
20282
20282
20283
20283
20283
20283
20284
20284
20284
20285
20285
20287
20288
20288
20289
20289
20289
20290
20291
20292
20292
20293
20294
20294
20295
20295
20296
20296
20296
20297
20297
20297
20298
20298
20298
20299
20299
20300
20300
20300
20301
20301
20302
20303
20304
20304
20305
20306
20306
20307
20307
20307
20308
20308
20309
20309
20309
20309
20310
20310
20311
20312
20312
20312
20313
20313
20314
20314
20314
20315
20316
20316
20317
20318
20318
20319
20320
20320
20321
20323
20324
20324
20325
20325
20326
20326
20326
20326
20327
20327
20327
20327
20328
20328
20329
20330
20330
20330
20331
20332
20332
20332
20334
20334
20335
20336
20337
20338
20339
20340
20340
20341
20341
20342
20342
20343
20343
20344
20344
20344
20345
20346
20346
20347
20348
20348
20351
20352
20353
20354
20355
20355
20356
20356
20356
20357
20357
20360
20361
20362
20364
20364
20364
20365
20366
20366
20367
20368
20368
20369
20370
20371
20371
20372
20373
20373
20374
20374
20374
20375
20376
20376
20377
20377
20378
20378
20378
20379
20379
20380
20380
20380
20382
20383
20383
20384
20384
20385
20386
20388
20388
20388
20389
20389
20390
20392
20392
20393
20393
20394
20395
20396
20396
20397
20397
20398
20399
20399
20400
20400
20400
20401
20401
20402
20403
20403
20405
20407
20407
20407
20408
20408
20409
20410
20410
20411
20411
20411
20411
20412
20412
20413
20413
20414
20414
20414
20415
20415
20416
20417
20417
20418
20418
20419
20420
20420
20421
20422
20422
20423
20423
20423
20423
20424
20426
20426
20427
20430
20432
20432
20432
20433
20434
20435
20436
20436
20436
20437
20438
20439
20439
20440
20440
20440
20441
20441
20441
20442
20442
20442
20442
20443
20443
20443
20444
20445
20446
20446
20447
20447
20447
20448
20448
20449
20449
20450
20450
20450
20451
20451
20451
20452
20452
20453
20454
20454
20455
20455
20455
20456
20456
20456
20457
20457
20457
20458
20458
20459
20460
20461
20461
20462
20462
20462
20463
20464
20465
20465
20466
20467
20467
20467
20468
20468
20469
20469
20469
20470
20471
20471
20472
20472
20473
20473
20474
20475
20475
20475
20476
20476
20476
20479
20479
20480
20481
20481
20481
20481
20482
20482
20483
20483
20483
20483
20484
20484
20484
20485
20485
20486
20486
20486
20487
20487
20487
20487
20488
20489
20489
20489
20489
20490
20490
20491
20491
20491
20492
20493
20493
20494
20495
20495
20496
20496
20497
20498
20498
20499
20500
20500
20501
20502
20502
20503
20504
20504
20505
20505
20505
20506
20506
20507
20508
20508
20508
20508
20509
20511
20512
20512
20512
20513
20514
20514
20515
20515
20515
20516
20517
20518
20518
20519
20519
20520
20520
20520
20521
20521
20521
20522
20523
20525
20526
20526
20527
20527
20528
20528
20529
20530
20531
20531
20531
20532
20534
20535
20535
20536
20536
20536
20537
20538
20538
20538
20539
20539
20540
20540
20541
20543
20543
20544
20544
20545
20546
20546
20547
20547
20548
20548
20549
20549
20551
20551
20552
20553
20554
20554
20556
20557
20557
20558
20559
20560
20560
20561
20561
20561
20562
20562
20563
20564
20564
20565
20567
20567
20567
20568
20569
20570
20570
20571
20571
20572
20572
20573
20573
20574
20574
20574
20575
20575
20577
20577
20578
20579
20579
20579
20580
20580
20580
20581
20582
20584
20584
20584
20585
20585
20585
20585
20586
20586
20587
20587
20588
20589
20591
20592
20593
20593
20594
20594
20594
20595
20595
20596
20596
20597
20599
20599
20600
20601
20601
20601
20602
20602
20603
20604
20604
20604
20605
20605
20605
20606
20606
20607
20607
20608
20608
20609
20609
20609
20611
20612
20612
20613
20613
20613
20614
20615
20615
20616
20617
20618
20618
20618
20619
20619
20620
20620
20620
20622
20622
20622
20622
20623
20623
20623
20624
20624
20624
20625
20626
20626
20627
20628
20628
20629
20630
20630
20630
20631
20631
20631
20632
20633
20633
20633
20633
20634
20635
20636
20636
20636
20638
20638
20639
20640
20641
20641
20641
20642
20642
20642
20644
20644
20645
20645
20645
20646
20646
20646
20647
20647
20647
20648
20648
20649
20649
20651
20651
20651
20652
20652
20652
20653
20654
20654
20654
20655
20656
20656
20656
20658
20658
20659
20659
20660
20660
20661
20662
20662
20663
20663
20664
20664
20665
20665
20665
20666
20667
20667
20668
20668
20669
20670
20670
20671
20672
20672
20674
20674
20675
20677
20678
20679
20680
20680
20680
20681
20681
20681
20682
20682
20683
20683
20684
20687
20689
20689
20689
20690
20690
20691
20691
20691
20692
20692
20693
20694
20695
20695
20696
20696
20697
20697
20697
20698
20699
20699
20700
20701
20701
20702
20702
20702
20703
20703
20704
20704
20705
20706
20706
20707
20707
20707
20708
20708
20711
20711
20712
20713
20713
20714
20715
20715
20716
20716
20717
20717
20718
20719
20721
20722
20722
20722
20723
20723
20723
20724
20724
20724
20724
20725
20725
20726
20726
20727
20727
20728
20728
20729
20729
20729
20730
20730
20731
20732
20733
20733
20734
20735
20736
20736
20737
20737
20739
20739
20739
20740
20740
20740
20741
20741
20741
20741
20742
20742
20743
20743
20743
20743
20745
20745
20746
20747
20750
20750
20750
20751
20752
20753
20754
20754
20755
20755
20756
20756
20756
20757
20757
20758
20758
20758
20759
20760
20760
20761
20761
20762
20762
20763
20764
20764
20765
20765
20765
20766
20766
20768
20768
20769
20769
20771
20771
20772
20772
20773
20773
20774
20775
20777
20778
20778
20779
20781
20781
20781
20782
20782
20783
20783
20784
20785
20785
20786
20786
20788
20788
20789
20789
20790
20790
20791
20791
20791
20792
20792
20793
20794
20794
20794
20795
20795
20795
20796
20796
20796
20798
20799
20800
20800
20801
20802
20803
20804
20804
20804
20805
20805
20805
20806
20806
20806
20807
20808
20810
20811
20811
20812
20812
20813
20813
20814
20814
20814
20815
20815
20816
20819
20819
20820
20821
20821
20821
20822
20822
20823
20823
20823
20825
20825
20825
20826
20827
20828
20829
20829
20831
20831
20831
20832
20833
20834
20835
20837
20837
20838
20838
20838
20839
20840
20840
20840
20840
20841
20841
20842
20842
20842
20843
20843
20843
20844
20844
20845
20845
20846
20847
20847
20848
20849
20850
20850
20851
20851
20852
20853
20853
20854
20854
20855
20855
20857
20857
20858
20858
20859
20860
20861
20862
20863
20864
20864
20865
20865
20866
20867
20867
20868
20868
20870
20870
20870
20870
20871
20871
20872
20872
20873
20873
20875
20876
20876
20876
20877
20877
20877
20878
20879
20880
20881
20881
20882
20882
20882
20883
20883
20884
20884
20884
20885
20885
20885
20887
20887
20887
20887
20888
20889
20889
20889
20890
20890
20891
20892
20892
20892
20893
20894
20895
20896
20896
20897
20898
20899
20899
20899
20901
20901
20902
20903
20903
20904
20904
20905
20905
20906
20908
20909
20909
20909
20910
20911
20911
20912
20912
20913
20914
20914
20915
20915
20915
20916
20917
20917
20917
20917
20918
20918
20918
20920
20920
20921
20921
20921
20922
20922
20923
20924
20924
20924
20925
20926
20927
20927
20928
20929
20930
20930
20931
20933
20934
20934
20937
20937
20938
20938
20939
20940
20940
20941
20941
20941
20941
20942
20943
20943
20944
20944
20946
20946
20948
20948
20949
20949
20950
20951
20951
20952
20952
20953
20953
20953
20954
20954
20955
20956
20956
20956
20958
20958
20958
20959
20959
20960
20961
20961
20962
20962
20962
20963
20963
20964
20965
20965
20967
20967
20967
20968
20968
20968
20969
20969
20970
20971
20971
20971
20971
20972
20972
20973
20973
20975
20976
20976
20976
20977
20978
20979
20979
20979
20980
20980
20981
20981
20982
20982
20982
20983
20983
20984
20984
20984
20984
20985
20985
20985
20986
20987
20987
20987
20988
20989
20989
20990
20991
20992
20992
20992
20993
20993
20994
20996
20997
20997
20997
20998
20998
20998
20999
20999
21000
21001
21001
21002
21002
21002
21003
21005
21005
21006
21007
21008
21008
21008
21009
21009
21009
21010
21010
21011
21011
21013
21013
21014
21014
21015
21015
21016
21016
21016
21017
21017
21017
21018
21018
21018
21019
21020
21021
21021
21021
21021
21022
21023
21023
21024
21024
21024
21025
21025
21025
21025
21026
21026
21027
21028
21028
21029
21030
21030
21031
21032
21033
21033
21034
21034
21035
21035
21035
21037
21037
21038
21039
21039
21041
21041
21041
21041
21042
21042
21043
21045
21046
21046
21047
21047
21048
21048
21048
21049
21049
21050
21050
21051
21052
21053
21054
21054
21055
21056
21056
21056
21056
21057
21057
21058
21059
21060
21061
21061
21062
21062
21064
21065
21065
21066
21066
21066
21068
21068
21069
21070
21071
21072
21072
21073
21074
21075
21075
21075
21076
21079
21080
21080
21080
21082
21082
21082
21086
21086
21087
21087
21088
21089
21089
21089
21090
21090
21090
21091
21091
21092
21092
21093
21094
21094
21095
21095
21096
21096
21097
21097
21097
21097
21098
21099
21099
21099
21100
21100
21100
21101
21101
21103
21105
21106
21107
21109
21109
21110
21110
21110
21112
21112
21113
21113
21115
21116
21116
21116
21116
21117
21117
21117
21118
21119
21119
21119
21120
21120
21122
21122
21122
21123
21123
21125
21125
21126
21126
21127
21127
21127
21129
21129
21129
21130
21130
21132
21132
21133
21134
21134
21134
21136
21136
21136
21136
21137
21137
21138
21138
21138
21139
21139
21140
21140
21140
21141
21142
21142
21142
21143
21143
21144
21145
21145
21146
21146
21147
21148
21149
21150
21151
21151
21151
21152
21153
21153
21153
21154
21155
21155
21156
21156
21156
21158
21159
21159
21162
21162
21163
21165
21165
21166
21166
21167
21167
21168
21169
21170
21170
21171
21172
21173
21174
21174
21176
21176
21177
21177
21178
21178
21179
21179
21180
21181
21181
21181
21181
21182
21182
21183
21184
21185
21186
21187
21187
21188
21190
21192
21192
21194
21194
21194
21195
21195
21195
21196
21196
21196
21197
21197
21198
21198
21199
21199
21199
21200
21200
21200
21202
21202
21203
21204
21204
21205
21205
21206
21208
21208
21209
21209
21210
21212
21212
21213
21213
21213
21214
21214
21216
21216
21217
21217
21218
21218
21220
21220
21221
21221
21222
21223
21224
21224
21224
21225
21225
21226
21226
21227
21228
21228
21228
21229
21230
21230
21232
21233
21233
21234
21235
21236
21236
21236
21237
21237
21237
21237
21238
21238
21240
21240
21241
21241
21243
21244
21244
21245
21245
21246
21246
21246
21246
21247
21248
21249
21249
21250
21250
21250
21250
21251
21251
21252
21253
21254
21254
21254
21255
21256
21257
21257
21258
21259
21259
21261
21263
21264
21264
21264
21265
21266
21266
21267
21267
21269
21270
21270
21272
21274
21274
21274
21275
21276
21276
21277
21278
21278
21280
21280
21281
21283
21284
21285
21285
21286
21286
21287
21287
21289
21289
21290
21291
21292
21293
21294
21294
21294
21297
21298
21298
21298
21299
21299
21300
21301
21301
21301
21302
21302
21303
21303
21304
21306
21307
21307
21310
21311
21312
21313
21313
21314
21315
21315
21316
21317
21318
21319
21319
21320
21321
21321
21323
21323
21324
21324
21325
21325
21326
21327
21327
21328
21328
21328
21328
21329
21329
21331
21331
21332
21333
21333
21334
21335
21335
21337
21337
21337
21338
21338
21339
21340
21343
21345
21346
21346
21347
21348
21348
21349
21349
21350
21351
21351
21352
21352
21352
21353
21353
21354
21355
21355
21356
21357
21357
21358
21359
21359
21360
21360
21363
21363
21364
21364
21366
21367
21367
21367
21368
21368
21369
21369
21369
21370
21372
21372
21372
21373
21373
21373
21374
21374
21375
21376
21377
21379
21379
21380
21380
21381
21381
21381
21382
21382
21382
21383
21384
21384
21384
21385
21385
21386
21386
21388
21388
21390
21391
21391
21392
21393
21394
21394
21395
21395
21397
21397
21398
21398
21399
21399
21400
21402
21402
21403
21404
21404
21404
21404
21405
21405
21406
21406
21407
21408
21409
21409
21410
21412
21413
21413
21414
21414
21416
21417
21417
21419
21419
21420
21420
21421
21422
21423
21424
21424
21426
21427
21427
21428
21428
21429
21429
21429
21431
21432
21432
21432
21433
21433
21434
21434
21434
21435
21436
21437
21437
21437
21439
21439
21440
21441
21442
21442
21443
21444
21444
21446
21447
21448
21448
21448
21448
21449
21449
21450
21450
21451
21452
21452
21453
21453
21453
21454
21455
21455
21458
21458
21459
21459
21460
21461
21461
21462
21462
21463
21465
21467
21468
21468
21470
21470
21472
21472
21473
21473
21473
21475
21475
21476
21476
21478
21478
21479
21480
21481
21482
21482
21483
21483
21483
21483
21484
21484
21485
21485
21485
21486
21487
21487
21488
21489
21490
21492
21492
21492
21493
21493
21495
21495
21496
21496
21498
21498
21499
21501
21501
21501
21503
21503
21504
21504
21506
21507
21507
21508
21508
21508
21509
21510
21511
21512
21512
21513
21514
21514
21514
21515
21517
21517
21517
21518
21519
21521
21522
21523
21523
21524
21525
21525
21526
21526
21527
21528
21528
21529
21529
21530
21530
21531
21532
21532
21532
21533
21534
21535
21536
21536
21536
21537
21538
21538
21539
21539
21539
21540
21540
21540
21540
21541
21542
21543
21544
21544
21545
21545
21547
21548
21548
21548
21549
21549
21550
21550
21550
21550
21551
21552
21552
21553
21553
21553
21553
21554
21555
21555
21556
21557
21557
21558
21558
21559
21559
21559
21560
21560
21561
21561
21562
21563
21564
21564
21565
21565
21566
21567
21567
21567
21568
21569
21571
21571
21572
21572
21573
21573
21574
21574
21575
21576
21576
21576
21577
21578
21578
21580
21580
21581
21581
21582
21582
21583
21584
21584
21585
21585
21586
21586
21586
21587
21588
21589
21589
21590
21590
21590
21591
21591
21592
21592
21592
21593
21594
21596
21597
21598
21598
21599
21599
21599
21600
21600
21600
21601
21602
21602
21604
21605
21605
21606
21606
21607
21607
21607
21608
21608
21609
21609
21609
21610
21611
21612
21612
21613
21614
21614
21615
21615
21616
21617
21618
21618
21618
21619
21619
21620
21620
21620
21621
21621
21622
21622
21622
21622
21623
21624
21625
21628
21628
21628
21629
21630
21630
21630
21631
21631
21632
21632
21633
21633
21636
21636
21636
21637
21637
21637
21637
21638
21638
21639
21639
21640
21640
21640
21641
21642
21642
21643
21644
21644
21644
21644
21645
21646
21647
21648
21649
21650
21650
21650
21651
21651
21652
21652
21652
21655
21655
21656
21656
21657
21658
21659
21659
21660
21661
21661
21662
21662
21663
21663
21664
21665
21665
21666
21666
21667
21667
21668
21669
21670
21670
21671
21671
21672
21672
21673
21673
21673
21673
21674
21674
21675
21675
21675
21676
21677
21678
21680
21680
21681
21682
21682
21683
21684
21685
21685
21685
21685
21686
21686
21686
21687
21687
21687
21688
21689
21690
21691
21691
21692
21692
21693
21693
21695
21696
21696
21696
21697
21698
21698
21698
21698
21699
21699
21700
21701
21702
21703
21704
21704
21705
21705
21705
21706
21706
21706
21706
21707
21707
21708
21708
21708
21709
21709
21710
21712
21713
21713
21713
21713
21715
21715
21715
21716
21717
21717
21718
21718
21718
21719
21719
21720
21720
21721
21721
21722
21722
21723
21723
21723
21724
21725
21725
21725
21726
21727
21727
21727
21727
21728
21728
21729
21730
21731
21732
21733
21733
21734
21734
21735
21736
21736
21737
21737
21738
21738
21740
21740
21741
21742
21743
21744
21745
21746
21746
21746
21747
21748
21748
21749
21749
21750
21751
21751
21752
21752
21754
21754
21755
21755
21756
21756
21756
21757
21757
21758
21759
21759
21760
21761
21761
21762
21763
21763
21765
21765
21765
21766
21766
21767
21767
21768
21768
21769
21769
21770
21771
21771
21771
21771
21772
21772
21772
21773
21774
21775
21777
21778
21779
21779
21781
21781
21783
21783
21784
21784
21784
21785
21785
21785
21786
21787
21787
21788
21788
21788
21789
21789
21789
21790
21790
21791
21792
21792
21793
21793
21794
21795
21795
21796
21796
21797
21799
21799
21800
21800
21801
21801
21802
21803
21803
21804
21805
21805
21805
21807
21807
21808
21808
21808
21809
21811
21812
21813
21814
21814
21815
21816
21816
21817
21817
21818
21818
21820
21820
21821
21821
21822
21822
21823
21823
21824
21824
21824
21824
21825
21825
21826
21826
21826
21827
21827
21828
21828
21829
21829
21830
21831
21831
21832
21832
21833
21833
21834
21834
21835
21837
21838
21838
21839
21839
21840
21840
21840
21841
21841
21842
21842
21842
21843
21843
21843
21844
21845
21845
21846
21846
21848
21848
21849
21849
21850
21850
21851
21852
21853
21853
21854
21854
21855
21856
21857
21857
21858
21858
21860
21860
21861
21861
21862
21862
21863
21863
21864
21864
21864
21865
21865
21865
21866
21867
21867
21868
21868
21869
21869
21870
21871
21872
21873
21873
21874
21874
21875
21875
21876
21876
21877
21878
21880
21881
21881
21882
21882
21882
21883
21884
21884
21885
21885
21885
21885
21886
21888
21888
21889
21889
21890
21890
21891
21891
21892
21893
21893
21894
21895
21896
21896
21897
21897
21898
21899
21899
21899
21899
21901
21902
21903
21903
21903
21904
21904
21906
21906
21907
21907
21907
21908
21908
21908
21909
21909
21910
21911
21912
21912
21912
21913
21914
21916
21916
21917
21918
21918
21918
21919
21920
21920
21921
21922
21922
21922
21924
21925
21925
21926
21927
21927
21929
21929
21930
21930
21932
21933
21934
21935
21935
21936
21936
21937
21937
21938
21938
21939
21939
21940
21941
21942
21943
21943
21943
21945
21946
21946
21947
21947
21948
21950
21950
21950
21951
21951
21952
21953
21953
21954
21955
21955
21956
21957
21958
21959
21959
21959
21960
21960
21960
21961
21962
21963
21963
21964
21965
21965
21966
21966
21967
21968
21968
21969
21969
21971
21974
21974
21975
21975
21975
21976
21976
21977
21979
21979
21980
21981
21982
21983
21983
21984
21984
21984
21986
21988
21988
21989
21989
21990
21991
21991
21992
21993
21993
21993
21994
21995
21996
21997
21997
21997
21998
21998
21998
21999
21999
21999
22000
22000
22000
22002
22004
22005
22006
22007
22007
22007
22008
22009
22009
22010
22010
22010
22011
22011
22011
22012
22013
22013
22013
22014
22015
22016
22017
22018
22018
22019
22021
22022
22023
22024
22024
22025
22026
22027
22028
22028
22029
22029
22030
22031
22032
22032
22034
22035
22036
22037
22038
22038
22039
22040
22040
22041
22043
22044
22045
22046
22046
22046
22047
22047
22047
22048
22049
22051
22052
22052
22053
22053
22055
22055
22055
22057
22057
22058
22058
22058
22059
22059
22062
22062
22064
22064
22064
22065
22066
22067
22067
22067
22068
22069
22069
22070
22071
22071
22072
22072
22073
22073
22074
22075
22076
22077
22078
22078
22078
22079
22080
22081
22081
22082
22082
22083
22086
22086
22087
22087
22087
22087
22089
22089
22090
22090
22091
22091
22091
22091
22093
22094
22094
22095
22095
22096
22096
22097
22097
22098
22098
22099
22099
22099
22100
22101
22101
22102
22102
22103
22103
22103
22104
22104
22104
22105
22106
22107
22108
22108
22109
22109
22109
22110
22110
22110
22111
22112
22112
22112
22113
22113
22113
22114
22114
22116
22116
22117
22118
22118
22119
22121
22122
22122
22123
22123
22124
22124
22126
22127
22127
22129
22130
22131
22131
22131
22132
22132
22133
22133
22133
22134
22134
22135
22135
22135
22136
22136
22137
22138
22139
22139
22139
22140
22141
22141
22142
22142
22143
22144
22145
22145
22146
22147
22149
22150
22151
22153
22154
22154
22154
22155
22155
22155
22155
22156
22157
22157
22160
22161
22162
22162
22163
22164
22164
22165
22165
22166
22166
22167
22167
22168
22168
22169
22170
22173
22173
22173
22174
22175
22175
22175
22177
22178
22179
22180
22180
22181
22182
22183
22183
22184
22184
22185
22185
22186
22186
22187
22187
22188
22188
22188
22189
22190
22190
22192
22193
22194
22195
22195
22195
22196
22198
22199
22199
22200
22200
22201
22201
22202
22202
22203
22203
22204
22204
22205
22205
22206
22206
22207
22208
22208
22208
22209
22210
22211
22211
22212
22213
22214
22214
22215
22215
22215
22216
22216
22217
22217
22217
22218
22218
22219
22220
22220
22221
22222
22223
22224
22224
22225
22226
22226
22227
22228
22229
22230
22230
22231
22231
22233
22233
22235
22235
22236
22236
22237
22238
22238
22239
22239
22241
22241
22242
22242
22243
22243
22244
22244
22245
22246
22246
22248
22249
22252
22254
22254
22255
22256
22256
22257
22257
22257
22258
22258
22259
22259
22259
22259
22260
22260
22261
22261
22262
22262
22263
22263
22264
22265
22265
22266
22266
22267
22267
22268
22268
22268
22269
22270
22270
22270
22271
22271
22272
22273
22273
22273
22273
22276
22276
22276
22277
22277
22278
22278
22278
22278
22279
22279
22279
22280
22281
22281
22282
22282
22284
22285
22285
22287
22289
22290
22290
22290
22291
22292
22292
22293
22294
22297
22298
22299
22301
22302
22302
22303
22303
22305
22306
22307
22307
22308
22309
22310
22311
22311
22311
22312
22312
22314
22314
22314
22317
22318
22318
22319
22319
22320
22321
22321
22322
22323
22324
22325
22326
22326
22326
22326
22327
22327
22328
22328
22330
22331
22332
22332
22333
22333
22334
22334
22336
22336
22338
22339
22340
22340
22341
22342
22342
22343
22344
22344
22344
22345
22345
22346
22346
22347
22348
22348
22349
22349
22351
22352
22352
22353
22354
22355
22355
22355
22356
22356
22357
22357
22358
22359
22359
22360
22360
22361
22362
22362
22363
22363
22364
22364
22364
22364
22365
22366
22368
22368
22371
22371
22372
22373
22374
22375
22375
22377
22378
22378
22378
22379
22380
22380
22381
22382
22382
22385
22387
22387
22388
22389
22389
22389
22390
22391
22392
22393
22394
22395
22395
22398
22399
22399
22399
22400
22401
22401
22402
22403
22403
22403
22404
22405
22406
22406
22408
22409
22409
22410
22411
22412
22412
22412
22413
22414
22414
22415
22415
22416
22419
22419
22420
22420
22420
22421
22422
22423
22424
22424
22425
22425
22425
22426
22426
22426
22427
22427
22427
22428
22428
22428
22428
22429
22430
22430
22431
22432
22432
22435
22435
22436
22436
22436
22437
22438
22438
22438
22439
22439
22440
22440
22441
22443
22444
22444
22445
22445
22446
22446
22447
22448
22448
22449
22450
22451
22451
22452
22452
22452
22453
22453
22453
22454
22454
22455
22456
22457
22458
22459
22459
22459
22460
22460
22461
22462
22462
22463
22463
22464
22464
22464
22464
22465
22465
22466
22467
22468
22468
22468
22469
22470
22471
22471
22472
22473
22473
22473
22474
22474
22477
22478
22479
22480
22481
22481
22483
22483
22484
22484
22486
22486
22487
22487
22488
22488
22489
22490
22491
22492
22492
22492
22493
22493
22494
22494
22494
22495
22496
22496
22496
22497
22497
22500
22502
22503
22504
22505
22505
22505
22506
22506
22506
22508
22509
22510
22510
22511
22511
22511
22512
22512
22513
22513
22514
22515
22515
22516
22517
22517
22518
22518
22519
22521
22521
22521
22522
22522
22523
22523
22524
22524
22524
22525
22525
22526
22526
22526
22527
22527
22528
22528
22529
22530
22530
22534
22534
22534
22535
22536
22537
22537
22537
22538
22538
22538
22538
22539
22539
22540
22542
22543
22544
22545
22545
22546
22546
22547
22547
22550
22550
22551
22551
22552
22553
22554
22554
22554
22555
22555
22555
22555
22556
22556
22557
22558
22559
22559
22561
22561
22562
22563
22563
22564
22565
22566
22566
22567
22568
22568
22568
22568
22569
22569
22570
22570
22571
22571
22571
22571
22573
22574
22575
22576
22577
22579
22579
22580
22581
22581
22582
22583
22584
22585
22585
22586
22586
22587
22587
22588
22590
22590
22591
22592
22592
22592
22593
22593
22594
22596
22597
22597
22598
22599
22600
22601
22602
22602
22603
22603
22604
22604
22605
22605
22606
22606
22607
22607
22608
22608
22609
22610
22611
22611
22611
22612
22612
22613
22613
22614
22614
22614
22615
22615
22615
22617
22618
22619
22619
22619
22620
22620
22621
22621
22621
22622
22622
22625
22625
22626
22626
22626
22626
22627
22628
22630
22630
22631
22631
22631
22635
22635
22635
22636
22637
22638
22640
22640
22640
22641
22641
22642
22643
22643
22643
22644
22645
22645
22645
22646
22646
22647
22648
22648
22649
22650
22650
22651
22652
22653
22653
22654
22655
22655
22655
22656
22657
22657
22657
22658
22659
22659
22660
22660
22660
22661
22661
22662
22662
22664
22664
22664
22665
22667
22667
22667
22667
22668
22668
22669
22669
22670
22670
22671
22672
22672
22672
22673
22674
22675
22676
22677
22677
22677
22678
22678
22679
22679
22680
22681
22682
22682
22682
22683
22684
22685
22685
22686
22686
22687
22687
22687
22688
22689
22689
22689
22690
22691
22691
22692
22692
22693
22693
22694
22695
22696
22696
22697
22697
22698
22698
22699
22699
22699
22700
22700
22701
22702
22704
22705
22705
22706
22706
22707
22707
22709
22710
22710
22710
22710
22711
22711
22714
22714
22715
22715
22716
22716
22717
22718
22718
22719
22719
22720
22721
22721
22721
22722
22722
22723
22723
22724
22724
22725
22725
22726
22727
22727
22728
22730
22730
22731
22731
22732
22733
22734
22735
22735
22735
22737
22739
22740
22741
22741
22742
22742
22743
22744
22744
22744
22745
22745
22745
22746
22747
22747
22748
22750
22751
22751
22752
22753
22753
22755
22757
22757
22758
22758
22758
22759
22759
22760
22760
22761
22762
22762
22763
22764
22765
22768
22768
22768
22769
22769
22770
22770
22770
22771
22771
22771
22772
22772
22773
22773
22773
22774
22774
22775
22777
22779
22780
22780
22781
22781
22781
22782
22782
22783
22783
22784
22785
22785
22785
22786
22786
22788
22788
22790
22790
22791
22791
22792
22792
22793
22793
22794
22794
22795
22795
22797
22798
22798
22799
22799
22800
22800
22802
22802
22803
22803
22804
22804
22805
22805
22805
22806
22806
22808
22808
22808
22809
22809
22810
22811
22811
22811
22812
22812
22812
22814
22814
22814
22815
22816
22817
22818
22820
22821
22821
22824
22825
22826
22826
22826
22827
22828
22828
22829
22829
22830
22830
22831
22832
22832
22833
22834
22834
22835
22835
22836
22837
22837
22838
22839
22840
22842
22843
22843
22843
22844
22845
22845
22845
22846
22849
22851
22851
22851
22852
22853
22853
22853
22854
22856
22857
22857
22857
22858
22859
22860
22860
22860
22861
22862
22862
22862
22863
22863
22864
22866
22867
22867
22868
22869
22869
22869
22870
22870
22870
22872
22872
22873
22873
22873
22874
22875
22877
22877
22878
22879
22879
22880
22882
22882
22883
22884
22884
22885
22885
22886
22887
22888
22889
22889
22890
22890
22891
22891
22892
22892
22893
22893
22894
22894
22895
22895
22896
22896
22898
22898
22898
22902
22903
22904
22904
22905
22906
22906
22906
22907
22907
22909
22909
22909
22910
22911
22911
22912
22913
22913
22913
22914
22914
22915
22915
22916
22916
22918
22918
22919
22919
22919
22920
22920
22920
22921
22921
22922
22922
22924
22927
22927
22928
22928
22930
22930
22930
22931
22931
22931
22933
22933
22933
22933
22934
22934
22935
22935
22935
22936
22936
22937
22937
22938
22939
22940
22940
22941
22941
22942
22943
22943
22944
22944
22944
22945
22945
22946
22946
22947
22948
22949
22950
22951
22951
22952
22953
22953
22954
22954
22954
22955
22955
22956
22957
22958
22958
22959
22959
22961
22961
22962
22962
22963
22965
22965
22966
22966
22966
22968
22969
22969
22970
22971
22971
22971
22972
22974
22974
22974
22974
22975
22976
22977
22977
22978
22978
22979
22980
22980
22981
22981
22981
22982
22983
22984
22984
22985
22986
22986
22987
22988
22988
22988
22988
22989
22991
22992
22992
22992
22993
22994
22995
22996
22996
22997
22997
22997
22998
22999
23000
23000
23001
23001
23002
23002
23003
23003
23004
23005
23006
23008
23008
23009
23010
23010
23010
23011
23012
23012
23013
23013
23014
23014
23016
23016
23018
23019
23020
23020
23021
23022
23023
23023
23024
23024
23025
23025
23026
23026
23027
23027
23028
23029
23029
23030
23030
23030
23032
23032
23033
23033
23033
23034
23034
23036
23037
23038
23039
23040
23041
23041
23043
23043
23044
23044
23044
23045
23045
23045
23045
23046
23047
23047
23048
23048
23049
23049
23050
23051
23052
23052
23053
23053
23054
23055
23056
23056
23057
23057
23057
23058
23059
23060
23061
23062
23062
23063
23063
23064
23065
23066
23067
23067
23067
23068
23069
23071
23072
23072
23073
23073
23073
23075
23076
23078
23079
23079
23080
23080
23080
23081
23082
23082
23082
23083
23083
23084
23085
23085
23088
23088
23089
23089
23089
23091
23092
23092
23093
23093
23094
23094
23095
23095
23096
23097
23097
23098
23099
23099
23099
23100
23100
23101
23102
23102
23103
23104
23104
23105
23105
23106
23108
23108
23108
23109
23109
23111
23112
23112
23112
23113
23114
23115
23115
23115
23116
23116
23116
23117
23118
23119
23119
23120
23120
23126
23128
23128
23130
23130
23131
23131
23132
23132
23132
23135
23135
23136
23136
23137
23137
23140
23140
23141
23141
23142
23142
23143
23143
23144
23144
23145
23145
23147
23147
23148
23150
23151
23153
23155
23156
23157
23159
23159
23160
23160
23161
23162
23163
23164
23164
23165
23165
23166
23167
23169
23170
23171
23171
23171
23172
23172
23173
23174
23174
23175
23175
23175
23176
23176
23177
23177
23178
23179
23179
23180
23181
23181
23181
23182
23182
23182
23184
23184
23184
23185
23185
23186
23186
23186
23187
23187
23187
23188
23188
23188
23189
23190
23191
23193
23193
23193
23194
23196
23198
23199
23201
23202
23202
23202
23203
23203
23204
23204
23206
23206
23207
23208
23208
23208
23209
23211
23211
23211
23212
23212
23213
23213
23214
23215
23215
23216
23216
23217
23221
23221
23222
23222
23224
23226
23226
23228
23228
23229
23230
23231
23231
23232
23233
23233
23235
23235
23236
23237
23237
23237
23238
23238
23238
23238
23239
23239
23240
23240
23241
23242
23242
23242
23244
23244
23244
23245
23245
23245
23245
23246
23246
23247
23247
23248
23248
23249
23249
23250
23251
23251
23251
23252
23254
23255
23255
23255
23256
23257
23257
23259
23259
23260
23260
23260
23261
23261
23262
23262
23263
23263
23263
23264
23265
23265
23267
23267
23269
23270
23270
23271
23272
23272
23273
23274
23274
23274
23276
23277
23277
23278
23278
23279
23280
23280
23280
23281
23281
23282
23283
23283
23284
23285
23285
23286
23286
23287
23288
23288
23288
23289
23290
23290
23290
23291
23291
23292
23292
23293
23293
23294
23294
23299
23299
23299
23299
23300
23302
23304
23304
23306
23307
23307
23308
23309
23310
23310
23311
23311
23313
23313
23314
23314
23316
23316
23317
23318
23320
23320
23321
23322
23322
23322
23323
23324
23325
23326
23328
23328
23329
23329
23330
23330
23331
23331
23332
23333
23333
23333
23333
23334
23335
23335
23336
23336
23337
23337
23338
23338
23339
23340
23341
23342
23342
23343
23343
23344
23345
23346
23346
23346
23347
23348
23348
23348
23349
23350
23351
23352
23352
23352
23353
23353
23354
23354
23356
23356
23357
23358
23358
23359
23359
23361
23361
23362
23362
23363
23364
23364
23365
23367
23368
23369
23372
23374
23375
23376
23377
23378
23378
23378
23379
23380
23380
23380
23381
23382
23382
23382
23383
23383
23384
23385
23386
23387
23387
23387
23388
23389
23389
23390
23390
23391
23392
23392
23393
23394
23394
23394
23395
23395
23396
23396
23397
23397
23397
23398
23399
23399
23400
23401
23401
23402
23403
23403
23404
23405
23405
23406
23406
23406
23407
23408
23408
23410
23410
23410
23411
23412
23413
23414
23414
23415
23415
23416
23419
23419
23419
23420
23420
23421
23422
23424
23424
23425
23425
23426
23427
23427
23428
23428
23428
23429
23432
23433
23433
23434
23437
23438
23438
23439
23440
23440
23441
23442
23443
23443
23444
23445
23445
23447
23447
23447
23449
23449
23450
23451
23451
23451
23452
23453
23453
23454
23455
23456
23456
23456
23458
23459
23460
23461
23461
23461
23463
23468
23468
23469
23472
23473
23473
23474
23474
23475
23476
23477
23477
23478
23479
23479
23479
23480
23481
23482
23484
23484
23485
23485
23485
23486
23487
23488
23488
23489
23490
23491
23492
23494
23494
23495
23496
23497
23497
23500
23500
23501
23502
23503
23503
23504
23504
23505
23506
23506
23510
23511
23512
23512
23513
23513
23514
23515
23515
23515
23516
23517
23517
23517
23519
23519
23519
23520
23521
23523
23524
23524
23528
23528
23529
23529
23530
23532
23533
23534
23535
23536
23537
23537
23538
23538
23539
23539
23540
23543
23543
23544
23544
23545
23545
23545
23546
23546
23547
23547
23548
23548
23548
23550
23550
23552
23553
23553
23553
23553
23554
23555
23555
23556
23558
23558
23559
23560
23560
23560
23561
23562
23562
23563
23563
23564
23564
23565
23566
23567
23567
23568
23569
23569
23569
23570
23570
23570
23571
23572
23572
23572
23573
23574
23574
23575
23575
23575
23576
23578
23579
23579
23581
23582
23582
23583
23583
23584
23585
23586
23587
23590
23591
23591
23593
23596
23596
23597
23597
23598
23598
23599
23599
23599
23600
23602
23603
23604
23604
23606
23609
23610
23610
23612
23614
23614
23615
23615
23616
23617
23617
23618
23618
23620
23622
23622
23623
23624
23625
23625
23625
23626
23628
23629
23629
23630
23630
23631
23631
23632
23632
23634
23634
23635
23635
23636
23637
23638
23639
23639
23640
23641
23641
23642
23643
23643
23643
23645
23645
23646
23646
23647
23647
23647
23648
23648
23648
23651
23651
23655
23655
23656
23656
23657
23658
23658
23659
23659
23660
23661
23661
23662
23662
23663
23663
23664
23666
23667
23668
23668
23670
23670
23670
23671
23671
23671
23672
23672
23672
23673
23673
23674
23675
23677
23677
23677
23678
23678
23679
23679
23679
23680
23681
23681
23681
23681
23683
23684
23684
23685
23686
23687
23687
23687
23688
23689
23689
23690
23691
23692
23693
23693
23695
23695
23696
23696
23697
23697
23697
23698
23698
23698
23700
23702
23702
23703
23704
23705
23705
23706
23707
23707
23707
23707
23708
23708
23709
23709
23709
23710
23710
23711
23711
23712
23712
23713
23714
23715
23715
23716
23717
23717
23717
23718
23719
23721
23721
23722
23722
23722
23723
23723
23724
23725
23726
23727
23728
23728
23729
23729
23729
23730
23730
23733
23734
23734
23735
23736
23736
23736
23738
23739
23740
23741
23742
23743
23743
23744
23744
23745
23746
23746
23747
23749
23749
23752
23752
23754
23755
23755
23755
23757
23757
23758
23758
23759
23759
23760
23761
23761
23761
23762
23762
23762
23764
23764
23766
23766
23768
23770
23771
23771
23771
23772
23772
23773
23774
23775
23777
23778
23778
23779
23779
23781
23781
23783
23783
23784
23786
23787
23787
23788
23789
23789
23789
23790
23791
23791
23792
23793
23793
23793
23795
23796
23796
23796
23797
23800
23801
23801
23802
23802
23803
23803
23804
23804
23805
23805
23805
23805
23806
23806
23807
23807
23807
23809
23811
23812
23814
23814
23815
23815
23816
23817
23818
23820
23821
23821
23821
23822
23823
23824
23824
23825
23827
23827
23828
23828
23829
23829
23831
23831
23831
23832
23833
23834
23834
23834
23835
23836
23836
23837
23838
23839
23839
23840
23840
23841
23842
23842
23843
23845
23845
23846
23846
23847
23847
23848
23849
23850
23850
23851
23851
23852
23852
23853
23857
23859
23860
23860
23861
23862
23863
23864
23865
23865
23866
23867
23867
23868
23868
23868
23871
23871
23872
23872
23872
23873
23873
23874
23876
23876
23878
23881
23881
23882
23882
23882
23882
23883
23885
23886
23887
23888
23888
23890
23893
23894
23895
23896
23896
23899
23900
23900
23900
23901
23901
23902
23902
23902
23904
23904
23904
23905
23905
23905
23908
23909
23910
23912
23913
23913
23914
23917
23917
23918
23919
23919
23919
23920
23920
23920
23921
23921
23922
23922
23922
23923
23924
23924
23925
23925
23928
23928
23929
23930
23930
23931
23933
23933
23934
23934
23934
23935
23937
23939
23939
23939
23940
23941
23943
23943
23943
23944
23945
23945
23947
23948
23948
23950
23951
23951
23951
23951
23953
23953
23953
23954
23954
23954
23955
23956
23957
23958
23958
23958
23959
23959
23960
23963
23964
23967
23967
23968
23969
23970
23970
23971
23971
23971
23972
23972
23974
23975
23977
23977
23978
23978
23979
23979
23980
23980
23981
23981
23983
23983
23984
23984
23984
23985
23986
23986
23987
23987
23988
23988
23989
23990
23992
23993
23993
23994
23995
23996
23996
23996
23997
23997
23998
23998
23999
23999
24000
24001
24001
24003
24005
24006
24006
24007
24007
24008
24008
24010
24010
24011
24013
24014
24014
24014
24015
24015
24016
24016
24017
24017
24018
24018
24019
24020
24021
24021
24022
24022
24022
24023
24023
24024
24024
24024
24025
24025
24025
24025
24026
24026
24027
24028
24028
24029
24029
24030
24030
24032
24032
24033
24034
24034
24035
24035
24036
24036
24037
24039
24039
24039
24040
24041
24041
24041
24042
24042
24043
24043
24045
24046
24046
24047
24047
24048
24048
24049
24049
24050
24050
24051
24052
24053
24055
24056
24056
24058
24059
24060
24060
24061
24061
24062
24062
24062
24063
24063
24064
24064
24065
24065
24066
24066
24067
24067
24067
24068
24068
24070
24070
24071
24073
24073
24074
24074
24075
24077
24077
24080
24080
24080
24081
24081
24081
24083
24085
24086
24086
24087
24088
24090
24091
24091
24092
24092
24093
24094
24094
24096
24096
24096
24098
24099
24100
24100
24100
24101
24101
24102
24102
24102
24103
24104
24105
24105
24106
24106
24107
24107
24108
24108
24109
24110
24111
24111
24112
24113
24115
24116
24118
24119
24119
24119
24120
24120
24121
24122
24123
24124
24125
24125
24126
24127
24127
24127
24129
24129
24131
24131
24132
24132
24132
24133
24134
24134
24135
24136
24136
24136
24137
24137
24137
24140
24141
24143
24144
24145
24146
24146
24148
24148
24148
24150
24151
24151
24152
24152
24152
24153
24153
24154
24155
24155
24157
24157
24159
24159
24160
24160
24161
24161
24161
24162
24162
24163
24164
24165
24165
24166
24169
24172
24172
24173
24173
24174
24174
24175
24175
24176
24177
24178
24179
24179
24180
24181
24182
24183
24184
24184
24184
24185
24186
24186
24186
24187
24187
24188
24189
24189
24190
24191
24193
24194
24194
24195
24195
24196
24197
24197
24197
24198
24198
24199
24199
24199
24201
24202
24202
24203
24203
24203
24204
24204
24205
24205
24205
24205
24206
24207
24207
24208
24209
24209
24211
24211
24212
24212
24213
24213
24213
24215
24216
24216
24217
24217
24217
24218
24220
24220
24221
24222
24223
24224
24224
24225
24225
24226
24227
24228
24228
24228
24228
24229
24230
24233
24234
24234
24235
24235
24236
24236
24237
24237
24238
24238
24239
24239
24240
24242
24243
24244
24245
24246
24247
24247
24248
24249
24250
24251
24253
24254
24254
24255
24256
24257
24258
24258
24259
24259
24261
24262
24263
24264
24264
24265
24265
24267
24268
24269
24269
24270
24271
24271
24272
24273
24274
24275
24276
24277
24278
24280
24280
24281
24281
24282
24284
24285
24286
24289
24292
24293
24293
24294
24295
24296
24296
24297
24297
24297
24298
24299
24300
24301
24302
24302
24303
24304
24305
24306
24307
24307
24308
24308
24310
24310
24311
24311
24311
24312
24312
24313
24313
24315
24316
24317
24318
24319
24319
24320
24321
24322
24325
24325
24326
24326
24326
24328
24328
24329
24329
24329
24330
24330
24331
24331
24332
24333
24334
24335
24336
24337
24337
24338
24339
24340
24340
24341
24343
24344
24344
24345
24345
24346
24347
24347
24347
24348
24349
24350
24350
24352
24353
24354
24355
24357
24359
24360
24360
24360
24361
24361
24362
24364
24366
24367
24367
24368
24369
24370
24370
24372
24372
24374
24375
24375
24377
24378
24379
24379
24380
24380
24381
24382
24382
24383
24383
24384
24384
24384
24385
24386
24386
24386
24387
24387
24387
24388
24388
24388
24389
24389
24390
24391
24394
24395
24395
24398
24398
24401
24401
24401
24403
24405
24405
24406
24407
24408
24408
24409
24410
24411
24411
24412
24412
24413
24413
24414
24415
24416
24417
24417
24418
24418
24419
24419
24420
24420
24421
24421
24422
24423
24423
24423
24424
24424
24424
24425
24425
24425
24426
24426
24427
24429
24430
24430
24431
24431
24432
24433
24434
24434
24434
24435
24435
24436
24436
24437
24437
24438
24439
24440
24441
24442
24443
24444
24447
24447
24448
24448
24449
24450
24451
24451
24452
24452
24452
24455
24455
24457
24457
24459
24460
24462
24463
24464
24464
24464
24467
24468
24468
24468
24469
24469
24470
24470
24471
24471
24473
24473
24474
24475
24476
24478
24479
24479
24480
24481
24482
24483
24483
24484
24484
24485
24485
24486
24488
24488
24492
24493
24494
24494
24496
24497
24498
24499
24502
24504
24505
24506
24507
24509
24509
24513
24514
24517
24519
24520
24520
24520
24521
24522
24522
24523
24525
24525
24526
24527
24528
24529
24529
24529
24533
24534
24534
24535
24537
24538
24539
24539
24541
24541
24542
24543
24544
24545
24546
24547
24548
24549
24549
24550
24552
24553
24554
24555
24555
24556
24556
24558
24559
24559
24560
24560
24561
24561
24561
24562
24562
24566
24566
24566
24567
24569
24569
24570
24573
24574
24575
24576
24577
24577
24578
24578
24579
24580
24580
24581
24583
24584
24585
24585
24585
24585
24586
24586
24587
24589
24589
24590
24591
24591
24592
24593
24595
24596
24596
24599
24599
24600
24601
24601
24602
24604
24604
24605
24607
24607
24608
24609
24609
24610
24612
24613
24614
24616
24616
24618
24618
24619
24620
24620
24620
24621
24622
24624
24624
24625
24626
24626
24627
24627
24627
24628
24628
24628
24628
24629
24629
24630
24630
24631
24632
24632
24633
24634
24634
24634
24635
24635
24636
24637
24637
24638
24639
24639
24640
24640
24641
24641
24643
24645
24645
24646
24646
24647
24647
24648
24649
24650
24650
24651
24651
24654
24655
24655
24656
24656
24657
24657
24657
24658
24658
24659
24660
24660
24661
24662
24662
24663
24664
24665
24665
24665
24666
24668
24669
24671
24671
24672
24672
24673
24673
24674
24674
24675
24676
24677
24678
24678
24678
24680
24681
24681
24681
24683
24683
24684
24684
24684
24686
24687
24688
24689
24690
24691
24695
24698
24700
24700
24701
24702
24703
24703
24703
24705
24705
24706
24706
24706
24707
24711
24711
24712
24712
24712
24713
24714
24715
24716
24717
24717
24717
24718
24719
24721
24722
24723
24724
24725
24725
24726
24729
24729
24730
24731
24732
24732
24732
24734
24734
24735
24735
24735
24736
24737
24738
24738
24740
24740
24741
24741
24742
24742
24744
24745
24745
24745
24748
24748
24749
24749
24750
24750
24750
24751
24752
24753
24753
24754
24754
24757
24758
24758
24759
24762
24762
24763
24764
24764
24764
24765
24766
24766
24767
24767
24769
24770
24770
24771
24771
24772
24773
24777
24778
24782
24782
24784
24786
24787
24788
24788
24789
24789
24790
24790
24791
24792
24792
24792
24793
24793
24794
24795
24798
24798
24799
24800
24800
24800
24806
24807
24807
24808
24809
24809
24810
24810
24811
24812
24812
24813
24814
24815
24815
24815
24816
24816
24817
24817
24819
24819
24820
24820
24820
24821
24821
24822
24822
24823
24823
24823
24824
24824
24824
24824
24825
24825
24827
24828
24828
24830
24831
24833
24833
24833
24834
24835
24835
24836
24837
24837
24837
24837
24838
24839
24839
24840
24841
24841
24841
24842
24842
24844
24844
24845
24846
24846
24847
24848
24848
24849
24849
24850
24850
24851
24851
24852
24852
24852
24853
24855
24855
24855
24855
24856
24856
24857
24857
24858
24858
24859
24859
24860
24860
24863
24863
24864
24864
24866
24867
24867
24869
24870
24872
24873
24873
24874
24874
24877
24878
24878
24879
24880
24881
24882
24882
24883
24883
24884
24884
24885
24886
24886
24887
24887
24888
24888
24889
24891
24892
24893
24893
24894
24897
24898
24899
24900
24901
24906
24907
24907
24907
24908
24908
24909
24910
24911
24914
24914
24914
24915
24918
24920
24920
24922
24924
24925
24925
24926
24927
24927
24928
24928
24929
24929
24930
24931
24933
24933
24934
24935
24936
24936
24937
24938
24939
24941
24941
24942
24943
24943
24944
24944
24945
24945
24946
24947
24948
24950
24952
24953
24953
24956
24957
24958
24959
24960
24961
24962
24963
24963
24963
24964
24966
24967
24967
24968
24969
24970
24973
24974
24975
24976
24978
24978
24979
24979
24980
24982
24983
24983
24984
24985
24985
24986
24987
24988
24989
24989
24990
24990
24991
24991
24992
24992
24993
24993
24993
24994
24995
24996
24997
24998
24999
25000
25001
25003
25003
25005
25007
25008
25008
25010
25010
25012
25012
25013
25015
25015
25016
25016
25016
25016
25017
25017
25018
25019
25020
25021
25022
25023
25024
25025
25026
25026
25027
25027
25027
25028
25029
25031
25032
25032
25034
25036
25037
25037
25038
25038
25038
25039
25039
25040
25040
25041
25041
25042
25042
25043
25044
25045
25047
25048
25048
25048
25049
25049
25051
25051
25052
25054
25056
25057
25058
25058
25059
25059
25060
25061
25063
25063
25064
25064
25065
25066
25066
25067
25068
25069
25071
25072
25072
25073
25073
25074
25076
25076
25078
25078
25078
25079
25081
25081
25083
25085
25086
25089
25090
25091
25091
25092
25092
25093
25094
25094
25095
25096
25096
25097
25098
25100
25101
25102
25102
25104
25106
25106
25108
25108
25110
25111
25111
25112
25113
25115
25116
25117
25119
25119
25119
25121
25121
25121
25122
25122
25122
25123
25123
25123
25124
25124
25125
25125
25126
25127
25130
25131
25133
25133
25133
25134
25135
25136
25137
25138
25138
25139
25140
25142
25142
25142
25143
25144
25145
25146
25146
25150
25151
25152
25152
25153
25153
25154
25156
25156
25159
25159
25159
25160
25160
25163
25164
25168
25168
25168
25169
25170
25171
25172
25172
25173
25173
25173
25174
25174
25175
25176
25180
25180
25181
25181
25183
25183
25184
25185
25185
25186
25186
25188
25189
25189
25191
25192
25192
25192
25193
25195
25197
25197
25199
25199
25200
25203
25203
25204
25205
25207
25207
25208
25210
25210
25213
25214
25215
25216
25216
25217
25217
25218
25219
25219
25220
25220
25220
25221
25221
25221
25222
25225
25225
25225
25225
25229
25229
25229
25231
25231
25232
25232
25233
25237
25237
25238
25239
25240
25240
25242
25242
25244
25245
25245
25246
25246
25247
25247
25249
25250
25250
25251
25252
25253
25254
25256
25257
25257
25258
25258
25259
25260
25261
25264
25264
25265
25266
25266
25267
25269
25270
25272
25273
25274
25275
25275
25276
25276
25277
25277
25278
25278
25279
25280
25280
25280
25281
25281
25282
25282
25283
25286
25286
25287
25288
25288
25288
25289
25289
25291
25291
25291
25293
25293
25293
25296
25297
25298
25299
25299
25300
25302
25302
25303
25303
25304
25305
25306
25306
25306
25307
25308
25308
25308
25309
25310
25311
25311
25313
25313
25315
25317
25318
25320
25320
25320
25321
25322
25324
25325
25326
25327
25328
25329
25330
25331
25332
25332
25333
25333
25334
25335
25335
25338
25338
25339
25339
25340
25340
25340
25342
25342
25343
25347
25348
25349
25350
25350
25351
25351
25351
25352
25352
25354
25355
25356
25356
25356
25357
25359
25360
25360
25361
25362
25363
25364
25365
25365
25366
25366
25366
25367
25367
25368
25368
25370
25370
25371
25371
25372
25373
25375
25376
25378
25379
25379
25381
25384
25385
25386
25386
25387
25387
25389
25390
25390
25391
25392
25393
25393
25394
25394
25395
25395
25395
25396
25397
25398
25399
25403
25405
25406
25406
25407
25407
25408
25408
25410
25410
25410
25410
25411
25412
25413
25414
25414
25415
25416
25418
25418
25418
25419
25420
25420
25421
25422
25424
25424
25425
25425
25426
25426
25426
25427
25427
25428
25428
25429
25429
25430
25431
25431
25433
25434
25435
25435
25436
25437
25438
25439
25439
25439
25440
25440
25441
25441
25442
25442
25442
25443
25443
25444
25445
25445
25445
25447
25447
25448
25450
25450
25451
25451
25453
25453
25454
25455
25455
25457
25458
25458
25459
25459
25459
25460
25461
25462
25462
25463
25463
25464
25465
25465
25466
25467
25468
25469
25469
25469
25470
25470
25471
25472
25473
25475
25477
25479
25481
25481
25482
25484
25484
25485
25487
25488
25491
25492
25495
25495
25497
25497
25497
25498
25501
25502
25502
25503
25503
25504
25506
25506
25507
25508
25508
25509
25509
25511
25512
25513
25513
25514
25515
25517
25518
25518
25519
25521
25522
25522
25523
25523
25524
25525
25525
25526
25526
25528
25529
25530
25532
25533
25533
25534
25534
25535
25535
25536
25537
25537
25539
25540
25540
25541
25541
25542
25542
25542
25543
25544
25546
25547
25549
25553
25554
25555
25555
25555
25556
25558
25562
25564
25565
25565
25566
25568
25568
25570
25570
25571
25571
25572
25572
25572
25573
25574
25574
25576
25576
25577
25579
25579
25583
25584
25584
25585
25586
25588
25589
25591
25593
25593
25593
25593
25595
25596
25596
25597
25600
25601
25602
25602
25602
25603
25604
25605
25606
25607
25609
25610
25611
25611
25612
25612
25613
25613
25614
25617
25619
25620
25622
25623
25623
25625
25625
25626
25627
25627
25627
25628
25629
25629
25630
25630
25631
25636
25637
25638
25638
25641
25642
25642
25642
25643
25644
25645
25646
25646
25646
25647
25648
25648
25649
25650
25650
25650
25652
25653
25653
25654
25654
25655
25656
25656
25657
25657
25657
25658
25658
25658
25659
25659
25660
25660
25660
25663
25663
25664
25665
25667
25667
25668
25669
25673
25674
25675
25675
25676
25676
25677
25678
25678
25679
25680
25680
25681
25685
25685
25686
25686
25687
25687
25688
25689
25690
25691
25691
25691
25692
25693
25694
25695
25695
25696
25697
25698
25698
25698
25699
25700
25700
25701
25702
25703
25703
25704
25705
25706
25708
25708
25709
25709
25710
25710
25711
25711
25712
25713
25713
25714
25714
25715
25715
25716
25718
25718
25718
25719
25720
25721
25721
25722
25723
25723
25723
25724
25724
25724
25725
25725
25726
25728
25728
25729
25730
25731
25731
25731
25732
25732
25732
25733
25734
25735
25736
25737
25738
25743
25743
25744
25745
25746
25746
25747
25747
25748
25748
25749
25750
25750
25750
25751
25751
25752
25752
25754
25757
25760
25761
25761
25762
25762
25763
25764
25764
25764
25766
25766
25767
25767
25767
25767
25768
25768
25768
25769
25769
25770
25770
25772
25772
25773
25773
25774
25774
25775
25777
25779
25779
25781
25782
25783
25788
25789
25789
25790
25792
25794
25794
25794
25795
25796
25797
25798
25798
25798
25799
25799
25799
25800
25800
25801
25803
25803
25804
25804
25805
25806
25807
25808
25808
25809
25810
25812
25813
25814
25814
25816
25817
25817
25822
25822
25823
25824
25824
25826
25827
25827
25827
25829
25829
25830
25831
25832
25833
25834
25835
25835
25836
25837
25839
25842
25842
25842
25845
25845
25847
25848
25848
25851
25854
25854
25856
25860
25861
25862
25862
25863
25863
25865
25866
25866
25866
25867
25868
25868
25870
25870
25871
25871
25873
25873
25874
25874
25874
25875
25876
25876
25877
25878
25878
25879
25880
25881
25881
25881
25882
25883
25883
25883
25884
25885
25886
25887
25889
25889
25890
25891
25891
25891
25892
25893
25893
25895
25896
25897
25898
25898
25899
25900
25900
25902
25904
25905
25905
25907
25909
25910
25911
25911
25911
25913
25913
25914
25915
25915
25915
25916
25916
25916
25917
25917
25918
25918
25921
25922
25922
25923
25923
25923
25924
25925
25925
25925
25926
25927
25927
25927
25928
25928
25929
25929
25929
25930
25930
25931
25932
25933
25933
25936
25936
25936
25938
25939
25940
25942
25942
25945
25946
25947
25947
25948
25949
25950
25952
25955
25955
25955
25956
25957
25958
25959
25959
25959
25961
25962
25963
25963
25963
25963
25964
25969
25969
25971
25973
25973
25973
25973
25974
25975
25977
25979
25979
25980
25981
25981
25981
25982
25984
25985
25986
25986
25987
25988
25988
25991
25993
25993
25994
25996
25996
25997
25998
25998
25999
26000
26000
26001
26001
26001
26003
26004
26004
26006
26006
26007
26010
26011
26011
26012
26012
26013
26013
26013
26013
26014
26015
26016
26016
26018
26019
26020
26020
26022
26025
26026
26028
26030
26030
26031
26032
26033
26034
26036
26037
26038
26040
26040
26040
26041
26042
26044
26045
26046
26048
26048
26048
26049
26049
26050
26050
26050
26051
26051
26052
26053
26055
26056
26056
26057
26057
26059
26059
26060
26061
26061
26062
26064
26064
26065
26065
26066
26067
26068
26069
26069
26070
26073
26073
26073
26074
26074
26075
26076
26076
26077
26078
26079
26080
26081
26082
26082
26083
26083
26084
26086
26087
26087
26089
26090
26090
26091
26091
26092
26092
26093
26093
26093
26096
26096
26097
26098
26098
26099
26099
26100
26101
26101
26102
26103
26104
26105
26106
26106
26107
26107
26109
26109
26111
26113
26114
26115
26116
26116
26117
26118
26118
26119
26119
26120
26120
26121
26122
26123
26123
26125
26126
26126
26128
26131
26132
26133
26133
26134
26135
26135
26137
26137
26138
26139
26140
26140
26140
26141
26142
26143
26143
26144
26145
26145
26147
26147
26149
26152
26153
26153
26154
26156
26157
26157
26158
26158
26158
26158
26159
26160
26161
26161
26162
26162
26163
26163
26165
26166
26167
26167
26168
26169
26171
26171
26173
26174
26174
26175
26175
26176
26177
26177
26178
26178
26179
26179
26180
26181
26181
26181
26182
26182
26183
26184
26184
26184
26185
26185
26187
26187
26189
26189
26191
26191
26191
26192
26192
26193
26193
26194
26195
26195
26195
26196
26196
26196
26197
26197
26197
26198
26199
26200
26200
26201
26201
26202
26206
26206
26207
26207
26210
26211
26213
26213
26215
26215
26216
26216
26217
26217
26218
26219
26219
26219
26220
26220
26221
26221
26221
26221
26222
26223
26224
26224
26225
26225
26226
26226
26226
26228
26228
26228
26228
26229
26231
26232
26232
26233
26234
26234
26235
26236
26236
26238
26239
26240
26240
26241
26241
26241
26243
26243
26244
26245
26246
26247
26247
26249
26249
26250
26251
26252
26252
26255
26255
26256
26257
26257
26257
26259
26259
26260
26261
26261
26261
26262
26262
26263
26265
26267
26269
26270
26271
26272
26272
26273
26274
26275
26277
26278
26279
26280
26280
26282
26285
26285
26285
26286
26291
26292
26293
26295
26295
26295
26296
26296
26296
26297
26298
26299
26301
26301
26302
26302
26305
26305
26306
26308
26309
26310
26310
26312
26313
26313
26314
26315
26315
26316
26317
26318
26318
26319
26321
26321
26323
26324
26326
26327
26328
26328
26328
26329
26331
26331
26334
26335
26335
26335
26336
26336
26338
26342
26343
26343
26345
26345
26346
26348
26348
26352
26354
26354
26355
26356
26358
26359
26364
26367
26368
26373
26373
26374
26375
26376
26377
26378
26378
26378
26380
26381
26381
26383
26385
26385
26386
26386
26387
26388
26388
26389
26389
26390
26391
26392
26394
26395
26397
26397
26398
26398
26399
26401
26402
26402
26404
26405
26405
26406
26408
26410
26411
26412
26413
26414
26415
26418
26420
26421
26421
26422
26424
26425
26427
26429
26431
26435
26435
26436
26437
26438
26439
26440
26440
26442
26442
26443
26443
26444
26445
26447
26448
26448
26448
26450
26452
26452
26453
26455
26456
26456
26456
26457
26458
26459
26460
26460
26461
26461
26464
26465
26465
26470
26470
26471
26472
26475
26476
26476
26476
26477
26477
26478
26480
26481
26481
26482
26482
26483
26483
26485
26487
26488
26489
26490
26491
26492
26493
26494
26494
26495
26495
26495
26499
26500
26504
26504
26505
26506
26506
26507
26508
26508
26510
26511
26511
26513
26514
26514
26514
26515
26516
26517
26518
26519
26520
26523
26526
26527
26528
26530
26532
26533
26533
26535
26536
26537
26538
26538
26539
26539
26540
26540
26541
26542
26542
26542
26543
26543
26543
26543
26545
26545
26546
26546
26546
26547
26547
26548
26548
26549
26549
26550
26551
26551
26551
26552
26552
26553
26553
26554
26555
26556
26557
26558
26559
26560
26560
26561
26561
26561
26565
26565
26565
26567
26569
26570
26570
26570
26571
26572
26573
26573
26576
26577
26577
26581
26581
26583
26583
26585
26585
26586
26588
26589
26589
26590
26590
26594
26595
26595
26597
26597
26598
26598
26599
26600
26602
26603
26604
26604
26605
26605
26605
26607
26608
26608
26608
26609
26610
26610
26611
26612
26613
26613
26614
26616
26616
26617
26619
26621
26621
26622
26622
26623
26624
26624
26625
26626
26627
26628
26630
26630
26631
26631
26632
26632
26634
26635
26636
26636
26638
26638
26639
26639
26640
26640
26641
26641
26645
26645
26645
26646
26646
26646
26647
26648
26648
26649
26649
26649
26649
26650
26650
26651
26652
26652
26653
26653
26654
26655
26655
26656
26656
26658
26658
26658
26659
26661
26662
26662
26663
26663
26664
26665
26665
26666
26668
26668
26670
26670
26671
26674
26675
26675
26677
26680
26681
26683
26683
26683
26684
26685
26685
26686
26688
26689
26689
26690
26691
26691
26692
26695
26695
26696
26699
26699
26700
26703
26705
26705
26706
26706
26706
26707
26708
26711
26711
26713
26716
26716
26717
26718
26719
26721
26722
26723
26723
26723
26725
26725
26725
26726
26726
26727
26727
26731
26731
26732
26733
26735
26736
26736
26737
26738
26738
26738
26738
26739
26739
26740
26740
26740
26742
26742
26743
26745
26745
26747
26748
26749
26749
26750
26750
26751
26752
26755
26755
26755
26756
26757
26758
26758
26758
26760
26761
26762
26762
26762
26764
26764
26767
26767
26768
26768
26769
26771
26772
26773
26775
26775
26776
26777
26777
26778
26778
26781
26782
26783
26783
26783
26784
26784
26785
26785
26787
26787
26787
26788
26788
26789
26790
26794
26794
26794
26795
26795
26796
26797
26799
26799
26799
26800
26802
26803
26803
26804
26804
26805
26807
26808
26809
26810
26812
26812
26814
26815
26815
26815
26816
26817
26818
26818
26819
26821
26821
26822
26823
26824
26824
26825
26826
26827
26828
26828
26829
26831
26831
26831
26832
26834
26834
26835
26835
26837
26839
26839
26841
26842
26842
26844
26845
26847
26848
26848
26849
26849
26850
26850
26851
26851
26852
26852
26853
26856
26858
26859
26859
26860
26863
26864
26864
26864
26869
26871
26872
26873
26874
26879
26880
26881
26883
26883
26884
26885
26887
26890
26892
26893
26894
26894
26894
26894
26895
26897
26897
26898
26899
26901
26901
26902
26902
26902
26903
26903
26904
26907
26908
26909
26910
26912
26913
26915
26916
26918
26918
26919
26919
26919
26920
26922
26922
26923
26926
26927
26927
26928
26929
26930
26933
26933
26933
26934
26934
26935
26936
26937
26937
26940
26940
26941
26941
26941
26942
26942
26943
26944
26944
26945
26946
26946
26947
26948
26951
26953
26954
26955
26957
26957
26959
26959
26960
26960
26961
26962
26962
26963
26964
26964
26967
26968
26970
26970
26972
26973
26973
26974
26975
26976
26977
26979
26979
26980
26980
26983
26985
26986
26987
26988
26989
26990
26990
26990
26991
26992
26993
26993
26994
26994
26995
26996
26997
27000
27000
27001
27001
27003
27006
27007
27008
27008
27009
27011
27011
27014
27015
27017
27017
27018
27020
27020
27020
27021
27023
27025
27026
27027
27029
27030
27031
27032
27034
27034
27035
27036
27037
27039
27039
27040
27042
27043
27045
27045
27046
27047
27048
27049
27049
27050
27050
27051
27051
27052
27052
27053
27053
27053
27054
27055
27056
27056
27058
27058
27059
27059
27061
27061
27063
27063
27066
27066
27067
27067
27068
27069
27069
27070
27072
27074
27075
27075
27076
27076
27077
27078
27081
27082
27083
27083
27084
27085
27086
27087
27087
27087
27088
27089
27090
27090
27090
27091
27091
27091
27092
27094
27094
27095
27095
27096
27097
27098
27098
27099
27100
27100
27102
27102
27102
27102
27103
27103
27104
27104
27104
27105
27107
27108
27108
27109
27110
27111
27112
27113
27113
27115
27116
27116
27119
27121
27122
27123
27125
27126
27126
27126
27127
27127
27128
27128
27128
27130
27130
27131
27132
27133
27134
27134
27135
27137
27138
27141
27141
27143
27144
27144
27145
27146
27148
27149
27152
27152
27156
27156
27157
27158
27159
27159
27161
27165
27165
27165
27166
27166
27167
27169
27171
27171
27172
27173
27174
27174
27174
27174
27175
27176
27176
27177
27178
27181
27182
27182
27184
27185
27186
27186
27187
27188
27188
27190
27191
27193
27194
27195
27195
27196
27196
27197
27197
27198
27200
27200
27200
27201
27202
27203
27203
27203
27205
27207
27208
27208
27209
27211
27213
27214
27214
27215
27216
27216
27217
27217
27217
27220
27221
27222
27222
27223
27223
27224
27224
27224
27225
27225
27227
27230
27230
27231
27232
27233
27235
27236
27236
27238
27239
27242
27243
27244
27244
27245
27246
27246
27247
27248
27251
27253
27254
27254
27255
27256
27257
27257
27258
27260
27261
27262
27263
27264
27265
27265
27269
27271
27272
27272
27273
27274
27274
27277
27278
27279
27281
27281
27282
27282
27282
27284
27284
27286
27287
27288
27288
27288
27289
27289
27289
27291
27292
27292
27295
27295
27297
27297
27297
27300
27301
27305
27307
27307
27309
27309
27310
27312
27312
27313
27314
27315
27317
27319
27320
27320
27322
27323
27325
27325
27326
27328
27328
27329
27330
27331
27332
27333
27333
27335
27336
27336
27337
27337
27338
27338
27339
27340
27341
27343
27343
27344
27344
27345
27348
27349
27349
27352
27353
27354
27357
27357
27357
27358
27358
27358
27363
27363
27363
27364
27366
27367
27367
27369
27370
27371
27371
27375
27377
27377
27377
27378
27378
27378
27379
27384
27385
27386
27387
27388
27388
27388
27389
27389
27390
27390
27390
27391
27391
27392
27393
27395
27395
27397
27398
27399
27399
27401
27402
27404
27405
27405
27405
27405
27406
27406
27406
27409
27409
27410
27410
27410
27411
27411
27412
27412
27413
27413
27415
27416
27418
27419
27420
27420
27423
27424
27424
27425
27425
27426
27426
27426
27427
27430
27431
27432
27433
27433
27434
27434
27435
27435
27436
27439
27439
27440
27441
27441
27442
27444
27445
27445
27446
27451
27452
27452
27455
27457
27457
27458
27459
27462
27463
27463
27463
27466
27466
27467
27468
27469
27470
27472
27473
27474
27475
27475
27475
27476
27477
27478
27478
27480
27480
27481
27483
27484
27486
27486
27487
27487
27488
27488
27489
27491
27491
27494
27494
27496
27498
27499
27500
27500
27501
27502
27503
27503
27503
27503
27504
27504
27505
27506
27506
27509
27509
27510
27514
27515
27516
27517
27517
27517
27518
27518
27519
27520
27521
27522
27523
27524
27525
27525
27527
27529
27529
27530
27532
27532
27533
27533
27533
27534
27535
27536
27537
27537
27538
27539
27539
27541
27545
27546
27546
27547
27548
27550
27550
27551
27552
27552
27553
27553
27554
27555
27555
27559
27560
27561
27561
27562
27562
27564
27564
27565
27566
27567
27568
27569
27569
27572
27574
27574
27575
27575
27576
27577
27577
27578
27579
27580
27580
27581
27583
27584
27584
27585
27585
27585
27586
27587
27587
27587
27588
27589
27590
27590
27591
27592
27593
27594
27595
27596
27597
27597
27598
27598
27599
27599
27600
27600
27601
27603
27605
27605
27605
27606
27607
27607
27607
27609
27610
27611
27613
27614
27617
27618
27618
27620
27621
27622
27622
27623
27623
27623
27624
27625
27626
27627
27627
27628
27628
27629
27632
27632
27633
27635
27636
27637
27637
27638
27639
27643
27644
27645
27645
27649
27652
27652
27654
27654
27658
27660
27661
27661
27666
27666
27667
27667
27668
27669
27669
27670
27671
27673
27674
27676
27677
27677
27679
27679
27680
27680
27681
27682
27682
27682
27683
27685
27686
27690
27691
27692
27692
27693
27693
27694
27694
27695
27695
27695
27699
27699
27700
27703
27704
27705
27706
27707
27707
27708
27709
27710
27710
27711
27712
27712
27714
27714
27714
27721
27722
27722
27723
27723
27726
27728
27729
27731
27732
27734
27735
27735
27737
27738
27739
27739
27740
27740
27741
27741
27742
27742
27743
27743
27744
27744
27745
27749
27749
27754
27755
27755
27757
27759
27760
27760
27763
27763
27764
27764
27765
27767
27768
27769
27769
27770
27770
27772
27772
27776
27776
27777
27778
27779
27780
27782
27784
27785
27786
27786
27786
27789
27801
27805
27807
27809
27809
27810
27810
27811
27815
27815
27819
27820
27822
27823
27823
27823
27824
27826
27827
27832
27832
27833
27833
27835
27835
27836
27836
27836
27839
27839
27839
27841
27841
27842
27842
27848
27850
27851
27854
27854
27857
27862
27862
27863
27863
27864
27864
27865
27866
27866
27867
27868
27869
27870
27870
27871
27871
27873
27874
27875
27879
27881
27882
27882
27883
27884
27885
27885
27886
27887
27888
27890
27891
27892
27893
27894
27895
27895
27896
27898
27898
27899
27900
27901
27901
27902
27903
27904
27906
27906
27907
27909
27911
27912
27913
27915
27916
27916
27920
27920
27921
27922
27924
27924
27925
27926
27927
27929
27930
27930
27932
27932
27933
27935
27937
27938
27938
27939
27940
27940
27941
27945
27947
27948
27949
27949
27949
27950
27950
27951
27952
27952
27954
27955
27955
27956
27957
27959
27961
27962
27963
27963
27965
27965
27970
27970
27972
27978
27979
27981
27981
27982
27986
27989
27992
27992
27994
27996
27997
27997
27997
27998
27999
28000
28001
28002
28003
28003
28004
28004
28007
28008
28008
28008
28008
28010
28010
28011
28012
28012
28013
28014
28015
28016
28016
28017
28018
28018
28019
28020
28021
28024
28025
28025
28027
28027
28029
28032
28033
28034
28034
28036
28038
28040
28042
28043
28046
28048
28048
28049
28052
28053
28055
28055
28056
28058
28058
28058
28059
28060
28060
28061
28062
28062
28063
28063
28064
28067
28067
28069
28071
28071
28073
28074
28075
28077
28077
28078
28080
28082
28084
28086
28086
28087
28088
28088
28090
28092
28092
28092
28093
28093
28095
28097
28097
28098
28099
28099
28100
28102
28102
28102
28103
28104
28104
28105
28106
28107
28108
28110
28111
28112
28112
28113
28113
28115
28116
28116
28116
28117
28118
28119
28119
28120
28121
28121
28122
28123
28123
28124
28126
28128
28129
28130
28132
28134
28135
28135
28138
28139
28140
28141
28142
28143
28144
28145
28146
28146
28147
28148
28149
28150
28151
28151
28152
28156
28156
28157
28158
28159
28159
28160
28161
28161
28162
28162
28166
28167
28169
28170
28170
28172
28173
28174
28175
28175
28175
28176
28177
28178
28179
28179
28183
28184
28185
28186
28187
28188
28190
28191
28193
28193
28195
28196
28196
28199
28199
28199
28200
28201
28202
28203
28204
28205
28207
28209
28210
28213
28214
28215
28215
28216
28216
28219
28222
28223
28225
28225
28229
28229
28231
28232
28234
28235
28235
28236
28241
28241
28242
28245
28248
28248
28250
28250
28253
28254
28256
28256
28257
28258
28258
28259
28260
28261
28262
28264
28266
28266
28268
28269
28270
28271
28272
28272
28274
28275
28275
28278
28279
28281
28282
28282
28285
28286
28287
28288
28289
28290
28291
28291
28292
28292
28293
28295
28296
28296
28298
28298
28299
28300
28304
28305
28307
28308
28310
28314
28315
28321
28322
28324
28324
28325
28327
28328
28330
28330
28331
28333
28333
28333
28334
28336
28337
28337
28338
28338
28339
28339
28339
28340
28340
28341
28345
28345
28346
28349
28352
28352
28352
28357
28360
28360
28361
28362
28364
28365
28367
28367
28368
28368
28371
28372
28374
28374
28375
28377
28377
28379
28379
28380
28380
28381
28381
28382
28382
28386
28387
28387
28388
28389
28389
28390
28391
28393
28394
28394
28394
28400
28400
28401
28404
28404
28405
28406
28406
28408
28408
28408
28410
28414
28415
28427
28428
28428
28428
28429
28430
28431
28431
28432
28432
28433
28434
28437
28438
28439
28443
28444
28445
28445
28445
28446
28447
28447
28448
28448
28449
28450
28455
28459
28461
28463
28464
28465
28466
28467
28471
28471
28472
28473
28474
28474
28475
28475
28475
28477
28477
28480
28482
28484
28485
28485
28486
28489
28489
28489
28490
28491
28493
28494
28494
28494
28494
28495
28496
28498
28499
28499
28502
28503
28503
28503
28506
28507
28507
28509
28509
28509
28511
28512
28512
28514
28514
28515
28517
28518
28518
28518
28520
28522
28523
28523
28523
28524
28528
28528
28532
28535
28536
28536
28536
28537
28538
28538
28539
28539
28541
28541
28543
28546
28546
28548
28549
28550
28551
28555
28557
28559
28559
28559
28560
28561
28563
28564
28565
28566
28567
28568
28568
28568
28568
28569
28570
28571
28571
28574
28574
28575
28577
28578
28579
28581
28581
28582
28582
28584
28585
28585
28588
28589
28591
28591
28594
28595
28597
28597
28598
28601
28603
28605
28605
28605
28606
28607
28608
28609
28613
28614
28615
28620
28620
28622
28623
28623
28623
28625
28626
28627
28628
28629
28630
28631
28632
28637
28641
28642
28644
28647
28647
28648
28649
28650
28656
28657
28660
28663
28665
28666
28667
28668
28670
28670
28672
28676
28679
28681
28687
28688
28688
28690
28690
28690
28691
28691
28693
28694
28694
28695
28696
28696
28696
28699
28700
28701
28701
28702
28703
28703
28704
28704
28705
28705
28707
28709
28711
28712
28712
28713
28714
28715
28716
28716
28717
28717
28717
28718
28719
28719
28719
28720
28720
28720
28721
28722
28723
28723
28723
28724
28724
28724
28727
28727
28727
28728
28728
28729
28729
28730
28733
28733
28737
28738
28739
28739
28739
28739
28741
28742
28743
28744
28745
28746
28747
28751
28751
28751
28752
28753
28753
28754
28754
28755
28755
28757
28758
28759
28762
28763
28763
28764
28765
28765
28766
28766
28767
28767
28768
28769
28771
28772
28772
28774
28775
28775
28778
28778
28778
28781
28782
28784
28785
28786
28787
28787
28788
28788
28788
28789
28791
28792
28793
28793
28795
28795
28796
28796
28797
28798
28798
28799
28800
28800
28801
28803
28805
28805
28808
28808
28810
28811
28812
28814
28814
28816
28817
28817
28819
28822
28824
28824
28825
28825
28826
28826
28826
28826
28827
28827
28830
28832
28833
28833
28834
28836
28837
28838
28841
28844
28844
28847
28848
28850
28850
28851
28852
28853
28855
28857
28857
28858
28858
28859
28861
28862
28863
28863
28864
28864
28867
28868
28868
28868
28869
28872
28872
28874
28876
28876
28878
28882
28882
28883
28883
28884
28884
28885
28885
28887
28887
28888
28888
28889
28891
28892
28895
28899
28901
28903
28904
28904
28908
28909
28909
28910
28911
28912
28912
28913
28914
28915
28915
28918
28921
28922
28923
28924
28925
28926
28927
28928
28928
28929
28932
28933
28934
28935
28935
28937
28938
28938
28939
28939
28940
28940
28941
28941
28941
28942
28942
28943
28943
28945
28946
28947
28950
28954
28954
28956
28956
28957
28958
28959
28959
28960
28961
28962
28962
28964
28964
28964
28965
28968
28969
28970
28973
28976
28977
28977
28979
28979
28979
28988
28989
28992
28994
28994
28995
28996
28997
28999
29000
29001
29001
29002
29003
29004
29005
29007
29007
29008
29009
29010
29010
29011
29012
29013
29014
29014
29018
29019
29019
29021
29021
29021
29026
29026
29027
29028
29029
29029
29032
29033
29036
29037
29039
29040
29041
29041
29042
29043
29043
29045
29046
29046
29046
29047
29047
29047
29048
29049
29049
29050
29050
29051
29053
29053
29054
29057
29058
29059
29060
29060
29062
29063
29065
29067
29069
29070
29071
29072
29073
29075
29077
29078
29079
29080
29080
29082
29082
29084
29084
29085
29086
29086
29087
29087
29087
29088
29088
29091
29092
29093
29094
29095
29096
29096
29097
29097
29097
29098
29100
29100
29101
29102
29102
29103
29103
29104
29104
29107
29108
29108
29110
29111
29114
29115
29117
29119
29120
29120
29121
29121
29125
29128
29128
29128
29129
29130
29132
29134
29135
29136
29137
29137
29138
29138
29142
29142
29145
29146
29147
29148
29150
29153
29153
29154
29156
29157
29159
29159
29160
29160
29160
29162
29164
29165
29167
29167
29168
29169
29169
29172
29172
29173
29174
29175
29176
29179
29180
29180
29183
29185
29188
29190
29191
29191
29192
29192
29192
29193
29193
29196
29199
29199
29203
29204
29204
29205
29212
29213
29213
29215
29215
29216
29217
29219
29221
29222
29222
29224
29225
29227
29227
29227
29228
29229
29230
29231
29231
29231
29232
29232
29233
29234
29235
29236
29236
29238
29238
29241
29242
29245
29247
29248
29248
29249
29250
29251
29251
29252
29253
29254
29255
29256
29257
29261
29262
29264
29268
29270
29270
29272
29273
29274
29276
29284
29284
29285
29285
29286
29287
29288
29289
29290
29294
29294
29294
29295
29296
29300
29302
29304
29306
29307
29308
29310
29310
29311
29312
29312
29313
29315
29315
29327
29328
29328
29329
29333
29334
29334
29335
29336
29336
29337
29337
29338
29339
29340
29342
29346
29346
29348
29349
29349
29349
29349
29350
29352
29354
29356
29356
29358
29359
29359
29359
29360
29360
29361
29362
29362
29365
29365
29366
29367
29367
29368
29369
29369
29371
29374
29376
29377
29379
29383
29386
29387
29389
29389
29390
29391
29392
29393
29394
29394
29396
29397
29399
29400
29400
29402
29404
29404
29405
29406
29408
29411
29411
29412
29414
29415
29420
29423
29426
29426
29428
29428
29433
29434
29434
29435
29435
29436
29441
29442
29442
29442
29444
29444
29445
29445
29446
29451
29451
29453
29453
29457
29457
29457
29458
29460
29460
29461
29461
29464
29466
29466
29467
29469
29470
29473
29474
29476
29476
29476
29479
29479
29479
29480
29480
29481
29485
29486
29487
29487
29488
29488
29493
29493
29496
29497
29499
29501
29503
29503
29508
29509
29509
29510
29510
29511
29511
29512
29517
29519
29519
29522
29523
29523
29523
29525
29527
29530
29531
29532
29532
29533
29535
29536
29536
29537
29537
29538
29539
29541
29542
29543
29545
29546
29546
29551
29554
29556
29556
29557
29557
29558
29558
29558
29558
29561
29565
29567
29569
29570
29571
29571
29572
29574
29575
29576
29576
29577
29578
29579
29580
29581
29581
29582
29583
29585
29587
29587
29590
29591
29592
29592
29592
29594
29594
29594
29596
29598
29598
29599
29599
29601
29602
29609
29609
29610
29610
29610
29610
29611
29611
29612
29614
29616
29616
29618
29618
29618
29619
29622
29623
29624
29625
29627
29628
29629
29629
29630
29631
29634
29635
29636
29637
29638
29639
29639
29640
29640
29641
29647
29647
29652
29654
29655
29657
29660
29662
29662
29666
29666
29669
29670
29670
29670
29672
29674
29676
29676
29677
29679
29681
29681
29682
29684
29684
29685
29686
29694
29695
29696
29697
29697
29699
29702
29704
29704
29706
29706
29710
29710
29712
29713
29714
29715
29716
29716
29718
29719
29721
29721
29722
29722
29724
29726
29727
29727
29729
29730
29732
29732
29733
29734
29736
29737
29737
29738
29739
29739
29740
29740
29740
29741
29742
29742
29743
29747
29749
29749
29750
29751
29751
29752
29754
29754
29754
29755
29756
29756
29757
29757
29759
29761
29761
29763
29764
29764
29765
29767
29769
29769
29770
29771
29772
29772
29772
29774
29774
29775
29776
29776
29777
29777
29778
29778
29779
29783
29786
29788
29790
29792
29794
29795
29795
29796
29796
29797
29799
29799
29807
29807
29808
29810
29811
29817
29818
29818
29819
29819
29820
29821
29821
29821
29824
29824
29827
29827
29828
29831
29832
29833
29838
29840
29840
29841
29843
29847
29848
29850
29851
29852
29852
29853
29854
29854
29855
29856
29856
29858
29862
29862
29865
29866
29867
29872
29872
29873
29874
29876
29877
29878
29882
29884
29885
29885
29886
29889
29892
29894
29896
29897
29902
29905
29907
29908
29909
29910
29911
29911
29912
29912
29915
29916
29918
29919
29921
29922
29925
29926
29927
29928
29935
29936
29938
29939
29940
29941
29941
29942
29944
29947
29947
29948
29949
29951
29953
29955
29957
29957
29960
29960
29961
29962
29964
29965
29966
29967
29967
29967
29969
29969
29971
29971
29973
29974
29975
29976
29976
29979
29979
29982
29983
29984
29985
29986
29987
29989
29989
29989
29990
29990
29990
29990
29997
29997
29999
29999
30001
30003
30003
30006
30006
30006
30008
30010
30010
30011
30011
30014
30015
30015
30017
30018
30020
30021
30022
30025
30026
30027
30030
30031
30034
30035
30035
30036
30037
30037
30039
30039
30041
30042
30046
30046
30048
30049
30049
30051
30052
30053
30054
30055
30055
30056
30056
30057
30057
30058
30058
30060
30063
30063
30063
30064
30064
30064
30065
30066
30066
30070
30071
30073
30074
30075
30078
30078
30079
30079
30081
30081
30082
30083
30084
30085
30085
30085
30088
30088
30092
30092
30093
30094
30095
30095
30096
30096
30098
30100
30100
30102
30104
30105
30108
30110
30114
30118
30119
30120
30120
30120
30121
30122
30123
30123
30124
30125
30126
30126
30127
30130
30131
30138
30138
30139
30139
30142
30142
30144
30146
30147
30153
30155
30158
30160
30161
30163
30166
30167
30171
30171
30172
30172
30173
30173
30174
30177
30178
30179
30179
30180
30181
30182
30184
30184
30189
30189
30191
30192
30194
30196
30196
30199
30199
30202
30206
30207
30208
30210
30211
30213
30214
30214
30217
30217
30220
30222
30225
30225
30231
30232
30233
30234
30237
30238
30238
30239
30239
30240
30240
30241
30246
30249
30258
30260
30263
30264
30264
30268
30269
30271
30272
30277
30278
30282
30282
30283
30283
30286
30289
30289
30290
30290
30290
30292
30292
30294
30296
30300
30303
30305
30307
30308
30310
30314
30317
30321
30322
30323
30325
30326
30328
30331
30331
30333
30333
30335
30336
30338
30338
30339
30340
30343
30345
30346
30351
30352
30354
30354
30363
30368
30370
30370
30372
30372
30373
30373
30375
30375
30377
30377
30379
30381
30382
30383
30385
30386
30387
30388
30389
30391
30391
30392
30393
30396
30396
30397
30399
30399
30400
30401
30406
30406
30407
30407
30409
30409
30412
30413
30414
30414
30415
30416
30416
30419
30420
30423
30425
30428
30428
30429
30430
30430
30430
30433
30434
30435
30437
30447
30448
30449
30451
30451
30452
30453
30454
30454
30454
30455
30456
30456
30457
30457
30460
30463
30465
30467
30469
30469
30470
30474
30477
30479
30480
30481
30483
30483
30484
30484
30484
30486
30487
30487
30489
30489
30490
30492
30492
30493
30493
30494
30494
30495
30496
30497
30497
30498
30499
30499
30501
30505
30505
30506
30507
30508
30509
30510
30512
30514
30518
30518
30520
30522
30523
30527
30528
30529
30529
30534
30534
30537
30539
30540
30540
30542
30543
30544
30545
30545
30547
30549
30551
30552
30553
30554
30555
30556
30557
30561
30562
30564
30565
30566
30568
30568
30570
30570
30572
30574
30580
30585
30586
30587
30590
30590
30591
30591
30592
30608
30612
30612
30612
30613
30613
30615
30615
30620
30631
30632
30635
30637
30638
30640
30641
30641
30643
30645
30647
30648
30649
30650
30651
30652
30653
30654
30654
30655
30655
30656
30656
30657
30657
30658
30658
30661
30661
30662
30663
30664
30664
30666
30667
30669
30671
30673
30674
30676
30677
30677
30680
30681
30681
30682
30683
30684
30685
30685
30686
30688
30688
30691
30691
30693
30694
30695
30696
30697
30698
30698
30699
30700
30701
30701
30702
30704
30705
30706
30708
30709
30711
30712
30717
30717
30721
30722
30722
30724
30725
30725
30726
30729
30729
30729
30730
30730
30732
30733
30734
30734
30735
30735
30735
30736
30737
30737
30738
30738
30741
30741
30744
30745
30746
30747
30750
30750
30752
30753
30756
30756
30756
30757
30758
30761
30762
30762
30763
30763
30765
30766
30767
30768
30769
30770
30775
30776
30777
30777
30777
30778
30778
30780
30781
30781
30783
30784
30785
30787
30788
30789
30790
30791
30792
30792
30793
30794
30797
30797
30798
30799
30803
30803
30804
30805
30807
30807
30809
30811
30811
30814
30815
30816
30817
30820
30824
30825
30827
30828
30829
30832
30834
30835
30839
30840
30840
30841
30841
30842
30842
30842
30846
30847
30848
30848
30851
30854
30856
30861
30861
30863
30866
30866
30867
30869
30870
30871
30872
30873
30874
30875
30877
30877
30878
30878
30879
30879
30879
30880
30881
30881
30884
30884
30885
30886
30887
30888
30890
30890
30892
30895
30896
30897
30898
30901
30901
30901
30903
30908
30912
30914
30916
30917
30920
30921
30924
30927
30928
30933
30933
30934
30938
30940
30940
30941
30942
30942
30943
30947
30948
30954
30955
30956
30957
30962
30963
30964
30965
30965
30966
30967
30968
30968
30972
30972
30973
30974
30976
30976
30977
30979
30982
30982
30985
30985
30985
30987
30987
30992
30993
30993
30993
30994
30995
30998
30998
30999
31000
31000
31005
31008
31008
31008
31009
31009
31013
31013
31014
31015
31017
31017
31017
31019
31020
31023
31025
31026
31026
31029
31029
31031
31033
31036
31036
31038
31040
31041
31042
31042
31043
31046
31048
31050
31051
31052
31053
31053
31053
31055
31057
31058
31059
31060
31061
31062
31064
31066
31067
31070
31070
31073
31073
31074
31076
31079
31080
31083
31085
31087
31087
31088
31088
31089
31089
31096
31100
31101
31103
31103
31103
31103
31105
31105
31105
31107
31109
31111
31112
31113
31113
31114
31115
31116
31119
31121
31121
31123
31125
31125
31126
31128
31128
31130
31133
31135
31137
31141
31142
31145
31145
31148
31149
31149
31150
31150
31151
31152
31152
31153
31158
31162
31162
31164
31165
31170
31171
31171
31172
31172
31173
31175
31176
31179
31180
31181
31181
31182
31182
31182
31182
31184
31185
31188
31191
31191
31191
31192
31192
31193
31194
31195
31195
31196
31196
31196
31199
31200
31202
31203
31203
31205
31205
31206
31207
31209
31210
31214
31214
31215
31215
31217
31219
31219
31220
31221
31222
31223
31223
31224
31225
31226
31230
31230
31232
31233
31233
31235
31235
31240
31241
31242
31244
31244
31245
31246
31246
31247
31255
31257
31258
31258
31265
31268
31275
31276
31276
31277
31279
31281
31282
31283
31284
31286
31288
31289
31292
31293
31293
31298
31300
31301
31302
31302
31304
31304
31306
31310
31312
31314
31314
31315
31315
31316
31318
31319
31320
31321
31321
31323
31324
31325
31325
31327
31327
31328
31329
31329
31330
31331
31335
31340
31342
31342
31344
31347
31349
31349
31351
31352
31353
31354
31357
31358
31362
31364
31370
31370
31370
31373
31373
31373
31374
31374
31377
31378
31381
31381
31381
31385
31388
31394
31396
31397
31400
31404
31404
31406
31407
31408
31411
31414
31415
31416
31416
31417
31418
31420
31421
31421
31423
31424
31427
31427
31429
31430
31431
31432
31434
31435
31437
31440
31440
31444
31445
31447
31447
31447
31448
31448
31449
31451
31456
31457
31459
31459
31462
31462
31463
31464
31467
31469
31469
31475
31475
31476
31479
31481
31484
31490
31490
31494
31494
31494
31497
31498
31500
31500
31500
31501
31501
31501
31504
31505
31507
31507
31508
31508
31509
31511
31511
31513
31513
31516
31516
31517
31517
31519
31520
31520
31525
31526
31533
31534
31536
31537
31538
31541
31543
31549
31550
31551
31551
31553
31555
31555
31558
31560
31560
31561
31561
31562
31563
31564
31564
31567
31569
31569
31570
31571
31573
31575
31578
31579
31579
31581
31582
31582
31583
31583
31587
31587
31589
31590
31590
31591
31591
31594
31594
31596
31597
31599
31602
31603
31604
31606
31607
31608
31609
31610
31611
31613
31613
31614
31615
31616
31617
31618
31622
31623
31623
31625
31627
31628
31630
31633
31635
31638
31639
31640
31641
31644
31644
31645
31646
31648
31649
31651
31651
31654
31655
31656
31656
31656
31657
31661
31665
31665
31666
31669
31671
31675
31675
31676
31677
31682
31683
31685
31685
31690
31692
31693
31694
31695
31698
31699
31699
31700
31701
31701
31701
31704
31705
31705
31708
31709
31709
31710
31711
31714
31716
31717
31718
31718
31726
31727
31727
31731
31731
31732
31733
31734
31734
31735
31735
31737
31740
31742
31743
31744
31745
31747
31749
31749
31750
31751
31754
31756
31756
31757
31761
31763
31763
31764
31764
31765
31765
31767
31769
31770
31772
31772
31773
31775
31776
31778
31779
31779
31781
31782
31785
31785
31788
31788
31789
31790
31793
31793
31794
31794
31794
31799
31800
31801
31804
31809
31811
31812
31815
31817
31818
31818
31823
31824
31825
31826
31826
31826
31828
31829
31830
31831
31839
31844
31846
31847
31847
31849
31850
31851
31856
31856
31856
31857
31857
31860
31862
31864
31868
31869
31870
31872
31873
31874
31877
31878
31879
31880
31881
31882
31883
31883
31887
31888
31888
31889
31889
31889
31891
31891
31893
31897
31897
31899
31901
31903
31903
31903
31904
31907
31907
31910
31911
31913
31914
31916
31918
31918
31922
31923
31926
31927
31928
31931
31933
31936
31938
31938
31940
31941
31942
31943
31945
31946
31946
31947
31950
31951
31953
31953
31954
31957
31963
31968
31968
31968
31971
31972
31973
31974
31974
31974
31978
31978
31981
31982
31983
31984
31984
31985
31985
31986
31987
31989
31992
31993
31993
31995
31995
31997
32005
32008
32008
32009
32009
32013
32014
32017
32026
32026
32029
32030
32031
32032
32034
32035
32036
32037
32038
32042
32043
32046
32046
32052
32053
32053
32053
32054
32054
32057
32057
32058
32063
32065
32065
32066
32066
32067
32068
32069
32070
32071
32074
32074
32077
32077
32078
32080
32084
32085
32086
32089
32089
32091
32092
32094
32094
32095
32098
32098
32099
32102
32103
32103
32104
32104
32108
32108
32109
32111
32114
32115
32115
32116
32117
32117
32117
32120
32121
32121
32122
32124
32125
32126
32126
32127
32128
32130
32131
32132
32133
32135
32141
32141
32143
32143
32143
32144
32145
32145
32146
32147
32148
32150
32151
32153
32153
32157
32159
32160
32163
32166
32166
32170
32176
32177
32177
32178
32180
32180
32184
32184
32187
32190
32200
32214
32215
32217
32217
32218
32219
32220
32222
32222
32223
32224
32225
32234
32234
32237
32238
32242
32243
32252
32253
32253
32253
32255
32255
32258
32259
32262
32265
32265
32266
32267
32268
32268
32269
32270
32271
32271
32272
32273
32277
32277
32277
32281
32281
32281
32285
32286
32293
32293
32298
32299
32301
32304
32306
32307
32316
32319
32320
32320
32321
32323
32329
32333
32337
32337
32338
32339
32340
32341
32344
32350
32351
32353
32353
32356
32358
32361
32361
32362
32363
32364
32368
32371
32371
32372
32373
32374
32378
32380
32383
32384
32389
32389
32390
32394
32397
32398
32402
32405
32407
32409
32409
32411
32411
32413
32415
32419
32424
32428
32431
32435
32437
32437
32439
32440
32440
32440
32443
32447
32450
32450
32451
32452
32454
32454
32456
32456
32460
32461
32461
32469
32471
32473
32474
32474
32476
32477
32477
32478
32479
32481
32481
32483
32486
32488
32488
32491
32492
32493
32495
32495
32495
32496
32498
32498
32500
32501
32502
32506
32507
32510
32511
32513
32519
32520
32522
32523
32524
32528
32528
32530
32531
32532
32538
32541
32542
32547
32549
32550
32550
32552
32554
32560
32561
32562
32563
32566
32567
32568
32569
32569
32570
32572
32574
32575
32580
32583
32584
32587
32588
32590
32591
32591
32593
32597
32598
32599
32602
32603
32603
32606
32608
32608
32608
32611
32613
32614
32615
32618
32618
32629
32630
32630
32631
32632
32635
32635
32636
32638
32639
32640
32641
32642
32646
32646
32648
32648
32651
32654
32654
32654
32655
32657
32662
32665
32665
32666
32669
32673
32673
32676
32678
32678
32682
32683
32692
32698
32699
32703
32704
32708
32712
32713
32714
32717
32722
32723
32723
32723
32723
32726
32726
32727
32733
32734
32734
32739
32739
32740
32741
32744
32746
32748
32749
32749
32755
32760
32761
32762
32762
32766
32767
32768
32770
32771
32773
32775
32784
32785
32787
32789
32790
32791
32794
32794
32797
32816
32817
32819
32829
32835
32836
32836
32836
32844
32849
32861
32864
32874
32880
32884
32886
32889
32889
32892
32894
32896
32897
32899
32900
32902
32902
32904
32905
32907
32907
32907
32908
32909
32910
32915
32917
32918
32918
32920
32921
32927
32928
32928
32929
32930
32932
32937
32939
32942
32944
32944
32945
32946
32950
32952
32954
32955
32958
32962
32962
32967
32974
32975
32976
32977
32978
32981
32984
32985
32986
32989
32989
32992
32996
32997
33010
33013
33020
33022
33022
33026
33027
33027
33028
33028
33029
33030
33035
33046
33049
33053
33054
33055
33058
33060
33061
33062
33063
33064
33065
33067
33067
33067
33068
33070
33070
33073
33082
33084
33084
33086
33091
33092
33093
33098
33100
33102
33102
33105
33108
33109
33111
33112
33116
33120
33122
33123
33125
33125
33127
33130
33130
33130
33131
33139
33145
33154
33158
33158
33163
33166
33172
33175
33176
33177
33178
33180
33181
33186
33186
33190
33190
33193
33194
33199
33199
33205
33205
33205
33209
33211
33212
33214
33218
33221
33222
33226
33226
33227
33228
33230
33233
33243
33243
33244
33250
33253
33254
33256
33256
33257
33273
33274
33275
33275
33278
33284
33288
33291
33293
33310
33315
33319
33319
33322
33322
33326
33327
33331
33333
33337
33341
33342
33344
33346
33347
33352
33353
33358
33358
33359
33363
33367
33370
33375
33375
33378
33378
33380
33381
33384
33386
33388
33390
33395
33399
33399
33401
33401
33401
33403
33406
33407
33411
33413
33421
33423
33425
33426
33429
33429
33432
33439
33440
33442
33448
33449
33450
33451
33452
33454
33456
33456
33467
33472
33474
33476
33476
33481
33481
33481
33484
33485
33490
33497
33500
33504
33508
33512
33512
33518
33519
33522
33523
33524
33525
33525
33530
33541
33545
33546
33549
33552
33552
33553
33554
33555
33558
33559
33565
33572
33573
33581
33583
33588
33590
33592
33592
33593
33593
33595
33598
33599
33603
33604
33616
33619
33624
33625
33626
33635
33637
33642
33643
33646
33650
33653
33656
33657
33659
33665
33665
33666
33666
33675
33677
33677
33678
33679
33679
33689
33694
33694
33695
33695
33696
33697
33701
33702
33703
33703
33705
33706
33710
33711
33711
33714
33718
33719
33721
33722
33724
33725
33726
33726
33730
33736
33740
33747
33747
33748
33748
33749
33752
33753
33756
33760
33760
33767
33767
33773
33776
33776
33784
33784
33786
33787
33790
33792
33792
33794
33794
33795
33796
33797
33799
33802
33807
33814
33816
33817
33819
33819
33820
33828
33839
33841
33842
33844
33847
33849
33850
33852
33861
33863
33864
33869
33878
33879
33883
33886
33894
33895
33898
33900
33900
33901
33904
33908
33914
33926
33931
33937
33937
33938
33939
33941
33944
33944
33946
33949
33954
33955
33955
33956
33962
33964
33977
33977
33979
33984
33990
33991
33994
33997
33998
34001
34008
34009
34013
34015
34018
34022
34027
34027
34033
34033
34040
34051
34054
34057
34059
34061
34067
34067
34076
34099
34105
34105
34109
34109
34121
34122
34128
34138
34139
34140
34142
34152
34152
34153
34154
34163
34172
34183
34186
34188
34188
34190
34193
34197
34201
34210
34215
34224
34225
34230
34230
34235
34238
34238
34242
34242
34243
34245
34245
34246
34254
34255
34256
34257
34260
34267
34269
34270
34270
34271
34272
34272
34287
34287
34291
34297
34297
34302
34302
34305
34305
34307
34307
34308
34309
34309
34311
34315
34316
34320
34325
34327
34327
34336
34347
34351
34359
34360
34361
34363
34365
34366
34366
34366
34370
34378
34380
34380
34381
34386
34386
34393
34396
34397
34398
34398
34399
34401
34407
34408
34408
34408
34410
34415
34416
34423
34425
34428
34432
34440
34441
34462
34465
34467
34479
34488
34495
34497
34499
34502
34502
34515
34518
34521
34521
34522
34523
34525
34527
34536
34541
34542
34543
34551
34553
34558
34559
34563
34565
34568
34571
34575
34583
34584
34584
34585
34587
34588
34589
34592
34597
34597
34601
34604
34607
34618
34621
34623
34624
34626
34627
34633
34639
34650
34651
34653
34655
34656
34660
34660
34664
34665
34667
34670
34672
34679
34688
34695
34696
34698
34700
34702
34716
34716
34723
34732
34741
34744
34745
34759
34762
34772
34777
34780
34780
34781
34784
34787
34789
34802
34803
34806
34808
34814
34817
34818
34821
34833
34842
34848
34849
34851
34852
34853
34854
34854
34855
34858
34858
34860
34865
34867
34870
34873
34874
34881
34885
34885
34887
34892
34896
34900
34900
34901
34903
34913
34917
34918
34920
34921
34926
34926
34934
34935
34935
34946
34948
34948
34949
34963
34965
34966
34971
34982
34982
34983
34984
34985
34988
34990
34993
34997
35000
35001
35003
35008
35014
35017
35036
35048
35048
35049
35054
35058
35063
35066
35076
35092
35093
35101
35116
35117
35118
35135
35135
35140
35141
35150
35152
35163
35168
35171
35171
35178
35184
35191
35191
35192
35194
35200
35208
35210
35213
35214
35236
35237
35240
35240
35252
35252
35252
35253
35253
35253
35253
35254
35254
35254
35254
35255
35255
35255
35255
35256
35256
35256
35257
35257
35257
35257
35258
35258
35258
35258
35259
35259
35259
35260
35260
35260
35260
35261
35261
35261
35262
35262
35262
35262
35263
35263
35263
35263
35264
35264
35264
35265
35265
35265
35266
35266
35266
35267
35267
35267
35268
35268
35268
35268
35269
35269
35270
35270
35270
35270
35271
35271
35271
35271
35272
35272
35272
35273
35273
35273
35273
35274
35274
35274
35274
35275
35275
35276
35276
35276
35276
35277
35277
35277
35277
35278
35278
35278
35278
35279
35279
35279
35279
35280
35280
35280
35281
35281
35281
35281
35282
35282
35282
35283
35283
35283
35284
35284
35284
35284
35285
35285
35285
35285
35286
35286
35286
35286
35287
35287
35287
35288
35288
35288
35289
35289
35289
35290
35290
35290
35290
35291
35291
35291
35291
35292
35292
35292
35292
35293
35293
35293
35293
35294
35294
35294
35294
35295
35295
35295
35296
35296
35296
35296
35297
35297
35297
35298
35298
35298
35299
35299
35299
35299
35300
35300
35300
35300
35301
35301
35301
35301
35302
35302
35302
35302
35303
35303
35303
35304
35304
35304
35304
35305
35305
35305
35305
35306
35306
35306
35306
35307
35307
35307
35308
35308
35308
35308
35309
35309
35309
35309
35310
35310
35310
35310
35311
35311
35311
35312
35312
35312
35313
35313
35313
35313
35314
35314
35314
35315
35315
35315
35315
35316
35316
35317
35317
35317
35318
35318
35318
35319
35319
35319
35319
35320
35320
35320
35320
35321
35321
35321
35321
35322
35322
35323
35323
35323
35324
35324
35325
35325
35325
35326
35326
35327
35327
35327
35327
35328
35328
35328
35328
35329
35329
35329
35329
35330
35330
35330
35331
35331
35331
35332
35332
35332
35333
35333
35333
35334
35334
35334
35334
35335
35335
35335
35335
35336
35336
35336
35336
35337
35337
35338
35338
35338
35338
35339
35339
35339
35340
35340
35340
35340
35341
35341
35341
35341
35342
35342
35342
35342
35343
35343
35343
35343
35344
35344
35345
35345
35345
35346
35346
35346
35347
35347
35347
35348
35348
35348
35348
35349
35349
35349
35350
35350
35350
35350
35351
35351
35351
35351
35352
35352
35352
35353
35353
35353
35353
35354
35354
35354
35354
35355
35355
35355
35355
35356
35356
35356
35356
35357
35357
35357
35358
35358
35358
35358
35359
35359
35359
35359
35360
35360
35360
35360
35361
35361
35361
35361
35362
35362
35362
35362
35363
35364
35364
35364
35365
35365
35365
35365
35366
35366
35366
35366
35367
35367
35367
35367
35368
35368
35368
35368
35369
35369
35369
35369
35370
35370
35370
35370
35371
35371
35372
35372
35372
35372
35373
35373
35374
35374
35374
35374
35375
35375
35375
35375
35376
35376
35376
35377
35377
35377
35377
35378
35378
35378
35378
35379
35379
35379
35380
35380
35380
35381
35381
35381
35382
35382
35382
35383
35383
35383
35384
35384
35384
35384
35385
35386
35386
35386
35386
35387
35387
35387
35387
35388
35388
35388
35389
35389
35389
35390
35390
35390
35391
35391
35391
35392
35392
35392
35392
35393
35393
35393
35393
35394
35394
35394
35395
35395
35395
35396
35396
35397
35397
35397
35397
35398
35398
35398
35399
35399
35399
35400
35400
35400
35400
35401
35401
35401
35402
35402
35402
35403
35403
35403
35403
35404
35404
35404
35404
35405
35405
35405
35406
35406
35406
35407
35407
35407
35408
35408
35408
35409
35409
35409
35409
35410
35410
35410
35411
35411
35411
35411
35412
35412
35412
35412
35413
35413
35413
35413
35414
35414
35414
35414
35415
35415
35415
35416
35416
35416
35416
35417
35417
35417
35418
35419
35419
35419
35420
35420
35420
35421
35421
35421
35421
35422
35422
35423
35423
35423
35423
35424
35424
35424
35424
35425
35425
35425
35425
35426
35426
35426
35427
35427
35427
35428
35428
35428
35429
35429
35429
35429
35430
35430
35430
35431
35431
35431
35432
35432
35432
35432
35433
35433
35433
35434
35434
35434
35434
35435
35435
35435
35436
35436
35436
35437
35437
35437
35438
35438
35438
35438
35439
35439
35439
35440
35440
35440
35440
35441
35441
35441
35441
35442
35442
35442
35442
35443
35443
35443
35443
35444
35445
35445
35446
35446
35446
35446
35447
35447
35448
35448
35448
35448
35449
35449
35449
35449
35450
35450
35450
35451
35451
35452
35452
35452
35453
35453
35453
35453
35454
35454
35454
35454
35455
35455
35455
35456
35456
35456
35457
35457
35458
35458
35458
35458
35459
35459
35459
35459
35460
35460
35460
35460
35461
35461
35461
35461
35462
35462
35462
35462
35463
35463
35463
35464
35464
35464
35464
35465
35465
35465
35466
35466
35466
35467
35468
35468
35468
35469
35469
35469
35470
35470
35470
35470
35471
35471
35471
35472
35472
35472
35473
35473
35473
35474
35474
35474
35474
35475
35475
35475
35475
35476
35476
35476
35477
35477
35477
35478
35478
35478
35479
35479
35479
35480
35480
35481
35481
35481
35481
35482
35482
35483
35483
35483
35484
35484
35484
35485
35485
35485
35486
35486
35486
35487
35487
35487
35488
35488
35488
35489
35489
35489
35489
35490
35490
35490
35490
35491
35491
35491
35492
35492
35492
35492
35493
35493
35493
35494
35494
35494
35495
35495
35495
35496
35496
35497
35497
35498
35498
35498
35499
35499
35499
35499
35500
35500
35500
35500
35501
35501
35501
35502
35502
35503
35503
35504
35504
35504
35505
35505
35505
35505
35506
35506
35506
35506
35507
35507
35507
35507
35508
35508
35508
35509
35509
35509
35510
35510
35510
35511
35511
35512
35512
35512
35513
35513
35513
35513
35514
35514
35514
35514
35515
35515
35515
35515
35516
35516
35516
35516
35517
35517
35518
35518
35518
35519
35519
35519
35519
35520
35521
35521
35521
35522
35522
35522
35522
35523
35523
35523
35524
35524
35524
35524
35525
35525
35525
35525
35526
35526
35527
35527
35527
35527
35528
35528
35528
35528
35529
35529
35530
35530
35530
35531
35531
35531
35532
35532
35532
35533
35533
35533
35534
35534
35534
35535
35536
35536
35536
35536
35537
35537
35538
35538
35538
35538
35539
35539
35539
35539
35540
35540
35540
35541
35542
35542
35542
35543
35543
35543
35543
35544
35544
35544
35544
35545
35545
35545
35545
35546
35546
35546
35546
35547
35547
35547
35548
35548
35548
35549
35549
35549
35549
35550
35551
35551
35551
35552
35552
35552
35553
35553
35553
35553
35554
35554
35554
35554
35555
35556
35556
35556
35556
35557
35557
35557
35558
35558
35558
35558
35559
35560
35560
35560
35561
35561
35561
35561
35562
35562
35563
35563
35563
35564
35564
35564
35564
35565
35565
35565
35565
35566
35566
35566
35567
35567
35567
35568
35568
35568
35569
35569
35569
35570
35570
35571
35571
35571
35571
35572
35572
35572
35573
35573
35573
35574
35574
35575
35575
35575
35575
35576
35576
35576
35577
35577
35577
35578
35578
35578
35579
35579
35579
35580
35580
35581
35581
35581
35581
35582
35582
35582
35583
35583
35583
35584
35585
35585
35585
35585
35586
35586
35587
35587
35587
35587
35588
35588
35588
35589
35589
35589
35590
35590
35590
35590
35591
35591
35592
35592
35592
35593
35593
35593
35593
35594
35594
35594
35595
35595
35595
35595
35596
35596
35596
35597
35597
35597
35598
35598
35598
35598
35599
35599
35600
35600
35600
35601
35601
35601
35602
35602
35603
35603
35603
35603
35604
35604
35604
35604
35605
35605
35606
35606
35606
35607
35607
35607
35608
35609
35610
35610
35610
35610
35611
35611
35612
35612
35612
35613
35613
35613
35614
35614
35615
35615
35616
35616
35616
35616
35617
35617
35617
35617
35618
35618
35618
35619
35619
35619
35620
35620
35620
35620
35621
35621
35621
35621
35622
35623
35623
35624
35624
35624
35624
35625
35625
35626
35626
35626
35627
35627
35627
35628
35628
35628
35629
35629
35630
35630
35630
35631
35631
35631
35631
35632
35632
35632
35633
35633
35633
35633
35634
35634
35634
35635
35635
35636
35636
35636
35637
35637
35637
35637
35638
35638
35639
35639
35640
35640
35640
35641
35641
35642
35642
35642
35642
35643
35643
35643
35643
35644
35644
35645
35645
35646
35646
35646
35647
35647
35647
35647
35648
35648
35648
35649
35649
35649
35650
35650
35650
35651
35651
35651
35651
35652
35652
35652
35653
35654
35654
35655
35655
35655
35656
35657
35657
35658
35658
35658
35659
35659
35659
35659
35660
35660
35660
35661
35661
35662
35662
35662
35663
35663
35663
35664
35664
35665
35665
35665
35666
35666
35667
35667
35667
35667
35668
35668
35668
35669
35669
35669
35670
35670
35670
35671
35671
35672
35673
35673
35674
35674
35674
35674
35675
35675
35675
35675
35676
35676
35676
35676
35677
35677
35677
35678
35678
35678
35678
35679
35679
35680
35680
35680
35681
35681
35681
35681
35682
35682
35682
35682
35683
35684
35684
35685
35685
35685
35686
35686
35686
35686
35687
35688
35688
35688
35688
35689
35689
35689
35690
35690
35690
35691
35691
35691
35692
35692
35693
35693
35693
35693
35694
35694
35695
35695
35695
35696
35696
35697
35697
35697
35698
35698
35698
35698
35699
35699
35700
35700
35700
35701
35701
35701
35702
35702
35703
35703
35703
35704
35704
35704
35705
35705
35706
35706
35706
35707
35707
35707
35708
35708
35708
35708
35709
35709
35709
35710
35710
35710
35710
35711
35711
35712
35712
35712
35713
35713
35713
35713
35714
35714
35714
35714
35715
35715
35715
35716
35716
35717
35717
35717
35718
35718
35718
35718
35719
35719
35719
35720
35720
35721
35721
35722
35722
35723
35724
35724
35724
35725
35725
35726
35726
35726
35727
35727
35728
35728
35728
35729
35729
35729
35729
35730
35730
35730
35730
35731
35731
35732
35732
35732
35733
35733
35734
35734
35734
35735
35735
35735
35735
35736
35736
35736
35737
35737
35738
35738
35738
35739
35739
35739
35739
35740
35740
35740
35740
35741
35741
35741
35741
35742
35742
35742
35743
35743
35743
35744
35744
35744
35745
35745
35745
35746
35746
35746
35747
35748
35748
35748
35748
35749
35749
35750
35750
35751
35751
35751
35751
35752
35752
35752
35753
35753
35754
35754
35754
35755
35755
35755
35756
35756
35756
35756
35757
35757
35757
35758
35758
35758
35759
35759
35759
35759
35760
35761
35761
35761
35762
35763
35763
35764
35764
35765
35765
35765
35765
35766
35766
35767
35767
35767
35767
35768
35768
35768
35768
35769
35769
35770
35770
35770
35770
35771
35771
35771
35771
35772
35772
35772
35773
35773
35773
35774
35774
35774
35775
35775
35775
35776
35776
35777
35777
35777
35778
35779
35779
35779
35779
35780
35780
35780
35781
35781
35781
35782
35782
35782
35783
35783
35784
35784
35784
35785
35785
35785
35786
35786
35787
35787
35787
35788
35788
35789
35789
35789
35790
35790
35791
35791
35791
35791
35792
35792
35792
35793
35793
35793
35794
35794
35794
35795
35795
35795
35796
35796
35797
35797
35798
35798
35798
35799
35800
35800
35800
35801
35801
35802
35802
35803
35803
35803
35804
35804
35804
35804
35805
35805
35805
35806
35806
35807
35807
35808
35808
35808
35809
35809
35809
35809
35810
35810
35810
35811
35811
35811
35812
35812
35813
35813
35813
35814
35814
35814
35814
35815
35816
35816
35816
35817
35817
35817
35818
35818
35818
35819
35819
35819
35820
35820
35821
35822
35822
35822
35822
35823
35823
35824
35824
35824
35825
35825
35825
35826
35826
35826
35826
35827
35827
35827
35827
35828
35828
35828
35828
35829
35829
35830
35830
35832
35832
35832
35833
35833
35833
35834
35834
35834
35834
35835
35835
35836
35836
35836
35837
35837
35837
35838
35838
35839
35840
35840
35841
35841
35842
35842
35843
35843
35843
35844
35844
35845
35845
35845
35846
35846
35847
35847
35848
35848
35849
35849
35850
35850
35851
35852
35852
35852
35852
35853
35853
35854
35854
35854
35855
35855
35855
35856
35856
35857
35857
35857
35857
35858
35858
35859
35859
35859
35859
35860
35860
35861
35861
35861
35862
35863
35863
35863
35864
35864
35864
35864
35866
35867
35868
35868
35868
35868
35869
35869
35870
35870
35871
35871
35871
35872
35872
35872
35872
35873
35873
35873
35874
35874
35874
35875
35875
35876
35876
35876
35877
35877
35877
35878
35878
35879
35879
35879
35880
35880
35881
35881
35882
35882
35882
35882
35883
35884
35884
35884
35884
35885
35885
35886
35886
35886
35887
35887
35888
35888
35889
35889
35890
35891
35891
35892
35892
35892
35893
35893
35894
35894
35894
35895
35895
35895
35895
35896
35897
35897
35897
35898
35899
35899
35900
35900
35901
35901
35902
35902
35903
35903
35903
35904
35904
35904
35905
35905
35905
35906
35906
35907
35907
35907
35908
35909
35909
35909
35909
35910
35910
35910
35910
35911
35911
35911
35912
35912
35913
35913
35913
35914
35914
35914
35914
35915
35915
35915
35916
35916
35916
35917
35917
35918
35918
35918
35918
35919
35919
35919
35920
35921
35921
35922
35922
35922
35923
35923
35924
35924
35924
35925
35925
35926
35926
35926
35926
35927
35928
35928
35928
35929
35929
35930
35930
35930
35931
35931
35932
35932
35932
35933
35933
35933
35933
35934
35934
35936
35936
35936
35937
35937
35938
35938
35938
35939
35939
35939
35940
35940
35940
35941
35941
35941
35942
35942
35943
35943
35943
35944
35944
35945
35945
35946
35946
35947
35947
35947
35948
35948
35948
35948
35949
35949
35949
35950
35950
35950
35951
35951
35952
35952
35953
35953
35953
35954
35954
35955
35955
35956
35956
35956
35957
35957
35957
35957
35958
35959
35960
35960
35960
35961
35961
35961
35962
35962
35963
35963
35963
35964
35964
35964
35965
35965
35965
35966
35966
35966
35967
35967
35967
35968
35968
35969
35969
35970
35970
35971
35971
35972
35972
35972
35973
35973
35973
35973
35974
35975
35975
35975
35976
35976
35976
35977
35977
35977
35977
35978
35979
35979
35979
35979
35980
35981
35981
35981
35982
35982
35983
35983
35983
35983
35984
35984
35985
35986
35986
35987
35987
35987
35987
35988
35989
35990
35991
35991
35991
35992
35992
35993
35993
35994
35994
35994
35994
35995
35995
35995
35996
35997
35998
35998
35999
35999
35999
35999
36000
36000
36001
36001
36002
36002
36003
36003
36004
36004
36004
36005
36005
36006
36006
36006
36007
36007
36007
36007
36008
36008
36009
36009
36010
36010
36010
36010
36011
36011
36012
36012
36012
36013
36013
36014
36014
36015
36015
36015
36016
36016
36017
36017
36018
36018
36018
36018
36019
36020
36021
36021
36021
36022
36022
36022
36022
36023
36023
36024
36024
36024
36025
36025
36026
36026
36027
36027
36028
36028
36028
36029
36029
36030
36030
36031
36031
36031
36032
36033
36033
36034
36034
36034
36035
36035
36035
36036
36036
36037
36037
36038
36038
36039
36039
36039
36040
36040
36040
36040
36041
36041
36041
36041
36042
36043
36043
36043
36044
36045
36045
36045
36046
36046
36046
36047
36047
36047
36047
36048
36048
36048
36049
36049
36050
36051
36051
36051
36052
36052
36053
36053
36053
36054
36055
36055
36055
36055
36056
36056
36057
36057
36058
36058
36058
36059
36059
36059
36060
36060
36060
36061
36061
36061
36062
36062
36062
36062
36064
36064
36064
36065
36066
36067
36067
36068
36069
36069
36069
36069
36070
36070
36071
36071
36072
36073
36074
36074
36074
36075
36076
36077
36078
36078
36079
36079
36079
36080
36080
36080
36081
36081
36081
36081
36082
36082
36083
36083
36084
36084
36085
36085
36086
36086
36086
36087
36088
36088
36089
36089
36089
36090
36090
36090
36091
36091
36091
36091
36092
36092
36092
36093
36093
36095
36095
36095
36096
36096
36096
36097
36097
36098
36098
36099
36099
36100
36101
36101
36101
36101
36102
36102
36102
36103
36103
36103
36104
36104
36105
36105
36106
36106
36106
36107
36107
36107
36108
36108
36108
36109
36109
36110
36110
36111
36112
36112
36112
36113
36113
36114
36114
36114
36114
36115
36116
36116
36116
36117
36117
36118
36118
36118
36118
36119
36119
36119
36120
36120
36120
36120
36121
36122
36122
36122
36123
36123
36124
36124
36125
36125
36125
36126
36126
36126
36126
36127
36127
36128
36128
36128
36129
36129
36129
36130
36130
36130
36130
36131
36131
36132
36132
36132
36133
36133
36133
36134
36134
36134
36135
36135
36135
36136
36136
36136
36137
36137
36137
36137
36138
36139
36139
36139
36140
36141
36141
36142
36142
36143
36143
36144
36144
36144
36144
36145
36145
36146
36147
36147
36147
36148
36149
36149
36150
36150
36151
36151
36151
36152
36153
36153
36153
36154
36154
36155
36155
36156
36156
36156
36157
36157
36158
36158
36158
36158
36159
36159
36159
36160
36161
36161
36162
36162
36162
36163
36163
36163
36164
36164
36164
36164
36165
36166
36166
36166
36166
36167
36167
36167
36167
36168
36168
36169
36170
36170
36170
36171
36172
36172
36172
36172
36173
36173
36174
36174
36175
36175
36175
36176
36176
36176
36176
36177
36177
36178
36178
36179
36179
36179
36179
36180
36181
36181
36181
36182
36182
36182
36182
36183
36183
36183
36184
36184
36184
36184
36185
36185
36186
36186
36186
36187
36187
36188
36189
36190
36190
36191
36192
36192
36192
36193
36194
36194
36194
36195
36195
36196
36196
36196
36196
36197
36198
36198
36199
36200
36200
36200
36201
36201
36202
36203
36203
36204
36204
36204
36205
36205
36206
36206
36206
36207
36207
36208
36208
36209
36211
36211
36211
36211
36212
36212
36213
36213
36214
36214
36215
36215
36215
36215
36216
36216
36216
36216
36217
36217
36218
36218
36218
36219
36219
36220
36220
36221
36221
36221
36222
36222
36222
36225
36226
36227
36227
36228
36228
36229
36229
36230
36230
36230
36230
36231
36231
36232
36233
36233
36234
36234
36236
36236
36237
36238
36238
36238
36239
36239
36239
36240
36241
36241
36241
36242
36242
36242
36243
36243
36244
36244
36244
36245
36245
36246
36246
36246
36246
36247
36247
36247
36248
36248
36250
36250
36250
36251
36251
36251
36252
36252
36253
36254
36254
36254
36255
36255
36255
36255
36257
36257
36257
36258
36258
36259
36259
36259
36259
36260
36260
36260
36261
36262
36263
36263
36264
36264
36265
36265
36266
36266
36266
36266
36267
36268
36269
36269
36269
36269
36270
36271
36272
36273
36273
36274
36275
36276
36276
36276
36277
36278
36278
36279
36279
36279
36280
36280
36280
36281
36281
36281
36282
36282
36283
36283
36283
36283
36284
36286
36286
36286
36287
36287
36288
36289
36289
36289
36290
36290
36291
36291
36291
36292
36293
36294
36294
36294
36295
36295
36296
36296
36297
36299
36299
36299
36302
36302
36303
36303
36304
36304
36304
36304
36305
36305
36306
36306
36307
36307
36307
36307
36308
36308
36309
36309
36309
36310
36310
36311
36311
36312
36312
36313
36313
36315
36315
36315
36316
36316
36316
36317
36317
36317
36317
36318
36318
36319
36319
36320
36320
36320
36321
36321
36322
36322
36323
36323
36323
36324
36324
36325
36326
36326
36327
36327
36328
36328
36328
36329
36329
36330
36330
36331
36331
36331
36332
36332
36333
36334
36334
36334
36335
36335
36335
36336
36336
36337
36337
36339
36339
36340
36341
36341
36341
36341
36343
36343
36343
36344
36344
36345
36346
36346
36346
36346
36347
36347
36347
36347
36348
36348
36349
36350
36351
36351
36351
36351
36352
36353
36353
36353
36355
36355
36355
36355
36356
36356
36357
36357
36358
36359
36359
36359
36359
36360
36361
36361
36362
36362
36363
36364
36364
36365
36366
36367
36367
36368
36368
36369
36370
36371
36371
36372
36372
36374
36374
36374
36374
36375
36375
36376
36377
36377
36378
36378
36380
36380
36381
36381
36382
36382
36383
36384
36384
36385
36386
36386
36386
36386
36387
36387
36387
36387
36388
36388
36389
36389
36389
36390
36391
36391
36391
36391
36394
36394
36394
36395
36395
36396
36396
36397
36397
36397
36398
36398
36398
36399
36399
36400
36400
36401
36402
36402
36402
36402
36403
36404
36404
36405
36405
36405
36406
36407
36408
36408
36409
36409
36410
36410
36411
36411
36412
36413
36413
36414
36414
36414
36414
36415
36416
36416
36416
36417
36417
36417
36418
36418
36419
36419
36419
36420
36420
36420
36421
36421
36422
36422
36423
36423
36423
36424
36424
36425
36425
36428
36428
36429
36429
36430
36431
36431
36432
36432
36433
36433
36434
36434
36435
36435
36435
36437
36437
36438
36438
36438
36440
36441
36441
36442
36442
36442
36443
36444
36444
36445
36445
36446
36446
36447
36448
36448
36449
36449
36450
36450
36450
36451
36451
36451
36452
36452
36453
36453
36453
36454
36455
36456
36457
36457
36457
36458
36459
36460
36460
36461
36461
36462
36462
36463
36463
36463
36463
36464
36464
36464
36465
36465
36466
36467
36467
36467
36468
36468
36469
36470
36470
36471
36471
36473
36473
36474
36475
36475
36476
36477
36479
36479
36480
36481
36482
36483
36483
36484
36485
36485
36486
36486
36487
36488
36488
36488
36489
36491
36491
36492
36492
36492
36493
36493
36494
36494
36495
36496
36496
36497
36498
36498
36499
36499
36499
36500
36500
36500
36501
36501
36501
36502
36503
36504
36504
36504
36505
36506
36506
36506
36507
36507
36508
36508
36508
36508
36509
36509
36510
36510
36510
36512
36512
36514
36514
36515
36515
36515
36515
36516
36517
36517
36518
36519
36519
36519
36520
36520
36521
36521
36522
36522
36522
36523
36523
36523
36524
36525
36525
36526
36526
36526
36527
36527
36528
36528
36530
36530
36531
36532
36532
36532
36533
36533
36534
36534
36535
36536
36537
36537
36537
36538
36539
36540
36541
36541
36541
36542
36543
36543
36543
36544
36544
36544
36545
36545
36545
36546
36546
36546
36547
36547
36548
36548
36549
36549
36550
36550
36552
36553
36554
36554
36555
36556
36557
36557
36558
36558
36558
36558
36559
36559
36560
36560
36561
36562
36563
36563
36564
36564
36564
36564
36566
36566
36566
36567
36568
36569
36569
36570
36570
36570
36571
36572
36572
36573
36573
36575
36576
36577
36577
36578
36578
36578
36579
36580
36580
36582
36583
36584
36584
36585
36586
36586
36587
36587
36588
36589
36589
36590
36591
36592
36594
36594
36594
36595
36595
36596
36596
36597
36598
36600
36600
36601
36603
36603
36604
36609
36609
36609
36611
36611
36612
36612
36613
36613
36614
36614
36614
36614
36615
36615
36616
36616
36617
36618
36619
36621
36621
36621
36622
36624
36624
36624
36625
36626
36627
36627
36627
36628
36628
36629
36630
36630
36630
36631
36631
36632
36633
36633
36634
36634
36634
36635
36635
36635
36636
36636
36637
36638
36638
36638
36639
36640
36640
36641
36642
36642
36643
36643
36643
36644
36644
36645
36646
36647
36647
36648
36649
36649
36649
36650
36650
36651
36652
36652
36653
36654
36654
36655
36655
36656
36657
36657
36658
36658
36658
36659
36661
36661
36662
36662
36663
36665
36665
36666
36667
36667
36667
36668
36669
36669
36669
36670
36670
36671
36671
36672
36672
36673
36673
36674
36675
36676
36676
36676
36677
36677
36679
36679
36681
36682
36683
36683
36684
36684
36684
36685
36687
36687
36687
36688
36688
36689
36690
36691
36692
36692
36692
36693
36693
36693
36693
36695
36696
36696
36697
36697
36697
36698
36699
36699
36699
36700
36700
36701
36702
36702
36703
36703
36704
36704
36706
36706
36707
36708
36708
36708
36710
36711
36712
36714
36714
36714
36715
36715
36716
36717
36717
36718
36718
36719
36720
36721
36721
36722
36722
36723
36724
36726
36727
36727
36727
36728
36729
36730
36731
36731
36732
36732
36734
36735
36735
36736
36736
36736
36738
36738
36738
36739
36740
36740
36740
36741
36742
36742
36743
36744
36746
36746
36746
36747
36748
36748
36748
36748
36749
36750
36750
36751
36751
36752
36752
36753
36754
36754
36755
36757
36757
36758
36759
36760
36760
36760
36761
36761
36761
36763
36763
36764
36764
36765
36765
36765
36766
36766
36766
36767
36767
36768
36768
36769
36771
36771
36772
36772
36772
36773
36773
36773
36774
36775
36775
36776
36777
36777
36778
36778
36779
36781
36782
36782
36783
36784
36785
36785
36785
36786
36788
36788
36789
36790
36790
36790
36791
36791
36792
36792
36792
36793
36793
36794
36795
36796
36796
36796
36797
36797
36797
36797
36798
36798
36798
36799
36802
36803
36804
36804
36804
36805
36805
36805
36806
36807
36807
36808
36809
36809
36810
36810
36810
36812
36812
36812
36813
36813
36815
36815
36816
36819
36819
36819
36821
36821
36821
36823
36823
36823
36824
36824
36824
36825
36826
36826
36827
36828
36828
36830
36831
36831
36831
36833
36833
36833
36834
36834
36835
36835
36835
36836
36838
36839
36840
36840
36840
36841
36841
36842
36843
36845
36846
36846
36849
36849
36850
36851
36851
36852
36852
36852
36853
36853
36853
36854
36854
36854
36855
36855
36856
36857
36857
36857
36858
36858
36858
36859
36861
36861
36862
36862
36863
36865
36865
36866
36866
36866
36867
36867
36867
36868
36868
36869
36869
36869
36870
36870
36870
36871
36871
36871
36872
36872
36873
36873
36874
36874
36875
36875
36875
36876
36877
36878
36878
36879
36879
36880
36880
36881
36881
36882
36882
36882
36883
36883
36884
36884
36885
36886
36887
36887
36887
36889
36890
36890
36890
36891
36891
36892
36893
36894
36894
36895
36896
36896
36896
36897
36897
36898
36899
36899
36899
36900
36900
36901
36902
36902
36904
36905
36905
36906
36906
36907
36907
36908
36908
36908
36909
36910
36911
36912
36912
36912
36913
36913
36915
36916
36917
36918
36919
36919
36920
36920
36922
36922
36923
36923
36923
36924
36924
36924
36925
36925
36927
36928
36930
36930
36932
36932
36933
36933
36933
36935
36936
36936
36937
36937
36938
36938
36939
36940
36941
36943
36943
36944
36945
36947
36949
36949
36950
36950
36950
36951
36952
36954
36954
36955
36957
36957
36958
36958
36959
36960
36960
36962
36965
36966
36967
36968
36968
36970
36970
36971
36971
36972
36972
36973
36974
36975
36976
36978
36979
36979
36980
36980
36981
36983
36984
36985
36985
36986
36987
36987
36988
36989
36990
36990
36991
36992
36993
36994
36996
36996
36998
36998
36999
37002
37002
37003
37003
37004
37005
37005
37007
37009
37010
37011
37012
37013
37014
37014
37014
37015
37016
37017
37018
37018
37019
37020
37021
37021
37021
37022
37023
37025
37025
37026
37026
37026
37027
37028
37029
37030
37032
37033
37033
37034
37036
37038
37039
37040
37040
37041
37042
37043
37043
37044
37045
37046
37046
37046
37047
37049
37049
37049
37049
37050
37051
37052
37053
37053
37053
37054
37056
37057
37058
37059
37061
37061
37063
37063
37065
37065
37065
37066
37067
37067
37068
37068
37068
37069
37069
37070
37070
37072
37072
37073
37073
37074
37074
37075
37075
37077
37077
37078
37078
37079
37081
37082
37082
37085
37086
37088
37089
37090
37091
37092
37094
37095
37095
37096
37099
37102
37102
37103
37104
37105
37106
37107
37110
37111
37111
37113
37114
37115
37117
37117
37118
37119
37121
37122
37122
37122
37124
37124
37125
37125
37127
37128
37128
37128
37129
37130
37131
37132
37133
37133
37134
37135
37137
37138
37138
37141
37142
37144
37145
37145
37145
37146
37146
37147
37147
37152
37154
37158
37161
37163
37163
37164
37164
37167
37168
37169
37170
37172
37172
37173
37175
37175
37175
37178
37178
37179
37180
37181
37181
37183
37184
37185
37186
37186
37187
37187
37188
37188
37189
37192
37193
37193
37195
37196
37196
37196
37197
37198
37198
37200
37202
37202
37202
37203
37203
37204
37204
37205
37205
37205
37206
37208
37208
37210
37211
37212
37213
37213
37214
37215
37215
37216
37217
37220
37220
37222
37222
37223
37224
37225
37225
37226
37228
37228
37229
37231
37232
37235
37236
37237
37238
37238
37239
37239
37241
37243
37245
37247
37248
37249
37250
37251
37251
37252
37253
37253
37255
37256
37257
37257
37260
37261
37262
37263
37263
37266
37267
37267
37268
37268
37270
37270
37271
37271
37271
37272
37272
37275
37277
37278
37278
37279
37280
37282
37284
37284
37285
37286
37286
37287
37288
37289
37291
37291
37292
37292
37293
37293
37294
37295
37296
37297
37299
37301
37303
37304
37305
37305
37306
37307
37307
37309
37310
37312
37313
37313
37316
37316
37317
37318
37319
37319
37320
37321
37321
37321
37323
37324
37325
37327
37327
37331
37332
37332
37332
37332
37333
37333
37334
37334
37335
37336
37339
37340
37342
37343
37349
37350
37350
37352
37353
37354
37356
37358
37358
37360
37361
37361
37363
37363
37364
37365
37365
37367
37372
37372
37372
37375
37376
37377
37379
37380
37380
37381
37382
37385
37391
37394
37400
37403
37408
37411
37411
37411
37413
37413
37413
37413
37416
37418
37418
37420
37420
37421
37422
37423
37425
37425
37427
37427
37429
37430
37431
37433
37435
37436
37437
37440
37442
37443
37444
37447
37447
37449
37452
37456
37458
37461
37465
37466
37468
37470
37475
37475
37478
37479
37480
37482
37484
37485
37486
37488
37489
37490
37491
37492
37494
37495
37498
37498
37499
37500
37501
37503
37504
37508
37508
37509
37509
37511
37514
37515
37523
37524
37526
37530
37533
37534
37535
37536
37536
37537
37538
37541
37542
37545
37547
37547
37548
37557
37561
37561
37561
37567
37568
37573
37574
37578
37580
37583
37584
37585
37586
37589
37591
37592
37593
37594
37597
37599
37607
37612
37615
37624
37625
37627
37628
37631
37639
37640
37643
37645
37646
37652
37657
37661
37661
37669
37673
37678
37679
37682
37685
37687
37691
37694
37694
37696
37698
37699
37702
37705
37714
37717
37721
37723
37723
37725
37734
37736
37749
37753
37754
37763
37776
37777
37779
37782
37792
37794
37800
37800
37800
37800
37801
37801
37801
37801
37802
37802
37802
37802
37803
37803
37803
37803
37804
37804
37804
37804
37805
37805
37805
37805
37806
37806
37806
37806
37807
37807
37807
37808
37808
37808
37809
37809
37809
37810
37810
37810
37811
37811
37811
37812
37812
37812
37812
37813
37813
37813
37813
37814
37814
37814
37814
37815
37815
37815
37816
37816
37816
37817
37817
37817
37818
37818
37818
37819
37819
37819
37819
37820
37820
37820
37821
37821
37821
37821
37822
37822
37822
37823
37823
37823
37823
37824
37824
37824
37824
37825
37826
37826
37826
37827
37827
37827
37827
37828
37828
37828
37828
37829
37829
37829
37830
37830
37830
37830
37831
37831
37831
37832
37832
37832
37833
37833
37833
37834
37834
37834
37835
37835
37835
37836
37836
37836
37836
37837
37837
37837
37837
37838
37838
37838
37838
37839
37839
37839
37839
37840
37840
37840
37840
37841
37841
37841
37841
37842
37842
37842
37842
37843
37843
37843
37843
37844
37844
37844
37845
37845
37846
37846
37846
37847
37847
37847
37847
37848
37848
37848
37848
37849
37849
37849
37850
37850
37850
37851
37851
37852
37852
37852
37852
37853
37853
37853
37854
37854
37854
37854
37855
37855
37855
37856
37856
37856
37857
37857
37857
37857
37858
37858
37859
37859
37859
37859
37860
37860
37860
37861
37861
37861
37861
37862
37862
37862
37863
37863
37863
37863
37864
37864
37864
37864
37865
37865
37865
37865
37866
37866
37866
37866
37867
37867
37867
37868
37868
37868
37869
37869
37869
37870
37870
37870
37870
37871
37871
37871
37871
37872
37872
37872
37872
37873
37873
37874
37874
37874
37874
37875
37875
37876
37876
37876
37876
37877
37877
37877
37878
37878
37878
37878
37879
37879
37879
37879
37880
37880
37880
37880
37881
37881
37881
37881
37882
37882
37882
37883
37883
37883
37884
37884
37884
37884
37885
37885
37885
37886
37886
37886
37887
37887
37887
37888
37888
37888
37888
37889
37889
37889
37889
37890
37890
37890
37890
37891
37891
37891
37891
37892
37892
37892
37892
37893
37893
37893
37894
37894
37894
37895
37895
37895
37895
37896
37896
37897
37897
37897
37897
37898
37899
37899
37899
37899
37900
37900
37900
37901
37901
37901
37902
37902
37902
37902
37903
37903
37903
37904
37904
37905
37905
37905
37905
37906
37906
37906
37906
37907
37907
37908
37908
37908
37908
37909
37909
37909
37909
37910
37910
37910
37911
37911
37911
37911
37912
37912
37912
37913
37913
37913
37913
37914
37914
37914
37915
37915
37915
37915
37916
37916
37916
37917
37917
37917
37918
37918
37918
37918
37919
37919
37919
37920
37920
37920
37920
37921
37921
37921
37921
37922
37922
37922
37922
37923
37923
37923
37923
37924
37924
37924
37925
37925
37925
37926
37926
37926
37926
37927
37927
37927
37928
37928
37928
37929
37929
37929
37929
37930
37930
37930
37930
37931
37931
37931
37931
37932
37932
37932
37932
37933
37933
37933
37934
37934
37934
37934
37935
37935
37935
37936
37936
37936
37936
37937
37937
37937
37938
37938
37938
37939
37939
37939
37939
37940
37940
37940
37941
37941
37941
37942
37942
37942
37943
37943
37943
37943
37944
37944
37944
37945
37945
37945
37945
37946
37946
37946
37946
37947
37947
37947
37948
37948
37948
37948
37949
37949
37949
37950
37950
37950
37950
37951
37951
37951
37951
37952
37952
37952
37953
37953
37953
37954
37954
37954
37954
37955
37955
37955
37955
37956
37956
37957
37957
37957
37958
37958
37958
37958
37959
37959
37959
37959
37960
37960
37960
37961
37961
37961
37961
37962
37962
37963
37963
37963
37964
37964
37964
37965
37965
37965
37965
37966
37966
37966
37966
37967
37967
37967
37967
37968
37968
37968
37969
37969
37969
37969
37970
37970
37970
37970
37971
37972
37972
37972
37972
37973
37973
37973
37974
37974
37975
37975
37975
37975
37976
37976
37976
37977
37977
37977
37977
37978
37978
37979
37979
37980
37980
37980
37981
37981
37981
37981
37982
37982
37982
37983
37983
37983
37984
37984
37984
37984
37985
37985
37986
37986
37986
37987
37987
37988
37988
37989
37989
37989
37989
37990
37990
37990
37990
37991
37991
37991
37992
37992
37992
37993
37993
37993
37994
37994
37994
37995
37995
37995
37996
37996
37996
37997
37997
37997
37997
37998
37998
37999
37999
37999
37999
38000
38000
38000
38001
38001
38001
38002
38002
38002
38002
38003
38003
38003
38003
38004
38004
38004
38004
38005
38005
38005
38005
38006
38006
38006
38007
38007
38007
38007
38008
38008
38008
38009
38009
38009
38010
38010
38010
38010
38011
38011
38011
38012
38012
38012
38013
38013
38013
38014
38014
38014
38015
38015
38015
38015
38016
38016
38017
38017
38017
38017
38018
38018
38018
38019
38019
38020
38020
38020
38021
38021
38021
38021
38022
38022
38022
38023
38023
38023
38023
38024
38024
38025
38025
38025
38025
38026
38026
38026
38027
38027
38027
38028
38028
38028
38029
38029
38029
38029
38030
38030
38031
38032
38032
38032
38032
38033
38033
38033
38034
38034
38034
38034
38035
38035
38035
38035
38036
38036
38037
38037
38037
38038
38038
38038
38039
38039
38039
38039
38040
38040
38040
38041
38041
38041
38041
38042
38042
38042
38042
38043
38043
38043
38043
38044
38044
38044
38045
38045
38046
38046
38046
38046
38047
38047
38047
38047
38048
38048
38048
38049
38049
38049
38049
38050
38050
38050
38051
38051
38052
38052
38052
38052
38053
38053
38053
38053
38054
38054
38054
38054
38055
38055
38055
38056
38056
38056
38056
38057
38057
38058
38058
38058
38059
38059
38060
38060
38060
38060
38061
38061
38061
38062
38062
38062
38063
38063
38063
38064
38064
38064
38064
38065
38065
38065
38065
38066
38066
38066
38066
38067
38067
38067
38067
38068
38068
38069
38069
38069
38070
38070
38070
38070
38071
38071
38071
38071
38072
38072
38072
38072
38073
38073
38073
38073
38074
38075
38075
38075
38076
38076
38076
38077
38077
38077
38078
38078
38078
38079
38079
38079
38080
38080
38081
38081
38081
38081
38082
38082
38082
38083
38084
38084
38084
38085
38085
38085
38085
38086
38086
38086
38087
38087
38087
38088
38088
38088
38088
38089
38090
38090
38091
38091
38092
38092
38092
38092
38093
38093
38093
38094
38094
38095
38095
38095
38095
38096
38096
38096
38096
38097
38097
38097
38098
38098
38098
38099
38099
38099
38099
38100
38100
38100
38100
38101
38101
38101
38102
38102
38102
38102
38103
38103
38103
38103
38104
38104
38104
38104
38105
38105
38105
38105
38106
38106
38107
38108
38109
38109
38109
38110
38110
38110
38111
38111
38111
38111
38112
38112
38113
38113
38113
38114
38115
38115
38115
38116
38116
38116
38116
38117
38117
38117
38118
38118
38118
38119
38119
38120
38121
38121
38122
38122
38123
38123
38124
38125
38125
38125
38125
38126
38126
38126
38126
38127
38127
38128
38128
38128
38128
38129
38129
38129
38130
38130
38130
38131
38132
38132
38132
38132
38133
38134
38134
38134
38135
38135
38135
38136
38136
38137
38137
38137
38138
38138
38138
38139
38139
38139
38139
38140
38140
38140
38140
38141
38141
38141
38142
38142
38142
38143
38143
38144
38144
38144
38145
38146
38146
38146
38147
38147
38148
38148
38148
38149
38149
38149
38149
38150
38150
38150
38151
38151
38151
38151
38152
38152
38152
38153
38153
38153
38154
38154
38154
38155
38155
38156
38157
38157
38157
38157
38158
38158
38158
38158
38159
38159
38160
38160
38161
38161
38161
38161
38162
38162
38163
38163
38163
38164
38164
38164
38165
38165
38165
38166
38167
38167
38167
38168
38168
38169
38170
38170
38171
38171
38171
38172
38172
38172
38172
38173
38173
38173
38174
38174
38174
38175
38175
38175
38176
38176
38176
38176
38177
38177
38177
38178
38178
38178
38179
38179
38180
38180
38180
38181
38181
38182
38182
38182
38183
38183
38183
38184
38184
38184
38185
38185
38186
38186
38187
38187
38187
38187
38188
38188
38188
38189
38189
38190
38190
38191
38191
38191
38191
38192
38192
38193
38193
38193
38193
38194
38194
38194
38195
38195
38196
38196
38196
38196
38197
38197
38197
38198
38198
38198
38198
38199
38199
38199
38200
38201
38201
38201
38202
38202
38203
38203
38203
38204
38205
38205
38206
38206
38206
38207
38207
38207
38208
38208
38208
38208
38209
38209
38209
38210
38210
38210
38210
38211
38211
38211
38212
38212
38212
38213
38213
38213
38213
38214
38214
38214
38215
38215
38215
38215
38216
38216
38216
38217
38217
38218
38218
38218
38219
38219
38219
38219
38220
38220
38220
38220
38221
38221
38221
38222
38222
38222
38223
38224
38224
38224
38224
38225
38225
38225
38226
38226
38226
38226
38227
38227
38228
38228
38228
38229
38229
38229
38229
38230
38230
38231
38231
38231
38231
38232
38232
38232
38233
38234
38234
38235
38235
38235
38236
38236
38236
38236
38237
38237
38237
38238
38238
38239
38239
38239
38240
38240
38241
38241
38241
38241
38242
38242
38243
38243
38243
38244
38244
38244
38245
38245
38245
38246
38246
38246
38247
38247
38247
38247
38248
38248
38249
38249
38249
38249
38250
38250
38250
38251
38251
38251
38252
38252
38252
38253
38253
38253
38254
38254
38254
38255
38255
38256
38256
38256
38257
38257
38258
38258
38258
38259
38259
38259
38259
38260
38260
38260
38261
38261
38261
38262
38262
38262
38263
38263
38264
38265
38265
38265
38266
38267
38268
38268
38269
38269
38269
38270
38270
38270
38271
38271
38272
38272
38273
38273
38273
38273
38274
38274
38274
38275
38275
38275
38276
38276
38276
38277
38277
38277
38278
38278
38278
38278
38279
38279
38280
38280
38280
38281
38281
38281
38282
38282
38282
38282
38283
38283
38283
38284
38284
38285
38285
38286
38286
38286
38287
38287
38287
38288
38288
38288
38288
38289
38289
38289
38289
38290
38290
38290
38290
38291
38291
38291
38292
38292
38292
38293
38293
38293
38294
38294
38294
38295
38295
38295
38295
38296
38296
38296
38296
38297
38297
38297
38298
38298
38299
38299
38299
38300
38300
38301
38301
38302
38302
38302
38303
38303
38303
38303
38304
38304
38304
38305
38305
38305
38306
38306
38307
38307
38308
38308
38308
38309
38309
38309
38310
38310
38310
38310
38311
38311
38311
38312
38312
38312
38312
38313
38313
38314
38314
38315
38315
38315
38315
38316
38316
38317
38317
38318
38318
38318
38318
38319
38319
38319
38320
38320
38320
38321
38321
38322
38323
38323
38323
38324
38324
38325
38325
38326
38326
38326
38327
38328
38328
38328
38329
38329
38329
38330
38330
38330
38330
38331
38331
38332
38332
38332
38332
38333
38333
38333
38334
38334
38334
38335
38335
38335
38336
38336
38336
38336
38337
38337
38337
38337
38338
38338
38338
38339
38339
38339
38340
38340
38340
38341
38341
38342
38342
38342
38342
38343
38343
38344
38344
38344
38345
38345
38346
38346
38346
38346
38347
38347
38347
38347
38348
38348
38348
38348
38349
38349
38350
38350
38350
38350
38351
38351
38351
38352
38352
38353
38354
38354
38354
38355
38355
38355
38356
38356
38356
38356
38357
38357
38358
38358
38358
38358
38359
38359
38360
38360
38360
38360
38361
38361
38362
38362
38363
38364
38364
38364
38364
38365
38365
38366
38366
38366
38367
38367
38367
38368
38368
38368
38369
38369
38370
38370
38370
38371
38372
38372
38372
38373
38373
38373
38373
38374
38374
38374
38374
38375
38375
38375
38375
38376
38377
38377
38378
38378
38378
38379
38379
38380
38381
38381
38381
38382
38382
38382
38382
38383
38383
38383
38384
38384
38385
38386
38386
38386
38387
38387
38388
38388
38389
38389
38389
38391
38391
38392
38392
38393
38393
38393
38393
38394
38395
38396
38396
38396
38396
38397
38397
38398
38398
38398
38399
38400
38400
38400
38400
38401
38402
38402
38403
38403
38403
38403
38404
38404
38404
38405
38405
38406
38406
38406
38407
38407
38407
38408
38408
38409
38410
38410
38412
38412
38412
38412
38413
38413
38414
38414
38414
38415
38416
38416
38416
38416
38417
38417
38417
38418
38418
38419
38419
38420
38420
38421
38421
38421
38422
38422
38422
38423
38423
38423
38423
38424
38424
38425
38425
38425
38426
38426
38426
38427
38427
38427
38427
38428
38428
38429
38429
38430
38430
38430
38431
38431
38431
38431
38432
38432
38432
38433
38433
38433
38434
38434
38434
38435
38435
38435
38436
38436
38436
38437
38437
38438
38438
38438
38438
38439
38440
38441
38441
38442
38442
38442
38443
38443
38443
38443
38444
38444
38444
38444
38445
38445
38445
38446
38446
38446
38446
38447
38447
38447
38448
38448
38448
38449
38449
38449
38450
38450
38450
38451
38451
38451
38452
38452
38452
38453
38453
38453
38453
38454
38454
38455
38455
38455
38456
38456
38456
38456
38457
38457
38457
38458
38458
38458
38459
38459
38460
38461
38462
38462
38462
38462
38463
38463
38464
38464
38464
38464
38465
38465
38465
38466
38466
38466
38467
38467
38468
38468
38469
38469
38469
38470
38470
38470
38471
38471
38471
38472
38472
38473
38473
38473
38473
38474
38474
38474
38475
38475
38475
38475
38476
38476
38476
38477
38477
38477
38478
38478
38478
38480
38480
38480
38480
38481
38481
38482
38482
38483
38483
38483
38484
38484
38484
38484
38485
38485
38486
38486
38487
38487
38487
38487
38488
38488
38488
38489
38489
38489
38489
38490
38490
38491
38491
38491
38491
38492
38492
38492
38493
38493
38494
38494
38494
38495
38495
38495
38495
38496
38496
38497
38497
38498
38498
38499
38499
38499
38499
38500
38500
38501
38501
38502
38502
38502
38503
38504
38504
38504
38505
38505
38506
38506
38506
38507
38507
38508
38508
38509
38509
38509
38510
38511
38511
38512
38512
38512
38513
38513
38513
38513
38514
38514
38514
38514
38515
38515
38516
38516
38516
38517
38517
38517
38517
38518
38518
38519
38519
38520
38520
38520
38521
38521
38522
38523
38523
38524
38524
38524
38525
38525
38526
38526
38526
38527
38527
38528
38528
38529
38529
38530
38530
38531
38531
38532
38532
38533
38533
38534
38535
38536
38536
38537
38537
38537
38538
38538
38538
38539
38539
38540
38541
38541
38541
38542
38543
38544
38544
38544
38544
38545
38545
38546
38546
38546
38547
38547
38547
38547
38548
38548
38549
38549
38549
38549
38550
38550
38550
38550
38551
38551
38552
38552
38552
38553
38554
38554
38554
38555
38555
38556
38556
38557
38557
38558
38558
38558
38558
38559
38560
38560
38560
38561
38561
38561
38562
38562
38562
38563
38563
38564
38564
38564
38564
38565
38566
38567
38567
38568
38568
38568
38570
38570
38570
38571
38571
38571
38572
38572
38572
38573
38573
38574
38575
38575
38575
38576
38577
38577
38578
38578
38578
38578
38579
38579
38579
38580
38580
38580
38580
38581
38581
38581
38581
38582
38582
38582
38583
38583
38583
38584
38584
38584
38585
38585
38585
38586
38586
38586
38587
38587
38589
38589
38589
38590
38590
38591
38592
38592
38592
38593
38593
38594
38594
38594
38595
38595
38595
38595
38596
38596
38597
38597
38598
38598
38599
38599
38600
38600
38600
38601
38601
38601
38601
38602
38603
38603
38603
38604
38605
38606
38606
38607
38607
38607
38608
38608
38608
38609
38609
38609
38610
38610
38610
38611
38611
38611
38612
38612
38613
38613
38613
38613
38614
38614
38615
38616
38616
38616
38617
38618
38618
38618
38619
38619
38619
38619
38620
38620
38621
38622
38623
38623
38623
38624
38624
38625
38625
38626
38626
38626
38627
38627
38628
38628
38628
38629
38629
38629
38629
38630
38630
38630
38631
38632
38632
38632
38633
38633
38635
38635
38635
38636
38636
38636
38636
38637
38637
38637
38638
38638
38639
38639
38639
38639
38640
38641
38641
38642
38642
38643
38643
38644
38644
38645
38645
38645
38646
38646
38646
38647
38648
38648
38648
38648
38649
38649
38650
38650
38652
38652
38652
38653
38653
38654
38654
38654
38654
38655
38655
38655
38656
38656
38657
38657
38657
38658
38658
38658
38658
38659
38659
38660
38660
38660
38661
38662
38662
38663
38663
38663
38664
38664
38665
38665
38665
38666
38667
38667
38667
38668
38668
38669
38669
38669
38671
38671
38671
38672
38672
38672
38673
38673
38674
38674
38675
38675
38675
38675
38676
38676
38676
38677
38677
38678
38678
38678
38679
38679
38680
38680
38680
38681
38681
38681
38682
38684
38684
38685
38685
38686
38686
38687
38688
38688
38689
38689
38690
38690
38691
38691
38691
38692
38692
38692
38693
38693
38693
38693
38694
38694
38695
38695
38695
38696
38696
38696
38697
38698
38698
38698
38699
38699
38699
38700
38700
38700
38701
38701
38703
38704
38704
38705
38705
38705
38706
38706
38707
38707
38707
38708
38708
38709
38709
38709
38710
38711
38711
38712
38712
38714
38715
38715
38716
38716
38717
38717
38718
38718
38718
38719
38719
38719
38720
38721
38721
38722
38723
38724
38724
38725
38725
38725
38726
38726
38727
38727
38728
38728
38729
38730
38731
38731
38732
38732
38732
38732
38733
38734
38735
38735
38736
38736
38736
38737
38737
38738
38739
38739
38739
38739
38740
38740
38740
38742
38743
38743
38743
38743
38744
38744
38745
38745
38746
38746
38747
38747
38748
38749
38749
38750
38750
38750
38752
38752
38753
38753
38753
38754
38754
38754
38755
38755
38755
38756
38756
38756
38757
38757
38758
38758
38758
38759
38759
38760
38760
38760
38761
38762
38762
38763
38764
38765
38765
38765
38766
38767
38767
38767
38768
38769
38769
38769
38771
38772
38772
38772
38773
38773
38773
38774
38776
38776
38777
38778
38778
38778
38779
38779
38780
38780
38780
38781
38782
38782
38782
38783
38783
38783
38784
38784
38785
38785
38786
38786
38786
38787
38787
38788
38788
38788
38788
38789
38789
38790
38790
38790
38791
38791
38791
38792
38792
38793
38793
38793
38794
38794
38795
38795
38796
38796
38796
38797
38797
38798
38798
38799
38799
38799
38801
38801
38802
38802
38802
38803
38803
38804
38804
38805
38805
38805
38806
38807
38807
38808
38808
38808
38809
38809
38809
38809
38810
38810
38810
38811
38812
38812
38813
38813
38814
38814
38815
38815
38816
38817
38818
38818
38818
38819
38819
38819
38820
38820
38820
38821
38822
38822
38823
38823
38824
38824
38824
38825
38826
38826
38827
38827
38827
38828
38828
38828
38829
38829
38830
38830
38830
38831
38832
38832
38833
38833
38833
38834
38834
38834
38835
38836
38836
38837
38837
38837
38837
38838
38838
38839
38839
38840
38840
38840
38841
38841
38841
38842
38843
38843
38845
38846
38846
38847
38847
38848
38848
38848
38849
38850
38850
38850
38851
38851
38852
38852
38853
38854
38855
38856
38856
38856
38856
38857
38858
38858
38858
38858
38859
38859
38859
38860
38860
38861
38861
38862
38862
38863
38863
38863
38864
38864
38865
38865
38866
38866
38867
38867
38868
38869
38870
38870
38871
38871
38872
38872
38873
38873
38874
38874
38875
38875
38875
38878
38879
38879
38880
38880
38880
38881
38881
38882
38882
38882
38882
38883
38884
38884
38884
38885
38885
38886
38886
38886
38886
38887
38887
38888
38888
38889
38890
38890
38891
38891
38892
38892
38892
38892
38893
38894
38894
38894
38895
38896
38896
38896
38897
38899
38900
38901
38901
38902
38903
38903
38904
38904
38904
38905
38905
38906
38906
38907
38907
38908
38908
38908
38908
38909
38910
38910
38911
38911
38913
38914
38914
38915
38915
38916
38916
38917
38917
38917
38918
38918
38918
38918
38919
38919
38919
38919
38920
38920
38921
38921
38922
38923
38923
38924
38925
38925
38926
38927
38928
38928
38928
38929
38929
38929
38929
38930
38930
38930
38931
38931
38931
38932
38932
38932
38932
38933
38933
38934
38934
38935
38935
38936
38937
38939
38939
38939
38940
38940
38940
38942
38942
38942
38943
38944
38945
38945
38945
38946
38946
38948
38948
38948
38949
38950
38951
38951
38952
38952
38953
38953
38954
38954
38955
38955
38956
38956
38957
38958
38958
38959
38959
38960
38960
38961
38961
38961
38961
38962
38964
38964
38965
38965
38965
38965
38966
38967
38967
38968
38968
38968
38968
38969
38969
38970
38970
38971
38973
38973
38974
38974
38975
38975
38975
38976
38976
38977
38978
38978
38978
38979
38980
38980
38981
38981
38981
38982
38982
38983
38983
38984
38984
38984
38986
38987
38987
38987
38988
38988
38989
38989
38990
38991
38991
38992
38993
38993
38994
38994
38996
38996
38996
38997
38998
38999
38999
39000
39000
39000
39001
39002
39004
39005
39005
39007
39007
39008
39009
39010
39011
39011
39012
39013
39013
39014
39014
39014
39015
39015
39016
39016
39016
39016
39017
39018
39018
39019
39019
39019
39020
39020
39021
39021
39021
39022
39022
39022
39023
39023
39023
39023
39024
39025
39025
39025
39026
39027
39027
39028
39028
39029
39029
39030
39030
39031
39031
39032
39032
39033
39033
39034
39037
39037
39038
39039
39039
39039
39040
39040
39042
39042
39043
39044
39044
39045
39046
39046
39047
39047
39048
39048
39049
39049
39050
39050
39051
39051
39052
39053
39053
39053
39054
39056
39056
39056
39057
39058
39059
39059
39060
39060
39062
39063
39064
39065
39066
39066
39066
39067
39068
39069
39070
39070
39070
39072
39072
39072
39072
39073
39074
39074
39074
39074
39075
39075
39076
39077
39077
39077
39078
39078
39079
39079
39079
39080
39080
39080
39081
39081
39082
39083
39083
39084
39084
39085
39085
39085
39085
39086
39087
39088
39088
39089
39089
39089
39091
39091
39092
39092
39093
39093
39093
39094
39094
39094
39095
39096
39097
39098
39098
39099
39099
39099
39099
39100
39100
39102
39104
39105
39106
39107
39109
39109
39110
39110
39111
39112
39112
39113
39113
39113
39114
39115
39116
39117
39118
39118
39118
39119
39120
39121
39121
39122
39123
39123
39123
39124
39124
39124
39125
39125
39126
39126
39127
39127
39128
39130
39130
39130
39131
39131
39131
39131
39132
39132
39133
39134
39134
39135
39135
39136
39136
39137
39137
39137
39138
39138
39139
39139
39140
39140
39141
39141
39144
39144
39145
39145
39146
39148
39149
39149
39149
39150
39150
39151
39152
39152
39152
39153
39153
39153
39154
39154
39154
39158
39158
39158
39159
39160
39162
39162
39162
39163
39164
39164
39165
39165
39166
39166
39167
39167
39167
39168
39168
39170
39171
39171
39172
39173
39173
39173
39173
39174
39175
39176
39176
39176
39177
39177
39177
39178
39180
39180
39181
39184
39185
39186
39186
39187
39187
39188
39189
39189
39190
39191
39191
39192
39192
39192
39193
39193
39193
39194
39194
39195
39195
39196
39197
39199
39199
39199
39200
39201
39202
39202
39203
39203
39204
39204
39204
39205
39205
39207
39208
39209
39210
39212
39212
39212
39213
39214
39214
39215
39215
39216
39216
39216
39217
39217
39217
39218
39218
39219
39220
39221
39223
39224
39224
39225
39225
39226
39227
39227
39228
39229
39229
39231
39231
39231
39232
39233
39234
39234
39235
39236
39236
39237
39237
39238
39238
39239
39240
39241
39242
39243
39243
39246
39246
39247
39248
39248
39250
39250
39251
39251
39252
39253
39255
39255
39256
39257
39258
39258
39259
39260
39261
39262
39262
39263
39263
39268
39268
39269
39271
39271
39271
39272
39273
39273
39274
39274
39277
39277
39278
39278
39279
39279
39280
39280
39280
39281
39281
39281
39282
39282
39282
39283
39283
39284
39284
39285
39286
39287
39287
39289
39289
39291
39291
39292
39293
39293
39293
39294
39294
39294
39295
39295
39298
39299
39299
39300
39300
39301
39301
39301
39302
39302
39303
39303
39303
39304
39304
39305
39306
39307
39307
39307
39308
39308
39309
39309
39310
39310
39310
39311
39311
39311
39311
39312
39313
39314
39315
39315
39316
39320
39322
39323
39324
39324
39326
39326
39327
39328
39329
39330
39330
39330
39331
39332
39332
39332
39333
39334
39334
39334
39336
39336
39336
39337
39337
39338
39338
39338
39339
39341
39342
39342
39343
39344
39345
39345
39346
39346
39347
39347
39348
39348
39350
39350
39351
39351
39352
39352
39353
39354
39356
39356
39356
39357
39357
39357
39358
39360
39361
39361
39362
39362
39363
39363
39365
39365
39366
39366
39367
39370
39370
39371
39371
39371
39372
39372
39373
39373
39375
39375
39375
39377
39377
39378
39379
39379
39380
39382
39382
39384
39385
39386
39387
39388
39388
39390
39390
39392
39392
39392
39393
39394
39395
39396
39396
39399
39399
39401
39402
39402
39403
39403
39404
39405
39405
39406
39407
39407
39408
39408
39409
39410
39410
39410
39411
39412
39412
39412
39413
39413
39414
39415
39415
39416
39416
39417
39417
39418
39420
39421
39422
39424
39424
39426
39427
39427
39428
39429
39429
39430
39431
39432
39432
39432
39434
39435
39437
39437
39438
39438
39438
39439
39440
39440
39440
39441
39441
39441
39442
39442
39443
39443
39443
39443
39445
39447
39447
39448
39448
39449
39449
39450
39451
39451
39452
39452
39452
39453
39453
39454
39454
39456
39457
39457
39457
39459
39461
39462
39465
39466
39467
39468
39469
39469
39470
39470
39472
39472
39473
39474
39475
39476
39476
39478
39480
39480
39481
39481
39482
39483
39484
39484
39485
39485
39485
39485
39486
39487
39487
39487
39488
39489
39491
39492
39492
39492
39493
39494
39494
39495
39495
39495
39496
39496
39496
39497
39498
39498
39498
39499
39499
39502
39505
39508
39508
39509
39510
39510
39511
39511
39511
39513
39513
39514
39515
39516
39517
39519
39520
39521
39521
39522
39525
39525
39526
39527
39528
39528
39529
39529
39529
39530
39530
39531
39533
39535
39535
39536
39537
39538
39538
39538
39540
39540
39541
39541
39543
39543
39544
39544
39544
39546
39548
39548
39549
39549
39550
39550
39551
39551
39551
39553
39553
39554
39555
39555
39556
39558
39558
39558
39559
39560
39561
39562
39562
39563
39565
39566
39566
39566
39567
39567
39568
39569
39569
39571
39571
39574
39574
39575
39575
39576
39577
39577
39578
39579
39580
39581
39582
39582
39583
39584
39585
39585
39587
39589
39590
39592
39593
39595
39595
39598
39598
39599
39600
39600
39601
39602
39603
39603
39604
39605
39605
39605
39606
39606
39607
39608
39609
39610
39611
39613
39614
39616
39616
39617
39617
39617
39619
39620
39620
39621
39624
39624
39625
39626
39628
39628
39628
39629
39629
39631
39632
39634
39634
39635
39635
39636
39637
39637
39638
39638
39638
39640
39641
39641
39642
39642
39642
39643
39643
39644
39645
39646
39648
39648
39648
39649
39651
39653
39654
39655
39656
39656
39657
39658
39659
39660
39661
39662
39662
39663
39663
39663
39664
39665
39666
39667
39667
39668
39669
39671
39672
39674
39675
39676
39677
39677
39680
39682
39684
39684
39684
39685
39686
39687
39687
39688
39689
39691
39693
39693
39694
39695
39700
39701
39702
39703
39703
39704
39704
39705
39706
39707
39707
39709
39710
39711
39712
39713
39715
39715
39717
39718
39720
39721
39723
39724
39724
39726
39726
39728
39729
39729
39729
39730
39732
39733
39734
39734
39734
39735
39735
39736
39738
39738
39738
39740
39740
39741
39742
39743
39744
39745
39746
39747
39748
39748
39751
39752
39752
39753
39754
39754
39755
39756
39757
39757
39757
39759
39761
39761
39763
39764
39766
39767
39770
39772
39773
39774
39774
39776
39776
39777
39778
39778
39779
39779
39787
39788
39789
39790
39791
39791
39791
39791
39792
39793
39793
39797
39798
39798
39799
39799
39800
39801
39801
39801
39803
39804
39806
39808
39809
39811
39812
39812
39813
39813
39815
39819
39819
39819
39820
39821
39822
39826
39826
39827
39827
39827
39830
39831
39832
39837
39838
39838
39839
39842
39842
39843
39845
39846
39846
39846
39847
39847
39848
39849
39850
39852
39853
39854
39855
39855
39855
39857
39859
39860
39861
39861
39862
39864
39865
39867
39867
39867
39868
39869
39869
39873
39875
39875
39876
39877
39878
39880
39881
39884
39886
39887
39888
39889
39894
39895
39896
39897
39897
39899
39902
39906
39908
39909
39909
39909
39911
39912
39913
39913
39916
39917
39919
39921
39922
39923
39923
39923
39925
39927
39929
39930
39931
39931
39932
39934
39935
39937
39937
39938
39939
39940
39940
39942
39944
39944
39945
39946
39948
39952
39953
39955
39955
39956
39958
39959
39961
39964
39965
39967
39969
39970
39971
39973
39975
39978
39978
39980
39985
39985
39987
39987
39990
39991
39993
39994
39998
39999
39999
40001
40001
40002
40004
40008
40010
40013
40013
40017
40018
40019
40021
40028
40028
40029
40031
40032
40035
40038
40041
40041
40043
40044
40047
40048
40050
40050
40051
40051
40052
40053
40057
40058
40071
40071
40072
40075
40076
40076
40078
40078
40080
40089
40092
40093
40095
40095
40096
40097
40098
40105
40107
40113
40116
40120
40123
40125
40126
40128
40133
40135
40139
40142
40143
40147
40154
40164
40167
40168
40169
40170
40173
40174
40175
40176
40177
40200
40201
40203
40204
40204
40205
40209
40218
40220
40222
40223
40227
40228
40231
40235
40242
40244
40253
40258
40264
40270
40273
40274
40299
40299
40299
40299
40300
40300
40300
40300
40301
40301
40301
40301
40302
40302
40302
40302
40303
40303
40303
40303
40304
40304
40304
40304
40305
40305
40305
40305
40306
40306
40306
40306
40307
40307
40308
40308
40308
40308
40309
40309
40309
40309
40310
40310
40310
40310
40311
40311
40311
40311
40312
40312
40312
40312
40313
40313
40313
40313
40314
40314
40314
40314
40315
40315
40316
40316
40316
40316
40317
40317
40317
40318
40318
40318
40318
40319
40319
40319
40320
40320
40320
40321
40321
40321
40321
40322
40322
40322
40322
40323
40323
40323
40323
40324
40324
40324
40325
40325
40325
40325
40326
40326
40326
40327
40327
40327
40327
40328
40328
40328
40328
40329
40329
40329
40329
40330
40330
40330
40331
40331
40331
40332
40332
40332
40332
40333
40333
40333
40333
40334
40334
40335
40335
40335
40335
40336
40336
40336
40336
40337
40337
40337
40338
40338
40338
40339
40339
40339
40340
40340
40340
40340
40341
40341
40341
40342
40342
40342
40342
40343
40343
40343
40343
40344
40344
40344
40345
40345
40345
40345
40346
40346
40346
40346
40347
40347
40347
40347
40348
40348
40348
40348
40349
40349
40349
40349
40350
40350
40350
40350
40351
40351
40351
40351
40352
40352
40353
40353
40353
40353
40354
40354
40354
40354
40355
40355
40355
40355
40356
40356
40356
40357
40357
40357
40358
40358
40358
40358
40359
40359
40359
40360
40360
40360
40361
40361
40361
40361
40362
40362
40362
40362
40363
40363
40363
40363
40364
40364
40364
40364
40365
40365
40365
40365
40366
40366
40366
40367
40367
40367
40367
40368
40368
40368
40368
40369
40369
40369
40370
40370
40370
40370
40371
40371
40371
40371
40372
40372
40372
40372
40373
40373
40373
40373
40374
40374
40374
40375
40375
40375
40376
40376
40376
40377
40377
40377
40378
40378
40378
40378
40379
40379
40379
40379
40380
40380
40380
40381
40381
40381
40382
40382
40383
40383
40383
40383
40384
40384
40384
40384
40385
40386
40386
40386
40387
40387
40387
40388
40388
40388
40388
40389
40389
40389
40389
40390
40390
40390
40390
40391
40391
40391
40392
40392
40392
40392
40393
40393
40393
40393
40394
40394
40394
40395
40395
40395
40395
40396
40396
40396
40397
40397
40397
40397
40398
40398
40398
40399
40399
40399
40400
40400
40400
40400
40401
40401
40401
40401
40402
40402
40402
40402
40403
40403
40403
40404
40404
40404
40404
40405
40406
40406
40406
40407
40407
40408
40408
40408
40408
40409
40409
40409
40409
40410
40410
40410
40411
40411
40411
40412
40412
40412
40413
40413
40413
40413
40414
40414
40414
40415
40415
40416
40416
40416
40417
40417
40417
40417
40418
40418
40418
40418
40419
40419
40419
40419
40420
40420
40420
40421
40421
40421
40421
40422
40422
40422
40422
40423
40423
40423
40423
40424
40424
40425
40425
40425
40425
40426
40426
40426
40427
40427
40427
40427
40428
40428
40428
40429
40429
40429
40429
40430
40430
40430
40431
40431
40431
40431
40432
40432
40432
40432
40433
40433
40433
40433
40434
40434
40435
40435
40435
40435
40436
40436
40436
40436
40437
40437
40437
40437
40438
40438
40438
40438
40439
40439
40439
40439
40440
40440
40440
40440
40441
40441
40441
40441
40442
40442
40442
40442
40443
40443
40443
40444
40444
40444
40444
40445
40445
40445
40446
40446
40446
40447
40447
40447
40447
40448
40448
40448
40449
40449
40450
40450
40450
40450
40451
40451
40451
40451
40452
40452
40452
40452
40453
40453
40453
40453
40454
40454
40454
40454
40455
40455
40455
40456
40456
40456
40456
40457
40457
40457
40458
40458
40459
40459
40459
40459
40460
40460
40461
40461
40461
40462
40462
40463
40464
40465
40465
40465
40466
40466
40466
40466
40467
40467
40467
40467
40468
40468
40468
40468
40469
40469
40469
40469
40470
40470
40470
40471
40471
40472
40472
40472
40473
40473
40474
40474
40475
40475
40476
40476
40476
40476
40477
40477
40477
40478
40478
40478
40479
40479
40479
40479
40480
40480
40480
40481
40481
40481
40481
40482
40482
40482
40483
40483
40483
40483
40484
40484
40484
40484
40485
40485
40485
40485
40486
40486
40486
40487
40487
40487
40488
40488
40488
40488
40489
40489
40489
40489
40490
40490
40490
40491
40491
40491
40491
40492
40492
40492
40492
40493
40493
40493
40493
40494
40494
40494
40495
40495
40495
40496
40496
40496
40496
40497
40497
40497
40498
40498
40498
40499
40499
40499
40499
40500
40500
40501
40501
40501
40502
40502
40502
40502
40503
40503
40503
40504
40504
40505
40505
40505
40505
40506
40506
40506
40507
40507
40507
40507
40508
40508
40508
40509
40509
40509
40509
40510
40510
40510
40511
40511
40511
40511
40512
40512
40513
40513
40513
40514
40514
40514
40514
40515
40515
40515
40516
40516
40516
40517
40517
40517
40518
40518
40518
40519
40519
40519
40520
40520
40520
40520
40521
40521
40521
40521
40522
40522
40522
40523
40523
40523
40524
40524
40524
40524
40525
40525
40525
40526
40526
40526
40526
40527
40527
40527
40528
40528
40529
40529
40530
40530
40530
40531
40531
40531
40532
40532
40532
40532
40533
40533
40533
40534
40534
40534
40535
40535
40535
40536
40536
40536
40536
40537
40537
40538
40538
40538
40538
40539
40539
40539
40540
40540
40540
40540
40541
40541
40542
40543
40543
40543
40544
40544
40544
40545
40545
40545
40546
40546
40546
40547
40547
40547
40547
40548
40548
40549
40549
40549
40549
40550
40551
40551
40551
40551
40552
40552
40552
40552
40553
40553
40554
40554
40554
40554
40555
40555
40555
40555
40556
40556
40556
40556
40557
40557
40557
40558
40558
40558
40559
40559
40559
40559
40560
40560
40560
40561
40561
40561
40562
40563
40563
40564
40564
40564
40565
40565
40565
40566
40566
40566
40566
40567
40567
40568
40568
40568
40568
40569
40569
40570
40570
40570
40570
40571
40571
40571
40571
40572
40572
40572
40572
40573
40573
40574
40574
40574
40575
40575
40576
40576
40576
40577
40577
40577
40578
40578
40578
40578
40579
40579
40579
40579
40580
40580
40581
40581
40581
40581
40582
40582
40583
40583
40583
40584
40584
40584
40585
40585
40585
40585
40586
40586
40586
40587
40587
40587
40587
40588
40588
40589
40589
40589
40590
40590
40590
40590
40591
40591
40591
40591
40592
40592
40592
40593
40593
40593
40593
40594
40594
40595
40595
40596
40596
40597
40597
40597
40598
40598
40598
40598
40599
40599
40599
40600
40600
40600
40601
40601
40601
40601
40602
40602
40602
40602
40603
40603
40603
40604
40604
40604
40605
40606
40606
40606
40606
40607
40607
40607
40607
40608
40608
40608
40608
40609
40609
40609
40610
40610
40610
40611
40611
40611
40612
40612
40612
40612
40613
40613
40613
40613
40614
40614
40614
40615
40615
40615
40616
40616
40616
40616
40617
40617
40617
40617
40618
40618
40618
40618
40619
40619
40620
40620
40620
40621
40621
40622
40622
40622
40623
40623
40624
40624
40624
40624
40625
40625
40625
40626
40626
40626
40627
40627
40627
40628
40629
40629
40629
40629
40630
40630
40630
40631
40631
40632
40632
40632
40632
40633
40633
40633
40634
40634
40634
40635
40635
40636
40636
40636
40636
40637
40637
40637
40638
40638
40638
40638
40639
40639
40640
40640
40640
40640
40641
40641
40642
40642
40643
40643
40644
40644
40645
40645
40645
40646
40646
40646
40646
40647
40647
40648
40648
40648
40648
40649
40649
40649
40649
40650
40650
40651
40651
40651
40652
40652
40652
40652
40653
40653
40654
40655
40655
40656
40656
40657
40657
40657
40658
40658
40659
40659
40660
40660
40660
40661
40661
40661
40662
40662
40662
40663
40663
40663
40664
40665
40665
40665
40665
40666
40666
40666
40666
40667
40667
40667
40667
40668
40668
40668
40668
40669
40669
40670
40670
40670
40671
40671
40672
40672
40672
40673
40673
40673
40674
40674
40674
40675
40675
40675
40675
40676
40676
40676
40676
40677
40677
40678
40678
40678
40679
40679
40680
40680
40680
40681
40681
40681
40681
40682
40682
40683
40683
40683
40684
40684
40684
40684
40685
40685
40685
40686
40686
40686
40687
40687
40687
40688
40688
40688
40689
40689
40690
40690
40691
40692
40692
40693
40693
40693
40694
40694
40695
40695
40696
40696
40697
40697
40697
40697
40698
40698
40698
40698
40699
40699
40699
40700
40700
40700
40701
40701
40701
40702
40702
40702
40703
40703
40703
40703
40704
40704
40705
40705
40705
40705
40706
40706
40706
40706
40707
40707
40707
40708
40708
40708
40709
40709
40709
40710
40710
40710
40711
40711
40711
40711
40712
40712
40713
40713
40713
40713
40714
40714
40714
40715
40715
40715
40716
40716
40716
40716
40717
40717
40717
40718
40718
40718
40719
40719
40719
40720
40720
40721
40722
40722
40722
40723
40723
40723
40723
40724
40724
40724
40724
40725
40726
40726
40726
40726
40727
40727
40727
40728
40728
40729
40729
40729
40729
40730
40730
40731
40731
40731
40732
40732
40732
40732
40733
40733
40734
40734
40734
40734
40735
40735
40735
40736
40736
40736
40736
40737
40737
40738
40738
40739
40739
40739
40740
40740
40740
40741
40741
40742
40742
40742
40743
40743
40743
40744
40744
40744
40744
40745
40745
40745
40745
40746
40746
40746
40746
40747
40747
40747
40748
40748
40748
40749
40749
40749
40749
40750
40750
40750
40750
40751
40751
40751
40751
40752
40752
40752
40752
40753
40753
40753
40753
40754
40754
40755
40755
40755
40756
40756
40756
40757
40757
40758
40758
40758
40758
40759
40759
40760
40760
40760
40760
40761
40761
40761
40762
40762
40762
40763
40763
40764
40764
40764
40765
40765
40765
40766
40766
40766
40766
40767
40767
40767
40768
40768
40769
40769
40769
40770
40770
40771
40771
40771
40772
40772
40772
40773
40773
40774
40774
40774
40774
40775
40775
40775
40775
40776
40776
40777
40777
40777
40778
40778
40778
40778
40779
40780
40780
40780
40780
40781
40781
40781
40781
40782
40782
40782
40783
40783
40784
40785
40785
40786
40786
40787
40787
40787
40787
40788
40788
40789
40789
40790
40790
40791
40791
40792
40792
40792
40792
40793
40794
40794
40795
40795
40796
40796
40796
40797
40797
40798
40798
40799
40799
40799
40799
40800
40800
40800
40800
40801
40801
40801
40802
40802
40803
40803
40803
40804
40805
40805
40805
40806
40806
40807
40807
40807
40807
40808
40808
40808
40809
40809
40809
40809
40810
40810
40810
40811
40811
40811
40811
40812
40812
40812
40813
40813
40813
40813
40814
40814
40814
40815
40815
40815
40816
40816
40816
40817
40817
40818
40818
40818
40819
40819
40819
40819
40820
40820
40821
40821
40821
40821
40822
40823
40824
40824
40825
40825
40826
40826
40826
40826
40827
40827
40828
40828
40829
40829
40829
40829
40830
40830
40831
40832
40832
40832
40833
40833
40833
40833
40834
40834
40834
40835
40835
40835
40836
40836
40836
40836
40837
40837
40837
40838
40838
40839
40839
40839
40840
40840
40841
40841
40841
40842
40842
40842
40843
40843
40843
40843
40844
40844
40844
40845
40845
40845
40846
40846
40846
40846
40847
40847
40847
40848
40848
40849
40849
40849
40849
40850
40850
40850
40851
40851
40851
40852
40852
40852
40852
40853
40853
40853
40854
40854
40855
40855
40855
40856
40856
40856
40856
40857
40857
40857
40858
40858
40858
40859
40859
40859
40859
40860
40860
40860
40862
40862
40863
40863
40863
40864
40864
40864
40865
40865
40865
40866
40866
40866
40867
40867
40868
40868
40868
40868
40869
40869
40869
40869
40870
40870
40870
40871
40871
40872
40872
40872
40873
40873
40873
40873
40874
40874
40875
40875
40875
40875
40876
40876
40876
40876
40877
40877
40877
40877
40878
40878
40879
40879
40879
40880
40880
40880
40880
40881
40881
40882
40882
40882
40883
40883
40884
40884
40885
40885
40885
40886
40886
40887
40887
40887
40888
40888
40888
40888
40889
40889
40890
40890
40891
40891
40891
40892
40892
40892
40892
40893
40893
40893
40894
40894
40895
40895
40895
40895
40896
40896
40896
40896
40897
40897
40897
40897
40898
40898
40899
40899
40899
40899
40900
40900
40901
40901
40901
40901
40902
40902
40902
40903
40903
40903
40903
40904
40904
40904
40905
40905
40906
40906
40906
40906
40907
40907
40907
40908
40908
40908
40908
40909
40910
40910
40910
40911
40911
40911
40911
40912
40912
40912
40913
40913
40914
40914
40914
40915
40915
40915
40916
40916
40916
40917
40917
40917
40918
40918
40919
40919
40920
40920
40920
40921
40921
40921
40921
40922
40922
40922
40922
40923
40923
40924
40924
40924
40925
40925
40925
40926
40926
40926
40926
40927
40927
40927
40927
40928
40928
40929
40930
40930
40930
40931
40932
40932
40932
40933
40933
40934
40934
40935
40935
40936
40936
40937
40937
40937
40937
40938
40938
40938
40939
40939
40940
40940
40941
40941
40942
40942
40943
40943
40943
40944
40944
40944
40945
40945
40945
40946
40946
40947
40947
40947
40948
40949
40949
40950
40950
40951
40951
40952
40952
40952
40953
40953
40953
40953
40954
40954
40954
40954
40955
40955
40956
40956
40957
40958
40958
40959
40959
40959
40959
40960
40960
40960
40961
40961
40961
40961
40962
40962
40963
40963
40963
40963
40964
40965
40965
40965
40965
40966
40966
40966
40967
40968
40968
40968
40968
40969
40969
40969
40970
40970
40970
40971
40971
40971
40972
40972
40972
40972
40973
40973
40974
40974
40974
40975
40975
40975
40976
40976
40976
40977
40977
40977
40978
40978
40978
40978
40979
40979
40979
40980
40980
40980
40980
40981
40981
40981
40982
40982
40982
40982
40983
40983
40983
40984
40984
40984
40985
40986
40986
40986
40987
40987
40987
40988
40988
40989
40989
40989
40990
40990
40992
40993
40993
40994
40994
40994
40995
40995
40995
40995
40996
40996
40996
40996
40997
40997
40998
40998
40998
40999
40999
40999
41000
41000
41001
41002
41002
41003
41003
41003
41003
41004
41004
41005
41005
41005
41006
41006
41006
41007
41007
41007
41008
41008
41008
41009
41009
41009
41010
41010
41010
41010
41011
41011
41011
41011
41012
41012
41012
41012
41013
41013
41013
41014
41014
41014
41015
41015
41016
41017
41017
41017
41018
41018
41020
41020
41020
41021
41021
41021
41021
41022
41023
41023
41024
41024
41024
41025
41025
41026
41026
41026
41027
41027
41027
41028
41029
41029
41030
41030
41030
41031
41032
41032
41032
41033
41034
41034
41034
41035
41035
41035
41036
41036
41037
41037
41037
41038
41038
41038
41039
41040
41040
41040
41041
41041
41041
41041
41042
41042
41042
41042
41043
41043
41043
41043
41044
41044
41044
41045
41045
41046
41046
41047
41048
41049
41049
41049
41049
41050
41050
41050
41051
41051
41051
41052
41052
41053
41053
41053
41053
41054
41054
41054
41055
41055
41056
41057
41057
41057
41057
41058
41058
41059
41059
41059
41060
41060
41060
41060
41061
41061
41061
41061
41062
41062
41063
41063
41063
41064
41064
41065
41066
41066
41066
41067
41067
41068
41068
41069
41069
41069
41069
41070
41070
41070
41070
41071
41071
41071
41073
41074
41074
41075
41076
41076
41077
41077
41078
41078
41078
41078
41079
41079
41080
41080
41081
41081
41082
41082
41083
41083
41084
41084
41084
41084
41085
41086
41086
41086
41086
41087
41087
41087
41088
41088
41089
41090
41090
41090
41091
41091
41092
41093
41093
41093
41094
41094
41094
41094
41096
41096
41096
41097
41097
41097
41097
41098
41098
41098
41098
41099
41099
41100
41100
41100
41101
41101
41101
41103
41103
41103
41104
41104
41105
41105
41105
41105
41106
41106
41107
41107
41107
41108
41108
41109
41109
41109
41110
41110
41111
41112
41112
41113
41113
41114
41115
41115
41116
41116
41117
41117
41118
41118
41119
41119
41119
41120
41120
41120
41121
41121
41122
41122
41122
41122
41123
41123
41124
41124
41126
41127
41128
41128
41128
41129
41131
41132
41132
41132
41133
41133
41134
41135
41135
41136
41136
41137
41137
41137
41138
41138
41138
41139
41139
41139
41139
41140
41140
41141
41141
41141
41142
41142
41143
41144
41144
41144
41145
41145
41146
41146
41146
41147
41147
41147
41147
41148
41149
41150
41150
41150
41150
41151
41151
41151
41152
41152
41152
41153
41153
41153
41154
41154
41155
41155
41156
41156
41156
41157
41158
41158
41158
41159
41159
41159
41160
41160
41160
41161
41162
41162
41162
41163
41163
41164
41164
41164
41164
41165
41165
41166
41166
41166
41166
41167
41167
41169
41169
41169
41170
41171
41171
41174
41174
41174
41175
41175
41175
41176
41176
41176
41177
41177
41177
41178
41179
41179
41180
41180
41181
41181
41181
41181
41182
41183
41183
41184
41184
41184
41185
41185
41186
41186
41186
41187
41188
41189
41189
41189
41190
41190
41190
41191
41191
41191
41191
41192
41192
41192
41193
41193
41194
41195
41196
41197
41198
41198
41198
41199
41199
41199
41199
41200
41200
41201
41202
41203
41203
41203
41203
41204
41204
41205
41205
41205
41206
41206
41206
41206
41207
41207
41208
41208
41209
41209
41210
41211
41211
41212
41212
41213
41214
41214
41215
41215
41216
41216
41216
41216
41217
41217
41218
41219
41219
41219
41220
41220
41220
41221
41221
41222
41222
41223
41223
41223
41223
41224
41224
41224
41224
41225
41225
41226
41226
41227
41227
41228
41228
41229
41229
41230
41230
41230
41230
41231
41231
41231
41232
41232
41232
41233
41233
41234
41234
41235
41235
41235
41236
41236
41237
41237
41237
41237
41238
41238
41239
41239
41240
41240
41241
41241
41242
41242
41243
41243
41243
41244
41244
41245
41245
41246
41248
41248
41248
41249
41249
41250
41250
41250
41251
41251
41251
41252
41252
41253
41253
41255
41255
41256
41256
41256
41256
41257
41257
41258
41258
41258
41259
41259
41259
41260
41260
41261
41261
41261
41261
41262
41262
41262
41263
41264
41264
41264
41265
41265
41265
41266
41266
41267
41267
41267
41268
41268
41268
41269
41270
41270
41270
41270
41271
41271
41273
41273
41273
41273
41274
41274
41275
41275
41275
41276
41276
41277
41277
41278
41278
41279
41279
41280
41280
41280
41281
41281
41281
41281
41282
41282
41283
41283
41283
41284
41284
41284
41285
41286
41286
41286
41286
41287
41287
41287
41287
41288
41288
41289
41289
41290
41290
41290
41291
41291
41292
41293
41293
41293
41294
41295
41295
41295
41296
41296
41297
41297
41298
41298
41298
41299
41299
41299
41299
41301
41301
41302
41302
41302
41303
41304
41304
41304
41305
41306
41307
41307
41308
41308
41308
41309
41309
41309
41310
41311
41311
41312
41312
41313
41313
41314
41314
41314
41314
41315
41315
41316
41316
41316
41317
41318
41318
41319
41319
41320
41320
41321
41322
41323
41324
41325
41325
41325
41326
41326
41327
41327
41327
41328
41328
41329
41329
41329
41330
41330
41330
41330
41331
41331
41332
41333
41334
41334
41336
41336
41337
41338
41338
41339
41339
41340
41340
41341
41341
41342
41342
41342
41342
41343
41344
41345
41345
41346
41346
41346
41347
41347
41347
41348
41348
41348
41348
41349
41349
41349
41349
41350
41350
41350
41351
41351
41352
41352
41353
41354
41354
41354
41354
41355
41356
41356
41356
41357
41357
41358
41358
41359
41360
41360
41361
41361
41362
41362
41362
41363
41363
41364
41364
41365
41366
41366
41366
41367
41368
41368
41369
41369
41370
41371
41372
41372
41373
41375
41376
41376
41376
41377
41377
41378
41379
41380
41380
41380
41381
41381
41382
41383
41383
41383
41383
41384
41384
41385
41385
41386
41386
41387
41387
41388
41389
41390
41390
41391
41392
41392
41392
41393
41393
41393
41393
41394
41394
41394
41394
41395
41396
41397
41398
41398
41398
41399
41399
41400
41400
41401
41401
41401
41402
41402
41403
41403
41404
41404
41404
41405
41406
41406
41406
41407
41407
41408
41408
41409
41409
41409
41410
41410
41410
41411
41411
41412
41412
41412
41413
41414
41414
41415
41415
41418
41418
41419
41420
41420
41421
41421
41421
41422
41422
41422
41423
41424
41425
41425
41425
41425
41426
41426
41426
41427
41427
41428
41428
41429
41429
41430
41431
41431
41432
41433
41433
41433
41434
41434
41435
41436
41436
41437
41438
41439
41439
41440
41440
41440
41440
41441
41441
41442
41442
41443
41444
41444
41444
41445
41445
41446
41446
41447
41447
41447
41448
41448
41448
41449
41450
41450
41450
41450
41451
41451
41451
41452
41453
41454
41454
41455
41455
41455
41457
41458
41459
41460
41460
41460
41461
41462
41462
41463
41464
41465
41467
41467
41469
41469
41469
41469
41470
41470
41471
41472
41472
41473
41473
41473
41473
41474
41474
41474
41474
41475
41476
41476
41477
41477
41479
41479
41480
41480
41480
41480
41481
41481
41481
41482
41482
41483
41483
41484
41484
41484
41484
41485
41485
41486
41487
41487
41487
41488
41488
41489
41490
41490
41490
41491
41493
41493
41494
41495
41495
41496
41496
41497
41497
41497
41498
41498
41498
41499
41500
41501
41501
41501
41502
41502
41503
41503
41504
41504
41505
41506
41506
41506
41507
41508
41509
41509
41510
41511
41512
41512
41512
41512
41513
41513
41514
41514
41515
41515
41516
41516
41516
41517
41517
41517
41517
41519
41520
41521
41521
41522
41522
41523
41524
41524
41525
41526
41526
41526
41527
41527
41527
41528
41529
41529
41530
41532
41533
41533
41534
41534
41534
41535
41535
41535
41535
41536
41537
41537
41538
41538
41538
41539
41539
41541
41541
41542
41543
41543
41543
41545
41545
41546
41546
41546
41547
41547
41548
41548
41549
41549
41549
41550
41550
41551
41552
41553
41554
41555
41555
41555
41556
41557
41557
41557
41558
41558
41559
41559
41559
41560
41560
41561
41561
41562
41562
41563
41563
41564
41564
41565
41566
41566
41566
41567
41567
41567
41567
41568
41569
41570
41571
41572
41572
41573
41573
41574
41574
41574
41575
41575
41577
41577
41577
41578
41579
41579
41579
41580
41581
41581
41581
41582
41583
41583
41583
41584
41585
41586
41586
41587
41587
41587
41587
41588
41588
41588
41589
41589
41589
41590
41590
41591
41591
41592
41593
41595
41595
41596
41597
41597
41598
41598
41599
41599
41600
41600
41600
41600
41601
41601
41602
41603
41604
41604
41606
41607
41608
41609
41610
41610
41610
41611
41611
41613
41615
41615
41616
41616
41619
41619
41620
41621
41621
41621
41622
41622
41623
41624
41624
41625
41625
41626
41626
41626
41627
41628
41628
41628
41629
41629
41629
41630
41631
41631
41632
41632
41633
41633
41634
41634
41634
41635
41635
41635
41636
41637
41637
41637
41638
41638
41639
41639
41640
41641
41641
41642
41643
41643
41643
41644
41644
41645
41645
41645
41646
41646
41647
41647
41647
41647
41649
41649
41650
41650
41651
41652
41655
41657
41657
41657
41658
41659
41659
41659
41660
41660
41660
41661
41662
41663
41663
41664
41664
41664
41665
41665
41665
41667
41667
41667
41668
41668
41668
41669
41670
41671
41672
41672
41674
41675
41675
41675
41676
41676
41677
41678
41678
41679
41680
41681
41681
41683
41684
41684
41685
41686
41686
41686
41687
41688
41688
41689
41689
41689
41690
41691
41691
41691
41692
41692
41692
41692
41693
41693
41694
41694
41694
41695
41695
41695
41695
41697
41698
41698
41698
41698
41699
41700
41700
41701
41702
41703
41704
41704
41704
41704
41705
41708
41709
41710
41710
41710
41711
41711
41712
41712
41713
41713
41713
41713
41714
41714
41715
41715
41715
41715
41716
41717
41717
41718
41718
41719
41719
41720
41720
41721
41721
41721
41722
41722
41722
41723
41724
41724
41724
41726
41727
41728
41729
41730
41730
41730
41731
41731
41732
41732
41734
41736
41736
41736
41737
41739
41739
41740
41741
41742
41742
41742
41745
41745
41745
41746
41747
41747
41748
41748
41748
41749
41749
41750
41750
41750
41751
41752
41752
41753
41754
41754
41755
41755
41755
41756
41757
41758
41758
41759
41759
41760
41762
41762
41762
41763
41763
41763
41764
41764
41764
41765
41767
41768
41768
41768
41769
41770
41771
41772
41772
41772
41773
41773
41773
41774
41774
41775
41776
41776
41777
41777
41777
41778
41779
41779
41780
41780
41780
41781
41782
41782
41783
41784
41784
41785
41785
41785
41785
41787
41788
41789
41790
41791
41792
41792
41794
41794
41795
41795
41797
41797
41798
41798
41798
41799
41801
41802
41803
41804
41804
41804
41805
41805
41806
41806
41807
41807
41808
41808
41808
41809
41809
41811
41812
41812
41812
41812
41813
41813
41814
41815
41815
41816
41817
41817
41818
41819
41819
41820
41821
41821
41822
41823
41823
41823
41824
41824
41824
41825
41825
41825
41826
41827
41829
41829
41830
41831
41831
41832
41832
41833
41834
41834
41835
41835
41835
41835
41837
41838
41838
41839
41839
41840
41840
41841
41841
41842
41843
41843
41843
41844
41845
41845
41846
41846
41847
41847
41848
41849
41849
41851
41852
41852
41853
41853
41854
41854
41855
41856
41856
41857
41858
41859
41859
41860
41860
41861
41862
41862
41863
41863
41863
41864
41864
41864
41865
41866
41867
41869
41869
41869
41870
41871
41872
41872
41872
41873
41873
41874
41874
41874
41875
41875
41875
41876
41877
41878
41878
41881
41881
41881
41881
41882
41883
41883
41883
41884
41885
41885
41885
41887
41888
41888
41888
41889
41889
41890
41892
41892
41893
41894
41894
41895
41895
41895
41896
41896
41897
41897
41898
41898
41901
41902
41902
41903
41904
41904
41905
41906
41906
41907
41908
41909
41909
41910
41910
41911
41911
41913
41913
41914
41914
41915
41915
41915
41916
41917
41917
41918
41918
41919
41919
41920
41920
41921
41922
41923
41923
41923
41924
41924
41924
41925
41925
41925
41926
41928
41928
41928
41929
41929
41930
41930
41932
41934
41935
41935
41937
41938
41939
41939
41940
41940
41941
41941
41942
41944
41945
41948
41949
41950
41950
41951
41951
41952
41955
41957
41957
41958
41958
41959
41959
41960
41960
41962
41964
41965
41965
41965
41966
41966
41968
41968
41968
41968
41969
41969
41969
41971
41971
41972
41973
41973
41975
41976
41977
41977
41978
41978
41979
41979
41981
41982
41982
41984
41986
41986
41987
41988
41988
41988
41991
41991
41992
41993
41993
41994
41995
41996
41996
41996
41997
41997
41997
41998
41999
41999
41999
42000
42000
42001
42002
42002
42003
42004
42004
42005
42007
42008
42008
42009
42010
42011
42012
42012
42013
42013
42014
42014
42014
42015
42015
42016
42016
42018
42019
42019
42020
42021
42021
42022
42022
42022
42023
42023
42024
42026
42027
42028
42028
42029
42030
42031
42031
42032
42034
42034
42036
42037
42037
42038
42038
42039
42039
42040
42041
42041
42041
42042
42043
42043
42043
42044
42044
42045
42045
42045
42046
42046
42047
42047
42047
42048
42049
42049
42051
42052
42053
42054
42055
42055
42055
42062
42062
42063
42064
42064
42066
42067
42067
42068
42069
42070
42072
42074
42074
42075
42076
42076
42077
42077
42077
42078
42079
42079
42080
42081
42081
42083
42083
42083
42084
42084
42084
42085
42086
42088
42090
42091
42092
42092
42092
42093
42093
42094
42094
42095
42095
42096
42097
42097
42098
42100
42101
42102
42102
42102
42103
42107
42107
42108
42109
42109
42110
42113
42115
42115
42118
42118
42119
42120
42122
42124
42125
42126
42126
42127
42128
42130
42130
42131
42132
42134
42134
42135
42136
42136
42137
42138
42138
42138
42138
42139
42140
42142
42143
42143
42144
42145
42146
42146
42147
42147
42149
42150
42151
42155
42156
42156
42157
42158
42159
42161
42163
42164
42164
42165
42166
42166
42166
42169
42170
42170
42170
42170
42171
42171
42173
42174
42175
42175
42176
42176
42177
42177
42177
42178
42180
42180
42180
42181
42182
42183
42184
42185
42186
42188
42188
42190
42191
42192
42193
42193
42196
42198
42200
42201
42202
42203
42204
42204
42204
42205
42205
42206
42206
42207
42208
42210
42210
42210
42210
42214
42214
42217
42217
42218
42219
42219
42220
42221
42222
42226
42227
42227
42228
42228
42229
42232
42234
42235
42238
42238
42240
42241
42242
42242
42243
42244
42246
42247
42248
42248
42248
42249
42249
42251
42252
42253
42254
42255
42257
42258
42258
42259
42261
42263
42264
42264
42266
42267
42268
42268
42270
42272
42273
42273
42274
42274
42277
42278
42278
42279
42279
42281
42281
42282
42282
42283
42284
42284
42287
42287
42289
42290
42290
42290
42291
42292
42292
42293
42295
42295
42296
42297
42297
42298
42298
42300
42300
42301
42302
42302
42302
42303
42306
42306
42309
42310
42310
42311
42311
42312
42314
42315
42316
42316
42318
42319
42320
42321
42323
42324
42325
42325
42326
42326
42326
42329
42329
42332
42334
42336
42337
42338
42339
42341
42344
42344
42345
42345
42345
42348
42349
42349
42350
42352
42353
42356
42357
42357
42359
42359
42359
42363
42364
42364
42366
42370
42370
42371
42372
42374
42375
42375
42376
42377
42377
42378
42379
42383
42383
42385
42386
42387
42388
42389
42390
42392
42392
42394
42394
42394
42395
42396
42397
42398
42399
42399
42400
42402
42402
42404
42404
42406
42407
42408
42409
42412
42413
42414
42414
42414
42415
42415
42418
42419
42423
42425
42427
42427
42428
42429
42429
42431
42431
42433
42438
42438
42440
42441
42442
42444
42447
42448
42450
42451
42452
42452
42454
42457
42459
42459
42461
42462
42462
42463
42464
42467
42467
42468
42476
42476
42477
42478
42480
42483
42487
42487
42488
42489
42492
42492
42492
42494
42497
42498
42500
42500
42501
42502
42503
42510
42511
42511
42511
42514
42515
42515
42517
42522
42522
42523
42523
42524
42525
42526
42526
42527
42527
42528
42531
42534
42535
42535
42536
42537
42539
42539
42539
42540
42542
42545
42549
42549
42550
42551
42553
42555
42556
42558
42559
42561
42564
42564
42567
42568
42569
42573
42573
42574
42575
42577
42577
42578
42578
42578
42579
42581
42582
42582
42583
42584
42585
42587
42592
42594
42596
42599
42599
42600
42603
42603
42605
42607
42608
42609
42612
42612
42613
42615
42618
42619
42628
42632
42634
42637
42638
42643
42644
42645
42649
42651
42653
42658
42659
42660
42662
42663
42663
42665
42666
42667
42672
42673
42675
42675
42675
42676
42678
42681
42684
42688
42690
42691
42692
42692
42693
42693
42699
42705
42705
42706
42707
42708
42712
42716
42719
42720
42723
42726
42728
42728
42731
42738
42742
42742
42744
42744
42744
42745
42748
42750
42750
42751
42752
42755
42757
42757
42759
42759
42760
42762
42763
42775
42780
42780
42784
42784
42786
42796
42804
42806
42815
42816
42818
42823
42824
42829
42834
42835
42835
42836
42839
42842
42843
42845
42853
42853
42862
42868
42885
42893
42893
42895
42896
42906
42915
42915
42915
42916
42916
42916
42916
42917
42917
42917
42917
42918
42918
42918
42918
42919
42919
42919
42919
42920
42920
42920
42920
42921
42921
42921
42921
42922
42922
42922
42922
42923
42923
42923
42923
42924
42924
42924
42925
42925
42925
42925
42926
42926
42926
42926
42927
42927
42927
42927
42928
42928
42928
42928
42929
42929
42929
42929
42930
42930
42930
42931
42931
42931
42931
42932
42932
42932
42932
42933
42933
42933
42934
42934
42934
42934
42935
42935
42935
42936
42936
42936
42937
42937
42937
42938
42938
42938
42938
42939
42939
42939
42939
42940
42940
42940
42941
42941
42941
42941
42942
42942
42942
42942
42943
42943
42943
42943
42944
42944
42944
42944
42945
42945
42946
42946
42946
42947
42947
42947
42947
42948
42948
42948
42948
42949
42949
42949
42950
42950
42950
42951
42951
42951
42951
42952
42952
42952
42952
42953
42953
42953
42953
42954
42954
42954
42954
42955
42955
42955
42955
42956
42956
42957
42957
42957
42958
42958
42958
42958
42959
42959
42959
42959
42960
42960
42961
42961
42961
42962
42962
42962
42962
42963
42963
42963
42963
42964
42964
42964
42964
42965
42965
42966
42966
42966
42967
42967
42967
42967
42968
42968
42968
42969
42969
42969
42970
42970
42970
42970
42971
42971
42971
42972
42972
42972
42972
42973
42973
42973
42974
42974
42974
42975
42975
42975
42976
42976
42976
42976
42977
42977
42977
42977
42978
42978
42978
42979
42979
42979
42979
42980
42980
42980
42980
42981
42981
42981
42982
42982
42982
42982
42983
42983
42983
42983
42984
42984
42984
42984
42985
42985
42985
42985
42986
42986
42986
42987
42987
42988
42988
42988
42988
42989
42989
42989
42989
42990
42990
42990
42991
42991
42991
42991
42992
42992
42993
42993
42993
42993
42994
42994
42994
42994
42995
42996
42996
42996
42996
42997
42997
42997
42997
42998
42998
42998
42998
42999
42999
42999
42999
43000
43000
43000
43000
43001
43001
43001
43002
43002
43002
43003
43003
43003
43003
43004
43004
43004
43004
43005
43005
43005
43006
43006
43006
43006
43007
43007
43007
43008
43008
43008
43008
43009
43009
43009
43010
43010
43010
43010
43011
43011
43011
43012
43012
43013
43013
43014
43014
43014
43014
43015
43015
43015
43015
43016
43016
43016
43016
43017
43017
43017
43018
43018
43018
43018
43019
43019
43019
43020
43020
43020
43020
43021
43021
43021
43022
43022
43022
43023
43023
43024
43024
43024
43024
43025
43025
43025
43026
43026
43027
43027
43027
43027
43028
43028
43028
43028
43029
43029
43029
43030
43030
43031
43031
43031
43031
43032
43032
43032
43032
43033
43033
43033
43034
43034
43034
43034
43035
43036
43036
43036
43036
43037
43037
43037
43037
43038
43038
43038
43038
43039
43039
43039
43039
43040
43040
43040
43041
43042
43042
43042
43042
43043
43043
43043
43043
43044
43044
43044
43045
43045
43045
43045
43046
43046
43046
43047
43047
43047
43047
43048
43048
43048
43048
43049
43049
43049
43050
43050
43050
43051
43051
43051
43051
43052
43052
43052
43052
43053
43053
43053
43053
43054
43054
43054
43054
43055
43055
43055
43055
43056
43056
43056
43056
43057
43057
43057
43058
43058
43059
43059
43059
43059
43060
43060
43060
43060
43061
43061
43061
43061
43062
43062
43062
43062
43063
43063
43063
43063
43064
43064
43064
43065
43065
43065
43065
43066
43066
43066
43067
43067
43068
43068
43068
43068
43069
43069
43069
43069
43070
43070
43070
43071
43071
43071
43072
43072
43072
43072
43073
43073
43073
43073
43074
43074
43074
43074
43075
43075
43075
43076
43076
43076
43076
43077
43077
43077
43078
43078
43078
43078
43079
43079
43079
43079
43080
43080
43080
43081
43081
43081
43082
43082
43082
43082
43083
43083
43084
43084
43084
43085
43085
43085
43086
43086
43086
43087
43087
43088
43088
43088
43089
43089
43089
43089
43090
43090
43090
43090
43091
43091
43091
43092
43092
43092
43093
43093
43093
43094
43094
43094
43095
43095
43095
43095
43096
43096
43096
43096
43097
43097
43097
43097
43098
43098
43098
43098
43099
43099
43099
43099
43100
43100
43100
43100
43101
43101
43101
43102
43102
43102
43103
43103
43103
43103
43104
43104
43104
43105
43105
43105
43106
43106
43106
43107
43107
43107
43108
43108
43108
43109
43109
43109
43110
43110
43110
43111
43111
43111
43111
43112
43112
43112
43113
43113
43113
43113
43114
43114
43114
43114
43115
43115
43115
43115
43116
43116
43117
43117
43117
43118
43118
43118
43118
43119
43119
43119
43120
43120
43120
43121
43121
43121
43121
43122
43122
43122
43122
43123
43123
43123
43124
43124
43124
43124
43125
43125
43125
43125
43126
43126
43126
43127
43127
43128
43128
43129
43129
43129
43130
43130
43130
43131
43131
43131
43131
43132
43132
43132
43133
43133
43134
43134
43134
43134
43135
43135
43136
43136
43137
43137
43137
43138
43138
43138
43139
43139
43139
43140
43140
43140
43141
43141
43142
43142
43143
43143
43143
43144
43144
43145
43145
43145
43146
43146
43146
43147
43147
43147
43147
43148
43148
43148
43148
43149
43149
43149
43149
43150
43150
43150
43151
43151
43151
43152
43152
43152
43152
43153
43153
43153
43153
43154
43154
43154
43154
43155
43155
43156
43156
43157
43157
43157
43157
43158
43158
43158
43159
43159
43159
43160
43161
43161
43161
43162
43162
43162
43163
43163
43163
43164
43164
43164
43165
43165
43165
43165
43166
43166
43166
43167
43167
43167
43168
43168
43168
43169
43169
43169
43169
43170
43170
43170
43170
43171
43171
43171
43171
43172
43172
43172
43172
43173
43173
43174
43174
43174
43175
43175
43175
43175
43176
43176
43176
43177
43177
43177
43177
43178
43178
43178
43178
43179
43179
43179
43180
43180
43180
43181
43181
43181
43182
43182
43182
43183
43183
43183
43184
43184
43184
43185
43185
43186
43186
43186
43186
43187
43187
43187
43188
43189
43189
43189
43189
43190
43190
43190
43191
43191
43191
43191
43192
43192
43193
43193
43193
43193
43194
43194
43194
43194
43195
43195
43195
43196
43196
43196
43197
43197
43197
43198
43198
43198
43199
43199
43199
43199
43200
43201
43201
43201
43203
43203
43203
43203
43204
43204
43204
43204
43205
43205
43205
43205
43206
43206
43206
43206
43207
43207
43207
43208
43208
43208
43208
43209
43209
43209
43210
43211
43211
43211
43211
43212
43212
43212
43213
43213
43213
43214
43214
43214
43215
43215
43216
43216
43216
43216
43217
43217
43218
43218
43218
43218
43219
43219
43219
43219
43220
43220
43220
43220
43221
43221
43222
43222
43222
43222
43223
43223
43223
43223
43224
43224
43224
43225
43225
43226
43226
43227
43227
43227
43228
43228
43228
43228
43229
43229
43229
43230
43230
43230
43230
43231
43231
43231
43231
43232
43232
43232
43232
43233
43233
43234
43234
43234
43235
43235
43235
43235
43236
43236
43237
43237
43237
43238
43238
43238
43239
43239
43239
43239
43240
43240
43240
43241
43241
43241
43241
43242
43242
43242
43242
43243
43243
43243
43244
43244
43244
43245
43245
43246
43246
43246
43247
43248
43248
43248
43249
43249
43249
43249
43250
43250
43250
43251
43251
43251
43251
43252
43252
43252
43253
43253
43254
43254
43254
43255
43255
43255
43256
43256
43256
43257
43257
43257
43258
43258
43258
43258
43259
43259
43259
43259
43260
43260
43261
43261
43261
43262
43262
43262
43263
43263
43264
43264
43264
43265
43265
43265
43266
43266
43266
43266
43267
43267
43267
43268
43268
43268
43268
43269
43269
43269
43270
43270
43270
43270
43271
43271
43272
43272
43273
43273
43274
43274
43274
43274
43275
43275
43275
43275
43276
43276
43276
43276
43277
43277
43277
43278
43278
43278
43279
43280
43280
43280
43281
43281
43281
43282
43282
43282
43283
43283
43283
43284
43284
43284
43284
43285
43285
43285
43286
43286
43287
43287
43287
43287
43288
43288
43288
43288
43289
43289
43290
43290
43290
43291
43291
43291
43292
43292
43292
43293
43293
43293
43293
43294
43294
43294
43295
43295
43295
43295
43296
43296
43296
43297
43297
43297
43298
43298
43298
43299
43299
43300
43300
43301
43301
43302
43302
43302
43302
43303
43303
43303
43304
43304
43304
43304
43305
43305
43305
43306
43306
43306
43307
43307
43307
43308
43308
43308
43309
43309
43309
43309
43310
43310
43310
43311
43312
43312
43312
43313
43313
43313
43314
43314
43314
43315
43315
43315
43316
43316
43316
43317
43317
43317
43317
43318
43318
43318
43318
43319
43319
43319
43319
43320
43320
43320
43321
43321
43321
43321
43322
43322
43322
43322
43323
43323
43323
43323
43324
43324
43324
43324
43325
43325
43326
43327
43327
43327
43328
43328
43328
43328
43329
43329
43330
43330
43330
43331
43331
43331
43331
43332
43332
43332
43333
43333
43334
43334
43334
43335
43335
43335
43336
43336
43336
43337
43337
43337
43337
43338
43338
43339
43339
43339
43340
43340
43340
43341
43341
43341
43342
43342
43342
43342
43343
43343
43343
43343
43344
43344
43344
43345
43345
43345
43346
43346
43347
43347
43348
43348
43348
43349
43349
43349
43349
43350
43350
43350
43351
43351
43352
43352
43352
43352
43353
43353
43353
43354
43354
43355
43355
43355
43356
43356
43356
43357
43357
43357
43357
43358
43358
43358
43358
43359
43359
43359
43360
43360
43361
43361
43361
43362
43362
43362
43363
43363
43363
43363
43364
43364
43364
43365
43365
43365
43366
43366
43366
43366
43367
43367
43367
43368
43368
43368
43368
43369
43369
43369
43370
43370
43371
43371
43371
43371
43372
43372
43372
43373
43373
43373
43374
43374
43375
43375
43375
43375
43376
43376
43376
43376
43377
43377
43377
43378
43378
43378
43378
43379
43379
43379
43379
43380
43380
43380
43381
43381
43381
43381
43382
43382
43383
43383
43383
43384
43384
43384
43385
43385
43385
43386
43386
43386
43387
43387
43387
43388
43388
43388
43389
43389
43389
43389
43390
43390
43391
43391
43391
43391
43392
43392
43392
43393
43393
43393
43393
43394
43394
43394
43395
43395
43395
43395
43396
43396
43396
43397
43397
43397
43398
43398
43398
43398
43399
43399
43399
43400
43400
43400
43401
43401
43401
43402
43402
43402
43403
43403
43403
43404
43404
43404
43404
43405
43405
43405
43406
43406
43406
43406
43407
43407
43407
43407
43408
43408
43408
43409
43409
43409
43410
43410
43410
43411
43411
43411
43411
43412
43412
43412
43413
43413
43413
43414
43414
43415
43415
43415
43416
43416
43416
43417
43417
43418
43418
43418
43419
43419
43419
43420
43420
43420
43421
43421
43421
43421
43422
43422
43423
43423
43423
43423
43424
43425
43425
43425
43425
43426
43426
43426
43426
43427
43427
43427
43428
43428
43429
43429
43430
43430
43430
43431
43431
43432
43432
43432
43433
43433
43433
43434
43434
43434
43435
43435
43435
43436
43436
43436
43437
43437
43437
43437
43438
43438
43438
43439
43439
43440
43440
43440
43440
43441
43441
43441
43441
43442
43442
43442
43443
43443
43444
43444
43445
43445
43446
43446
43447
43447
43447
43448
43448
43448
43449
43449
43449
43451
43452
43452
43452
43453
43453
43453
43454
43454
43455
43455
43456
43456
43457
43457
43457
43458
43458
43458
43459
43459
43460
43460
43460
43460
43461
43461
43462
43462
43462
43463
43463
43463
43464
43464
43464
43465
43465
43466
43467
43467
43468
43468
43469
43469
43469
43470
43470
43471
43471
43471
43472
43472
43472
43473
43474
43474
43475
43475
43475
43476
43476
43476
43477
43477
43477
43478
43478
43479
43479
43479
43480
43480
43480
43481
43481
43481
43482
43482
43482
43482
43483
43483
43483
43484
43484
43485
43485
43486
43486
43486
43487
43487
43488
43488
43489
43489
43489
43489
43490
43490
43490
43491
43491
43492
43492
43493
43493
43494
43494
43494
43494
43495
43495
43496
43497
43497
43497
43498
43498
43498
43499
43499
43499
43500
43500
43500
43501
43501
43501
43502
43502
43502
43503
43503
43503
43503
43504
43504
43504
43505
43505
43505
43505
43506
43506
43507
43507
43508
43508
43508
43509
43509
43510
43510
43510
43511
43511
43511
43512
43512
43512
43512
43513
43513
43513
43513
43514
43514
43515
43515
43516
43516
43516
43517
43517
43517
43517
43518
43518
43518
43519
43519
43519
43520
43520
43521
43521
43521
43522
43522
43523
43523
43524
43524
43524
43525
43525
43525
43526
43526
43526
43526
43527
43527
43527
43528
43528
43528
43528
43529
43529
43530
43530
43530
43530
43531
43531
43531
43532
43532
43532
43532
43533
43533
43533
43534
43534
43534
43534
43535
43535
43536
43536
43536
43537
43537
43537
43538
43538
43538
43539
43539
43539
43540
43540
43540
43540
43541
43541
43541
43542
43542
43542
43543
43543
43543
43544
43545
43545
43545
43546
43546
43547
43547
43548
43548
43548
43549
43549
43549
43550
43550
43550
43551
43551
43551
43552
43552
43553
43553
43553
43553
43554
43554
43554
43554
43555
43555
43555
43556
43556
43556
43556
43557
43557
43557
43558
43558
43558
43558
43559
43559
43559
43560
43560
43560
43561
43561
43561
43562
43562
43562
43563
43563
43563
43564
43564
43564
43565
43565
43565
43566
43566
43567
43567
43568
43568
43568
43568
43569
43569
43569
43570
43570
43571
43572
43572
43572
43573
43573
43573
43574
43575
43575
43576
43576
43577
43577
43577
43577
43578
43578
43578
43579
43579
43579
43580
43581
43581
43581
43582
43582
43582
43583
43583
43584
43584
43584
43584
43585
43585
43585
43586
43586
43587
43588
43588
43589
43589
43590
43590
43591
43591
43591
43591
43592
43592
43593
43593
43594
43594
43594
43595
43595
43595
43595
43596
43596
43596
43597
43597
43597
43598
43598
43599
43599
43600
43601
43601
43602
43602
43602
43602
43603
43603
43603
43604
43604
43604
43605
43605
43606
43606
43606
43606
43607
43607
43607
43608
43609
43610
43610
43610
43610
43611
43611
43612
43612
43613
43613
43613
43613
43614
43614
43614
43615
43615
43615
43616
43616
43617
43617
43617
43618
43618
43618
43619
43619
43619
43620
43620
43620
43620
43621
43621
43621
43622
43622
43622
43623
43623
43624
43624
43625
43625
43625
43625
43626
43626
43626
43627
43627
43628
43628
43628
43629
43629
43630
43630
43630
43631
43631
43631
43632
43632
43633
43633
43634
43634
43634
43634
43635
43635
43635
43636
43637
43637
43637
43638
43638
43638
43639
43639
43639
43640
43640
43640
43640
43641
43642
43642
43642
43643
43643
43644
43644
43644
43645
43645
43645
43645
43646
43646
43646
43647
43647
43648
43648
43648
43649
43649
43649
43650
43650
43650
43651
43651
43651
43652
43652
43653
43653
43654
43654
43655
43655
43655
43655
43657
43657
43658
43658
43658
43659
43660
43660
43660
43660
43661
43661
43661
43662
43663
43663
43664
43664
43664
43664
43665
43665
43665
43666
43666
43666
43666
43667
43667
43667
43667
43668
43668
43668
43668
43670
43670
43670
43670
43671
43671
43671
43672
43672
43673
43673
43673
43674
43674
43674
43674
43675
43675
43675
43676
43676
43677
43677
43678
43678
43678
43679
43679
43679
43680
43680
43681
43681
43681
43682
43682
43683
43683
43683
43683
43684
43684
43684
43685
43686
43686
43686
43687
43688
43688
43688
43689
43690
43690
43690
43691
43691
43692
43692
43693
43693
43693
43693
43694
43694
43694
43695
43695
43695
43696
43696
43697
43697
43698
43698
43698
43699
43699
43699
43700
43700
43700
43701
43701
43702
43702
43702
43703
43703
43703
43704
43704
43705
43705
43705
43706
43707
43707
43708
43708
43708
43708
43709
43709
43709
43710
43710
43711
43711
43711
43712
43713
43714
43714
43714
43714
43715
43715
43716
43716
43717
43717
43717
43717
43718
43718
43718
43718
43719
43719
43720
43720
43720
43720
43721
43721
43721
43721
43722
43722
43722
43723
43723
43723
43724
43724
43724
43725
43726
43727
43727
43727
43728
43728
43728
43729
43730
43730
43730
43731
43731
43732
43732
43733
43733
43733
43734
43734
43735
43735
43735
43736
43736
43737
43737
43737
43738
43738
43739
43739
43740
43740
43740
43741
43741
43742
43742
43743
43743
43743
43744
43745
43745
43746
43746
43747
43747
43748
43749
43749
43750
43750
43750
43750
43751
43751
43752
43752
43752
43752
43753
43753
43753
43753
43754
43754
43755
43755
43755
43756
43756
43756
43757
43757
43758
43758
43759
43760
43761
43761
43761
43762
43762
43762
43763
43763
43763
43764
43765
43765
43765
43766
43766
43766
43766
43767
43767
43767
43767
43768
43768
43769
43769
43770
43770
43770
43771
43771
43772
43772
43772
43772
43773
43773
43773
43774
43774
43774
43775
43775
43776
43776
43777
43777
43777
43778
43778
43779
43779
43779
43779
43780
43780
43781
43781
43781
43781
43782
43784
43784
43785
43785
43786
43786
43787
43787
43787
43788
43788
43788
43789
43789
43789
43790
43790
43791
43791
43791
43792
43792
43793
43793
43794
43794
43794
43795
43795
43795
43795
43796
43796
43796
43797
43797
43797
43798
43798
43799
43799
43800
43800
43800
43801
43801
43802
43802
43802
43803
43803
43804
43805
43805
43805
43806
43807
43807
43808
43809
43809
43809
43810
43810
43810
43811
43811
43811
43812
43812
43812
43813
43813
43813
43814
43814
43815
43815
43816
43816
43817
43817
43817
43817
43818
43818
43818
43818
43819
43819
43820
43820
43820
43820
43821
43821
43821
43822
43822
43822
43823
43823
43823
43823
43824
43824
43824
43825
43825
43827
43827
43827
43828
43828
43829
43829
43829
43830
43830
43831
43831
43831
43831
43832
43832
43832
43833
43833
43833
43833
43834
43834
43834
43835
43835
43835
43836
43836
43836
43836
43837
43837
43837
43838
43838
43839
43839
43840
43840
43840
43841
43841
43842
43842
43843
43843
43843
43844
43844
43844
43845
43845
43845
43845
43846
43847
43847
43848
43848
43849
43850
43851
43851
43851
43852
43852
43853
43853
43854
43854
43854
43855
43855
43855
43855
43856
43856
43856
43857
43857
43858
43858
43859
43859
43860
43860
43860
43861
43861
43861
43861
43862
43862
43863
43864
43864
43865
43865
43865
43866
43866
43867
43867
43869
43870
43871
43872
43874
43874
43874
43874
43875
43875
43876
43876
43876
43877
43877
43877
43878
43878
43879
43879
43879
43880
43880
43881
43881
43882
43882
43883
43883
43884
43884
43884
43885
43886
43886
43886
43886
43887
43887
43888
43888
43889
43889
43890
43890
43890
43891
43891
43892
43892
43893
43893
43896
43896
43897
43897
43897
43898
43898
43898
43899
43899
43900
43900
43901
43901
43902
43902
43903
43903
43903
43903
43904
43904
43905
43905
43905
43906
43906
43906
43907
43907
43907
43908
43908
43908
43910
43910
43910
43911
43911
43911
43912
43913
43914
43914
43915
43916
43917
43917
43917
43917
43918
43918
43919
43919
43920
43920
43920
43921
43921
43921
43922
43923
43923
43923
43923
43924
43924
43925
43925
43925
43926
43926
43927
43927
43927
43928
43929
43929
43930
43930
43930
43931
43931
43931
43932
43932
43933
43933
43933
43934
43934
43935
43935
43935
43936
43936
43936
43937
43938
43938
43939
43939
43940
43941
43941
43941
43942
43942
43943
43943
43945
43945
43946
43947
43947
43948
43948
43948
43949
43950
43950
43951
43951
43951
43952
43952
43953
43953
43954
43955
43956
43956
43956
43956
43957
43957
43958
43958
43958
43959
43959
43959
43960
43960
43961
43961
43961
43962
43962
43962
43963
43963
43963
43964
43965
43966
43966
43966
43967
43967
43967
43970
43970
43971
43971
43971
43972
43972
43972
43973
43973
43973
43974
43975
43975
43975
43976
43976
43977
43977
43978
43978
43978
43978
43979
43980
43981
43981
43981
43982
43982
43982
43983
43984
43984
43985
43985
43986
43987
43987
43987
43988
43988
43989
43989
43990
43990
43990
43990
43991
43991
43992
43992
43992
43993
43993
43994
43994
43995
43995
43996
43997
43997
43998
43998
43998
43999
43999
43999
44000
44000
44000
44001
44002
44002
44002
44003
44003
44004
44004
44005
44005
44006
44006
44006
44007
44007
44008
44008
44008
44009
44009
44009
44010
44011
44011
44011
44012
44012
44013
44013
44014
44014
44014
44015
44016
44016
44016
44016
44017
44017
44018
44018
44018
44019
44019
44019
44020
44020
44020
44021
44022
44023
44023
44023
44024
44024
44024
44025
44026
44026
44027
44027
44027
44028
44028
44029
44030
44031
44031
44032
44032
44032
44033
44033
44033
44034
44034
44036
44036
44037
44037
44037
44037
44038
44039
44039
44039
44040
44040
44041
44041
44041
44042
44043
44043
44043
44043
44044
44044
44045
44045
44046
44046
44046
44047
44047
44047
44048
44048
44048
44048
44049
44050
44051
44052
44052
44052
44053
44053
44053
44053
44054
44054
44055
44055
44055
44055
44056
44056
44056
44056
44057
44057
44058
44058
44058
44059
44059
44060
44060
44061
44061
44061
44062
44062
44063
44064
44064
44064
44065
44065
44066
44066
44066
44066
44067
44067
44067
44068
44068
44068
44069
44070
44070
44070
44071
44071
44072
44072
44072
44073
44074
44074
44075
44075
44076
44077
44077
44078
44078
44079
44079
44079
44080
44080
44081
44081
44081
44082
44082
44082
44083
44083
44084
44084
44084
44085
44086
44087
44088
44089
44089
44089
44090
44090
44090
44091
44091
44091
44092
44092
44092
44093
44093
44094
44094
44095
44095
44095
44096
44097
44098
44098
44099
44099
44100
44100
44100
44101
44101
44101
44102
44103
44103
44104
44104
44105
44105
44106
44106
44106
44107
44107
44109
44109
44110
44110
44110
44111
44112
44113
44114
44115
44115
44116
44117
44117
44117
44118
44119
44119
44120
44120
44120
44120
44121
44121
44121
44122
44122
44122
44122
44123
44123
44123
44124
44125
44125
44126
44126
44127
44127
44128
44128
44129
44129
44129
44130
44131
44131
44132
44132
44132
44133
44134
44134
44134
44135
44137
44137
44138
44138
44138
44139
44139
44139
44140
44140
44141
44142
44142
44143
44143
44144
44144
44144
44144
44145
44145
44145
44146
44147
44147
44147
44147
44148
44148
44148
44149
44149
44150
44151
44152
44153
44153
44154
44155
44155
44155
44156
44156
44157
44157
44157
44157
44158
44158
44158
44159
44159
44160
44160
44160
44161
44161
44161
44162
44163
44164
44164
44165
44166
44166
44166
44166
44167
44167
44168
44168
44170
44170
44170
44171
44171
44172
44172
44172
44172
44173
44174
44175
44175
44176
44176
44176
44177
44177
44178
44178
44179
44179
44180
44181
44182
44182
44182
44183
44183
44184
44184
44184
44185
44186
44186
44187
44187
44188
44188
44189
44189
44190
44190
44191
44191
44193
44193
44193
44194
44194
44195
44195
44195
44196
44196
44197
44197
44198
44198
44198
44198
44199
44199
44199
44199
44200
44201
44201
44201
44202
44202
44203
44203
44204
44204
44204
44205
44205
44206
44206
44206
44207
44207
44207
44208
44208
44209
44209
44209
44210
44210
44210
44211
44211
44212
44212
44212
44213
44213
44214
44215
44215
44215
44216
44216
44217
44217
44218
44218
44218
44219
44220
44221
44222
44222
44223
44223
44224
44225
44226
44226
44227
44227
44228
44228
44229
44229
44229
44230
44230
44230
44231
44231
44231
44232
44232
44232
44234
44235
44235
44235
44237
44238
44238
44239
44239
44240
44240
44240
44240
44241
44241
44242
44243
44243
44244
44245
44245
44246
44247
44248
44248
44248
44249
44249
44249
44251
44251
44252
44252
44253
44253
44254
44254
44255
44255
44255
44256
44258
44259
44259
44260
44260
44260
44261
44261
44261
44262
44263
44264
44265
44265
44266
44266
44266
44267
44268
44268
44268
44270
44270
44271
44271
44271
44272
44273
44274
44274
44274
44275
44275
44275
44276
44276
44276
44277
44277
44277
44278
44278
44279
44279
44280
44280
44281
44281
44282
44282
44283
44284
44284
44285
44285
44286
44287
44288
44289
44289
44290
44290
44290
44291
44291
44291
44292
44292
44294
44294
44297
44297
44297
44298
44299
44299
44300
44300
44300
44301
44302
44302
44303
44304
44304
44304
44305
44307
44307
44308
44310
44311
44311
44311
44312
44312
44312
44313
44313
44314
44315
44316
44317
44317
44318
44318
44319
44319
44319
44320
44320
44320
44322
44322
44323
44323
44323
44324
44325
44326
44327
44328
44329
44329
44330
44330
44330
44331
44332
44332
44333
44333
44334
44334
44335
44335
44336
44336
44336
44337
44337
44338
44338
44339
44339
44340
44341
44342
44342
44342
44342
44343
44344
44344
44344
44346
44348
44348
44349
44350
44350
44351
44351
44351
44352
44353
44354
44355
44355
44356
44357
44357
44358
44358
44358
44359
44359
44360
44360
44361
44361
44361
44362
44363
44363
44363
44363
44364
44364
44366
44366
44366
44367
44367
44367
44368
44369
44369
44370
44370
44371
44372
44372
44372
44373
44373
44374
44374
44374
44375
44377
44378
44378
44378
44379
44380
44380
44380
44381
44382
44383
44384
44384
44384
44386
44386
44387
44387
44387
44387
44388
44388
44388
44389
44389
44390
44391
44392
44393
44393
44394
44394
44395
44395
44395
44396
44396
44396
44397
44398
44398
44399
44399
44399
44400
44401
44402
44402
44403
44404
44404
44405
44405
44406
44406
44407
44407
44407
44407
44408
44409
44410
44410
44411
44411
44411
44411
44412
44413
44414
44414
44415
44415
44415
44416
44417
44417
44417
44418
44419
44419
44420
44420
44421
44422
44422
44423
44424
44425
44425
44425
44426
44426
44426
44427
44427
44428
44428
44429
44429
44430
44430
44430
44431
44431
44432
44432
44432
44433
44433
44434
44434
44434
44435
44436
44436
44437
44437
44438
44438
44439
44440
44440
44441
44442
44443
44445
44445
44447
44447
44448
44448
44449
44449
44449
44450
44450
44450
44451
44452
44452
44453
44453
44453
44454
44455
44456
44456
44456
44457
44457
44458
44458
44461
44462
44463
44464
44464
44465
44465
44466
44468
44468
44469
44469
44470
44470
44471
44471
44471
44472
44472
44473
44473
44474
44474
44475
44475
44475
44476
44476
44476
44477
44477
44477
44477
44478
44478
44479
44479
44480
44481
44482
44483
44483
44484
44485
44485
44486
44486
44486
44487
44488
44488
44491
44491
44492
44492
44493
44493
44494
44495
44496
44496
44497
44497
44497
44498
44499
44499
44499
44499
44500
44501
44502
44502
44503
44503
44504
44505
44505
44505
44506
44506
44509
44511
44511
44512
44513
44514
44514
44515
44515
44515
44516
44516
44517
44520
44521
44521
44521
44522
44523
44524
44524
44524
44525
44526
44526
44527
44527
44529
44530
44530
44531
44531
44531
44532
44532
44533
44533
44534
44534
44535
44535
44536
44536
44536
44537
44538
44538
44538
44539
44539
44541
44542
44542
44542
44542
44543
44544
44545
44545
44545
44546
44546
44546
44546
44547
44547
44548
44549
44549
44549
44549
44551
44552
44553
44553
44554
44554
44554
44555
44555
44556
44556
44558
44558
44559
44559
44560
44560
44561
44561
44562
44563
44563
44564
44565
44565
44566
44566
44567
44568
44569
44570
44570
44571
44572
44573
44573
44573
44574
44574
44575
44575
44576
44576
44577
44577
44578
44578
44579
44579
44581
44581
44581
44582
44582
44582
44582
44583
44583
44584
44584
44584
44585
44586
44586
44587
44587
44587
44589
44591
44591
44591
44592
44592
44592
44593
44593
44594
44595
44595
44597
44602
44603
44603
44603
44604
44604
44605
44607
44607
44608
44608
44608
44608
44609
44609
44610
44610
44611
44611
44612
44612
44612
44613
44614
44615
44615
44616
44616
44616
44618
44618
44619
44620
44620
44620
44620
44621
44621
44622
44622
44623
44624
44625
44626
44627
44628
44629
44629
44630
44630
44631
44631
44632
44632
44633
44633
44633
44634
44634
44635
44636
44636
44637
44637
44637
44638
44639
44640
44640
44640
44641
44641
44642
44643
44644
44644
44645
44646
44646
44646
44648
44648
44649
44650
44651
44651
44652
44653
44653
44654
44655
44656
44656
44657
44657
44658
44659
44660
44660
44661
44661
44663
44663
44665
44665
44665
44666
44666
44667
44668
44670
44671
44672
44673
44673
44673
44675
44676
44677
44677
44679
44680
44680
44680
44680
44681
44684
44684
44685
44685
44686
44686
44688
44689
44690
44691
44691
44692
44694
44695
44697
44698
44698
44699
44699
44699
44700
44700
44700
44701
44701
44702
44703
44703
44704
44704
44705
44705
44706
44706
44707
44707
44707
44708
44708
44708
44709
44711
44711
44712
44712
44713
44713
44714
44716
44717
44717
44718
44718
44718
44720
44721
44723
44723
44724
44725
44727
44727
44728
44728
44729
44729
44730
44731
44731
44734
44735
44735
44736
44737
44737
44738
44738
44739
44740
44740
44740
44741
44741
44742
44742
44743
44743
44744
44744
44744
44745
44745
44746
44746
44747
44747
44748
44749
44750
44750
44751
44751
44753
44753
44754
44755
44756
44757
44758
44759
44760
44760
44761
44761
44762
44762
44763
44763
44764
44766
44767
44768
44770
44775
44775
44776
44776
44777
44779
44781
44781
44782
44782
44783
44786
44786
44787
44787
44788
44788
44789
44789
44789
44790
44791
44792
44794
44794
44795
44796
44797
44797
44797
44799
44800
44801
44801
44801
44802
44807
44810
44810
44811
44811
44813
44813
44814
44815
44815
44816
44816
44817
44819
44819
44819
44820
44820
44820
44821
44824
44824
44824
44825
44826
44826
44827
44827
44827
44830
44831
44832
44832
44834
44835
44836
44837
44837
44837
44839
44839
44840
44840
44841
44841
44842
44843
44843
44844
44845
44846
44848
44849
44852
44853
44856
44856
44857
44857
44858
44858
44861
44862
44863
44863
44864
44868
44869
44870
44871
44871
44872
44873
44873
44873
44874
44877
44877
44877
44878
44878
44878
44879
44880
44882
44882
44885
44886
44887
44887
44887
44888
44889
44889
44889
44890
44890
44892
44892
44893
44893
44894
44894
44894
44895
44895
44896
44897
44897
44899
44900
44900
44902
44903
44903
44904
44904
44905
44905
44906
44907
44908
44910
44910
44911
44911
44912
44914
44915
44915
44915
44917
44918
44918
44919
44919
44920
44920
44920
44921
44921
44922
44923
44924
44924
44925
44925
44927
44927
44927
44928
44929
44930
44932
44932
44933
44933
44934
44935
44936
44936
44938
44939
44939
44940
44943
44943
44944
44945
44946
44946
44946
44947
44947
44947
44949
44949
44951
44951
44953
44953
44953
44954
44955
44955
44957
44957
44957
44958
44958
44959
44959
44960
44960
44961
44962
44963
44963
44963
44965
44966
44966
44966
44967
44967
44968
44968
44969
44969
44971
44972
44972
44975
44975
44976
44979
44979
44980
44980
44983
44983
44984
44985
44985
44986
44987
44987
44988
44988
44990
44991
44991
44992
44993
44994
44994
44995
44996
44996
44998
45000
45002
45004
45004
45004
45005
45008
45008
45009
45009
45009
45010
45010
45012
45013
45013
45014
45014
45014
45015
45016
45017
45018
45019
45019
45021
45025
45025
45025
45026
45027
45028
45029
45031
45031
45032
45032
45033
45034
45036
45039
45039
45040
45041
45043
45044
45044
45045
45046
45046
45047
45050
45050
45053
45055
45055
45057
45058
45058
45059
45059
45059
45060
45061
45062
45062
45062
45064
45064
45065
45065
45067
45067
45068
45069
45070
45073
45073
45073
45074
45076
45076
45078
45079
45080
45081
45081
45083
45084
45084
45088
45089
45092
45093
45094
45094
45096
45096
45097
45099
45102
45103
45104
45106
45106
45107
45107
45109
45110
45112
45112
45113
45114
45116
45117
45117
45117
45118
45119
45121
45122
45123
45123
45124
45126
45127
45127
45127
45128
45129
45129
45133
45133
45134
45136
45138
45138
45141
45141
45142
45143
45144
45145
45145
45146
45148
45148
45148
45149
45149
45151
45151
45153
45154
45155
45155
45157
45158
45159
45160
45160
45165
45165
45166
45168
45172
45172
45173
45175
45175
45175
45176
45176
45177
45178
45179
45179
45179
45182
45182
45183
45184
45185
45185
45185
45188
45188
45189
45190
45190
45191
45192
45192
45192
45195
45196
45199
45200
45201
45202
45203
45204
45204
45208
45208
45209
45209
45211
45211
45213
45213
45218
45218
45219
45220
45220
45224
45224
45225
45225
45226
45226
45228
45228
45230
45234
45235
45235
45236
45238
45238
45239
45240
45240
45241
45242
45243
45246
45249
45250
45251
45252
45253
45253
45254
45254
45255
45255
45256
45257
45258
45262
45263
45263
45264
45265
45266
45266
45267
45268
45271
45272
45274
45276
45279
45280
45281
45284
45287
45287
45290
45291
45291
45292
45293
45293
45294
45295
45296
45299
45299
45300
45301
45302
45304
45305
45305
45307
45308
45310
45312
45313
45316
45316
45317
45323
45324
45325
45328
45328
45330
45330
45330
45331
45332
45333
45333
45334
45334
45335
45336
45336
45338
45339
45339
45341
45342
45342
45345
45346
45346
45347
45349
45349
45350
45354
45356
45358
45358
45361
45361
45362
45364
45364
45365
45366
45367
45369
45370
45371
45372
45373
45374
45376
45378
45379
45380
45380
45380
45381
45381
45382
45383
45384
45387
45387
45388
45391
45391
45392
45392
45393
45394
45394
45398
45402
45403
45405
45405
45406
45409
45409
45410
45411
45412
45413
45414
45415
45418
45419
45420
45420
45423
45424
45425
45425
45430
45431
45433
45433
45433
45435
45435
45436
45438
45440
45441
45441
45441
45445
45446
45447
45447
45448
45448
45448
45449
45450
45450
45455
45456
45456
45457
45461
45462
45464
45465
45466
45473
45474
45478
45478
45479
45487
45488
45492
45494
45495
45496
45497
45498
45500
45502
45510
45511
45519
45523
45524
45530
45533
45537
45540
45541
45541
45547
45550
45550
45551
45552
45555
45556
45561
45563
45574
45577
45577
45580
45580
45587
45596
45598
45599
45601
45604
45611
45612
45618
45626
45627
45629
45634
45636
45637
45639
45644
45645
45646
45647
45661
45662
45662
45666
45667
45667
45668
45671
45677
45681
45684
45691
45692
45702
45707
45711
45716
45723
45723
45726
45728
45731
45736
45738
45751
45752
45763
45773
45779
45787
45793
40012
38877
40213
38749
39143
40201
38381
38764
37937
38525
38466
39759
38859
39506
38471
37983
38566
39465
38587
40134
38894
39139
38972
39142
38163
40184
39282
39572
40102
38617
39548
39733
40108
40122
39028
38459
40047
38486
39632
39219
39257
40003
39299
38255
38661
39425
39103
39381
39267
38953
38955
38985
38037
39741
39633
38008
40147
39008
38761
38353
38813
38897
39999
39434
39171
39416
40115
40224
38436
38702
39256
40129
38679
37875
39213
40061
39631
39652
39545
40227
40297
37832
39144
38927
38519
40160
38524
39140
40046
38369
39080
40159
38520
38180
39529
39378
39290
39541
39246
39100
37996
38652
39765
38121
39134
40161
38338
38616
40041
39533
40284
38664
38710
39904
38888
39725
40028
37809
38766
38505
38606
41468
40794
40803
41241
40650
42700
42332
41395
42910
42228
40596
41180
42485
40605
41144
41170
40504
40512
42077
42078
41483
42009
41074
41486
42420
40682
41496
42117
41735
40801
41726
40957
40909
41052
41520
42448
41658
42213
42066
40546
40405
42049
42028
40396
41745
42835
42605
41454
40863
40923
42488
41019
41925
42886
41940
40966
41198
42914
42037
41866
41519
42178
41133
42565
41036
42695
40352
42029
42606
41031
42160
41328
40415
40434
41857
42475
42438
41131
41142
41576
42477
42476
40779
40671
41313
42652
42230
42225
42758
42105
40377
42678
40656
41627
41906
41402
40991
41930
41614
42110
41242
40931
42791
40817
41397
42551
40567
42694
40773
42214
41435
41878
42687
41315
41986
40987
42071
41000
41787
42860
40788
42869
42415
41392
41355
41912
43864
45535
43622
43877
44430
43816
43367
45194
44108
44458
44899
44847
45519
43481
45726
44183
45781
44015
44844
44566
43277
44916
43544
44843
44652
44654
44625
45486
43547
43493
44340
43871
44842
45122
44763
43711
45601
44742
45612
43217
44738
44233
43726
43247
43236
44058
44511
44478
44563
44729
44564
43306
45468
43979
45685
45087
43353
45600
44928
45702
44921
44933
44989
44416
43764
45421
44343
43495
44467
42915
44190
44627
43743
44294
44588
44671
44461
43671
45593
44327
43469
45607
44678
43453
43471
43824
45353
45341
45764
44175
45034
44557
45088
43261
43778
44410
45269
44859
45736
45682
44337
43963
45613
43768
45560
42933
45429
45234
43416
44142
45326
43396
44602
44112
43928
43852
44076
45576
44832
43868
43740
45673
44389
43882
43884
36903
35855
35417
35272
37158
37254
36056
37590
37589
36481
36403
37778
36115
36306
36569
36440
36031
36770
36270
35870
37611
35451
37081
35467
36333
37089
35537
36461
35898
35373
36300
36032
35408
36939
36225
35622
35582
35584
35955
35578
36026
35661
36019
36282
35880
35591
35318
37676
37329
36368
36571
36574
36570
36582
35865
35683
36011
36335
35495
36662
35337
36199
35419
35619
36629
36602
37155
35862
35742
35946
36365
37632
36680
37477
36836
36686
36264
37572
37773
37003
35762
36497
36285
37417
35646
37352
35694
36648
36407
36837
37258
37171
37207
36847
36902
35878
36536
35689
37330
36279
36220
36496
36186
35783
36577
36249
35769
35426
37613
37608
11874
1280
35207
35195
23127
28908
4661
23088
30760
15570
22455
25787
5533
20744
26038
30771
6241
10671
5430
17070
1706
24128
16448
5498
1238
29864
12432
8863
34103
33781
33643
16504
26652
20913
11328
7222
7199
32546
30783
30781
7236
6684
9527
16498
14731
11315
1775
2128
15923
30903
29003
11583
9621
5633
7645
10491
6849
21040
3647
12622
2243
2211
26716
11528
11532
7367
14698
27951
11827
19939
1433
7495
5521
6258
25840
20797
7230
3718
23911
23125
10632
23901
29502
10636
22366
12798
23177
31770
2470
6390
6360
2473
32959
25849
23180
20816
16449
30956
10529
18057
3867
25853
21138
7696
4505
10645
12931
30826
20749
28441
10965
33889
6219
28346
204
25869
4159
11586
1148
30731
26098
30945
11659
35106
17994
22125
3269
18203
25334
11279
34874
1145
19171
24294
6427
10773
10577
31969
10572
6501
29284
25369
19908
11175
20637
15674
34144
8295
23654
10589
27076
20867
13344
20861
943
11847
32731
12517
22096
25910
23694
32107
6519
8326
17713
12883
11016
11043
3256
15340
22085
25921
21001
6012
31568
11864
28815
5333
11892
22835
23916
2548
2968
976
1535
32408
3510
12086
11667
21015
16404
5924
22331
32304
27748
7594
31601
12458
11633
11636
1306
15595
26995
32209
22917
1755
245
11094
12514
30799
34262
34903
15732
7298
32744
12542
25850
14966
23880
30921
3164
7814
25338
7883
5742
21
26349
15653
13654
10543
26233
32398
6608
22846
30860
25887
487
29465
8153
7959
32056
3920
30859
17715
16830
27080
31812
15673
22060
5729
11075
1372
22121
6708
15472
281
5384
34222
23751
3555
10195
7589
22151
30939
24799
24798
8654
2892
24175
12848
33125
18188
13473
18199
21038
13255
13611
20886
20962
6354
30027
24713
11250
17170
24278
19213
11783
24540
25935
30871
11808
8361
2179
32446
21938
22457
1908
27746
5913
17596
17590
12111
22553
25812
22665
9563
35170
11584
20904
2147
27875
30796
877
25835
20052
12254
9631
8509
23015
28982
6200
31132
13247
30916
12308
17655
26413
21074
25306
11595
7788
25272
10635
7633
9790
15631
9300
25948
268
299
18049
16647
20661
24915
4794
10616
11003
30922
23332
11125
8278
35104
8287
24044
20254
35119
24380
24417
23323
25062
31146
35114
21076
34915
23156
2699
27023
30829
14967
32108
16858
25903
6797
20753
30898
18899
10664
30882
15800
12602
30233
27194
15709
6577
11635
2971
32109
16588
6935
22093
20856
1404
15714
10763
10712
10704
30004
6666
35194
31069
31154
32512
15567
12165
27573
20931
17419
7219
25197
10621
10871
17666
17604
30669
11056
5275
20638
32974
23117
26718
10856
33983
15731
2353
17965
166
9831
21029
20838
18355
26936
8277
18377
2990
28570
34434
34416
10553
27026
10573
10136
15764
10776
11743
25425
1497
35030
10736
17727
15459
33412
13414
22152
21773
26014
30936
5124
13505
6278
2908
20916
27779
10690
35026
1679
30788
3081
7189
25282
14484
15803
913
11341
30795
7250
16495
10258
15773
22759
11657
30787
25999
15610
24842
7740
15862
10518
5656
34760
17969
10840
10618
4566
2425
18058
18093
31018
13068
29800
20920
9007
33136
18479
13448
11721
18653
25928
33609
30819
1321
23944
30662
27380
944
30992
27081
15685
17416
13581
11190
11683
15950
15129
13406
6077
1493
30948
30442
8299
27556
33140
31243
25791
35193
1316
23795
24032
24672
10452
34850
15569
15652
10701
12435
7140
11298
23119
8164
8293
24363
4724
8407
26966
34817
23412
10487
23423
24171
2597
15883
18170
33565
25461
1851
34458
23704
22825
23305
32814
25920
14599
24965
25684
15873
21062
21036
17769
23946
20025
28980
24844
17772
23124
17653
12398
30915
15812
12738
4894
21078
7679
20811
23183
30477
24677
31046
2829
10600
34863
32303
159
21064
21065
21063
10633
12594
11593
5419
10419
20228
30981
30919
30996
10610
16854
34966
23269
6859
35093
10703
9234
7380
10789
2973
20895
5164
3443
4189
2258
2349
6898
27631
8115
10465
33553
27761
7150
30949
22675
17737
30988
32725
20657
241
7849
10548
10450
22850
8325
21007
15742
21438
13582
30925
8117
28571
7845
25454
24141
4445
13092
34946
20635
629
27563
10723
3684
26770
26095
26044
28893
14864
26809
30979
10109
20946
9110
3554
25103
33137
7508
11580
7101
27528
10629
12301
13052
7460
10819
25696
15616
28993
1596
31024
33771
23757
28319
11875
28279
28738
30323
25961
10784
26078
4614
27954
23217
5008
12604
25242
10420
10931
27437
34789
17987
34786
17989
25726
20990
34146
18411
10475
12106
32273
3330
34854
14947
30656
34369
32102
17011
13531
10448
11648
23682
35150
34905
34993
25990
15370
7978
33370
4403
34947
15723
10280
32838
8320
25740
5401
20590
4964
32671
12659
2900
1090
1121
15218
13825
12930
28611
13278
3271
15437
17964
27596
10730
16444
30489
18826
33854
2930
33571
8234
18091
25966
28527
13158
10592
22330
35185
7835
20988
20056
28816
13431
18734
8988
30659
20977
27306
27305
10295
33915
27934
17865
20002
4443
23048
1676
28525
7375
33229
3023
28640
27491
26075
4149
9000
1271
23962
25716
11321
14426
2334
33778
3423
25772
23931
13172
26062
21795
32165
20830
33149
22845
21738
5598
16551
11746
20851
20893
22283
23973
11256
10446
34857
25785
25770
25661
32803
22877
25708
6288
20928
10809
33675
28747
10755
14908
14732
17890
5038
3240
8684
22323
27493
10382
10513
10508
33402
26085
33959
1944
21057
18523
1748
8204
5531
28126
32574
23638
22983
25972
20650
23392
15661
31015
25337
23390
33461
10524
6839
1654
34646
18680
23428
23304
12406
20991
18304
30689
17028
33198
33800
23941
33542
26507
4033
28804
3065
7610
5882
6425
12598
34200
26036
33640
27527
11999
7438
6826
33439
34608
24752
4799
18059
20251
1646
7727
25102
15446
28907
16782
25757
19053
18862
15393
6433
22094
31006
24209
9472
31059
33273
5066
5316
34456
2134
33645
6027
30664
9392
32800
17625
25831
33271
33299
7177
4174
24142
8529
30965
30906
22881
31091
27507
22560
3175
25249
11053
25315
15896
13090
2959
31102
23000
12928
15882
18260
18252
12950
13236
33038
19692
23816
5440
34441
17513
20975
32656
27931
2255
23071
2204
27787
10551
20030
7622
27907
12605
8768
27971
17623
26094
2794
34483
18087
26139
1006
18056
8693
30558
20880
24938
3010
15749
10408
32882
4209
4228
10781
32465
9518
1346
10764
25886
34613
1507
11794
5284
10783
27997
17786
8421
17120
23964
23409
33346
34584
3237
32863
8446
14796
6997
4467
33965
22351
3104
18180
28342
34477
33354
2183
34728
26065
34502
33015
9390
20933
3385
24761
12868
240
25871
8724
63
33544
5036
9980
30986
10603
12804
12899
19830
11854
20898
31137
34568
25815
34338
32473
20507
33782
33972
26155
33260
32623
28842
1699
10401
30560
6094
6737
1462
6714
18107
7118
15867
23130
24927
9548
16855
32509
21135
20859
24145
1339
2438
29004
25885
13507
15757
7458
1183
22647
9598
9014
10748
23478
23296
22596
6956
25342
6208
34549
7946
17558
31096
34674
25917
20215
33150
21004
34340
23384
5756
2710
5536
9754
4127
33373
25783
9959
33186
9965
17290
32457
27259
1696
25646
7455
23070
32992
15461
24769
1203
22517
23289
33589
7832
12544
18782
12124
20009
31085
4116
9931
27351
22176
12675
13649
9988
8272
33539
11872
8551
8544
18555
31119
10200
15939
18898
34848
34781
34833
15938
10024
33263
23197
18675
18312
33435
3827
28452
3518
31126
10208
1732
6800
33702
25009
15924
27613
21035
22625
29015
10058
2300
32452
3306
22516
25901
13826
9974
32933
5405
25932
32610
13623
18309
25228
1998
23549
7801
20523
7011
27629
15721
21084
23949
7273
2740
32247
32778
3426
2292
1419
26148
17248
7134
30618
17180
8719
2987
10104
10008
2279
13115
31120
28451
10741
34356
6573
27472
27476
25916
3196
29005
11357
34419
12098
9321
10803
32993
21121
28138
1458
10778
34228
34218
9819
34214
34500
12101
3348
28960
17288
26015
10288
28771
34415
7033
10686
22480
374
13043
33097
29726
33976
29116
17555
9902
4190
13685
13040
30296
32679
9878
33938
3345
6994
8630
23921
32471
2229
10812
10141
27640
32652
12737
9913
15091
18348
2616
20230
25957
27885
32602
22484
15901
9391
26147
27400
7937
2436
15609
28496
22514
6941
32532
30969
25942
9040
28295
3212
3381
32545
5373
33943
6049
4953
12278
27641
43029
42956
42960
44778
44760
43200
45066
44703
42995
44236
42992
44509
44346
45030
45019
44957
44025
44466
44888
44295
43927
43110
44028
43826
43814
44639
44626
43291
44908
44580
44064
45011
45384
42930
43987
43904
42940
43942
43754
43026
45036
44435
44923
43587
43600
43537
45630
44994
43896
43155
43873
44075
43116
43380
44347
43609
44691
45026
43498
44953
45416
43035
43699
45698
43326
44227
45248
44288
44997
43160
43092
44500
44289
45717
44506
45543
45663
43608
43605
42987
44600
43432
44552
44604
45137
44773
44493
45657
43372
43581
44081
45075
44700
45000
45483
44021
44661
44432
45224
43041
43049
45002
43869
44804
43106
44617
44214
45089
43857
44660
44495
44705
45518
44364
44964
45167
45121
44414
44151
44658
44889
45796
43001
45487
44379
44026
44134
45189
43838
45512
23218
4083
5043
23
57
3611
1722
3725
2863
6638
2306
5958
15474
11281
16927
30718
31586
9600
9610
16295
31075
24252
26164
10906
1333
4131
5900
16246
4327
28665
3633
899
16031
21308
24309
904
970
32160
2067
21456
33961
5127
3645
17627
12591
29211
16170
6284
10358
16305
704
14756
9450
31227
3691
31836
26248
6741
1067
298
4511
31865
5847
15507
30653
30665
6328
31506
9780
9006
9424
14157
31339
16708
11575
31901
23436
1080
11111
19394
30329
19389
21555
2727
26277
16747
30386
32348
13014
31367
6407
24422
11623
537
6492
26981
31264
2708
34562
765
6444
16864
24523
476
32010
30923
22329
1227
11646
21978
5152
26301
22035
33632
31278
22036
13192
1253
13457
1260
6540
8255
31281
29574
22071
3896
4088
13458
27062
27901
5663
31289
26300
21278
21282
21280
5104
19651
28666
26363
33693
33747
26368
5920
33830
9265
21563
18719
30352
29923
19528
29675
33657
3699
27154
5816
1554
29613
11828
11020
29981
9102
26322
9169
9430
16139
25174
26320
3089
33897
275
5187
34108
3670
6691
2150
2139
3735
8577
6667
31295
5944
34064
34053
14256
19042
19645
9128
21193
4237
13763
29219
8856
8801
13974
14623
26237
32163
32172
1982
17571
31210
32245
32236
21693
9289
8396
3288
5670
7573
22767
9100
26340
29948
33949
9170
2196
16644
31808
517
31753
6260
21379
21761
12995
34394
790
2663
9411
9425
34435
26260
1162
31350
5704
33546
33798
3816
34438
9413
6401
16097
18953
16348
31285
26399
31286
30317
21346
5843
29560
26293
20552
21291
17536
11912
11824
4077
11184
23277
10841
31194
31168
16914
25372
11369
13998
7429
19209
34667
16164
21378
2454
33880
3061
3610
29815
29358
653
543
34077
13944
1946
9057
20072
28076
5780
11852
320
9155
29086
16233
16414
12250
29996
28107
28065
14052
27622
9218
16151
16219
24910
26449
26142
16273
34229
26216
10379
8390
6205
12382
20474
26545
26548
5674
21223
6162
31218
25145
7537
16038
14015
11064
5968
14417
22912
32961
23006
23122
12648
16563
2589
2339
9278
9751
17885
31738
1066
11519
31584
24393
161
28156
31229
21304
31187
9347
21568
26569
11167
16706
33859
2271
26869
33887
11544
31242
31241
7558
15597
9027
26278
31318
15078
29411
2781
23147
26583
31263
24535
21314
9378
24590
26318
26319
9174
26304
1038
34420
9275
17381
26380
5916
34633
21283
24611
11085
26601
33467
33469
21300
26384
29590
30491
31293
28584
8974
6551
13227
20463
17619
16628
29421
11208
19572
33440
33447
21401
18954
19060
10398
3350
12247
33463
32588
28371
20568
13734
5650
21208
8837
29271
19634
26627
29261
6097
26229
17551
14047
21323
27888
26240
24240
23404
23793
26393
21819
16169
15158
5941
2564
33815
5711
30184
33566
19216
24537
14797
1334
27287
12808
26406
10247
9306
19515
5749
14332
10395
19559
5722
5702
29182
10440
27338
26489
9865
12973
22803
17317
21684
19431
9105
22407
5763
30743
26416
10320
12363
21380
25565
2819
31217
28275
8846
11327
26218
16315
12076
25070
26351
21212
11434
9101
9466
16973
31417
19597
8826
7569
26445
17213
15081
31262
28332
26940
26271
10056
29614
25415
26283
8871
10914
340
31272
10265
21262
10627
11097
26330
8405
11104
26379
19647
28334
21469
4902
19648
14298
17589
29458
29632
20729
11058
20511
5608
26433
4304
8916
15647
34452
33823
18529
4760
3913
26291
137
26638
26348
12525
8715
32766
19039
31413
8914
32401
25618
34239
24233
24411
21343
23394
21230
34289
24301
14463
26466
4334
8794
26344
33492
1352
34364
1839
21980
24368
3812
23109
28158
5699
5530
33813
10063
30416
23407
33327
33329
28078
31987
21387
26405
29550
24525
5588
21294
19277
29539
18838
34733
17685
18398
6475
33659
29595
21292
19551
34587
3968
31356
20454
17643
8970
21567
21579
28386
31362
17194
8918
8607
31304
24020
15438
10946
31588
26375
25659
31431
27686
15494
3531
19724
19056
29203
26744
26743
8342
24538
29546
12389
33264
13722
4302
21419
27465
26425
19470
28219
31898
11037
19438
9066
19273
18915
34519
8949
31481
11002
26782
25417
3871
17871
34531
22022
9620
26639
20472
8739
34732
28072
1709
17782
21234
6446
27322
10967
31372
21908
14290
27549
31441
31198
19153
9805
6011
8690
14577
3971
16409
8921
26439
8838
8787
31402
19600
16336
6727
16215
29571
26488
16172
26457
379
7415
10263
16607
17896
24445
29424
34474
9799
10926
19265
29335
8908
22225
12540
29400
17427
31392
25893
26731
14231
23349
8024
8890
1241
5957
24168
28477
28512
13540
10959
463
34589
1648
16256
16758
26650
26150
6289
29693
12037
21321
24150
16415
27966
29050
14392
26451
33414
16223
29442
33476
10935
35233
14810
17108
6397
34518
34523
6408
33572
7276
12367
24671
8655
27512
26607
34779
26838
24552
5886
33175
2109
13016
33382
27571
16418
26523
34256
19137
19298
16339
28377
14433
29650
4560
3964
14069
26807
25677
27334
22245
14121
34429
2737
17698
26956
32223
11225
29406
31374
23839
5379
3362
31503
17909
31527
3351
23937
17631
28033
29370
7498
3578
26546
3476
8669
9200
24896
17025
19255
31510
13868
11893
27344
25460
33757
34428
18391
27684
5680
824
22592
30387
30418
19434
19486
30877
11762
17523
10978
10902
2093
8569
31329
33456
26672
8621
26983
11068
19035
2240
3825
13163
25446
24680
18618
14009
34315
6135
34321
8538
11235
33215
6698
33452
26659
14759
5949
31405
29254
17183
32828
13912
29607
8428
8443
8422
19057
10925
7549
29651
34399
34401
9071
26811
30501
22227
16824
27483
14931
18793
25734
33058
33057
11213
31404
31589
20070
26667
16692
8558
8805
19785
14455
6523
26454
17944
8497
11191
20333
6992
22264
13924
16756
26498
34455
33569
16987
34345
24740
8862
12378
12396
13735
31479
33074
16127
9186
26530
29160
16380
16312
10463
8416
34049
16319
13666
11793
12199
18298
34451
32335
6835
30628
16161
16374
26491
7822
19198
13354
29433
26395
4300
5943
27680
12608
26978
26387
16659
8597
31465
27183
30497
31489
19642
14309
16993
8045
6794
3917
8763
27058
28017
33019
23672
23671
27201
30627
17142
14464
4062
8417
27018
16990
16796
33195
26485
11242
27941
10386
24654
23568
8756
17947
20670
20184
26938
33110
8413
18072
10919
15025
8557
19219
3501
26353
28671
18553
19524
17136
14744
3331
27219
27361
16214
24730
9874
11243
26455
17383
5876
6948
27180
8943
16564
16624
26883
33194
20371
29935
17312
4454
16702
19725
27936
27083
31461
23615
34283
7958
30502
2198
1728
15395
17006
9398
29986
10115
22192
17918
13061
24604
16469
27321
20276
26486
19215
26890
4343
1575
21474
8314
25993
5989
31474
3851
4939
10203
30168
6547
1830
34457
11138
21466
14037
14040
11198
11663
16218
13921
3841
21436
27999
20654
3848
16241
5980
8261
4344
23319
5658
16290
31450
9179
26128
24027
24118
29994
5890
16646
113
29262
19235
25771
8990
18813
8322
22736
24489
19440
1796
13710
30496
16301
4029
30498
14404
14728
6677
18772
32932
30348
8786
19721
16338
33045
32241
20543
20621
24797
11177
27485
34074
22542
8864
28601
33678
23933
32811
5893
24812
27685
34273
21542
21479
16698
24359
19709
30136
21464
26422
6167
12583
24049
32216
26554
25915
18319
14051
34110
16687
19756
26965
8464
9925
20123
33165
8189
28542
7185
11630
5712
12533
19687
31554
29677
13985
4085
14432
29342
21531
33389
26212
17520
26621
19658
26562
27328
27079
29678
29922
27057
23506
23903
31514
21389
18318
21333
3236
28237
23291
5138
19947
26529
14225
14554
23936
31532
11176
12154
24626
19232
11982
7735
1781
14519
12787
8559
29926
11227
27458
9410
6637
32782
22688
27033
32240
22213
27389
26129
31540
1292
33157
27181
31534
13182
26043
34807
8155
4203
14166
13967
21494
28555
21432
14076
17115
12144
16317
31521
22465
34798
26211
19689
25837
17517
31537
32776
8498
4229
11868
14339
9339
18920
11067
26574
17080
21330
9407
12820
21535
17875
11877
11188
33156
11156
25739
21538
21545
16382
19628
25608
27123
21558
13702
6998
29748
25605
13969
32239
535
18324
31476
27115
17467
27118
23505
13175
12790
28945
18363
27140
2607
33946
25403
22208
28544
26513
14440
27205
1695
11884
31964
15835
32770
35518
36725
36110
36699
37384
36277
36116
37513
36336
36531
35988
36243
36150
35275
35891
36257
37662
37710
35485
36224
35798
36490
35985
36135
37728
37716
37227
36917
35550
36210
36203
35747
35734
36077
35420
36067
37041
37232
35847
35512
35346
35935
36620
36786
36002
36455
36436
36717
36092
37398
35687
35711
35838
35628
36173
37047
36379
37132
35989
36376
35905
36321
36152
37348
36563
36339
36340
35931
35848
35927
37126
37667
37157
36385
35760
36475
36237
35307
36988
37391
36615
35776
37501
36549
35541
36122
36683
37428
36360
35398
36811
37312
37338
36330
36740
36039
37635
37430
35819
36175
36539
36392
36795
35476
37351
35626
37147
37048
37244
35839
37546
35668
37336
36030
36272
36296
37576
36912
35784
36642
36673
37520
37135
37185
40006
38234
38504
39735
39569
39539
39355
38583
38030
38898
38316
37898
38782
38774
38565
38770
39446
39445
39184
38921
38949
39238
38720
38870
38861
38185
39898
39331
37971
38394
37956
38906
38242
39277
40106
38485
39125
39479
39354
38440
38235
39816
39065
39068
39281
39630
40036
39949
39598
38682
39670
39712
39305
39161
38798
39532
37833
39974
38204
39656
39579
38717
39475
38327
39743
39566
39525
38645
39672
39398
39512
38672
40212
38865
39384
39141
39196
38887
39367
37808
39145
39284
38716
38410
38291
39990
38990
39004
38190
39696
40145
38915
38209
38970
37862
39387
40215
37916
37877
39185
39577
39327
39526
38735
39832
39815
39813
40242
39554
38854
39927
39719
38533
41416
40619
42194
42233
40741
42176
42858
40955
42126
42389
42424
42119
41509
40517
40992
41616
42755
42099
41111
41518
41624
41137
40473
41880
40967
40424
42265
42208
40385
40500
40822
41360
40973
42149
41995
41398
42325
42342
42153
40653
41298
42133
41371
40890
41210
42005
42749
42122
41231
41374
40621
41531
41910
42273
41651
41973
41485
40445
42386
41332
42352
42135
41662
42276
40985
41071
42354
41326
42350
41135
42877
40806
40516
41936
42391
40659
42482
42118
42571
42516
41693
41420
42368
40490
42899
41706
42369
41864
41832
42305
41703
41738
42826
40695
41362
42710
41319
42708
41564
42261
40904
41766
41459
40407
41860
41746
42626
40326
41707
41067
42364
40426
42187
42621
35970
37037
37111
36191
36065
36720
35256
37766
37206
37515
36687
36141
37713
37715
36143
35653
36284
36731
35324
36033
35992
36401
36817
35743
37756
35280
35487
37249
36889
37340
35303
36367
37406
36373
36859
37470
36541
35724
37586
36444
36511
36576
36568
35552
37237
36160
36080
36422
36929
36830
35569
35605
36495
36305
35596
36024
35944
35339
37213
37649
37798
36513
37722
37786
36393
35831
35252
37265
35929
35385
35820
35893
37036
37031
37137
35608
36776
37451
35457
36094
36427
36138
35267
35810
36918
36404
36169
35383
35978
35658
36612
36276
37262
36174
36058
37788
37136
36183
37259
37215
37320
35704
36103
35497
36619
35601
36913
36735
35609
37549
36860
36109
36650
36705
36180
35316
37095
37664
36553
35526
36529
37603
35680
37772
36843
36916
35450
37473
37022
36082
36911
35846
36891
37562
36521
37433
36358
36996
36898
36807
37785
37007
37092
37264
36112
37721
36015
37485
35363
37434
36520
36606
37277
37674
35345
36864
35540
37113
36171
36311
37296
37309
36586
36809
37292
37342
37390
37711
37028
36410
37455
37579
35702
37121
35799
36178
35638
37317
37656
36818
36245
37281
36320
37601
35830
36168
37252
36979
35699
35344
37432
35666
35657
35720
36560
35594
36380
36591
35850
37436
37566
35407
35691
35692
36829
35333
37315
37011
2603
7910
4241
28314
19944
25860
3530
19920
7031
30830
4815
1028
20817
31864
4173
4292
18769
4296
4957
2600
6947
4811
16069
128
121
5302
34426
31923
31932
14971
528
30944
11554
3170
1124
8436
21102
4955
6937
4451
19608
2587
20453
31858
26877
26265
16682
28909
20164
17919
33885
30728
31895
26873
31863
2354
31533
33481
4506
18478
34430
16696
16689
11572
8438
31468
1094
8440
26872
33407
26842
20709
5255
26874
11523
31341
24418
21239
9858
11634
9859
17926
23085
21863
18766
21888
23439
35231
31343
5798
2654
21892
19611
16690
219
35213
25236
20687
3173
25208
30707
40635
41102
42220
42221
41989
41717
42500
42657
42314
42722
41254
41839
42032
42577
42580
42075
41340
42796
42291
42142
42802
42834
41644
40870
41211
41682
41493
41406
40871
40631
42087
41639
41595
41972
40755
41697
41436
40950
42611
41129
41796
40458
40464
40939
40936
41612
40948
40759
41599
42674
42552
41449
40622
41320
41101
40344
40478
41702
42457
41213
40307
40542
41185
42073
41200
41769
42188
41375
42147
42106
42455
42023
41130
41034
42093
42169
41368
42507
42763
42785
40494
41145
40626
41690
40765
42201
41510
41140
41678
40522
41578
42892
40482
41776
40883
40461
42723
42719
41339
42144
42211
42145
41472
41491
41442
42718
41399
42468
41565
41610
41680
41819
42873
42754
41417
42197
40767
41705
41396
41497
42846
42841
42360
42669
41183
41186
41919
41991
42065
40661
42161
41842
42254
41161
41178
40898
41770
40334
41747
42172
40949
42024
41058
42139
42259
42724
42121
42489
41184
42217
41357
40428
42721
41017
40830
41260
42532
41391
41488
42151
40867
40824
42557
42192
41552
41016
42292
40525
42209
40586
40487
40628
41095
41593
42285
42632
40762
41683
40658
40477
42060
42769
41089
41429
40717
41666
41087
41088
41823
42856
42729
42171
42781
42862
42321
42347
40399
42301
42852
41081
42148
42614
41443
42177
42461
42334
38225
40296
39795
38808
39979
39585
39941
39869
39746
39747
38232
39346
38090
38269
38189
39960
38771
39209
39011
39651
40278
39668
39739
37834
37817
38634
39081
39082
38365
39076
39555
37907
38074
39226
39697
38838
38834
38835
39192
39692
39148
37976
38040
38926
39503
38957
38556
39885
38936
37868
39588
38275
38605
39006
39619
39345
38657
40190
37825
39586
39658
37978
38588
38391
39271
39206
39236
39117
37985
38752
39062
38694
39401
39680
38723
39556
39589
38510
38622
38857
39682
37845
38833
37988
38240
38907
38097
37820
39564
38526
39822
38604
39000
40143
40202
39805
38885
39772
38762
37986
38794
39966
39982
39626
38418
38089
39654
37894
38343
38939
39313
39497
39504
39157
40210
38567
39596
38941
38538
39348
37979
39304
38494
38110
39385
38632
39561
38179
39044
38633
38050
40179
37869
39064
38055
39126
38059
39797
38543
40157
38512
38323
39107
40168
40173
39918
38651
38479
39621
40237
40148
39097
38195
40253
38261
38559
38233
39876
39934
39620
38900
39764
40001
39520
38223
39650
39015
38545
40292
38159
39852
39625
38266
39242
39601
40110
37887
39106
38069
39745
40180
39156
38144
39891
39875
38603
39932
39884
39873
39007
38214
38136
38867
38398
38166
40030
38184
38576
39120
38256
38993
39868
38631
39886
39842
39799
40238
40288
38832
37886
39459
38755
38642
38119
38098
37993
38048
38181
39353
38959
39970
39872
38441
39853
40022
38535
39563
38143
38150
39828
39516
39593
40258
38684
38481
40035
11889
3781
23094
3349
11843
11004
3972
12028
6674
17215
1632
20720
11862
136
852
20688
5092
21635
11825
1808
27428
26365
14374
21572
25967
3360
12096
14719
28903
31610
3134
11850
21371
10438
23300
24178
10974
21167
15439
9353
29177
20588
12043
27242
30742
12880
12039
11789
1607
25776
11795
15553
2691
11954
21573
31937
32445
27373
11735
23179
4132
30900
23167
17053
21574
3343
22396
21729
27409
2064
3383
23157
3096
26364
26188
13462
10434
29459
1651
3472
30755
964
1793
4474
1979
20699
32129
21701
12237
11895
12024
4714
11869
4176
24794
16453
3498
16403
27199
4034
4002
27161
29112
1797
27151
9075
4562
1633
3505
26316
6625
16913
22137
527
11785
1656
4382
3121
8374
8111
31556
28839
3982
11888
31559
14359
21566
19571
3959
21710
8362
6633
10290
29626
16566
8112
25159
11136
794
8355
29300
31566
18716
6657
31551
14560
215
29786
26579
31598
24830
19762
26324
23833
27211
9318
30886
5061
9271
19749
21587
8104
21585
32630
34829
16402
10608
31580
33545
31578
3341
3408
25983
30857
6176
20848
6870
10081
853
3148
6597
581
912
6496
3140
3887
79
6069
5095
2773
484
28251
8145
873
23334
6871
566
3919
15814
15817
3200
3208
3899
6482
2580
10605
472
4270
3876
11681
11682
16822
3265
2576
21541
30642
21976
16805
30929
10945
3199
191
32006
19292
690
4840
2723
3004
6512
30701
28478
21226
27243
15819
20375
30928
721
23634
18609
10571
30940
30934
30941
16270
20404
25475
18796
33627
32017
13491
32020
24527
2915
4001
4130
16098
807
3257
13447
11126
19392
4623
15256
20888
16831
4054
15432
24371
30603
6532
6082
13559
13560
4218
13556
25707
32045
15255
19260
30439
32039
2916
5841
4137
31274
21268
5102
6996
2852
6960
18740
3193
2762
16828
11689
11693
6595
6514
18613
3017
19565
19412
26585
18741
27046
6476
28591
19902
18585
18343
6530
25200
25499
22231
16239
21395
29588
20891
861
29585
15654
455
880
18792
11704
882
866
8171
16848
34378
2823
33755
891
21513
24557
18450
33873
24556
33870
18366
28881
30546
18443
28567
27048
43112
43456
43448
45446
45212
45734
45655
43136
43893
44919
43081
44186
43849
43485
43354
44905
43365
45086
43731
44539
44547
43520
43509
44057
44902
44860
44826
43263
44257
44395
44397
44935
43745
44857
45428
43880
44655
44093
43879
44606
43253
43760
43776
42945
43739
45597
44710
44425
44722
44273
45686
44238
43132
43636
43656
44730
43629
43128
44150
44267
44796
43476
45385
45716
44377
43676
44952
44721
43894
43168
44217
45276
44484
44833
45793
44163
43135
44907
43057
44643
44651
44795
43687
44092
43462
44126
44102
44917
44780
44825
44664
43954
45639
45310
44169
43488
43013
45454
44961
45623
45045
45101
44884
44253
45301
44920
43167
44334
43958
45376
42974
44940
43583
44159
43732
44345
45784
45684
43120
43139
43107
43848
44939
43788
43567
43639
45343
43087
45161
42971
44262
43083
43971
43238
44154
45249
43612
44922
43256
44258
43615
43887
45048
45721
44963
43511
43144
43725
43628
45761
44733
44645
44950
44816
43965
45450
44174
43579
42973
44118
43140
43686
45281
45322
45422
43429
45641
44986
44716
45772
44194
44439
45555
44569
45786
44437
44215
43637
44191
43127
45222
44229
45286
45289
44624
45616
44323
44545
44292
44528
44367
45176
45691
44246
45707
44496
43569
44930
42924
45710
44882
45142
45148
45697
43179
44635
45337
43808
43123
44441
44534
45287
43631
45378
44776
45283
44972
44641
26231
4331
5400
12128
1248
19108
6325
6301
1177
6317
26522
11370
23219
7385
11385
7674
27880
8886
16525
16542
21703
14708
4287
31700
6862
6836
32212
25820
30904
7076
5144
16508
12851
887
11384
4328
5610
3460
7361
26679
3274
7064
5523
20907
3616
24918
28780
22941
9584
28778
26704
5603
26703
32213
26730
6255
2095
16527
26728
16528
16548
26700
31712
29017
31711
12107
29107
5580
26697
937
7214
7283
7635
11390
7626
19140
7180
408
24977
31334
29942
15788
29296
16543
19911
23234
12095
9589
27735
27734
12215
1670
5838
7754
26415
10896
2725
11367
28658
29
4071
5142
21203
3595
19411
1864
2401
31684
2333
27791
27010
5883
6150
407
5834
26127
29239
5426
4883
4874
3467
6149
4884
788
3761
27793
26681
3767
7742
3757
4355
32331
26176
5653
24951
23566
31206
7731
7733
2328
19860
16194
29872
32822
27792
1940
29934
1780
31200
24295
28628
24906
23939
16213
31637
31679
9520
31317
19139
31680
17319
29237
19509
5475
6141
16507
23509
30971
1512
24971
21676
16506
9585
24912
32258
32260
26685
16179
2015
8830
9549
23522
14124
6151
6824
31642
3128
3125
5110
14110
5565
5100
5268
5286
31867
16656
23879
26845
2257
3888
30320
7339
26801
8215
30411
1276
217
6139
34
9830
31840
2253
15830
3870
3863
5099
18055
14875
16572
12506
18848
3696
5709
20160
21806
30099
11507
9001
33109
24349
15258
14958
14196
16635
30537
16619
5654
96
18727
9838
8168
31625
20146
31582
16665
31854
8946
30105
1065
28144
26850
6264
81
7646
10522
4514
30500
3731
31853
21849
30650
17902
26852
20102
21852
7711
)


// ************************************************************************* //
